Date,JKM(USD/mmbtu),HH(USD/mmbtu),TTF(USD/mmbtu),Storage(TWh),LNG_sendout(GWh/d),corridor_BY,corridor_DE,corridor_DZ,corridor_LY,corridor_MA,corridor_NO,corridor_RU-Baltic,corridor_TR,corridor_UA,Berlin_HDD,London_HDD,Rome_HDD,Berlin_CDD,London_CDD,Rome_CDD,USD-EUR,VIX,Biomass,Cross border electricity trading,Fossil brown coal / lignite,Fossil coal-derived gas,Fossil gas,Fossil hard coal,Fossil oil,Fossil oil shale,Fossil peat,Geothermal,Hydro Run-of-River,Hydro pumped storage,Hydro pumped storage consumption,Hydro water reservoir,Load,Nuclear,Other renewables,Others,Renewable share of generation,Renewable share of load,Residual load,Solar,Waste,Wind offshore,Wind onshore,DE_price(EUR/MWh)
2022-01-03,30.5049991607666,3.815000057220459,26.81162918487599,598.9044,2414.0477272727276,185.831366,1633.829561,1002.623267,110.263745,0.0,4377.0786648,38.211306,594.481257,419.307953,9.7,9.3,8.8,0.0,0.0,0.0,1.1373459100723269,27.65999984741211,9748.058333333332,-1309.7479166666667,21835.483333333334,668.0583333333333,39139.5625,17659.3875,2051.6666666666665,467.7208333333333,813.6041666666666,677.3249999999999,20020.4125,4303.483333333333,-4236.966666666666,15225.866666666669,157259.97708333333,79155.67916666667,488.0,8816.762499999999,44.39166666666667,44.09583333333333,112306.04583333334,6001.512500000001,2714.045833333333,11384.795833333332,72521.55833333333,80.415
2022-01-04,32.744998931884766,3.7170000076293945,29.39544148029725,596.1655,2441.2954545454545,145.257356,1630.106176,992.261682,100.218496,0.0,4337.6960921,42.019034,585.03748,377.141637,11.9,13.3,5.800000000000001,0.0,0.0,0.0,1.1302244663238523,24.82999992370605,9988.720833333333,789.3395833333333,28723.204166666663,683.6166666666667,47697.90416666667,25627.0125,2056.391666666667,627.0500000000001,851.5708333333333,677.725,20481.341666666667,5559.120833333333,-4893.375,17500.933333333334,167147.77659574468,82691.04583333334,495.0875,7959.970833333333,37.80416666666667,37.208333333333336,131620.43829787234,4010.816666666667,2630.3250000000003,8467.449999999999,57096.10833333334,153.98375
2022-01-05,34.189998626708984,3.881999969482422,30.26670563904105,591.8799,2468.543181818182,322.441253,1653.068264,1021.097637,88.855191,0.0,4121.9827343,37.308653,599.056012,396.100202,14.4,15.9,4.699999999999999,0.0,0.0,0.0,1.1283625364303589,21.959999084472656,9877.316666666668,-425.4291666666666,27646.49583333333,820.7916666666666,43280.770833333336,23282.033333333336,2428.5291666666667,448.76666666666665,836.2458333333334,677.7666666666667,21431.254166666666,3698.6666666666665,-5649.325,18121.49583333333,176466.71956521738,83869.52083333333,496.6208333333333,9686.129166666668,42.13333333333333,42.10833333333333,129874.67173913044,5737.833333333333,2649.9166666666665,11461.754166666666,72101.81666666667,107.64083333333332
2022-01-06,34.06999969482422,3.812000036239624,31.998096672740985,587.5168,2495.7909090909093,156.593474,1639.129488,991.399612,71.280557,0.0,4098.366912,48.601266,584.606847,365.687176,17.8,16.6,8.7,0.0,0.0,0.0,1.1313496828079224,22.09000015258789,10032.295833333334,1600.5145833333331,26629.37083333333,845.4499999999999,51594.45,26563.704166666663,1730.4708333333335,736.8000000000001,884.8125,680.8458333333333,21690.44583333333,4697.0,-3699.45,17803.537500000002,173903.07555555555,84980.83333333333,498.44166666666666,8130.533333333333,36.34166666666667,35.9375,139859.60666666666,8443.420833333334,2801.0166666666664,6967.645833333333,48420.42083333334,195.30875
2022-01-07,33.95000076293945,3.9159998893737793,29.19376508011556,581.7404,2523.0386363636367,157.237995,1653.1828730000002,982.28867,76.739669,0.0,4318.6030078,47.779453,594.7556050000001,390.06888,17.7,14.2,10.7,0.0,0.0,0.0,1.1296881437301636,24.350000381469727,10021.7375,2239.00625,28827.095833333336,871.65,49495.15416666667,26668.42916666667,2015.8875,815.4041666666667,975.8291666666668,684.275,21224.65,4138.245833333333,-4150.400000000001,19072.825,173903.4404255319,83854.58333333333,499.2583333333334,9167.4625,38.725,38.29166666666666,134863.11276595746,6703.912499999999,2752.2208333333333,10976.991666666669,58773.06666666667,168.64958333333334
2022-01-10,33.26499938964844,4.078999996185303,28.15429432915292,564.0221,2550.2863636363636,165.18643400000002,1627.7492550000002,979.303595,82.295882,0.0,4222.9861699,70.462155,640.4019800000001,417.089457,15.4,13.3,12.3,0.0,0.0,0.0,1.1353960037231443,23.21999931335449,10187.633333333331,2460.7854166666666,32170.37083333333,881.7166666666667,75675.50416666667,31847.875,2117.320833333333,995.05,1028.2958333333331,678.3375,21200.983333333334,6299.183333333333,-3669.316666666666,20618.7,168191.31458333333,84543.14583333333,494.7083333333333,9215.404166666667,28.825,29.3125,146836.93333333332,5134.166666666667,2585.6375000000003,2455.545833333333,35119.020833333336,262.13625
2022-01-11,32.915000915527344,4.249000072479248,26.146299668105986,555.9013,2577.534090909091,161.316145,1628.02794,969.598263,82.37871,0.0,4234.188739,54.264753,656.2344889999999,368.082979,20.4,9.5,10.5,0.0,0.0,0.0,1.1330417394638062,22.86000061035156,9957.7375,1471.9020833333334,32702.62083333333,910.9583333333334,80375.37083333333,31841.908333333336,2360.05,1075.2541666666666,968.25,667.2083333333334,20234.18333333333,3671.1625,-4761.358333333333,17396.1375,182316.07291666663,85403.2375,493.1791666666666,9525.525,30.041666666666668,29.308333333333334,153979.13125,7464.5,2145.366666666667,5623.912499999999,43585.46666666667,254.8395833333333
2022-01-12,33.0,4.85699987411499,25.03590079520374,547.6744,2604.7818181818184,150.680029,1627.870952,976.207764,81.956018,0.0,4254.3893649,55.375401,696.0055179999999,490.386276,18.0,14.1,11.6,0.0,0.0,0.0,1.1366478204727173,21.440000534057617,9939.375,-700.7083333333334,33207.833333333336,912.8708333333334,80671.1125,31353.61666666667,2363.0666666666666,883.6374999999999,744.0541666666667,664.0958333333333,19561.93333333333,4659.308333333333,-5324.329166666666,14805.004166666666,193837.64444444445,86473.19583333333,493.2458333333333,8920.279166666667,30.425,29.96666666666667,160841.1511111111,8173.595833333333,2145.4791666666665,3798.529166666666,49896.3125,232.3358333333333
2022-01-13,32.60499954223633,4.269999980926514,28.657773392589483,539.756,2632.0295454545458,140.344338,1627.239925,874.0999499999999,82.19975,0.0,4089.075025,19.298857,674.4245530000001,452.663816,14.4,16.4,13.2,0.0,0.0,0.0,1.144164800643921,19.959999084472656,9501.691666666668,-1537.7083333333333,31698.3625,945.9666666666668,78564.22916666667,27713.291666666668,2376.708333333333,533.8291666666667,574.2583333333333,666.4708333333333,19152.6875,3555.554166666667,-4262.379166666667,14594.370833333334,183686.55625,86730.7375,495.69166666666666,8496.824999999999,33.85,33.6,145147.07291666666,8678.791666666666,2155.4166666666665,7893.958333333333,60506.208333333336,177.94375
2022-01-14,32.845001220703125,4.26200008392334,29.20355631144099,531.8066,2659.2772727272727,132.102914,1625.967265,961.999728,93.171664,0.0,4081.4817066,35.285248,722.4480470000001,390.567123,13.2,17.6,13.7,0.0,0.0,0.0,1.1457115411758425,23.90999984741211,9808.891666666666,936.8125,31230.154166666664,937.4541666666668,82878.34166666666,28636.654166666664,2348.054166666667,441.7166666666667,624.3125,681.6666666666666,19460.87083333333,4751.670833333334,-2880.741666666667,14906.595833333333,182554.4625,87336.46666666666,496.7833333333333,8503.329166666666,31.554166666666664,31.17083333333333,149238.5875,9833.741666666669,2481.9083333333333,5472.775000000001,51325.24583333333,183.01083333333327
2022-01-18,22.934999465942383,4.2829999923706055,26.19683385281991,505.119,2686.525,139.794358,1628.199092,925.699233,82.174406,0.128048,3330.3566838,24.173934,713.8763779999999,339.15264,15.8,15.8,12.1,0.0,0.0,0.0,1.1410574913024902,28.32999992370605,10013.05,1188.3979166666666,32191.45833333333,906.225,88214.77500000001,33815.4,2450.1125,796.6416666666668,887.1708333333332,674.3708333333333,18150.283333333333,4713.433333333333,-2693.1625,17187.970833333333,182172.1125,87362.39583333333,488.9875,8489.679166666667,27.33333333333333,26.725,157645.01666666666,8771.366666666667,2643.883333333333,4284.341666666666,35998.4875,235.03958333333333
2022-01-19,21.13999938964844,4.031000137329102,25.10386769163121,498.1384,2713.7727272727275,140.90986700000002,1627.536418,862.806368,76.671566,0.0,3999.842464,17.479005,731.8791060000001,324.969954,14.7,13.0,11.8,0.0,0.0,0.0,1.1329647302627563,25.700000762939453,9534.895833333334,-1444.3291666666669,30118.975,945.9875,80714.59999999999,29438.920833333334,2369.179166666667,623.15,568.6750000000001,681.3874999999999,17736.962499999998,3652.3916666666655,-3584.1041666666665,14969.479166666666,180460.8708333333,87562.95416666666,491.4333333333333,8949.558333333332,32.68333333333333,32.99583333333333,143290.20208333334,9002.841666666665,2514.8083333333334,10728.9125,54609.57916666666,168.88958333333332
2022-01-20,20.52499961853028,3.802000045776367,25.00169079009345,490.8656,2741.0204545454544,148.18302699999998,1628.619095,901.301972,76.540299,0.0,4125.7337384,22.513299,714.2168690000001,326.377438,16.7,16.3,8.8,0.0,0.0,0.0,1.1343399286270142,24.290000915527344,9628.266666666666,-1744.5416666666667,28494.86666666667,931.4791666666666,70094.72499999999,26431.5125,2677.2125,402.15,659.8874999999999,655.4083333333333,16851.891666666666,3354.4875,-4203.004166666667,14128.408333333333,184876.87291666667,86928.43333333333,490.3625,9795.554166666669,37.90833333333333,37.9625,136762.60416666666,8241.795833333334,2337.3,11629.083333333334,76357.67916666667,118.90958333333332
2022-01-21,22.09000015258789,3.999000072479248,26.18875322488411,483.1578,2768.268181818182,148.65469,1628.180097,925.803259,76.633283,0.0,4251.3171719,25.281306,706.87188,395.89997,18.8,17.8,10.5,0.0,0.0,0.0,1.1313753128051758,28.11000061035156,9532.883333333331,-66.8645833333333,29345.74166666667,901.5291666666668,73308.21666666666,28914.99583333333,2878.1541666666667,407.9333333333333,765.9666666666667,682.2208333333333,16406.095833333333,3416.620833333333,-4972.783333333334,15747.720833333333,188098.76382978723,87882.34999999999,495.375,9377.704166666666,35.24166666666667,35.07083333333333,145189.66170212766,8930.6625,2606.320833333333,9612.825,65486.82083333333,159.4525
2022-01-24,25.190000534057617,4.026999950408936,30.913148996838373,462.7379,2795.515909090909,142.903875,1627.737083,963.95349,98.979428,0.0,4219.1450983,14.388291,735.9342879999999,490.282357,13.2,14.6,12.5,0.0,0.0,0.0,1.1341469287872314,27.75,9933.966666666667,1785.0270833333334,31449.979166666668,931.1958333333332,88626.41666666667,32977.3375,2514.929166666667,684.8125,657.2541666666667,681.6125000000001,16863.037500000002,6314.879166666667,-2736.745833333333,17464.633333333335,180590.9208333333,88170.89583333333,492.3625,8329.616666666667,26.28333333333333,25.5125,157908.78333333333,8243.0875,2660.1,3762.070833333333,33359.120833333334,247.29791666666665
2022-01-25,26.0049991607666,4.052999973297119,31.05904952287484,454.6487,2822.7636363636366,162.690025,1654.343578,952.017369,82.498693,0.0,4279.6813643000005,28.973599,724.864662,514.730403,14.2,16.1,14.0,0.0,0.0,0.0,1.132413029670715,28.809999465942383,9709.15,3227.0958333333333,32460.045833333334,932.9041666666668,94056.075,33608.458333333336,3536.708333333333,867.9541666666668,868.775,677.5583333333333,18580.4125,6921.558333333333,-2805.1625,19914.8875,185169.91458333333,88122.19166666667,496.1791666666666,8575.945833333333,24.816666666666663,23.78333333333333,166501.98124999998,7719.216666666667,2667.366666666667,3153.9083333333333,26462.729166666668,297.02125
2022-01-26,25.825000762939453,4.276999950408936,30.4271806531202,447.0515,2850.0113636363635,140.913884,1653.284891,928.398393,82.208045,0.0,4218.9514711,25.139043,676.055612,738.4922339999999,14.9,14.5,13.3,0.0,0.0,0.0,1.130454421043396,31.020000457763672,9442.820833333331,-270.24583333333334,30797.7125,929.2166666666668,85873.85833333334,30709.05,3006.7208333333333,833.6833333333334,827.4583333333334,669.9791666666666,18103.829166666663,5294.3875,-2507.2458333333334,19528.8,186302.9020833333,88392.01666666666,493.175,8896.862500000001,29.929166666666664,29.09166666666667,156778.87291666667,6258.345833333333,2386.891666666667,8956.300000000001,43833.4,231.7320833333333
2022-01-27,25.27499961853028,6.264999866485596,30.41587274433123,440.4757,2877.259090909091,150.019398,1653.268797,983.452088,82.260635,0.0,3911.6033991,29.880512,669.641633,676.839601,14.0,11.4,12.2,0.0,0.0,0.0,1.124353528022766,30.31999969482422,9422.966666666667,-298.44375,27394.325,923.5541666666668,65593.73214285714,22432.882142857143,2151.928571428572,617.1208333333333,840.2666666666668,658.1875,17107.883333333335,3713.1083333333336,-3613.4583333333335,18437.25,183023.95625,88031.46250000001,501.075,8595.546428571428,68.14871794871796,48.85416666666666,142278.63541666666,7492.724999999999,2367.054166666667,10412.683333333332,31792.62708333333,118.64833333333333
2022-01-28,26.809999465942383,4.638999938964844,30.07672277696602,434.2103,2904.5068181818183,142.93413900000002,1654.359874,976.701852,71.222855,0.0,3896.6464204,24.412691,668.68893,564.215988,14.1,13.9,10.2,0.0,0.0,0.0,1.1147029399871826,27.59000015258789,9736.683333333332,118.29374999999996,28059.354166666668,679.15,70649.89166666666,25359.725,2196.5875,463.11666666666673,841.8708333333334,656.4375,16600.083333333332,4098.570833333333,-3453.316666666667,15204.154166666667,174133.65833333333,88227.95833333333,504.1583333333333,8929.554166666667,35.93333333333333,37.15416666666667,132605.13125,10104.158333333333,2533.275,7911.900000000001,65040.99583333333,176.35708333333332
2022-01-31,24.709999084472656,4.874000072479248,27.675669451528663,420.2242,2931.754545454545,193.620041,1653.081521,988.207654,81.949916,0.0,2715.4732569,38.255001,625.552829,581.8577819999999,16.3,12.1,11.1,0.0,0.0,0.0,1.1152374744415283,30.14999961853028,9852.491666666669,1813.5958333333333,29264.75833333333,676.1333333333333,54283.58571428571,22721.55357142857,1922.689285714286,859.7375000000001,901.8541666666666,667.9291666666667,15143.475,4660.3875,-3601.5791666666664,17009.016666666666,181452.87659574463,86607.46250000001,491.1041666666667,9550.135714285714,81.03999999999999,86.46808510638297,141440.9404255319,7293.708333333333,2616.1916666666666,8128.604166666667,31494.760416666668,196.7854166666667
2022-02-01,23.70499992370605,4.750999927520752,25.06824327399577,415.2835,2959.0022727272726,373.501299,1755.357915,981.729095,81.90783,0.0,4309.6484476,74.613941,744.05844,959.04913964,15.9,8.9,10.2,0.0,0.0,0.0,1.12296462059021,33.31999969482422,9924.25,412.63333333333327,27925.625,688.2833333333333,51419.30357142857,21330.757142857143,1770.2535714285714,955.8208333333332,911.8416666666668,659.1916666666667,14415.095833333333,3372.145833333333,-5511.979166666667,16563.883333333335,181917.56666666665,86281.04583333334,497.8125,8330.610714285714,96.63541666666669,98.19583333333333,131230.30000000002,8069.629166666667,2646.545833333333,10181.391666666666,41561.76458333333,145.055
2022-02-02,24.200000762939453,5.500999927520752,25.55837544768444,410.4205,2986.25,387.406616,1754.848894,948.382452,81.961813,0.0,4264.8805996,80.250812,709.747649,794.76240636,13.8,8.7,11.1,0.0,0.0,0.0,1.1273956298828125,30.739999771118164,9995.2875,95.72708333333334,28446.154166666664,644.4541666666667,64013.08214285714,21766.946428571428,1934.4785714285715,929.15,947.3458333333332,671.1083333333333,14674.95,3285.1625,-5843.504166666667,16929.0125,178134.95625000002,86157.37916666667,496.2375,8233.80357142857,76.66976744186047,72.01666666666667,138955.53541666668,10170.716666666667,2615.7125,7449.704166666666,30369.2125,145.28083333333333
2022-02-03,24.34000015258789,4.888000011444092,26.568452164411937,405.8298,3013.4977272727274,352.906421,1762.0759979999998,949.08485,82.13427,0.0,4302.8493639,73.284353,712.6167680000001,698.1245740999999,14.5,9.9,9.8,0.0,0.0,0.0,1.1299946308135986,30.479999542236328,10238.366666666669,818.2645833333335,30980.7375,670.2875,51931.37837837838,18719.1,1318.1135135135137,988.6166666666668,960.0625,666.9375,15435.758333333331,3448.5375,-2955.2291666666665,15919.591666666667,177637.69791666666,86473.85,498.56666666666666,6518.964864864865,75.65714285714286,80.67708333333333,148876.73333333334,8643.875,2637.9083333333333,8707.925000000001,20085.05833333333,192.79666666666665
2022-02-04,25.350000381469727,4.572000026702881,27.701886381471844,402.0459,3040.745454545455,339.89549200000005,1753.795435,953.515852,54.919376,0.0,4297.8626837,44.289729,718.1068909999999,693.68899267,11.6,11.5,6.9,0.0,0.0,0.0,1.14357590675354,31.979999542236328,9993.333333333334,-567.3020833333334,27582.3625,683.9333333333334,33721.38333333333,12038.802083333334,976.7729166666668,599.1791666666667,851.1875,654.95,15167.1875,3922.5208333333335,-3327.995833333333,13661.9125,174635.18958333333,86135.72083333334,507.1,4923.3,82.54375,68.41458333333334,133068.41458333333,6801.75,2589.945833333333,10788.316666666668,32771.7375,130.71208333333334
2022-02-07,25.100000381469727,4.23199987411499,26.72252229341976,392.4174,3067.9931818181817,358.720328,1755.942045,1018.4806,0.0,0.0,4214.2694707,31.249252,698.524383,865.0619655700001,14.6,11.7,7.0,0.0,0.0,0.0,1.145514726638794,36.45000076293945,9769.275,-203.0979166666667,22746.9625,708.0041666666666,28956.21914893617,10728.355319148935,1126.787234042553,461.7291666666667,812.8041666666667,682.6583333333333,15291.054166666669,3813.308333333333,-5309.720833333334,14273.554166666669,171415.14583333334,83299.9375,490.1958333333334,5095.448936170213,89.01702127659574,82.38510638297872,120512.25,11191.304166666669,2626.75,9536.329166666666,41401.61063829787,88.9225
2022-02-08,25.30500030517578,4.248000144958496,25.92440226202308,388.3226,3095.240909090909,283.892977,1753.019297,1001.98792,0.0,0.0,4173.1489955,25.89634,702.449386,739.9668252399999,12.3,7.699999999999999,11.0,0.0,0.0,0.0,1.1442956924438477,35.130001068115234,9665.183333333332,-301.36875,25255.13333333333,726.5708333333333,30504.889583333334,12419.19375,1006.6958333333332,449.0916666666667,696.5500000000001,684.1999999999999,15289.2125,3118.75,-5657.579166666666,13160.670833333332,174486.55000000002,84106.14166666666,491.1,4659.808333333333,85.44791666666667,76.58958333333334,126272.82916666666,10779.916666666666,2672.6041666666665,10857.25,37395.12708333333,137.52124999999998
2022-02-09,24.71500015258789,4.008999824523926,24.91020088174468,384.4337,3122.488636363636,375.948924,1757.100176,1012.0119,0.0,0.0,4070.9413132,24.184644,688.838575,673.46526865,9.6,8.5,10.1,0.0,0.0,0.0,1.142126202583313,32.45000076293945,9937.454166666666,395.7479166666666,26916.13333333333,732.8416666666667,34832.072916666664,13472.158333333333,1087.8541666666667,442.4083333333333,678.9125,681.0208333333334,15416.8625,4770.229166666667,-3560.429166666667,13044.683333333334,173418.53958333333,84289.10833333334,490.95416666666665,4439.29375,83.66666666666667,74.52083333333333,134985.51666666666,12766.3625,2721.4291666666663,9224.7625,27437.45833333333,169.44916666666666
2022-02-10,24.795000076293945,3.9590001106262207,24.889342958257043,379.8319,3149.7363636363634,341.58522,1715.3133630000002,1008.68882,0.0,0.0,4075.1939668,32.060225,712.335996,456.68784527,11.0,11.8,9.4,0.0,0.0,0.0,1.142152190208435,30.229999542236328,9728.608333333334,607.5229166666667,27796.704166666663,731.4583333333334,46381.38,18242.1625,1310.7275,449.1666666666667,662.1125000000001,684.8791666666666,15684.966666666667,4225.325,-2235.395833333333,12693.629166666666,172954.27083333334,84169.21250000001,496.60833333333335,5179.3625,73.74545454545455,68.42916666666666,142750.44375,12169.895833333334,2754.441666666667,7134.945833333334,20551.41458333333,191.9675
2022-02-11,24.56999969482422,3.940999984741211,25.90441147319148,375.1295,3176.984090909091,349.364074,1713.186152,1008.960735,0.0,0.0,4107.4831536,37.091844,687.1169279999999,426.51321076,14.3,14.7,9.9,0.0,0.0,0.0,1.1415525674819946,30.75,9975.829166666666,970.4854166666668,29169.641666666663,707.0416666666666,62126.58275862069,23740.734482758624,1724.193103448276,477.5375,780.1999999999999,688.0375,16668.020833333332,4166.958333333333,-2638.8833333333337,13810.05,172701.42291666666,84354.11666666667,498.0916666666667,8157.141379310345,68.06486486486487,62.79791666666667,142468.94999999998,11564.941666666666,2798.6083333333336,6190.599999999999,21354.70625,185.24291666666667
2022-02-14,24.88500022888184,4.195000171661377,26.90407619688557,364.4237,3204.231818181818,346.644541,1724.687879,1005.845023,0.0,0.0,4132.6216854,51.532718,726.7402569999999,525.38526458,11.1,10.6,7.5,0.0,0.0,0.0,1.1365057229995728,31.770000457763672,9900.166666666666,130.99999999999997,22850.1375,694.9250000000001,48410.45,20382.289285714283,1779.0392857142856,430.2166666666667,691.5749999999999,667.0083333333333,15123.141666666668,4236.775,-5068.741666666667,15315.9625,170137.42291666666,81737.72083333334,490.0333333333333,9196.525,72.03142857142856,71.31875000000001,121202.96666666666,12208.879166666668,2822.2166666666667,11207.375,37226.32916666667,104.97875
2022-02-15,24.815000534057617,4.306000232696533,23.50040851424856,360.3072,3231.4795454545456,357.398139,1755.7769990000002,997.71914,0.0,0.0,4147.5268041,25.547707000000003,774.489894,614.93381492,11.6,11.6,6.9,0.0,0.0,0.0,1.1306334733963013,29.82999992370605,9848.5,307.50416666666666,26433.17916666667,700.9416666666666,50547.90357142857,22823.125,1783.8357142857144,396.5208333333333,671.1374999999999,677.4,16033.2625,5078.058333333333,-3471.3,14795.370833333334,207666.31,82953.52083333333,490.775,8609.975,77.8875,84.135,154406.6275,11357.275,2777.55,9905.233333333334,33845.200000000004,154.25416666666666
2022-02-16,23.075000762939453,4.7170000076293945,23.23117109776666,356.9757,3258.7272727272725,358.026068,1643.080715,990.177524,0.0,0.0,4129.800634499999,14.751379,782.712804,419.08057419,11.2,5.5,9.2,0.0,0.0,0.0,1.1356796026229858,26.670000076293945,9551.895833333334,689.9875000000001,21926.9625,692.1791666666667,42383.07586206897,17432.296551724135,1577.151724137931,304.8125,624.6208333333333,678.0041666666667,15747.070833333331,3534.366666666667,-5872.349999999999,14554.054166666669,172225.59375,82475.02500000001,486.4875,8403.496551724138,88.67179487179487,113.11041666666668,116120.75625,8615.512499999999,2637.458333333333,10090.016666666666,46752.07291666666,114.17958333333333
2022-02-17,24.51000022888184,4.486000061035156,24.97558573241012,354.4056,3285.975,320.663995,1643.05903,983.688654,55.140505,0.0,4206.5231853000005,19.115375,772.52162,391.29403211,10.4,9.3,9.1,0.0,0.0,0.0,1.1375269889831543,25.670000076293945,9361.420833333334,-595.0333333333333,18373.82083333333,706.4416666666666,43830.14827586207,16000.741379310344,1615.6793103448274,121.2625,623.7125,669.2624999999999,16743.55,3247.554166666667,-5339.5,14684.654166666667,168575.6875,80458.47499999999,480.3416666666667,8405.83448275862,83.99047619047619,74.03541666666666,113716.83125,12935.8625,2640.25,9673.691666666668,43554.07916666667,70.86749999999999
2022-02-18,23.80500030517578,4.431000232696533,24.572513983907296,351.7258,3313.2227272727273,324.26991,1700.404941,999.647723,82.439407,0.0,3979.1479646,25.495658,734.394311,381.9034370300001,11.9,9.8,6.5,0.0,0.0,0.0,1.1366478204727173,23.8700008392334,9520.233333333334,1369.9604166666668,21044.2,627.6416666666667,43457.767857142855,17832.789285714283,1528.1107142857145,178.32500000000002,672.2125,667.4083333333333,18168.525,4293.2,-3036.1416666666664,14595.820833333331,166106.53958333333,80630.27083333333,494.39166666666665,7987.671428571428,82.63076923076923,80.6375,117473.74375,10687.2,2555.2208333333333,8230.783333333333,39173.80833333333,117.72208333333332
2022-02-22,25.959999084472656,4.498000144958496,26.44743088465321,340.0494,3340.4704545454542,328.273419,1697.348709,996.715256,76.73224,0.0,4210.056742,24.102819,733.947394,394.03511764,13.0,9.6,8.1,0.0,0.0,0.0,1.1309658288955688,22.940000534057617,10022.770833333334,2238.958333333333,25503.68333333333,576.9416666666667,41061.26071428572,20509.875,1676.0785714285714,353.9833333333333,795.5333333333333,674.2875,18144.33333333333,3853.366666666667,-4623.541666666667,16446.604166666668,170634.15833333333,78474.925,499.0,8408.264285714286,95.71458333333334,97.70625,121839.28125,13671.0625,2775.770833333333,9110.4375,37404.125,122.90125
2022-02-23,28.96500015258789,4.623000144958496,29.515181528481445,336.967,3367.7181818181816,331.653758,1761.340534,987.766937,76.627868,0.0,4242.7327029,58.093565,747.768771,476.57047063,12.0,11.6,8.6,0.0,0.0,0.0,1.13291335105896,23.56999969482422,10056.895833333334,979.0166666666668,26466.716666666664,649.5416666666666,45643.88571428572,21640.367857142857,1585.457142857143,409.2125,746.0541666666667,677.8208333333333,18287.70833333333,4695.458333333333,-4018.575,15278.129166666668,168863.98124999998,79529.425,500.3375,8597.67857142857,102.79791666666668,102.35625,124991.8,17599.083333333332,2512.6916666666666,9668.345833333333,30238.46041666667,131.47541666666666
2022-02-24,37.0099983215332,4.567999839782715,44.5057329529179,334.1767,3394.965909090909,387.280248,1753.9320320000002,987.41886,76.702469,0.0,4233.0021128,44.889322,810.755363,731.19423936,12.3,11.8,8.1,0.0,0.0,0.0,1.1305694580078125,21.670000076293945,10144.5875,835.1062500000002,26859.6625,677.3916666666667,43521.01071428572,20345.29642857143,1385.0464285714286,204.1916666666667,622.95,661.0375,17890.808333333334,3781.0208333333335,-3799.491666666667,14080.845833333333,169291.80000000002,79326.675,505.025,8328.189285714285,87.94883720930233,78.82291666666667,120862.75833333336,13033.008333333331,2805.7375,9987.8125,36918.63333333334,122.54208333333334
2022-02-25,27.51000022888184,4.46999979019165,30.96856036680108,331.4167,3422.2136363636364,423.355448,1751.8767429999998,985.629258,76.68581,0.0,4218.8315757,78.013108531,832.915848,991.592528,14.4,12.3,8.3,0.0,0.0,0.0,1.11906898021698,20.809999465942383,10063.825,385.26041666666674,27352.75833333333,661.6583333333333,36132.55806451613,18476.990322580645,1760.5741935483873,327.62916666666666,634.8416666666667,675.1666666666666,18394.420833333334,3840.0375,-4812.962500000001,16030.208333333334,169202.08541666667,79637.10833333334,509.5083333333334,7469.064516129032,85.11363636363636,70.00208333333333,121031.83541666664,13678.8125,2832.1708333333336,9711.158333333333,36475.26875,122.26208333333334
2022-02-28,27.950000762939453,4.401999950408936,32.309379957394455,323.9264,3449.461363636364,485.545207,1755.520642,980.509073,76.970419,0.0,4244.2118822,66.809874984,854.7894630000001,1014.028386,17.7,9.4,10.5,0.0,0.0,0.0,1.118105411529541,19.6299991607666,9900.7,494.90625,30829.579166666663,755.6875,51489.20357142857,24600.94285714285,1912.9214285714288,533.8249999999999,651.6125000000001,662.0625,16067.608333333332,4784.8,-3915.304166666667,14507.279166666667,165520.06666666668,79436.71666666666,492.375,8113.075,61.25757575757576,50.425,132557.70208333334,20751.4625,2804.025,7544.5,18814.38125,206.87041666666667
2022-03-01,31.5,4.572999954223633,39.99664873747884,320.018,3476.7090909090907,645.072512,1747.103041,962.423865,65.794161,0.0,4245.6050477,58.322153229,865.330821,1007.70382408,17.5,9.8,12.2,0.0,0.0,0.0,1.1215918064117432,18.89999961853028,10074.8625,1632.6791666666668,31679.954166666663,768.1999999999999,58286.93103448276,25253.52068965517,1980.3241379310343,499.9291666666666,565.8625000000001,663.0124999999999,16036.766666666668,4856.370833333333,-3052.1625,14722.666666666666,169923.55208333334,80209.7,495.8875,7612.910344827586,31.817241379310342,30.25,140944.61458333334,18538.254166666666,2752.4166666666665,1997.6416666666669,18710.9875,245.8958333333333
2022-03-02,38.505001068115234,4.76200008392334,54.01378344417013,316.3522,3503.956818181818,665.1716140000001,1757.037667,965.742369,76.86738,0.0,4235.7766783,77.75429645300001,770.214074,991.63827334,17.3,11.6,12.2,0.0,0.0,0.0,1.1132758855819702,19.32999992370605,10077.433333333332,1551.8979166666668,32056.0125,750.0333333333333,59848.62857142858,27648.10714285714,1829.8892857142853,769.7666666666668,561.4666666666667,660.4833333333333,15979.375,5147.233333333334,-2782.833333333333,14605.6,168942.09791666668,80082.47499999999,498.5,8551.989285714286,75.22325581395349,78.04791666666667,142493.88749999998,16488.024999999998,2853.945833333333,1607.0458333333331,17400.679166666665,282.1145833333333
2022-03-03,43.59999847412109,4.7220001220703125,52.37751206740032,312.9677,3531.204545454545,711.259906,1704.938799,966.833224,76.829832,0.0,4225.3835852,81.169464633,772.721761,1007.24215253,19.0,9.6,11.1,0.0,0.0,0.0,1.1112345457077026,20.559999465942383,10263.2875,3004.5437500000003,31292.875,753.9291666666667,52404.33103448276,28069.56206896552,2052.451724137931,838.475,654.1541666666667,654.5416666666666,17195.791666666668,5574.025000000001,-2272.7291666666665,18325.52083333333,168007.55416666667,79886.81666666667,497.1583333333333,8671.044827586207,48.93235294117648,38.16041666666667,143899.125,17054.225000000002,2931.1375000000003,2682.4333333333334,14240.104166666666,339.02916666666664
2022-03-04,38.650001525878906,5.015999794006348,62.45372025765127,309.9788,3558.4522727272724,674.458376,1797.9110919999998,967.367626,76.708713,0.0,4166.3557288,88.61712078900001,774.010577,1007.36172176,16.8,10.7,11.2,0.0,0.0,0.0,1.1066844463348389,19.6299991607666,10331.720833333333,2780.914583333333,31982.93333333333,765.9250000000001,51921.06206896552,28828.265517241383,2257.541379310345,872.3541666666666,937.0958333333332,661.1666666666666,17056.925,4555.4375,-3648.1416666666655,18194.704166666663,167359.07083333333,80507.16249999999,500.6791666666666,8902.23448275862,48.8,29.95208333333333,143086.025,15896.091666666667,2972.15,3302.5875,14673.710416666669,359.3108333333333
2022-03-07,51.76499938964844,4.833000183105469,72.41219671237273,301.3755,3585.7,687.307766,1758.951238,962.358831,60.216664,0.0,4146.499390200001,108.025480188,768.881104,1014.56369587,16.1,13.8,12.5,0.0,0.0,0.0,1.087453007698059,18.56999969482422,10407.975,3019.2937500000003,31309.3125,772.5958333333333,56484.63703703704,28482.862962962965,2075.411111111111,873.9125,893.6374999999999,662.2041666666667,15879.141666666668,5728.962500000001,-2200.179166666667,17949.754166666666,168532.86666666667,80168.51666666666,503.4791666666667,9620.111111111111,79.21190476190476,75.2468085106383,141717.24375,18116.30833333333,2856.2958333333336,2309.520833333333,16955.959574468085,413.3704166666666
2022-03-08,42.619998931884766,4.526999950408936,68.32345647515112,297.842,3831.6,697.438552,1755.499921,992.909873,43.845607,0.0,4091.1352719,104.22535162,770.4355889999999,1010.79347714,16.1,12.7,13.2,0.0,0.0,0.0,1.0865312814712524,21.030000686645508,10561.25,1821.1583333333333,31193.358333333334,786.4333333333334,48315.64137931035,27888.737931034484,1937.9241379310347,1010.775,961.5083333333332,670.0541666666667,15637.029166666667,4510.212500000001,-4109.391666666666,17109.995833333334,170724.55208333334,80516.1375,501.2916666666667,9364.08275862069,93.16956521739132,102.8875,139314.94583333333,19357.44583333333,2856.7208333333333,4388.7375,19536.51875,486.4908333333333
2022-03-09,38.96500015258789,4.526000022888184,49.7894645100308,295.1212,3761.2,694.300089,1755.798247,991.033438,16.533335,0.0,4000.4364067,112.915655068,777.334923,1016.84410018,15.1,8.9,12.0,0.0,0.0,0.0,1.0898232460021973,22.100000381469727,10411.7625,1037.6270833333333,31747.5,758.0583333333334,49393.36785714286,28683.51428571429,1865.7214285714283,971.6416666666668,896.4416666666666,665.3249999999999,14365.008333333331,3972.4625,-4001.1375,16237.4375,168118.23333333334,80432.83333333333,497.5625,9074.55357142857,57.43870967741936,62.37291666666667,136632.06875,20784.425,2856.6541666666667,3908.6708333333336,19139.60625,442.9183333333333
2022-03-10,38.32500076293945,4.63100004196167,41.02347381635964,294.1433,3527.4,687.07741,1753.8565210000002,993.292317,16.508176,0.0,4047.8456488,99.517661133,778.691791,1014.29760956,16.0,7.1,10.3,0.0,0.0,0.0,1.107382893562317,21.549999237060547,9903.745833333332,-267.225,30467.2125,733.4041666666667,43466.16785714286,25199.31428571429,1817.5071428571428,803.525,577.6458333333334,663.6166666666667,13473.833333333334,3610.4583333333335,-4151.416666666667,12930.391666666668,165811.74375,77356.97916666667,499.1,8223.253571428571,72.30540540540541,61.87291666666667,123462.02083333331,21335.879166666666,2854.3916666666664,5745.270833333333,28809.158333333336,268.27375
2022-03-11,37.14500045776367,4.724999904632568,42.36075380289024,292.9763,3749.1,709.0116370000001,1759.4275189999998,989.471396,16.475804,0.0,4077.9755031,98.043739674,774.235462,1016.72898129,16.7,8.1,9.9,0.0,0.0,0.0,1.1013944149017334,21.15999984741211,9678.245833333332,-1783.8354166666668,27407.541666666668,740.9125,41221.71724137931,18828.79655172413,1822.848275862069,561.7624999999999,624.2833333333333,665.3125,13347.816666666666,3539.866666666667,-6144.029166666667,14856.808333333334,168270.90425531915,77010.74583333333,508.60833333333335,8633.293103448275,81.7578947368421,81.18936170212766,118588.6085106383,18581.454166666663,2868.020833333333,9348.579166666666,34714.10833333333,79.60458333333334
2022-03-14,37.25,4.6579999923706055,36.69291571294636,290.9945,3254.9,708.575474,1760.384267,999.078535,10.969178,0.0,4023.8364098,88.36828408299999,781.159883,1013.08264795,12.0,11.1,8.3,0.0,0.0,0.0,1.093206763267517,24.3700008392334,10008.383333333331,1342.79375,30759.316666666666,743.6041666666666,54050.26071428572,23561.79642857143,1641.3535714285715,846.3000000000001,728.625,658.6750000000001,13871.570833333331,4010.158333333333,-2693.391666666667,15303.941666666666,161551.80625,71588.86666666667,492.8833333333334,7326.557142857143,77.74883720930234,73.45416666666667,129969.1125,15165.404166666667,2923.3416666666667,3095.2666666666664,22452.354166666668,283.2325
2022-03-15,37.44499969482422,4.567999839782715,37.024365174333056,289.226,3528.8,443.832405,1753.78393,998.52074,11.143076,0.0,4067.1405093,87.29035933099999,791.601016,954.48556658,10.3,9.6,7.699999999999999,0.0,0.0,0.0,1.0943193435668943,24.26000022888184,10287.9875,1382.2875,31911.5125,761.1583333333333,59971.889285714286,26259.492857142857,1788.2571428571428,899.5500000000001,748.5208333333334,651.5958333333333,15135.8125,5613.591666666667,-2010.4666666666665,17896.675,162763.00833333333,72294.07916666666,499.75416666666666,7481.014285714285,82.64468085106384,69.29791666666667,140387.86875,11195.970833333333,2873.7916666666665,879.0375,16337.639583333332,300.7245833333333
2022-03-16,33.6349983215332,4.748000144958496,32.99264353703661,288.0839,3675.8,392.584067,1617.922348,992.608619,33.017916,0.0,3933.41565,85.21807537800001,800.4626780000001,860.34014914,11.0,8.4,6.699999999999999,0.0,0.0,0.0,1.0969363451004028,21.81999969482422,10114.991666666669,1374.08125,32096.4,751.0625,50825.92333333333,23589.416666666668,1547.4633333333334,795.3416666666667,638.9166666666666,653.2958333333333,15393.320833333331,4142.666666666667,-2494.1916666666666,16456.8875,162510.17708333334,72841.95416666666,501.82916666666665,7850.233333333334,34.42258064516129,25.985416666666666,134983.77916666665,12411.829166666668,2804.491666666667,4745.1375,18947.9125,241.29083333333327
2022-03-17,35.55500030517578,4.989999771118164,33.947103756756604,287.1092,3511.0,385.990007,1498.321481,994.813673,49.445359,0.0,3896.141813,97.14043995,798.642497,851.24135366,10.6,10.9,4.800000000000001,0.0,0.0,0.0,1.1021955013275146,22.700000762939453,9975.7625,361.67291666666665,31092.504166666666,753.3375,48530.27142857143,23281.85,1639.425,657.9333333333333,525.4625,656.5791666666667,14278.066666666666,4147.895833333333,-4785.05,12624.95,162899.64791666667,73229.925,498.3,7803.835714285714,80.64047619047619,77.96249999999999,123750.02916666667,9371.533333333336,2744.566666666667,7208.787499999999,30859.45833333333,227.31625
2022-03-18,35.494998931884766,4.86299991607666,34.17168262100575,286.4804,3691.4,385.375055,1373.858035,988.719417,88.140214,0.0,3922.3328273,112.17416685,788.242501,980.45807778,10.4,10.1,4.800000000000001,0.0,0.0,0.0,1.1099518537521362,22.170000076293945,10214.620833333332,2020.545833333333,29759.254166666666,758.1833333333334,44728.21034482759,23909.024137931032,1540.1896551724135,652.3041666666667,556.3083333333333,686.3625000000001,14705.441666666666,3276.616666666667,-3625.279166666666,12488.066666666666,159304.1625,73012.2,502.26666666666665,7371.248275862068,70.07368421052632,68.59791666666668,123790.075,16482.0125,2819.945833333333,2630.641666666667,25957.760416666668,228.635
2022-03-21,34.810001373291016,4.900000095367432,31.168698750901765,287.0232,3689.5,392.994558,1454.094462,990.614657,77.084794,0.0,3994.2218839,111.60770896,767.033848,1001.61229716,12.1,10.6,9.0,0.0,0.0,0.0,1.1043134927749634,21.3700008392334,9478.958333333334,425.24166666666673,29138.7625,754.0749999999999,45354.833333333336,21570.786666666667,1401.16,552.5375,399.4083333333333,681.8583333333333,13943.591666666667,4035.6,-4052.7916666666665,13619.733333333332,155700.10833333334,70172.68333333333,493.7166666666667,6933.873333333334,70.88250000000001,60.49375,120901.25416666668,21523.229166666668,2831.4625,3111.0166666666664,22481.722916666666,210.28875
2022-03-22,34.17499923706055,5.186999797821045,31.88503644489477,287.0366,3639.4,402.502508,1575.027162,986.504806,88.165667,0.0,3753.7178426,105.70296845,768.237439,1011.84939883,11.6,7.0,9.1,0.0,0.0,0.0,1.101722002029419,20.31999969482422,9541.520833333334,1126.9770833333334,29496.3375,771.0458333333332,50653.18571428571,25567.64642857143,1525.417857142857,733.0291666666667,469.0708333333334,674.7458333333333,14470.35,4001.9791666666665,-3939.408333333333,14146.875,156576.43958333333,70295.05,498.9333333333333,7436.964285714285,77.26363636363637,65.3,125649.04791666666,22968.12083333333,2822.366666666667,721.0500000000001,19082.804166666665,236.17125
2022-03-23,34.119998931884766,5.23199987411499,37.822101778976304,287.473,3684.3,400.689316,1566.084404,980.53663,77.356353,0.0,3810.4550524,112.89472394,769.627043,980.44745436,10.5,7.4,7.5,0.0,0.0,0.0,1.1029735803604126,22.68000030517578,9518.383333333331,912.4166666666666,29735.658333333336,794.4291666666667,50751.651724137926,25483.217241379312,1653.5793103448275,752.8666666666667,481.0083333333334,664.7208333333333,14406.908333333333,3890.504166666667,-3384.304166666667,11999.333333333334,155979.48750000002,69681.825,507.3333333333333,7734.051724137931,43.58387096774193,36.99375,126282.77708333332,22847.204166666663,2774.2041666666664,238.4833333333333,18153.86458333333,236.4345833333333
2022-03-24,34.68000030517578,5.401000022888184,36.00210623090743,288.8328,3665.1,395.716986,1681.640794,987.009817,77.416639,0.0,3994.6925198,119.66957796,764.775001,960.96527546,12.2,8.0,6.300000000000001,0.0,0.0,0.0,1.1006306409835815,28.209999084472656,9534.458333333334,1688.89375,29140.529166666664,789.5666666666666,54159.03571428572,26573.092857142856,1656.0357142857142,669.9083333333333,474.45,676.5583333333333,14742.958333333334,4383.337500000001,-3092.270833333333,14986.725,154685.38125,69461.02916666666,502.025,7784.285714285715,28.86428571428572,19.6375,129440.6375,22676.2,2806.3458333333333,350.75,13731.266666666668,240.0595833333333
2022-03-25,34.43000030517578,5.571000099182129,32.67669973473477,290.2077,3598.6,391.075406,1761.093477,998.888707,77.298668,0.0,3997.0996059,111.37445636,755.3167559999999,961.66057977,10.2,9.3,6.0,0.0,0.0,0.0,1.1009578704833984,27.020000457763672,9417.179166666669,1686.2062500000002,28105.225,785.3458333333333,46533.11034482758,23818.11724137931,1509.5620689655173,492.79583333333335,405.3041666666666,683.3625000000001,14577.808333333334,3563.0416666666665,-2834.625,11300.829166666668,150794.11458333334,68844.55,506.0125,6946.427586206896,30.096551724137928,19.416666666666668,120836.26041666669,22350.95833333333,2747.025,2257.0958333333333,17653.818750000002,243.27375
2022-03-28,33.970001220703125,5.507999897003174,33.00521712795844,296.4385,3607.8,402.073547,1761.0225420000002,969.942902,71.893026,0.0,3955.2592459,104.07634838,745.740418,1015.10029916,9.5,9.5,3.6,0.0,0.0,0.0,1.098189115524292,33.52000045776367,9410.891666666666,122.41250000000002,28630.845833333336,775.8291666666668,30809.6375,12705.541666666666,772.6395833333332,178.14583333333334,572.15,659.2583333333333,14399.25,3544.7875,-4334.287499999999,11329.404166666667,149651.41041666668,67272.04583333334,498.1791666666666,3847.816666666667,24.07708333333333,20.547916666666666,119362.48541666666,21183.975,2707.7166666666667,3450.633333333333,17971.618749999998,222.90291666666667
2022-03-29,33.875,5.335999965667725,34.921561268130006,297.5422,3839.1,433.669207,1760.6164,978.07293,93.821976,0.0,3171.2120541,136.16453472,756.7561929999999,1014.24170915,10.6,8.6,4.800000000000001,0.0,0.0,0.0,1.099384307861328,31.600000381469727,9619.679166666669,1648.83125,30168.37083333333,761.8833333333333,34834.13333333333,14678.491666666669,923.5833333333334,725.4,649.0041666666667,654.2041666666667,15494.529166666667,4466.045833333334,-2286.8041666666663,15167.7625,153564.55833333332,67321.67083333334,503.275,4213.7,21.672916666666666,17.764583333333334,132730.33541666667,16450.345833333333,2839.8625,2218.4333333333334,11499.827083333335,251.9295833333333
2022-03-30,34.150001525878906,5.605000019073486,38.674023276396696,297.8521,3498.7,583.70944,1756.310639,989.241863,93.859879,0.0,5155.6422079,152.02844617,755.014838,1008.67008641,13.3,10.2,5.0,0.0,0.0,0.0,1.1091516017913818,29.989999771118164,9724.7625,2378.81875,30635.816666666666,779.7958333333332,33035.28125,14926.254166666666,813.2729166666667,749.2791666666667,642.7166666666666,653.8458333333333,16620.195833333335,4789.266666666666,-2116.820833333333,15248.570833333331,166695.55555555556,67004.18333333333,503.81666666666666,4398.477083333333,51.8375,40.06444444444445,141807.33777777778,12031.954166666668,2828.133333333333,2880.5750000000003,15931.385416666666,268.65291666666667
2022-03-31,35.435001373291016,5.642000198364258,41.18821811644256,293.761,3475.5,619.159268,1755.081324,1004.44308,104.948712,0.0,2719.3705221,127.61011371,745.619736,1011.43368228,14.7,14.2,3.6999999999999993,0.0,0.0,0.0,1.116183519363403,33.400001525878906,9545.675,1146.4520833333331,28740.729166666668,778.5500000000001,25084.99166666667,13583.754166666666,913.9479166666666,765.9250000000001,772.1583333333333,655.35,16903.733333333334,3602.1041666666665,-4682.2375,16524.883333333335,160902.72916666666,66749.29166666667,501.3208333333334,4542.33125,62.03541666666666,52.28541666666666,121004.65416666667,11207.5375,2737.554166666667,8759.604166666666,29914.50625,201.12375
2022-04-01,34.689998626708984,5.71999979019165,36.3940490795404,293.897,3430.9,306.343341,1750.962748,987.367245,132.224235,0.0,4036.7970917,44.896513,672.1004439999999,1066.813122,14.7,14.3,5.6,0.0,0.0,0.0,1.1072357892990112,32.34000015258789,9504.183333333332,-271.3291666666666,26728.970833333336,760.6208333333334,22192.05833333333,11193.572916666666,1268.2,657.75,786.1999999999999,658.3166666666667,17593.370833333334,3994.6625,-4811.145833333333,17528.662500000002,165291.9625,67357.25,497.2791666666667,5095.816666666667,50.35,39.11875,117486.56458333333,13557.591666666667,2633.008333333333,9850.558333333332,36101.32291666666,161.20000000000002
2022-04-04,32.95000076293945,5.711999893188477,35.461064462424744,291.7666,3760.4,423.594787,1755.812704,980.53906,132.426759,0.0,4041.3782822,20.28855,726.043017,1076.756758,14.8,9.1,8.3,0.0,0.0,0.0,1.1047282218933103,29.25,9525.408333333333,-1173.9916666666666,21439.579166666663,790.6374999999999,25501.87446808511,9768.60425531915,824.6297872340425,320.1333333333333,589.8874999999999,662.2958333333333,16719.454166666666,3474.975,-4782.625,16070.5375,164322.61666666667,68285.16666666667,481.9666666666667,5062.66170212766,103.45957446808512,112.06595744680853,110318.87916666668,17228.3125,2649.5875,9945.179166666669,41276.91914893617,68.78875000000001
2022-04-05,33.45500183105469,6.0320000648498535,34.92332136310445,291.2176,3874.7,383.567613,1762.232667,983.218388,132.091321,0.0,4040.7349515,22.610824,721.022316,1076.839202,11.6,7.0,7.9,0.0,0.0,0.0,1.0975863933563232,25.420000076293945,9815.0125,-386.4041666666667,26764.045833333334,794.1625,28870.77872340426,12394.774468085106,902.9255319148936,426.98333333333335,649.9499999999999,657.9041666666667,16696.220833333333,5611.270833333333,-1945.1666666666667,14864.416666666666,167433.47872340426,68965.54583333334,484.3875,4709.953191489361,99.47021276595746,110.33043478260868,125307.46170212766,14193.208333333334,2613.6208333333334,6360.245833333333,31668.355319148934,191.33
2022-04-06,33.439998626708984,6.02899980545044,34.13566460431447,292.5942,3798.1,370.730869,1755.676618,986.747022,109.736957,0.0,3989.1888252,20.180623,678.632118,1077.954688,8.2,7.5,8.0,0.0,0.0,0.0,1.090643286705017,31.200000762939453,9659.204166666666,-1144.8625,25284.3625,767.2833333333333,24729.77291666667,10817.48125,684.7916666666666,451.59583333333336,691.0208333333334,657.7166666666667,16968.066666666666,3255.25,-4139.341666666666,13445.879166666666,171832.0288888889,69221.87916666667,486.73333333333335,5097.158333333334,101.04166666666669,105.27333333333334,120283.08,17170.370833333334,2265.9083333333333,9935.120833333332,34887.40625,116.66291666666666
2022-04-07,33.099998474121094,6.359000205993652,33.39867560209051,294.2388,3622.2,334.403684,1752.486166,998.32194,93.150018,0.0,3964.2173818,12.290749,689.264222,1043.6802630000002,8.0,8.9,6.1,0.0,0.0,0.0,1.0898232460021973,30.190000534057617,9340.4625,-1802.077083333333,19471.545833333334,749.4125,17756.645833333332,8933.402083333332,747.8395833333334,241.60416666666663,628.9250000000001,654.8833333333333,17782.033333333333,2409.9166666666665,-6480.958333333333,14763.05,159576.94375,68921.24166666667,482.05,5384.114583333333,94.00208333333336,92.43125,98897.95,18371.1125,2242.1208333333334,9183.129166666668,46901.8875,68.41541666666667
2022-04-08,33.60499954223633,6.277999877929688,33.079174310749835,295.9217,3435.9,277.16684,1754.490132,1004.300259,82.43269,0.0,3962.2903971,10.623031999999998,678.9350770000001,893.113747,11.5,12.1,3.6,0.0,0.0,0.0,1.0864840745925903,34.75,9454.220833333333,-221.2333333333333,23438.483333333334,760.8458333333333,19811.92391304348,10605.91304347826,844.8913043478261,172.45416666666665,444.00416666666666,653.2833333333333,19583.804166666665,5076.0625,-3615.2916666666665,11731.933333333334,157672.16458333333,68566.95,492.07916666666665,5102.704347826087,62.58478260869565,49.53478260869565,106787.85,17460.5,2237.125,7394.625,40128.78695652174,130.31833333333333
2022-04-11,33.02000045776367,6.64300012588501,31.94565965552324,301.6242,3554.4,279.342966,1763.68592,948.296542,87.550956,0.0,3930.5191163,12.452061,721.7168200000001,932.628282,12.1,7.5,7.699999999999999,0.0,0.0,0.0,1.0884946584701538,32.9900016784668,9647.095833333333,1642.0645833333335,26555.4875,813.9916666666667,19806.01914893617,12416.642553191488,683.7148936170213,474.12916666666666,459.4958333333333,661.5416666666666,19304.729166666668,4723.870833333333,-4574.8875,13028.7375,150596.60208333333,68257.20416666666,486.6375,4860.148936170212,97.2,96.80425531914894,110966.61875,27143.095833333336,2771.375,3234.6875,24961.110638297872,224.21125
2022-04-12,32.96500015258789,6.679999828338623,32.58892686738759,304.1278,3790.9,279.167319,1756.23949,983.498813,87.637893,0.0,4059.4906134,12.192407,719.679889,713.545302,9.9,5.199999999999999,6.4,0.0,0.0,0.0,1.087795972824097,32.560001373291016,9534.0,95.88124999999998,25729.275,787.6208333333334,23916.608333333334,12032.729166666666,796.6833333333334,513.6041666666666,496.1375,655.4833333333333,19280.454166666663,3748.2083333333335,-3933.445833333333,15077.8625,151412.76249999998,70227.16249999999,488.3333333333333,4712.53125,38.84583333333333,30.85,117646.92708333331,25498.70833333333,2773.004166666667,6732.408333333333,17650.26875,182.3370833333333
2022-04-13,32.92499923706055,6.997000217437744,33.41889393363722,307.0514,3826.8,280.73285,1755.437059,979.020527,87.442377,0.0,3994.1150407,9.125253,714.629246,623.750374,5.699999999999999,5.199999999999999,4.0,0.0,0.0,0.0,1.0826143026351929,31.770000457763672,9693.0875,960.25625,24679.166666666668,841.3833333333333,24988.660416666666,12705.45625,921.1979166666666,486.7,452.3875,667.525,19603.358333333334,4759.533333333334,-2458.5416666666665,15097.441666666666,149790.40625,70815.74583333333,489.23333333333335,3803.654166666666,30.8875,23.79583333333333,123150.6625,24533.37083333333,2846.7625000000003,3902.75,12421.677083333334,227.21
2022-04-14,32.93000030517578,7.300000190734863,30.537221705847024,310.4633,3422.2,275.184664,1755.936542,981.069161,76.588196,0.0,4147.5850076,10.755493,670.019219,787.9928476,6.5,5.699999999999999,2.7,0.0,0.0,0.0,1.089656949043274,28.8700008392334,9973.4625,1862.8,25625.0375,842.9083333333333,25656.163414634146,14605.229268292684,904.829268292683,405.9625,437.2791666666667,670.7624999999999,19615.3,3888.095833333333,-3226.1125,13726.020833333334,147543.77872340428,70899.86666666667,490.6666666666667,4777.431707317073,49.32439024390244,40.015,120825.0914893617,25175.1125,2852.425,3116.695833333333,14080.9,226.5954166666667
2022-04-18,25.3700008392334,7.820000171661377,30.3093393962222,329.2962,3601.3,271.84126,1755.702662,967.668295,76.735219,0.0,4214.9501122,10.372825,685.820526,533.52478002,10.1,7.199999999999999,4.699999999999999,0.0,0.0,0.0,1.081525444984436,26.100000381469727,9547.2375,21.27291666666669,21956.466666666664,600.5749999999999,12660.914583333331,6815.347916666667,687.4812499999999,241.8083333333333,301.5208333333333,678.75,17364.004166666666,2849.5375,-6335.858333333334,12613.845833333333,121793.8,65137.52916666667,489.05,4158.131249999999,66.70208333333333,53.97872340425532,90772.98936170212,30036.19583333333,2783.745833333333,3032.2166666666667,13847.035416666666,129.44291666666666
2022-04-19,25.1200008392334,7.176000118255615,29.63032352012394,332.4172,3587.4,275.586973,1751.286581,975.11905,76.605765,0.0,4255.6287524,13.040857,647.084719,510.189361,10.1,7.1,5.0,0.0,0.0,0.0,1.0781787633895874,30.959999084472656,9818.091666666667,1071.7979166666669,26748.970833333336,540.1125000000001,21446.704166666663,9458.5125,675.9187499999999,274.1958333333333,331.27500000000003,667.3833333333333,17764.758333333335,5017.966666666666,-3350.2625000000003,14574.720833333333,143069.19166666668,67342.38333333333,488.6875,4671.089583333333,34.514583333333334,27.329166666666666,112516.77291666664,25608.14583333333,2709.9791666666665,2990.3916666666664,16253.1625,212.2783333333333
2022-04-20,25.200000762939453,6.936999797821045,29.81166432510165,335.1868,3658.5,273.032648,1758.385112,974.163968,98.448637,0.0,3889.627873,8.615076,676.8487889999999,520.0662950000001,9.4,6.699999999999999,2.5,0.0,0.0,0.0,1.0794472694396973,29.350000381469727,9683.020833333334,45.94583333333338,27201.3875,571.5083333333333,21053.08333333333,10326.397916666669,711.5,215.1,317.87083333333334,655.8333333333334,18406.5625,5034.658333333334,-3024.808333333333,14384.408333333333,147362.86250000002,66997.575,483.7833333333333,4763.431250000001,58.46666666666667,49.08958333333334,114144.19583333336,22742.629166666666,2585.2291666666665,3658.683333333333,20018.014583333334,202.74625
2022-04-21,25.290000915527344,6.956999778747559,31.81854788928788,338.2845,3763.4,268.821785,1757.354871,977.940754,98.937072,0.0,3800.5843673,10.099,702.653536,530.072801,8.5,6.300000000000001,0.8999999999999986,0.0,0.0,0.0,1.0849870443344116,29.43000030517578,9538.5125,761.4645833333334,27646.641666666663,559.4916666666667,20483.429166666665,10498.064583333333,701.34375,144.28333333333333,359.2375,659.0749999999999,18906.733333333334,4924.141666666666,-1901.8083333333327,15097.675,147151.40625,66605.4875,487.14166666666665,4649.379166666667,84.16250000000001,83.10416666666667,114936.39375,21569.483333333334,2585.0333333333333,5210.025000000001,18825.260416666668,199.77666666666667
2022-04-22,25.4950008392334,6.533999919891357,30.12858373129354,341.8817,3787.4,261.539036,1752.294467,977.629571,114.865316,0.0,3378.9624249,9.109391,666.137327,547.060545,8.4,6.4,3.3000000000000007,0.0,0.0,0.0,1.0835175514221191,28.479999542236328,9224.25,-943.9708333333332,26493.329166666663,584.7666666666667,18383.129787234044,8735.43829787234,748.668085106383,137.01250000000002,380.8958333333333,659.225,19049.6125,4474.508333333333,-3017.3916666666664,13442.629166666666,144859.95833333334,66010.17916666667,493.69166666666666,4772.710638297872,86.49574468085106,77.47659574468085,105782.82916666666,19310.408333333333,2618.2291666666665,9215.45,25342.16170212766,167.14958333333334
2022-04-25,25.395000457763672,6.669000148773193,29.41573794420754,354.0308,4069.6,173.378039,1761.364994,969.02888,93.316602,0.0,3719.4146059,13.444677,663.6556270000001,653.8446809999999,9.0,8.5,3.5,0.0,0.0,0.0,1.0811045169830322,29.450000762939453,9325.008333333331,1430.9208333333331,27001.654166666664,604.0375,23358.283333333336,11224.922916666668,669.5791666666667,817.1791666666667,733.5,671.3208333333333,19925.49583333333,3997.966666666666,-2304.695833333333,13118.645833333334,141695.36808510637,61064.50416666667,475.2708333333333,3988.716666666666,36.46041666666667,26.84042553191489,116757.86808510638,23182.325,2497.4291666666663,4339.712500000001,10660.758333333331,225.4983333333333
2022-04-26,24.9950008392334,6.849999904632568,32.40891244618661,356.3135,4293.4,276.292971,1759.522597,961.581183,93.224236,0.0,3763.6193816,9.64154,673.054971,515.190697,8.1,8.0,2.9000000000000004,0.0,0.0,0.0,1.0714209079742432,28.3700008392334,9358.404166666667,910.725,27309.329166666663,578.2166666666666,29632.2875,12125.633333333331,723.7270833333333,626.4,742.0375,642.0749999999999,20761.45,3659.375,-2059.4375,13171.316666666666,145353.26041666666,60746.125,483.4791666666667,4807.150000000001,52.29791666666667,38.25208333333333,122619.37708333333,23725.229166666668,2372.4375,1973.15,9884.691666666668,237.935
2022-04-27,25.145000457763672,7.267000198364258,33.51149212236232,358.4407,4152.4,71.98859499999999,1733.953993,964.090327,82.291912,0.0,3740.4393373,14.066767,584.828842,611.511104,6.4,9.4,2.6,0.0,0.0,0.0,1.0643619298934937,27.5,9567.466666666667,1733.0541666666666,26789.3,582.0041666666667,29357.6125,11983.214583333334,736.5270833333334,804.1416666666668,756.0041666666666,637.4541666666667,21528.470833333333,3377.320833333333,-2068.75,15040.5875,148434.6106382979,59795.09583333333,492.2791666666667,4429.716666666666,43.65,33.7,125102.4574468085,26156.55833333333,2400.2458333333334,949.8041666666668,9296.958333333334,222.7025
2022-04-28,24.81999969482422,6.888000011444092,30.97913290363613,361.4656,4117.2,64.962884,1733.479088,958.73898,103.987566,0.0,3761.2101075,12.893055,615.058586,598.711682,7.0,8.6,1.1999999999999993,0.0,0.0,0.0,1.0555092096328735,25.71999931335449,9579.191666666668,1373.0770833333331,26507.545833333334,580.7375000000001,23213.73125,12293.160416666666,771.3729166666667,501.6875,711.4541666666668,646.2958333333333,21662.0375,4111.483333333334,-2248.875,14627.791666666666,145187.94583333333,59276.2,492.48333333333335,4422.672916666667,28.33125,23.02916666666667,116036.88958333334,28917.25833333333,2383.5,2410.4875,13487.185416666667,229.845
2022-04-29,24.530000686645508,7.24399995803833,30.616729838740635,364.7967,3967.6,65.000604,1731.436376,956.174437,104.120674,0.0,3795.4519366,12.025846,585.062387,617.199196,6.1,9.6,1.1999999999999993,0.0,0.0,0.0,1.050420165061951,26.190000534057617,9726.85,1025.7895833333334,26517.20833333333,569.1,22821.987500000003,12225.420833333332,757.4104166666666,391.00416666666666,695.5916666666667,679.0083333333333,21457.858333333334,3289.429166666667,-2570.8416666666667,14915.05,142897.57499999998,58571.95416666666,494.76666666666665,3969.39375,30.916666666666668,24.560416666666665,115142.425,28768.49583333333,2358.9083333333333,3070.008333333333,11835.902083333334,227.38625
2022-05-02,23.5,7.474999904632568,29.96852175449772,378.1233,3695.5,234.617871,1757.944979,953.620324,93.278803,0.0,3973.448608051,38.034459,686.7055330000001,997.17531129,5.1,6.199999999999999,2.3000000000000007,0.0,0.0,0.0,1.0535964965820312,25.690000534057617,9380.758333333331,-905.2999999999998,25288.191666666666,687.5083333333333,21539.16170212765,10905.178723404257,817.1063829787234,181.34166666666667,535.4291666666667,638.775,19997.0,2809.629166666667,-2502.6583333333333,11530.975,137023.73958333334,59825.725,484.00416666666666,4190.944680851064,24.28085106382979,21.359574468085107,108047.03125,27540.545833333334,2037.5416666666667,1134.7416666666666,14950.53829787234,217.36666666666667
2022-05-03,23.5,7.953999996185303,30.62349503451939,382.5679,3904.5,239.324678,1755.352443,957.157863,93.431516,0.0,4079.1292576,44.259412,681.272067,995.633728,5.699999999999999,5.800000000000001,2.0,0.0,0.0,0.0,1.0509058237075806,24.71999931335449,9182.491666666669,378.7166666666667,25645.6125,729.2916666666666,24558.175,11597.158333333333,901.3666666666668,220.4625,635.5375,626.0375,20296.266666666663,2907.375,-1744.6583333333335,13709.270833333334,142008.19791666666,59854.67916666667,488.73333333333335,3603.975,32.38125,27.7,113792.89791666668,25686.62083333333,2035.9625,2136.4791666666665,14303.7375,219.7983333333333
2022-05-04,24.040000915527344,8.414999961853027,32.03642261007844,386.9052,3883.7,241.869458,1756.871223,964.108921,93.230599,0.0,4193.6854073,54.351442,717.092592,993.293763,4.4,5.5,1.8000000000000007,0.0,0.0,0.0,1.052853226661682,24.790000915527344,9353.2125,400.0208333333332,25901.02083333333,692.4708333333333,25221.89791666667,12323.002083333333,906.9791666666666,460.6875,737.4416666666667,625.6291666666667,20980.425,4223.125,-1208.4833333333331,17195.333333333332,144041.49166666667,61299.59166666667,499.3666666666666,4179.845833333334,60.26666666666667,53.33125,122255.89375,24977.191666666666,2442.3250000000003,245.9833333333333,9174.010416666666,232.4416666666667
2022-05-05,24.145000457763672,8.782999992370605,33.158818032829416,391.4184,3818.4,240.232378,1755.505057,962.579176,104.160455,0.0,4010.7669075,54.475951,749.765952,997.6015286,4.1,4.9,1.8999999999999984,0.0,0.0,0.0,1.0622477531433103,25.06999969482422,9481.975,527.15,26252.39583333333,695.6416666666668,24348.83125,12085.885416666666,831.6854166666667,332.75416666666666,611.8833333333333,641.15,21623.3,3734.2625,-1820.5541666666668,15643.470833333333,144601.26249999998,61403.8125,492.0708333333334,3943.439583333333,51.41875,44.68958333333333,120100.2375,24809.9875,2450.675,584.25,11803.904166666667,234.51791666666668
2022-05-06,24.030000686645508,8.043000221252441,31.417816846581168,396.1074,3728.9,243.861421,1756.027824,985.325441,87.704357,0.0,4021.37339122,53.692921,742.573659,1005.122972,4.0,3.3000000000000007,0.0,0.0,0.0,0.0,1.0539740324020386,24.020000457763672,9385.391666666666,-251.07500000000007,25687.108333333334,687.7666666666668,22334.94680851064,11806.510638297872,775.3404255319149,273.21666666666664,433.9625,641.2458333333333,20958.391666666663,3155.2333333333336,-1939.0416666666667,13595.654166666667,142442.51666666666,60803.09583333333,501.475,3962.889361702127,41.80851063829788,39.25106382978724,114577.85,24727.6625,2477.5583333333334,1846.7666666666669,14887.612765957449,225.6770833333333
2022-05-09,23.155000686645508,7.026000022888184,28.9502554904613,412.3347,3723.8,146.174903,1758.344431,1007.302364,87.840192,0.0,3927.6399224,42.875232,628.0735380000001,1002.27297263,3.8000000000000007,4.0,1.1999999999999993,0.0,0.0,0.0,1.053219199180603,23.959999084472656,8810.383333333333,53.75624999999999,25224.57083333333,690.6083333333332,23225.885106382982,9412.497872340426,1007.8276595744682,426.9375,599.6374999999999,638.4958333333333,21198.416666666668,4167.6875,-1727.0041666666666,14711.870833333334,139931.92916666667,56645.833333333336,490.2416666666666,3881.993617021277,92.97234042553193,102.17872340425532,111051.78541666668,33175.020833333336,2503.1208333333334,1488.7791666666665,11793.951063829789,217.3825
2022-05-10,22.979999542236328,7.385000228881836,30.5952949168158,416.9331,3399.0,68.201944,1755.574986,1014.41,93.207902,0.0,3885.7512354,45.913617,629.361849,886.4550931299999,0.0,2.4000000000000004,0.0,0.0,0.0,0.0,1.056579828262329,26.09000015258789,8476.483333333334,-948.1666666666666,25583.858333333334,693.4083333333333,20902.02083333333,8447.835416666667,876.6625,326.35,411.81666666666666,638.6583333333333,20874.85,3297.4208333333336,-2987.9083333333333,13346.133333333331,143361.41458333333,57369.22083333333,491.62916666666666,3827.2395833333335,97.1375,105.18333333333334,105206.125,30710.1125,2417.945833333333,8464.579166666666,18567.95,182.39916666666667
2022-05-11,23.375,7.639999866485596,29.02184650374938,421.8772,3406.7,46.091531,1755.392462,1006.097714,82.278241,0.0,3990.9322334,42.324683,655.339925,735.7159405,0.0,5.0,0.0,0.0,0.0,0.0,1.0532968044281006,27.75,8529.279166666667,-1477.8645833333333,24775.6,664.4958333333333,20911.045833333334,7220.883333333334,828.4166666666666,354.8625,497.0125,638.3249999999999,21226.82083333333,3001.4875,-4292.966666666666,13309.091666666667,149441.22173913044,57549.12916666667,487.8125,4343.460416666667,72.56666666666666,59.76304347826087,107394.89565217392,31295.029166666664,2135.608333333333,7552.641666666666,20899.99375,154.715
2022-05-12,23.530000686645508,7.738999843597412,32.87492448789891,426.6538,3517.6,52.312162,1751.47007,999.621039,93.093414,0.0,3926.75536,42.916526,648.682838,627.66287488,1.1999999999999993,5.4,0.0,0.0,0.0,0.0,1.05124831199646,34.02000045776367,8458.85,-1148.5333333333333,23707.7625,670.0666666666667,23072.104166666668,7088.704166666666,859.7645833333332,345.3833333333334,465.7083333333333,638.6,21536.691666666666,4432.845833333334,-3773.220833333333,13363.2625,145995.45957446808,58118.07083333333,489.6875,4256.39375,83.2,76.37021276595745,107749.15106382978,29287.545833333334,2437.383333333333,5947.520833333333,19855.28125,174.02791666666667
2022-05-13,23.433000564575195,7.663000106811523,29.47198699837599,432.2637,3837.4,50.378792,1756.828647,1003.510339,93.115052,0.0,4004.9201651,37.933872289,716.62406,622.6260933499999,3.3000000000000007,3.6,0.0,0.0,0.0,0.0,1.0379581451416016,32.689998626708984,8608.074999999999,-677.8041666666667,23199.11666666667,677.0041666666667,21795.27872340425,7748.648936170212,924.1872340425532,339.7708333333333,432.2875,631.6916666666667,22773.541666666668,4290.233333333334,-3202.058333333333,14727.7375,141365.62916666668,58074.55,499.1833333333333,4450.7148936170215,92.87021276595743,94.03829787234044,105923.48333333334,28248.5375,2565.8166666666666,8158.795833333334,17605.25106382979,165.74416666666667
2022-05-16,20.02499961853028,7.955999851226807,28.3060595377502,449.6483,3619.8,0.0,1758.767826,956.870063,93.199557,0.0,4001.1711493,94.684203,665.78892,564.93680349,0.3000000000000007,1.8000000000000007,0.0,0.0,0.0,0.0,1.0400632619857788,29.6200008392334,8690.404166666667,1023.6145833333334,24693.55,696.4125,22694.658333333336,8441.470833333333,687.59375,361.5541666666666,524.4541666666667,624.8249999999999,22764.8375,4393.145833333333,-2598.0041666666666,13076.320833333331,140912.82916666666,55215.49166666667,471.9625,3949.622916666667,69.37708333333333,64.38333333333334,107768.70208333334,28918.625,2660.108333333333,5445.370833333333,15962.13125,213.6695833333333
2022-05-17,20.075000762939453,8.303999900817871,28.81268873928628,454.0455,3757.6,0.0,1755.87561,800.969813,93.262532,0.0,4067.9853768,86.31625,651.4838460000001,488.32633171,1.0,0.0,0.0,0.0,0.0,0.0,1.0438958406448364,32.95000076293945,8716.604166666666,2216.802083333333,25595.45,715.9541666666668,27119.129787234044,9517.512765957446,727.7744680851064,482.5125,532.2791666666667,634.1374999999999,23554.504166666666,4640.2,-1884.4375,15242.545833333332,147445.51276595745,55446.89166666666,472.325,3950.663829787234,68.7404255319149,65.8804347826087,118770.66808510636,29446.004166666666,2687.395833333333,2316.270833333333,12464.955319148936,225.54208333333327
2022-05-18,21.165000915527344,8.368000030517578,29.22547598222138,458.4326,3601.2,0.0,1754.073715,794.7447430000001,82.371734,0.0,3912.8021242,88.941904,605.2659120000001,534.6780962700001,0.0,1.3000000000000007,0.0,0.0,0.0,0.8999999999999986,1.0547856092453003,31.1299991607666,8627.745833333332,1329.4270833333333,24736.1,698.1791666666667,25576.390909090907,9768.725,723.75,552.7333333333333,528.5333333333333,636.2166666666667,22891.32083333333,3955.5833333333335,-2926.870833333333,14117.466666666667,144278.68333333332,56164.35416666666,481.62916666666666,4002.931818181818,87.76363636363637,91.8,110284.58125,32965.38333333333,2643.4416666666666,3381.4375,17258.94090909091,206.4533333333333
2022-05-19,21.790000915527344,8.307999610900879,27.938766165570165,463.2931,3778.0,0.0,1757.1026,801.594241,93.301764,0.0,4008.3379695,89.83648500000001,584.0969279999999,633.8603766499999,0.0,1.1999999999999993,0.0,0.0,0.0,0.0,1.0472739934921265,30.190000534057617,8764.175000000001,2000.7375,22871.275,732.0416666666666,22562.420833333334,8834.422916666666,680.9416666666667,566.375,679.8166666666667,646.1625,22661.9875,4162.041666666667,-2480.545833333333,14961.329166666668,144147.61250000002,56490.175,489.5625,3186.99375,89.75208333333335,87.86458333333333,109937.76458333334,30880.95,2680.4333333333334,2396.25,17571.243749999998,211.85541666666663
2022-05-20,21.825000762939453,8.083000183105469,27.25422545123314,468.4334,3706.1,0.0,1756.369682,951.516719,82.372521,0.0,4025.578081,86.357906,542.523922,640.65617122,0.0,4.5,0.0,0.0,0.0,0.0,1.057898759841919,28.950000762939453,8804.470833333333,1529.75,22949.658333333336,772.5916666666667,22279.92708333333,8639.983333333334,642.225,586.2166666666667,675.5749999999999,667.6875,23286.795833333334,3500.208333333333,-1922.233333333333,15103.520833333334,142657.66458333333,56862.770833333336,490.1166666666666,3030.03125,88.13958333333333,85.72500000000001,109053.85208333332,27559.725,2388.2208333333333,2601.4666666666667,18523.220833333333,203.0833333333333
2022-05-23,22.600000381469727,8.744000434875488,25.80126388672391,485.0387,3747.2,0.0,1756.411103,871.841328,87.82835,0.0,3830.0355714,20.298577,610.961193,420.4917474,1.6999999999999993,3.9,0.0,0.0,0.0,0.3000000000000007,1.056981921195984,29.049999237060547,8903.404166666667,1054.93125,23491.25833333333,729.9166666666666,22208.94375,7977.125,738.4625,682.4499999999999,663.6,651.4458333333333,23169.104166666668,4678.8125,-2418.3625,15637.895833333334,144866.63617021276,56577.92916666667,484.94166666666666,3349.5645833333333,51.95,40.77234042553192,108853.47234042552,27318.158333333336,2413.8541666666665,5249.724999999999,18982.547916666663,181.24041666666665
2022-05-24,22.06999969482422,8.795999526977539,26.456856335351773,489.708,3752.0,0.0,1755.64664,939.791959,94.038327,0.0,3685.7767025,19.386596,607.180704,454.53350326,0.1000000000000014,5.300000000000001,0.0,0.0,0.0,1.6000000000000014,1.0682048797607422,27.229999542236328,8933.012499999999,566.2291666666666,24108.99166666667,663.4499999999999,22187.572916666668,7829.037499999999,764.9625,656.1,628.8083333333333,654.6541666666667,23345.3625,4109.337500000001,-4418.904166666666,13027.333333333334,142641.67291666666,56507.3625,481.8,3992.816666666667,61.76458333333333,54.00625,105968.55416666664,23884.9375,2469.0125000000003,6174.533333333333,21643.391666666663,171.10625000000002
2022-05-25,22.21999931335449,8.970999717712402,27.71546557968708,494.729,3765.3,0.0,1755.958429,882.417703,93.885307,0.0,3704.2615696,18.923725,606.9194689999999,456.31049003999993,2.7,4.699999999999999,0.0,0.0,0.0,2.8000000000000007,1.0736525058746338,26.950000762939453,8775.070833333333,831.5500000000002,24324.74166666667,686.375,20437.560416666667,8184.591666666667,723.86875,601.3458333333333,582.9291666666667,651.1291666666667,23828.4625,3567.208333333333,-4696.916666666667,12879.545833333332,141645.06041666667,55572.07916666666,484.0916666666667,4138.341666666666,94.07916666666668,97.20416666666668,102660.55625,27582.36666666667,2480.2000000000003,7796.925,21294.860416666663,171.00791666666666
2022-05-26,22.48500061035156,8.907999992370605,26.926698227025884,500.0618,3627.2,0.0,1756.0196110000002,880.0711739999999,77.366665,0.0,3715.5738328,26.469773,613.868522,458.17755961,1.0,2.5,0.0,0.0,0.0,3.5,1.0686614513397217,28.36000061035156,8329.216666666667,-914.5854166666668,17216.791666666668,731.0625,18069.886666666665,7057.1755555555565,771.06,465.525,546.0833333333334,651.1166666666667,22799.2125,2826.025,-6850.416666666667,12046.9375,132484.55208333334,53518.71666666667,483.2875,4267.417777777778,86.44222222222223,79.86444444444444,88303.16666666667,27277.237500000003,2453.054166666667,8897.824999999999,27833.43555555556,64.56041666666667
2022-05-27,22.625,8.72700023651123,27.32782354982349,505.3683,3549.6,0.0,1726.399591,884.05295,60.772885,0.0,3780.0295029,24.628267,608.863028,484.48788838,3.1,2.6,0.0,0.0,0.0,5.0,1.0732953548431396,28.15999984741211,8490.4625,-2140.6520833333334,17152.941666666666,715.9875000000001,18333.25744680851,7255.24255319149,727.291489361702,579.275,559.0166666666667,655.1916666666667,21450.095833333333,3565.258333333333,-5252.758333333333,11457.0625,136834.3125,55206.82916666666,491.89166666666665,4519.974468085106,74.32340425531915,66.06808510638298,91046.13333333336,27746.979166666668,2686.6291666666666,7325.316666666667,28853.13829787234,41.92208333333333
2022-05-31,24.075000762939453,8.145000457763672,29.68217431248884,522.7593,3749.3,0.0,1578.094674,861.415311,82.410026,0.0,3391.4002936,21.005548,611.987447,439.25616891,4.4,6.6,0.0,0.0,0.0,2.2,1.0773539543151855,26.700000762939453,9347.091666666667,800.3020833333334,27765.629166666666,716.3625000000001,30425.65208333333,9854.175,883.6125000000001,368.9958333333333,505.9125,646.7375000000001,20018.345833333333,4329.925,-1668.6,14597.05,142779.17708333334,61417.17083333334,487.1375,3614.685416666666,37.33125,29.23333333333333,119455.55833333332,29899.229166666668,2775.308333333333,606.4375,8070.789583333334,211.98416666666665
2022-06-01,24.01499938964844,8.696000099182129,26.91422781774592,526.5777,3560.8,0.0,1751.611022,938.025572,76.812551,0.0,4078.8401569,23.578808,579.670425,413.66925398,3.8000000000000007,5.699999999999999,0.0,0.0,0.0,1.3999999999999986,1.0734105110168457,27.540000915527344,9190.470833333333,437.7333333333334,27959.02083333333,829.1999999999999,26783.961702127657,9612.931914893616,845.2872340425532,353.4208333333333,522.7291666666666,645.6,20388.491666666665,4112.991666666667,-2481.045833333333,14298.345833333333,142241.66041666668,60731.88333333333,488.1041666666667,3581.7212765957447,27.83191489361701,23.131914893617022,115762.68125,29528.825,2766.7625000000003,1133.2458333333334,11385.131914893616,212.73041666666663
2022-06-02,24.01499938964844,8.484999656677246,26.21230774309171,531.0707,3672.0,0.0,1739.464101,785.107701,76.956938,0.0,4039.1356249,22.758104,602.164585,452.71110351,4.0,4.199999999999999,0.0,0.0,0.0,3.3000000000000007,1.0654165744781494,26.729999542236328,9136.183333333332,-481.07291666666674,26890.125,866.5458333333332,22433.93125,8806.275,765.44375,398.7916666666667,582.0291666666667,643.0749999999999,19871.12916666667,3260.995833333333,-3032.2833333333333,15087.625,139212.92083333334,60223.84166666667,486.6875,3537.4666666666667,37.35,26.70625,110294.61041666666,30598.6875,2614.429166666667,4445.183333333333,11396.370833333334,187.8166666666667
2022-06-03,24.01499938964844,8.52299976348877,26.184778072194565,535.7671,3704.7,0.0,1718.22255,756.3366890000001,76.858679,0.0,4018.7758462,26.473659,575.68634,440.68215594,0.8000000000000007,1.8000000000000007,0.0,0.0,0.0,4.399999999999999,1.0751069784164429,26.07999992370605,8923.508333333333,-309.6812499999999,25879.63333333333,962.5291666666668,25843.47555555556,9146.377777777778,789.3822222222221,455.025,634.4333333333333,650.8791666666667,20645.545833333334,2840.2333333333336,-2552.0625,13244.595833333333,139897.55208333334,60136.77916666667,485.9125,4321.911111111112,50.388888888888886,39.43555555555556,111174.8375,30050.604166666668,2700.3791666666666,2958.770833333333,13032.56,184.6720833333333
2022-06-06,23.354999542236328,9.321999549865724,25.95313416409818,551.9051,3270.0,29.05572,1625.184397,797.757062,82.314867,0.0,4056.125709,15.950164,621.808506,433.24113717000006,0.0,3.8000000000000007,0.0,0.0,0.0,5.300000000000001,1.0726046562194824,24.63999938964844,8615.870833333332,-7.187499999999972,22388.42916666667,979.9041666666668,20703.75833333333,7968.85625,738.6520833333334,547.0041666666667,591.1625,594.15,20564.075,2139.675,-5618.145833333333,12502.95,129840.59166666667,56488.35416666666,462.225,3779.627083333333,30.43958333333333,25.9625,96174.28958333336,27916.37083333333,2258.7416666666663,7891.229166666667,15762.508333333331,96.48708333333332
2022-06-07,22.8700008392334,9.29300022125244,24.94496173453397,555.7274,3326.8,24.496516,1583.07834,930.219498,71.458541,0.0,3977.0105702,9.138593,597.196419,420.88566348,0.0,2.5,0.0,0.0,0.0,4.0,1.0691413879394531,26.170000076293945,8772.875,447.5916666666668,26573.595833333336,986.3291666666668,25997.25,9776.8875,769.2333333333332,599.2041666666667,599.0083333333333,615.6208333333333,20913.191666666666,3468.7791666666667,-2168.454166666667,14476.1875,143544.98750000002,58982.7875,462.5,3871.3645833333335,50.75208333333333,42.25208333333334,112866.01875,26392.879166666666,2397.8375,5679.891666666666,14642.583333333334,185.3791666666667
2022-06-08,22.77499961853028,8.699000358581543,24.89874853323957,558.6392,3495.8,24.339729,1552.76737,939.090498,71.501967,0.0,2547.4205124,0.000539,599.391588,464.37553126,0.0,1.3999999999999986,0.0,0.0,0.0,2.7,1.0698620080947876,27.290000915527344,8945.654166666667,679.6520833333335,27115.93333333333,943.4708333333332,27612.83191489362,9927.793617021276,741.0744680851063,638.1958333333333,634.2041666666667,606.4833333333333,21695.6625,4227.8875,-1941.1208333333327,15675.475,144878.90208333332,59294.6625,468.6833333333333,3520.1000000000004,79.88510638297872,76.8127659574468,116958.08541666664,24562.0125,2369.0625,2861.0791666666664,14511.602127659577,190.58291666666665
2022-06-09,23.15999984741211,8.963000297546387,26.6622057870336,561.2394,3352.2,39.144625,1490.248541,964.135929,71.459267,0.0,3205.1456741,0.000385,615.52995,461.43328596,0.0,2.7,0.0,0.0,0.0,0.8000000000000007,1.071765422821045,26.81999969482422,8881.166666666666,556.3333333333334,27892.99583333333,913.5541666666668,24284.21875,9701.627083333333,556.2958333333333,625.5583333333333,612.8249999999999,607.5958333333333,21619.845833333333,3352.9500000000003,-1667.2833333333335,15977.5375,143918.84583333333,59472.34583333333,476.6458333333333,3639.566666666667,84.44375000000001,80.44166666666666,114790.64375,25490.19583333333,2380.266666666667,3008.5,14878.860416666668,185.78083333333333
2022-06-10,23.165000915527344,8.850000381469727,25.665360714008887,563.8665,3493.4,38.886781,1506.1485200000002,978.295937,71.351068,0.0,3256.2897427,0.000424,594.111971,426.22881331,0.0,0.3000000000000007,0.0,0.0,0.0,1.5,1.0619205236434937,26.39999961853028,8722.758333333333,89.86250000000008,27054.77083333333,937.4041666666668,21244.97708333333,9146.9875,488.9145833333334,484.5583333333333,550.2416666666667,609.7666666666667,21421.866666666665,3819.625,-2278.6666666666665,15189.3125,141573.26666666666,60127.583333333336,482.76666666666665,3257.2791666666667,97.22291666666666,106.83958333333334,108575.86041666666,29256.45833333333,2386.420833333333,5822.745833333333,15457.808333333334,186.6770833333333
2022-06-13,23.03499984741211,8.609000205993652,25.64143937601194,580.0739,3638.3,40.328981,1204.162752,948.523261,82.419413,0.0,3534.078302,0.000347,591.172417,436.7459082,1.5,2.8000000000000007,0.0,0.0,0.0,2.5,1.0489987134933472,24.229999542236328,8482.220833333333,625.7854166666667,24168.2875,926.7541666666666,23379.485416666663,9155.102083333331,546.8458333333333,328.7291666666667,429.925,622.5208333333334,19755.6,4130.491666666667,-3190.8875000000003,15375.8625,145277.24680851062,60454.75416666667,453.5916666666667,3623.7604166666665,50.37708333333333,41.4531914893617,110608.9255319149,29467.016666666663,2387.6916666666666,4618.45,16907.077083333334,165.58583333333334
2022-06-14,23.174999237060547,7.189000129699707,29.621510173023424,583.7135,3729.9,42.932199,1049.380356,942.960221,87.832297,0.0,3628.607641,0.000544,595.994609,451.39677423,3.2,1.3000000000000007,0.0,0.0,0.0,2.7,1.0415147542953491,25.299999237060547,8547.754166666668,1497.1041666666667,24471.441666666666,941.9666666666668,29173.89583333333,9522.297916666668,563.9145833333333,302.05,455.3083333333333,617.7375000000001,19332.791666666668,4441.6375,-1812.608333333333,14358.1375,145433.39583333334,60630.145833333336,461.4708333333333,3491.45625,38.18958333333334,31.65,116246.69583333336,32369.241666666665,2296.383333333333,2625.445833333333,11689.345833333333,196.82666666666668
2022-06-15,23.395000457763672,7.420000076293945,36.821143503579705,587.3955,4037.2,43.575603,986.629374,932.619468,87.852402,0.0,4010.2519176,0.000428,637.344743,422.80814256,0.3000000000000007,0.0,0.0,0.0,0.0,3.3000000000000007,1.0440592765808103,24.5,8503.554166666667,2140.39375,25466.920833333334,936.5,30767.358333333334,10791.91875,517.5291666666667,275.8625,435.4041666666667,611.1958333333333,19184.191666666666,4545.375,-2170.3125,14737.454166666668,146478.60624999998,60195.11666666667,471.0416666666667,4102.564583333334,49.520833333333336,39.225,120322.96041666664,32633.1125,2219.116666666667,695.2916666666666,9491.441666666668,214.8595833333333
2022-06-16,34.650001525878906,7.464000225067139,38.11182266105873,591.0715,3990.8,43.348032,718.8878129999999,927.344139,87.82174,0.0,3950.900539,42.968768,672.4614839999999,419.13821952,0.0,0.0,0.0,0.0,0.0,4.100000000000001,1.0456204414367676,23.8799991607666,8550.420833333334,2183.829166666667,25362.0625,927.6833333333334,29670.725,9218.15625,614.0708333333333,269.07916666666665,390.5625,601.8791666666667,19221.154166666667,3769.4166666666665,-3949.3875,13925.0875,153617.225,59756.175,468.4916666666666,3663.9541666666655,62.04791666666667,53.375,123626.44545454544,31494.40416666667,2346.320833333333,908.65,11335.291666666666,205.83625
2022-06-17,33.95500183105469,6.943999767303467,36.39406716816652,594.8578,3791.2,42.796772,702.4354850000001,940.302926,87.676829,0.0,4088.4169634,42.150994,679.387062,418.8984214,0.0,0.0,0.0,0.0,1.3000000000000007,4.300000000000001,1.0546854734420776,23.11000061035156,8691.012499999999,1548.1479166666666,24718.20833333333,899.1333333333333,27038.420833333334,10301.804166666669,694.1750000000001,339.5791666666667,420.31666666666666,611.5666666666667,19584.095833333333,4709.5125,-2958.525,14777.591666666667,146230.11914893615,59572.51666666666,471.325,3657.2916666666665,80.12916666666666,68.72127659574468,115999.68723404256,31838.82083333333,2282.929166666667,5656.391666666666,10861.422916666666,251.93125
2022-06-21,37.32500076293945,6.808000087738037,38.71597222445595,614.054,3994.5,57.108936,703.5815409999999,1060.897037,60.379893,0.0,3918.7178382,35.624119,380.039912,426.85575399,0.5,1.5,0.0,0.0,0.0,3.6999999999999993,1.0520778894424438,23.36000061035156,8673.741666666667,1877.3625,26338.65,715.2458333333334,29593.581250000003,11443.889583333332,813.6729166666668,454.0583333333333,425.26666666666665,612.95,18409.466666666667,4677.8,-3580.745833333333,14949.658333333333,146985.57083333333,60241.8,455.37916666666666,3756.6083333333336,24.620833333333334,21.0375,119612.52916666667,30394.5625,2482.0125000000003,1893.7541666666664,11228.879166666666,289.9941666666667
2022-06-22,37.11000061035156,6.857999801635742,39.25690966549099,617.0949,3726.2,61.296971,702.410446,983.781977,60.363961,0.0,3858.4785206,19.984167,369.150263,411.61481681,0.0,0.0,0.0,0.0,0.0,5.199999999999999,1.053263545036316,24.690000534057617,8656.416666666666,1249.5229166666666,27522.825,752.65,32678.912765957444,12021.491489361702,957.7468085106384,476.2833333333333,426.5583333333333,612.8958333333334,18387.316666666666,4684.508333333333,-3023.2125,15500.891666666668,146509.55833333332,59699.74583333333,461.4083333333333,4410.625531914893,25.46170212765957,20.86382978723404,123957.99583333332,27839.841666666664,2456.3458333333333,1043.7916666666667,8282.3,323.5725
2022-06-23,37.130001068115234,6.238999843597412,41.28646899820095,620.1468,3791.1,61.955914,702.502886,999.087727,65.923144,0.0,3768.4110711,17.783129,340.368652,418.88974628,0.0,0.0,0.0,0.1999999999999993,0.0,4.5,1.0564124584197998,23.239999771118164,8627.387499999999,1487.3479166666668,27134.354166666668,894.4250000000001,30909.885416666668,12200.627083333333,636.2958333333333,241.8166666666667,190.2375,604.0583333333333,17768.55833333333,3813.383333333333,-4820.991666666667,12779.466666666667,146165.31458333333,60129.21666666667,452.8333333333333,4220.658333333334,30.433333333333334,24.429166666666664,118508.12083333332,30760.441666666666,2396.770833333333,2154.883333333333,11199.552083333334,290.49833333333333
2022-06-24,37.095001220703125,6.21999979019165,39.62155382247458,623.7243,3286.4,64.243953,703.101346,998.263597,65.759429,0.0,3913.8955563,19.067027,340.18917600000003,427.70297693,0.0,0.0,0.0,3.1000000000000014,0.0,4.699999999999999,1.052011489868164,22.32999992370605,8550.666666666666,490.13958333333335,25347.19583333333,907.9583333333334,25374.044444444444,11828.88,509.6755555555556,226.525,176.97083333333333,611.6875,18235.491666666665,3655.875,-4195.795833333334,13862.133333333331,141970.66458333333,59730.65416666667,453.875,3222.92,64.54,56.19111111111111,109283.99583333332,27881.629166666666,2455.895833333333,3800.808333333333,17968.484444444446,276.84250000000003
2022-06-27,37.09000015258789,6.500999927520752,40.09030017382808,636.6311,3464.1,60.758508,703.133492,981.951544,76.754675,0.0,4043.3851237,23.032192,531.15656,430.06561468,0.0,2.6,0.0,5.0,0.0,9.2,1.0566133260726929,21.32999992370605,8667.175,1259.8875,27095.670833333334,912.2541666666666,27423.38333333333,11639.883333333331,554.4125,588.3541666666666,305.3208333333333,608.3375,17483.854166666668,4544.054166666667,-3766.4166666666665,14932.641666666668,146030.07499999998,60808.55833333333,446.7833333333333,3405.995833333333,79.52499999999999,75.0,117106.94375,27858.408333333336,2356.054166666667,2125.145833333333,13931.360416666668,315.7808333333333
2022-06-28,37.0,6.551000118255615,40.05853368884173,640.1583,3640.7,63.730754,702.638303,978.568861,76.737396,0.0,3991.2093509,27.12919,715.449087,419.35248141,0.0,2.2,0.0,0.0,0.0,8.3,1.0580891370773315,22.84000015258789,8615.916666666666,593.86875,27694.604166666668,918.6375,30263.45833333333,12180.752083333333,690.8041666666667,525.7166666666667,347.1041666666667,590.5291666666667,18142.80833333333,4791.141666666666,-4145.116666666667,13916.925,147592.28125,59363.04583333334,451.17083333333335,4130.458333333333,86.48958333333333,88.2625,120437.36666666664,30168.6,2353.7000000000003,1245.5958333333333,11447.814583333333,331.4241666666667
2022-06-29,37.15999984741211,6.498000144958496,43.05277479666783,643.4265,3377.9,73.910211,703.320984,998.17284,65.785111,0.0,4026.5035962,29.359818,723.7255680000001,433.15424529,0.0,1.6999999999999993,0.0,0.0,0.0,5.5,1.0523545742034912,23.93000030517578,8631.408333333333,1728.8520833333332,27902.279166666664,913.425,29543.1125,12353.579166666668,808.9583333333334,543.4166666666666,432.8875,611.0083333333333,19146.3,3775.7916666666665,-3784.975,15117.870833333334,148405.55,60539.825,455.0333333333333,4111.789583333333,33.64791666666667,26.09166666666667,121614.25625,29432.504166666666,2377.3625,2618.141666666667,10765.958333333334,316.43
2022-06-30,38.65999984741211,5.423999786376953,44.24615431877678,646.506,3485.2,66.999267,702.611544,1059.095678,65.75928,0.0,4015.7739782,64.469205,756.226357,437.52355517,0.0,2.7,0.0,0.1000000000000014,0.0,5.699999999999999,1.04465913772583,21.950000762939453,8607.616666666667,2892.96875,27859.229166666668,910.2375,32982.339583333334,11873.24375,721.5625,552.4916666666667,439.6791666666666,640.9541666666667,19451.529166666667,4413.508333333333,-2659.725,15882.658333333333,149360.34375,60464.895833333336,452.8083333333333,3942.9,29.275,23.20208333333333,122760.1875,30095.454166666663,2393.420833333333,2749.0416666666665,10177.9125,324.51708333333335
2022-07-01,38.67499923706055,5.730000019073486,45.3819773803144,650.7038,3687.6,63.184489,703.033285,968.672775,65.820324,0.0,3988.1202698,44.216565,755.944516,428.630592,0.0,2.7,0.0,0.0,0.0,6.199999999999999,1.0477677583694458,21.440000534057617,8660.120833333332,736.3687500000001,27670.358333333334,886.3541666666666,26552.21914893617,11842.589361702128,694.2063829787235,515.3708333333333,410.2833333333333,643.5,19267.608333333334,3951.9583333333335,-2770.725,15159.820833333331,146047.5,61580.24166666667,464.0125,3702.03829787234,44.7,34.92765957446808,116952.00833333336,25263.545833333334,2367.6291666666666,6444.720833333333,13523.07659574468,314.6408333333333
2022-07-05,40.095001220703125,5.5229997634887695,50.475889229455404,668.5845,3639.3,55.779791,696.631669,975.580137,65.683169,0.0,4046.2626338,54.229339,756.849686,417.11253044,0.0,1.5,0.0,0.0,0.0,7.199999999999999,1.0433186292648315,21.290000915527344,8505.112500000001,1201.88125,26846.38333333333,799.375,25726.53125,12328.470833333333,737.6166666666667,535.5749999999999,323.87083333333334,632.625,17473.695833333335,4365.470833333334,-3457.2791666666667,13320.420833333332,148099.32083333333,61251.75833333333,463.05,3564.3187500000004,60.5875,48.875,114185.67708333331,30646.1625,2334.2791666666667,4446.787499999999,16367.179166666669,317.60083333333336
2022-07-06,38.61000061035156,5.510000228881836,51.40831763682957,672.5842,3630.3,56.734665,704.157382,959.516488,65.806893,0.0,4075.1668085,66.923412,746.23239,428.06206939,0.3000000000000007,0.0,0.0,0.0,0.0,7.0,1.0257673263549805,21.770000457763672,8606.558333333332,1466.4375,26628.9125,805.4333333333334,23814.83958333333,11699.55,857.5166666666668,586.8583333333333,352.8833333333334,635.1416666666667,17187.908333333333,4569.474999999999,-2997.616666666667,14068.008333333331,147365.75625,60551.00416666667,461.5541666666666,3293.6875,95.9625,88.64999999999999,111918.575,29531.325,2365.9083333333333,5990.654166666667,17686.20625,295.86083333333335
2022-07-07,39.56999969482422,6.296999931335449,54.68866760289915,676.4676,3528.3,59.356322,702.68364,975.657677,65.799203,0.0,4082.8083996,0.00027,721.8574040000001,420.50391123,1.6000000000000014,0.0,0.0,0.0,0.0,5.800000000000001,1.0186411142349243,19.739999771118164,8518.808333333332,336.975,25966.32083333333,852.1791666666667,23336.814583333336,10698.460416666669,790.3604166666668,509.4375,344.27500000000003,636.3708333333333,16359.6875,2982.895833333333,-4288.583333333333,12722.466666666667,148804.20625000002,61337.333333333336,462.4333333333333,3771.152083333334,56.28125,44.58125,108753.80833333332,23832.954166666663,2309.641666666667,7558.008333333332,24354.916666666668,211.03666666666663
2022-07-08,39.3849983215332,6.033999919891357,52.22383973844435,680.3679,3420.0,55.465887,702.785891,1012.705393,65.81255,0.0,4105.5109556,0.000231,752.972035,419.46344461,1.1999999999999993,0.0,0.0,0.0,0.0,3.6999999999999993,1.0169836282730105,20.200000762939453,8442.775,-269.4583333333333,24981.908333333336,879.275,22866.46222222222,11562.157777777778,693.8311111111111,456.7291666666667,335.34166666666664,643.0708333333333,17063.025,4364.070833333333,-4157.5,13582.920833333332,144262.19375,62519.57916666666,468.1375,3436.7488888888893,58.36666666666667,48.65555555555556,106633.71458333332,29562.24583333333,2437.425,4212.412499999999,22123.904444444444,304.6379166666667
2022-07-11,38.84000015258789,6.426000118255615,49.01902732352141,693.5519,3865.9,19.601351,60.083731,857.9974940000001,55.5471,0.0,3363.4887160000003,0.000269,810.849127,423.45909162,0.6999999999999993,0.0,0.0,0.0,1.1999999999999993,3.8000000000000007,1.0166114568710327,19.530000686645508,8763.5625,1402.8041666666668,24571.0375,911.8666666666668,28842.691666666666,11651.416666666666,601.3562499999999,503.7,380.8875,629.35,15568.204166666668,5038.591666666666,-1860.65,14496.554166666669,142779.87291666667,61928.69166666667,453.6958333333334,3050.3770833333333,64.81875000000001,55.1375,117020.43125,29198.94583333333,2639.583333333333,1353.8791666666666,10483.035416666668,378.7191666666667
2022-07-12,38.630001068115234,6.163000106811523,50.82922645446254,696.433,4215.1,19.871712,0.0,995.913146,55.151488,0.0,3136.5766635,0.000308,848.24062,420.97549892,0.0,0.0,0.0,0.0,2.1000000000000014,4.399999999999999,1.004752516746521,19.950000762939453,8622.324999999999,2149.7520833333333,24727.045833333334,864.1291666666666,30975.347916666666,10340.24375,738.13125,508.9875,375.7208333333333,612.3333333333334,15775.079166666668,4829.404166666666,-2901.941666666667,15731.604166666666,146228.17500000002,62015.47083333333,456.675,3407.841666666667,48.60416666666666,40.34375,118829.26875,31712.254166666666,2460.266666666667,2596.9875,10244.291666666666,379.18625
2022-07-13,39.20500183105469,6.689000129699707,53.07814838757741,699.5628,4285.1,23.374638,0.0,996.647624,55.372418,0.669773,3337.9128291,0.000231,866.8358559999999,414.72788134,0.0,0.0,0.0,0.0,1.1000000000000014,4.300000000000001,1.0033109188079834,19.690000534057617,8274.6875,1772.9562500000002,25452.1375,849.6666666666666,30725.389583333334,10781.360416666666,943.7020833333332,510.9041666666667,367.7583333333334,609.9291666666667,16010.058333333334,3857.054166666667,-3634.9583333333335,14845.666666666666,148396.98541666666,59877.0875,461.4875,3481.0,54.614583333333336,44.58958333333334,115982.76666666666,30076.254166666666,2423.454166666667,3640.491666666667,15555.858333333335,352.02708333333334
2022-07-14,39.21500015258789,6.599999904632568,51.46702000846812,703.0542,4244.1,21.186286,0.0,1025.582421,54.939533,0.0,3916.9161081,0.00023,872.776617,427.67263029,0.0,0.0,0.0,0.0,0.0,4.300000000000001,1.0032706260681152,19.89999961853028,8407.408333333333,1057.5166666666669,25602.2875,890.9875000000001,29314.24583333333,10570.025,656.7125,486.67083333333335,332.1625,622.6916666666667,15096.329166666668,3015.9208333333336,-2814.725,12356.133333333331,146034.62708333335,59065.32083333333,456.9708333333333,3460.616666666667,56.59791666666666,45.4375,111067.05,30376.233333333334,2515.679166666667,4950.445833333333,17304.216666666667,362.86
2022-07-15,39.08100128173828,7.015999794006348,46.88644260828094,706.7668,4177.8,20.225305,0.0,1047.901628,66.101692,0.566892,4072.8537181,0.000271,867.2930200000001,433.15268657,1.1999999999999993,0.0,0.0,0.0,0.0,5.699999999999999,1.0025665760040283,19.559999465942383,8607.141666666666,283.11458333333337,24962.629166666666,872.6291666666666,28255.00625,10391.495833333332,653.4583333333334,481.7083333333333,322.6666666666667,626.9541666666667,15222.670833333332,4022.0416666666665,-4097.683333333333,11671.316666666666,144894.96875,58731.575,466.5375,3227.177083333333,41.79583333333333,33.364583333333336,109766.25208333333,29933.054166666665,2628.9041666666667,5263.566666666667,17530.39375,332.62333333333333
2022-07-18,36.595001220703125,7.479000091552734,46.53361210960474,719.3617,4132.6,21.217108,0.0,1025.036369,66.06298,0.0,4119.7453936,0.000312,853.691283,442.69771732,0.0,0.0,0.0,0.0,5.199999999999999,7.800000000000001,1.009631872177124,20.600000381469727,8954.708333333334,2096.375,26416.0,912.4375,31839.23958333333,10626.535416666666,657.6479166666667,354.3416666666667,131.86666666666667,628.2041666666667,14807.416666666666,5577.379166666667,-4061.179166666667,15423.216666666667,149525.60212765957,58350.925,454.4666666666667,3662.75,42.01875,33.800000000000004,120080.98723404256,32347.25,2383.179166666667,3132.2958333333336,11098.466666666667,398.2816666666667
2022-07-19,37.48500061035156,7.263999938964844,45.92595959105208,722.1142,4006.5,21.200522,0.0,867.2024919999999,55.210564,0.0,4070.8611223,0.00031,866.694488,457.86718233,0.0,0.0,0.0,4.5,7.100000000000001,7.600000000000001,1.0145177841186523,23.799999237060547,8542.679166666667,1985.514583333333,26509.841666666664,905.3,31718.235416666663,11071.516666666668,739.375,296.5083333333333,119.55416666666667,629.5833333333334,14721.941666666666,4826.679166666667,-4024.7666666666655,15577.95,149754.26875000002,57624.4375,449.8958333333333,3644.9583333333335,43.520833333333336,34.927083333333336,117907.925,34140.816666666666,2614.1208333333334,2677.8541666666665,13437.016666666665,386.2029166666667
2022-07-20,38.16999816894531,8.006999969482422,46.49018007881411,724.8959,4096.3,22.101602,0.0,642.9933269999999,77.103831,0.855524,4098.554918299999,0.000272,834.923828,444.70641749,0.0,0.0,0.0,7.899999999999999,0.0,7.300000000000001,1.0231330394744873,24.11000061035156,8430.770833333334,1885.5666666666664,26345.36666666667,830.7458333333334,31701.983333333334,10783.047916666668,995.0125,253.8583333333333,112.8,626.2708333333334,14934.708333333334,5348.208333333333,-3685.3291666666655,15515.083333333334,150267.09166666667,57582.19166666667,448.7583333333334,3572.2041666666664,52.59375,43.01875,117270.64375,32334.775,2796.6375000000003,6542.345833333333,13557.8875,339.1408333333333
2022-07-21,38.095001220703125,7.932000160217285,46.4373042175331,727.9941,4237.5,43.017742,694.708534,612.9057660000001,77.235099,0.001676,4120.1330228,69.504961,861.8737,460.1846921500001,0.0,0.0,0.0,2.8000000000000007,0.0,7.300000000000001,1.0182781219482422,22.81999969482422,8538.125,2837.1729166666664,26048.15,849.5291666666667,35852.51489361702,11360.63829787234,648.1170212765958,259.7291666666667,113.92916666666667,627.0083333333333,14899.625,5403.283333333334,-3766.0208333333335,14995.391666666668,157245.97173913044,58726.083333333336,449.2375,3211.4574468085107,32.719148936170214,26.58695652173913,127454.48478260868,27719.5125,2857.425,4247.162499999999,12837.35319148936,398.48583333333335
2022-07-22,38.9900016784668,8.298999786376953,47.88930340478791,731.8093,4238.9,54.060104,702.3039190000001,613.868101,88.274332,0.818146,3982.1460592,81.002492,868.213814,437.92931386,0.0,0.0,0.0,0.0,0.0,7.899999999999999,1.0221081972122192,21.780000686645508,8653.858333333334,2557.3416666666667,26672.6625,854.0458333333332,34559.20625,11428.15,652.0875,217.82083333333333,92.17083333333332,627.475,15435.3875,5240.033333333334,-3518.525,15001.158333333333,165454.6511627907,58934.78333333333,452.44166666666666,3128.6375000000003,32.014583333333334,26.93720930232558,135034.17441860464,29359.229166666668,2697.8375,3743.7041666666655,10710.310416666667,379.2195833333333
2022-07-25,39.38999938964844,8.72700023651123,52.79964783703594,746.0328,4088.2,29.878197,702.246606,628.845051,82.458853,0.0,4058.349898,76.305954,856.096571,425.80356576,0.0,0.0,0.0,3.899999999999999,0.0,7.600000000000001,1.0200231075286863,25.559999465942383,8474.012499999999,580.1458333333334,24896.55416666667,855.875,27302.83541666667,10528.5,640.2979166666667,254.025,71.85416666666667,620.3541666666666,14295.754166666666,4341.491666666667,-4923.458333333333,14135.5375,147588.52291666667,56566.19166666667,430.3,3387.5333333333333,79.46458333333334,68.14166666666667,108466.96875,29706.45833333333,2758.208333333333,6968.720833333333,20783.9625,310.78000000000003
2022-07-26,40.209999084472656,8.993000030517578,59.91064979420008,750.0578,4110.4,29.105266,668.912626,601.9851189999999,98.515544,0.0,4036.4828832,76.722585,878.0798950000001,418.93461298,0.0,0.3000000000000007,0.0,0.0,0.0,7.0,1.022494912147522,26.209999084472656,8200.970833333333,1874.7104166666668,26082.74583333333,855.4291666666667,30946.116666666665,11076.522916666669,665.0729166666666,155.88333333333333,49.72916666666666,620.6458333333334,14649.054166666669,4978.783333333334,-4168.008333333333,13520.045833333332,148016.74375,56954.17916666667,428.3541666666667,3073.9479166666665,33.270833333333336,27.62291666666667,113055.33125,26378.441666666666,2776.695833333333,6713.349999999999,18415.51875,321.14708333333334
2022-07-27,43.130001068115234,8.687000274658203,60.92727348115269,753.9249,4185.6,29.008523,372.807145,797.7223369999999,93.134499,1.32432,4053.0144558,81.922878,888.442595,437.65972499,1.1000000000000014,0.6000000000000014,0.0,0.0,0.0,6.800000000000001,1.0129557847976685,26.209999084472656,8494.341666666667,2169.4625,26899.37083333333,843.8958333333334,31830.518750000003,10835.08125,611.1979166666666,260.09583333333336,59.395833333333336,616.3249999999999,14490.758333333331,3603.691666666667,-3790.6375,12109.2125,183354.36315789472,57623.54583333334,438.1375,3432.516666666667,23.822916666666668,23.526315789473685,142186.6763157895,29017.104166666668,2831.379166666667,5593.279166666667,15308.01875,427.9295833333333
2022-07-28,41.540000915527344,8.133999824523926,59.52327608832009,757.7655,4217.7,30.395409,346.132243,810.9063349999999,93.300088,0.050789,4064.2062274,88.815562,886.008026,429.26613184,1.1000000000000014,0.0,0.0,0.0,0.0,6.199999999999999,1.0209290981292725,25.8700008392334,8936.737500000001,1509.275,27666.75833333333,840.3916666666668,33847.13555555556,11438.995555555555,695.1066666666667,249.5458333333333,103.225,620.3874999999999,14604.4875,4021.325,-2927.1,15268.6125,144800.06875,57271.90833333333,440.06666666666666,3915.457777777778,28.47777777777777,23.27555555555556,117944.14583333331,31445.63333333333,2586.5416666666665,1956.3,10831.953333333337,470.9791666666667
2022-07-29,42.22499847412109,8.229000091552734,57.03013961619135,761.4913,3915.8,32.997631,346.048692,799.0003810000001,76.634311,0.009464,4045.8161793,30.976302,890.159852,421.52180959,0.0,0.0,0.0,0.0,0.0,5.5,1.0192328691482544,25.559999465942383,8832.058333333332,966.6687500000002,27694.05416666667,850.8458333333333,32140.184782608696,11218.4,582.841304347826,197.3083333333333,243.1875,627.125,14974.166666666666,3212.1083333333336,-2891.5125000000003,16076.454166666668,142411.13958333334,57577.09583333333,447.8625,3605.2586956521736,55.93695652173913,45.8195652173913,116866.04583333334,27454.74583333333,2324.766666666667,2122.6541666666667,11224.06956521739,440.5325
2022-08-01,44.83000183105469,8.282999992370605,60.074882580096336,774.7829,3818.1,50.737733,334.27341,877.343602,82.568033,0.0,3944.0484553,0.00031,768.311757,416.41961719,0.0,0.0,0.0,0.0,0.0,6.300000000000001,1.0208247900009155,25.46999931335449,8915.529166666667,1256.6958333333334,26072.55833333333,876.3375,28872.266666666663,11960.808333333334,559.4208333333333,224.575,260.225,636.225,13449.020833333334,3796.6375,-2331.975,14705.283333333333,139770.28958333333,58906.03333333333,438.6041666666667,3228.672916666667,65.3125,54.8,113289.92291666666,27577.05,2203.275,2145.4125,11619.135416666666,428.87000000000006
2022-08-02,45.27999877929688,7.705999851226807,61.70467716954458,779.0509,3810.3,56.969121,346.16083000000003,957.418418,93.47373,0.0,3885.0038487,0.000271,814.403845,419.62270431,0.0,0.0,0.0,0.0,0.0,7.0,1.0261356830596924,26.90999984741211,8886.574999999999,-117.48958333333336,27806.7375,859.875,27851.166666666668,11657.372916666667,563.1729166666667,264.2708333333333,223.50833333333333,617.0208333333334,13739.6625,3604.570833333333,-3099.5166666666664,14115.691666666666,142149.19791666666,60137.770833333336,440.26666666666665,3331.2687500000006,94.51666666666668,92.92916666666667,112014.46666666667,31471.229166666668,2073.483333333333,6882.724999999999,10957.76875,377.2183333333333
2022-08-03,45.95000076293945,8.265999794006348,59.28963108179239,783.0479,3668.7,58.616644,346.085523,969.169227,93.555925,0.002363,3918.6238416,0.00027,810.076314,416.81324884,0.0,0.0,0.0,3.8000000000000007,0.0,7.0,1.015568733215332,24.63999938964844,8788.020833333334,763.6645833333333,27876.104166666668,785.0500000000001,28778.89583333333,10931.339583333332,602.2833333333333,258.22083333333336,166.63333333333333,628.9708333333334,12914.633333333331,4590.020833333333,-3387.4166666666665,12671.5125,143764.38333333333,60632.975,437.725,3357.927083333333,69.60625,57.86666666666667,112438.84375,32713.65,2030.4708333333333,4936.304166666667,12500.570833333331,389.5158333333333
2022-08-04,44.60499954223633,8.121999740600586,59.31684201548019,786.1631,3722.3,63.007883,346.06898900000004,970.157038,71.238526,0.0,3937.5577733,0.000308,787.496313,415.74195263,0.0,0.0,0.0,7.5,0.0,7.100000000000001,1.015764594078064,23.61000061035156,8904.225,19.962499999999864,27346.2875,865.7916666666666,29295.479166666668,11559.904166666667,657.0,193.97083333333333,99.22916666666669,625.6791666666667,13175.345833333333,3962.325,-3511.9875,13302.645833333334,144125.61250000002,60538.02916666667,429.2875,3018.441666666667,66.68958333333333,50.22916666666666,114085.74375,31077.125,2069.5958333333333,1504.7875,13748.908333333333,409.9795833333333
2022-08-05,44.65999984741211,8.064000129699707,58.96385116015461,790.2438,3425.7,63.804613,346.140212,996.688242,71.085844,0.0,3910.0084196,30.580341,812.330409,415.71061258,0.0,0.1000000000000014,0.0,2.3000000000000007,0.0,6.800000000000001,1.024779200553894,22.790000915527344,8801.095833333333,-185.5104166666667,27140.57083333333,866.5041666666666,26746.829166666663,11457.897916666669,598.2979166666667,156.025,76.94583333333334,628.6916666666667,13114.1875,3339.941666666667,-3834.183333333333,13870.654166666667,141711.27234042552,59557.81666666667,434.50416666666666,3001.7479166666667,55.4,40.6,109818.41914893615,27979.975,2102.9708333333333,2227.3541666666665,16134.616666666669,376.66833333333335
2022-08-08,44.470001220703125,7.589000225067139,57.54799033263534,804.6915,3521.4,63.938533,346.193352,973.505156,109.498879,0.0,3859.654077,43.428672,744.272736,410.24097237,0.0,0.0,0.0,0.0,0.0,7.100000000000001,1.0170871019363403,23.8700008392334,8667.512499999999,285.0375,25253.575,825.7833333333333,24598.05833333333,11924.28125,467.82708333333335,232.6375,271.45,633.0083333333333,13013.5375,3778.15,-3273.7833333333333,14099.65,135262.47708333333,61164.62083333333,431.57916666666665,2976.68125,37.57708333333333,30.947916666666668,107985.56041666666,31614.229166666668,2400.195833333333,454.5541666666666,11242.508333333331,361.5491666666667
2022-08-09,44.619998931884766,7.833000183105469,57.4390788013726,809.0264,3440.5,63.153369,346.207878,1002.822449,76.745537,0.0,3775.6806933,49.177516,757.000074,408.57383261,0.0,0.0,0.0,0.0,0.0,4.600000000000001,1.0197629928588867,27.270000457763672,8575.554166666667,798.1645833333333,25548.466666666664,722.1583333333333,24894.485416666663,11773.760416666666,484.4979166666667,268.6166666666667,270.0708333333333,636.1041666666666,12732.845833333333,3217.775,-4970.283333333334,13140.3375,136807.40208333332,61574.12916666667,437.92083333333335,3339.225,30.09166666666667,25.58333333333333,106564.11875,30964.49583333333,2751.458333333333,1081.975,14220.047916666668,342.9683333333333
2022-08-10,44.709999084472656,8.20199966430664,61.4424382269069,813.5197,3400.4,59.148456,345.96603300000004,1005.076552,71.007848,0.223153,3749.0206975,14.770728,749.2009539999999,411.90753949,0.0,0.0,0.0,0.0,0.0,5.300000000000001,1.0208144187927246,26.15999984741211,8452.875,1078.6020833333334,25703.666666666668,817.1916666666666,24071.55,11677.289583333331,585.9604166666667,264.15833333333336,144.8375,631.2666666666667,12400.845833333333,3816.054166666667,-4119.125,11231.2625,137405.93541666667,60746.00833333333,443.2208333333333,3264.2645833333336,28.652083333333334,24.425,104832.03125,31861.720833333336,2786.433333333333,1017.5458333333332,16134.258333333331,336.1616666666667
2022-08-11,45.334999084472656,8.87399959564209,62.828134218805175,817.6375,3644.0,62.191722,347.887569,1009.020742,49.506347,0.590197,3839.7831187,13.088518,812.920235,525.32231826,0.0,0.0,0.0,1.6000000000000014,1.1000000000000014,4.5,1.0300782918930054,26.270000457763672,8585.5875,2536.672916666667,24718.908333333336,811.65,26057.61333333333,12118.515555555554,672.3577777777778,247.3125,175.20416666666668,640.3125,12697.116666666669,5591.6875,-2816.0333333333333,11358.591666666667,140347.8765957447,58619.45416666666,438.1833333333333,3569.202222222222,29.153333333333336,24.46590909090909,108970.12978723404,32174.670833333334,2753.583333333333,925.5583333333334,15119.895555555557,377.19375
2022-08-12,45.38999938964844,8.767999649047852,62.3200258591689,821.9575,3281.5,61.876858,347.905346,1028.066727,49.356033,0.289365,3877.3675985,0.000268,860.352974,411.42065816,0.0,0.0,0.0,1.6000000000000014,2.2,3.8000000000000007,1.0316723585128784,26.299999237060547,8549.104166666666,2738.4083333333333,23665.516666666663,800.3333333333334,25292.1625,11364.779166666667,618.9604166666667,224.22083333333333,377.1875,644.6,13135.516666666668,4717.070833333333,-2545.0625,13965.379166666666,157978.71951219512,58818.56666666667,444.8958333333333,3385.58125,27.98958333333333,25.078048780487805,126426.43170731708,30081.279166666664,2750.133333333333,1559.6375,11146.904166666667,436.8333333333333
2022-08-15,45.44300079345703,8.727999687194824,66.16466392844957,836.2396,3105.4,55.286952,350.251345,818.3664719999999,44.017054,0.0,3779.7865855,0.000227,733.491039,411.77605673,0.0,0.0,0.0,2.1000000000000014,1.1000000000000014,3.6000000000000014,1.0256409645080566,25.76000022888184,8452.883333333333,3155.602083333333,24150.69583333333,837.4375,20060.685416666667,9782.720833333333,583.6062499999999,217.0666666666667,385.3875,627.9333333333333,11993.1625,3615.454166666667,-4595.724999999999,13292.945833333331,126155.04680851064,58496.208333333336,431.1166666666666,2543.833333333333,44.03958333333333,37.27659574468085,98985.82553191487,26623.825,2715.708333333333,2614.6666666666665,11995.358333333332,433.2625
2022-08-16,56.71500015258789,9.32900047302246,67.28411260687602,840.2262,3292.4,53.509362,349.778492,977.335846,65.993897,0.0,3876.1647317,0.000302,751.346354,514.78249381,0.0,0.0,0.0,2.2,0.0,4.5,1.0161981582641602,27.15999984741211,8609.266666666666,2529.1375000000003,25884.733333333334,839.6625,25571.11086956522,12126.960869565217,734.1934782608696,216.8333333333333,390.76666666666665,628.8416666666667,12485.7125,4725.308333333333,-3855.2,13627.4625,137471.24893617022,58652.525,427.7875,3140.960869565217,75.41521739130435,77.0,109177.41063829786,28644.20833333333,2702.758333333333,1074.4958333333334,13416.789130434783,495.4558333333334
2022-08-17,56.81999969482422,9.244000434875488,67.31805044860442,843.8238,3325.8,52.803691,346.967371,912.995155,77.201415,0.175461,3926.659051,0.000226,719.139061,409.43760806,0.0,0.0,0.0,3.8000000000000007,0.0,5.5,1.0170663595199585,27.989999771118164,8635.416666666666,1793.1708333333331,26010.1875,853.2791666666667,28225.97234042553,12320.002127659574,593.6489361702128,203.9833333333333,471.4458333333334,628.2875,12374.420833333332,4110.416666666667,-3253.1666666666665,12367.0,137377.3375,58719.575,434.2166666666667,2964.448936170213,37.82553191489362,32.92127659574468,112067.42708333331,25809.791666666668,2343.395833333333,1537.4083333333335,11883.882978723404,551.7858333333334
2022-08-18,57.59999847412109,9.187999725341797,71.90698693687006,847.6932,3210.0,52.461063,346.478814,994.420167,66.276122,0.759092,3905.4487117,0.000226,727.912361,405.8260752700001,0.0,0.0,0.0,4.600000000000001,0.0,7.199999999999999,1.0180189609527588,27.350000381469727,8724.054166666667,887.9770833333333,26539.904166666664,857.9333333333334,27605.6340425532,12368.72765957447,560.8191489361702,245.4958333333333,546.0,632.9250000000001,13343.083333333334,3139.020833333333,-3460.025,13690.5375,142792.1152173913,59779.68333333333,431.8541666666667,3509.21914893617,65.31702127659575,57.42,116985.60869565218,23641.3375,2203.4958333333334,2113.766666666667,12139.425531914894,562.6725
2022-08-19,57.02000045776367,9.336000442504885,72.31785452834555,851.8611,3246.4,48.251413,346.690768,1017.098548,66.186319,0.624409,3921.571741,0.000227,730.4500459999999,509.70500458,0.0,0.0,0.0,0.0,0.0,2.1000000000000014,1.0089900493621826,29.920000076293945,8741.75,857.7041666666668,26513.3375,859.7541666666666,25923.9375,11546.041666666666,584.2166666666667,261.725,503.7833333333333,635.2125,13819.495833333334,3248.7791666666667,-2849.558333333333,14211.625,154072.01666666666,59065.075,439.3666666666666,3060.191666666667,76.49791666666667,67.26190476190476,125698.76666666668,21873.391666666663,2126.1125,1158.2791666666667,13416.283333333333,516.53125
2022-08-22,57.81999969482422,9.68000030517578,81.39589738054808,865.1155,3124.1,46.652574,346.648934,1013.494333,77.458911,0.0,3835.0368182,0.00019,745.43159,406.25121822,0.0,0.0,0.0,0.0,0.0,3.0,1.0035223960876465,32.2599983215332,8532.229166666666,3293.425,27423.316666666666,848.4458333333333,26451.99375,12112.0,611.4625,461.55,479.6333333333334,640.5541666666667,14664.583333333334,3809.5791666666655,-2783.425,13128.4375,136534.40208333332,57350.425,430.2833333333333,3444.645833333333,42.16041666666667,37.25625,110530.25,25845.77083333333,2589.741666666667,842.2041666666668,12660.164583333331,566.8579166666667
2022-08-23,56.33000183105469,9.192999839782717,78.37643647486479,868.6321,3429.2,45.054244,347.088833,965.312937,55.53829,0.640787,3751.5280117,0.000228,727.163808,540.39556277,0.0,0.0,0.0,0.0,0.0,4.100000000000001,0.9939467906951904,32.599998474121094,8565.7,2977.6375000000003,27347.983333333334,881.9958333333334,29705.33958333333,12060.102083333331,613.1041666666666,551.5416666666666,533.8708333333333,637.9333333333333,14073.104166666666,4534.9875,-2592.195833333333,15182.033333333333,140215.25625,57661.10833333334,432.65,3748.058333333333,37.29583333333333,30.25208333333333,115926.15,26936.875,2606.1875,1609.7583333333332,10015.785416666668,608.3391666666666
2022-08-24,66.25499725341797,9.329999923706056,85.34093382732465,872.3581,3443.2,29.059799,347.397077,1037.614038,55.356686,0.240148,3812.2267166,0.000189,735.984724,409.70845571,0.0,0.0,0.0,0.0,0.1999999999999993,2.8999999999999986,0.9966909885406494,30.18000030517578,8479.866666666667,2559.7145833333334,27306.541666666668,886.5749999999999,33269.079545454544,13574.536363636364,681.5909090909091,573.8083333333333,476.7375,638.1125000000001,13390.55,3633.745833333333,-3088.35,14549.975,140834.58541666667,56831.975,436.0416666666667,3982.890909090909,58.73636363636364,49.77272727272727,115351.3625,27540.95833333333,2697.454166666667,1423.2833333333335,12001.206818181818,621.2716666666666
2022-08-25,69.95500183105469,9.375,93.90993270333963,876.1216,3348.1,33.312683,347.386296,1040.339061,55.340126,1.18867,3913.5574584,0.000265,731.4848669999999,534.04708036,0.0,0.0,0.0,0.6000000000000014,0.0,3.6999999999999993,0.9969095587730408,31.84000015258789,8498.4,2793.8812500000004,26894.64583333333,878.8458333333333,29700.21875,12553.58125,633.6083333333333,532.4041666666667,375.0416666666667,639.3125,12957.395833333334,3246.4041666666667,-4040.7708333333335,12993.279166666667,142059.36041666666,56217.90416666667,441.1208333333333,3726.66875,40.84791666666667,32.68541666666667,112574.39375,27365.05416666667,2637.3875000000003,5016.558333333333,13294.160416666666,605.2095833333334
2022-08-26,68.80000305175781,9.29599952697754,99.12718284350234,879.6624,3202.5,39.921627,347.062363,1048.900446,55.358178,0.013212,3877.5323908,0.000266,726.157205,407.6488696,0.0,0.0,0.0,0.0,0.0,4.899999999999999,0.9971283078193665,31.6200008392334,8641.154166666667,3508.8416666666667,26498.029166666664,887.5208333333334,29981.574468085106,12612.37659574468,686.7829787234042,524.4458333333333,379.3541666666667,638.0875,13498.020833333334,4328.408333333334,-2425.5625,14236.291666666666,140288.27291666667,55951.92083333334,444.2208333333333,3858.28085106383,30.02127659574468,25.60851063829788,114569.85625,24009.4125,2690.3458333333333,3444.4125,12246.636170212769,705.3633333333333
2022-08-29,68.66500091552734,9.352999687194824,79.40543513860412,891.4736,3280.5,37.692877,347.922965,1006.779182,66.290584,0.0,3429.873971,0.000227,786.847793,412.37431901,0.6000000000000014,0.8000000000000007,0.0,0.0,0.0,2.8000000000000007,0.993867814540863,30.100000381469727,8185.404166666667,-574.7312499999999,26564.470833333336,835.6958333333333,30800.65,11898.277083333334,689.49375,469.0583333333333,314.6708333333333,628.5916666666667,13113.608333333332,3410.004166666667,-3125.004166666667,15153.0375,139293.13958333334,56633.7875,437.4916666666666,3213.7000000000003,44.15208333333334,35.425000000000004,113016.80416666664,24628.08333333333,2686.125,3444.7958333333336,12239.889583333335,661.6425
2022-08-30,58.744998931884766,9.041999816894531,74.23551850827502,894.4697,3600.4,37.411594,290.788346,1045.282706,77.461744,0.0,3673.6456058,0.000268,790.558049,418.09434038,1.0,0.0,0.0,0.0,0.0,4.199999999999999,1.0014019012451172,29.06999969482422,8159.591666666667,-887.9333333333334,27217.24166666667,832.9499999999999,33523.38125,12722.86875,771.4,415.6333333333334,277.7875,628.3125,13034.533333333333,3441.245833333333,-3649.125,15255.308333333334,142836.51458333334,57554.27916666667,440.975,3998.68125,27.041666666666668,22.422916666666666,117681.31875,24953.9375,2633.1916666666666,4546.724999999999,10404.8625,653.6625
2022-08-31,53.95000076293945,9.126999855041504,70.48894081414927,895.7715,3655.9,38.47292,0.233531,1081.072683,77.376652,0.0,3922.1815497,0.000233,729.0282030000001,412.36662201,1.1999999999999993,0.1000000000000014,0.0,0.0,0.0,4.100000000000001,1.0025062561035156,28.549999237060547,8230.0,-2255.39375,27495.220833333336,832.9666666666667,34603.92916666667,12373.591666666667,748.9812499999999,444.5,288.4916666666667,628.9125,13326.754166666666,3111.929166666667,-4022.216666666666,13106.3375,142689.94791666666,57959.25,439.0125,4139.954166666667,27.10833333333333,22.308333333333334,116231.20833333331,22363.12083333333,2622.6666666666665,5207.349999999999,12673.502083333333,601.1716666666667
2022-09-01,59.15499877929688,9.26200008392334,71.49852621751052,899.7772,3600.5,39.645847,0.0,1088.646482,77.283188,0.0,3754.0047938,0.000315,786.5032799999999,406.34518212,2.0,0.0,0.0,0.0,0.0,1.3000000000000007,1.003905177116394,30.520000457763672,8387.2875,-2062.414583333333,27338.170833333334,831.2375000000001,32790.785416666666,12192.477083333331,807.2208333333333,443.3333333333333,211.34166666666667,631.2125,13247.783333333333,3131.383333333333,-2995.4166666666665,13145.091666666667,141370.04166666666,57231.2625,450.4666666666667,3965.579166666667,27.625,22.016666666666666,116260.32708333334,24014.0,2536.891666666667,2729.1,11738.164583333331,567.0170833333333
2022-09-02,55.244998931884766,8.78600025177002,62.614788841774434,903.0806,3582.4,37.588089,0.0,1078.493084,55.179232,1.268526,3566.5523455,0.000316,827.3903280000001,403.7994098,2.0,0.0,0.0,0.0,0.0,1.1000000000000014,0.995232880115509,31.36000061035156,8387.083333333334,-2812.1708333333336,26984.966666666664,843.1083333333332,30061.84893617021,12403.12340425532,819.8468085106383,451.2,271.80833333333334,631.8958333333334,12379.325,2935.5750000000003,-4515.191666666667,13117.775,139809.91041666668,56570.04166666666,449.9166666666667,3788.8957446808513,34.48936170212766,27.559574468085103,110268.73125,26052.55,2571.983333333333,4434.495833333333,14601.86170212766,405.60083333333336
2022-09-06,54.68999862670898,8.145000457763672,69.95787415267486,918.8292,3363.0,44.321526,0.0,1031.2547060000002,55.119982,1.116428,3558.3449948,11.402856,785.921217,393.53360857,0.0,0.0,0.0,0.0,0.0,3.2,0.9952229857444764,33.630001068115234,8830.8125,-1602.1916666666666,25937.57083333333,900.1,27990.44375,11858.76875,876.2166666666667,540.7041666666667,240.125,620.1583333333333,12406.5375,4969.658333333334,-4940.391666666666,13167.15,142987.65833333333,57897.77916666667,438.5583333333333,3238.2375,71.55208333333333,68.24166666666666,110193.41666666669,25574.204166666663,2472.6875,6437.408333333333,16788.443750000002,426.74916666666667
2022-09-07,55.20000076293945,7.842000007629394,62.04582396532879,921.365,3666.6,42.327108,0.0,1036.096081,66.224455,0.758708,3137.8965188,11.605255,798.291123,409.06076067,0.0,0.8000000000000007,0.0,0.0,0.0,3.5,0.98979514837265,33.56999969482422,9108.166666666666,-1312.5833333333333,25441.670833333334,893.7833333333333,31007.71458333333,13225.325,1066.0708333333334,570.0791666666667,282.12916666666666,610.4416666666667,13280.054166666669,3463.808333333333,-3687.5416666666665,14599.379166666666,155939.74545454545,57592.7875,435.2833333333333,3158.5104166666665,52.42916666666667,42.690909090909095,127223.88636363635,23168.93333333333,2518.9500000000003,3576.7333333333336,12992.09375,464.5808333333334
2022-09-08,52.834999084472656,7.914999961853027,64.60908846388318,924.7981,3756.7,41.814302,0.0,1035.5986309999998,66.244755,0.409242,3248.2143976,12.523166,785.1692519999999,402.03298336,0.8999999999999986,2.3000000000000007,0.0,0.0,0.0,1.3999999999999986,0.9995701909065248,31.940000534057617,9083.6125,-1596.125,26717.9125,889.7125,27888.879166666666,12814.647916666669,838.81875,554.0333333333333,345.8541666666667,603.8249999999999,14046.833333333334,3140.7958333333336,-3842.191666666667,13430.554166666669,142670.08541666667,57212.02916666667,443.0875,2834.9229166666664,40.55625,31.75208333333333,111871.9875,19149.608333333334,2529.116666666667,5776.391666666666,18335.091666666667,430.5279166666666
2022-09-09,53.900001525878906,7.995999813079834,60.76782691043572,928.0413,3410.8,45.488611,0.0,1020.038266,66.229717,0.011513,3025.853308,12.084732,797.460642,409.58618769,1.3000000000000007,1.8000000000000007,0.0,0.0,0.0,3.1000000000000014,1.0012015104293823,32.02000045776367,9035.645833333334,-1784.7125,27325.38333333333,884.4499999999999,25411.2625,12932.014583333332,826.2770833333334,594.9666666666667,358.6625,608.5124999999999,13830.758333333331,3280.9750000000004,-3660.3583333333336,13572.0875,140204.41874999998,57715.3625,453.0625,2952.8125,45.91875,37.458333333333336,110303.10416666669,21393.89583333333,2450.4791666666665,3648.320833333333,17380.204166666666,354.93875
2022-09-12,53.125,8.24899959564209,56.25700968253961,938.707,2972.1,0.0,0.0,1058.90175,66.303352,0.163692,3367.1941195,49.726105,816.928572,400.08741106,2.9000000000000004,0.0,0.0,0.0,0.0,0.3999999999999986,1.0071406364440918,31.3700008392334,8931.979166666666,-1338.7333333333331,24973.99166666667,897.2833333333333,27471.439583333336,13216.104166666666,903.275,544.1583333333334,374.51666666666665,630.9666666666667,12938.7,4191.495833333333,-3501.0166666666664,12869.679166666669,138490.08958333332,60054.4875,446.0291666666667,3411.464583333333,41.489583333333336,31.59375,112413.19791666669,21966.729166666668,2430.8125,3665.2625,13260.891666666668,405.42333333333335
2022-09-13,53.03499984741211,8.284000396728516,58.9640017103245,941.3366,2997.3,0.0,0.0,1074.200161,66.326177,1.658898,3298.4395675,55.049955,821.4522,401.61176443,2.5,0.6000000000000014,0.0,0.0,0.0,1.0,1.0129557847976685,30.5,8690.9,-997.5270833333334,25223.24583333333,888.9333333333334,27578.9875,12930.04375,853.4083333333333,297.21666666666664,223.5041666666667,624.3416666666667,12342.2875,3722.366666666667,-4583.691666666667,11230.225,142560.50208333333,60010.26666666666,443.3,3184.991666666667,39.38125,29.81458333333333,109869.65208333332,17556.491666666665,2548.0583333333334,6712.325000000001,20556.460416666665,393.81
2022-09-14,53.07500076293945,9.11400032043457,63.74282834255139,943.8733,3157.3,0.0,0.0,1053.6488,66.233219,0.244234,3423.0021935,58.157128,849.252991,395.6295343000001,3.1,1.0,0.0,0.0,0.0,2.0,0.9982032775878906,30.76000022888184,8709.237500000001,-536.61875,25846.725,888.3458333333333,30620.2625,13469.904166666667,833.9,277.18333333333334,255.01666666666665,619.5583333333333,12703.625,4924.408333333334,-2638.766666666667,12145.408333333333,142809.04583333334,60490.0625,451.05,3235.379166666667,43.25208333333333,35.16458333333333,118606.23541666666,14601.795833333335,2451.2791666666667,4913.0625,14445.370833333332,458.1408333333333
2022-09-15,53.507999420166016,8.324000358581543,62.70243122997987,946.6639,3247.7,0.0,0.0,1111.003049,66.115594,1.601218,3465.6291221,54.60182,847.610023,403.70818203,3.6,3.0,0.0,0.0,0.0,2.3000000000000007,0.9984025359153748,29.979999542236328,8863.25,-1611.5854166666668,26257.016666666663,867.7916666666666,26554.591666666664,12568.020833333334,782.2083333333334,287.64166666666665,252.67916666666667,622.4499999999999,13727.495833333334,4065.6083333333336,-3450.5125000000003,12311.3125,145440.9276595745,61401.35416666666,454.6583333333333,3195.0770833333336,46.06875,34.691489361702125,113840.24893617022,16355.183333333332,2471.4333333333334,8311.229166666666,18613.35,353.36291666666665
2022-09-16,42.15999984741211,7.763999938964844,54.97465754630279,950.3228,3369.8,0.0,0.0,1055.532714,66.199208,0.075199,3482.856133,57.171787,833.936276,399.37762022,4.9,5.5,0.0,0.0,0.0,2.3000000000000007,0.9988313317298888,29.690000534057617,8956.604166666666,-1337.175,23749.30833333333,883.2666666666668,20414.4875,9400.275,855.05625,442.7833333333333,243.49166666666667,633.2041666666667,14247.445833333331,4251.283333333334,-5040.170833333334,11924.7375,143701.23191489364,61550.0375,457.7375,3677.3645833333335,60.79791666666667,45.38510638297872,101081.11063829788,19827.83333333333,2497.633333333333,10224.425,26712.68125,193.96875
2022-09-19,41.970001220703125,7.751999855041504,53.53732041472766,960.9462,3449.0,0.0,0.0,922.3333,60.587083,0.0,3569.5834302000003,66.673568,762.56148,398.0095145,7.300000000000001,4.699999999999999,0.0,0.0,0.0,0.0,1.002234935760498,29.850000381469727,9234.775,-1964.9458333333328,24458.74583333333,892.8583333333332,22272.566666666666,11592.933333333334,858.09375,408.2083333333333,256.87083333333334,642.2875,14035.2375,3734.875,-4104.566666666667,11953.104166666666,138148.83125000002,63121.99166666667,448.67083333333335,3720.89375,26.672916666666666,23.33333333333333,104945.24166666664,20108.8375,2466.983333333333,8490.025,18904.15208333333,275.8933333333333
2022-09-20,43.28499984741211,7.717000007629394,57.10251209907261,963.3722,3893.3,0.0,0.0,915.149056,60.714797,0.021314,3585.7328576,64.48229,801.780635,411.67183727,7.5,3.8000000000000007,0.0,0.0,0.0,0.0,1.0029587745666504,28.459999084472656,9352.391666666666,-757.5583333333334,25199.0,896.3666666666667,29573.5125,13993.264583333332,881.2041666666668,505.5416666666667,266.4875,645.7791666666667,14028.316666666666,3666.195833333333,-3692.408333333333,14000.304166666669,140045.02708333332,63083.5,452.5958333333333,3932.9833333333336,36.93541666666667,31.422916666666666,116822.98958333331,21634.329166666663,2457.6208333333334,2630.520833333333,11089.604166666666,367.0920833333333
2022-09-21,38.915000915527344,7.778999805450439,55.45913477468757,965.738,4110.1,0.0,0.0,878.161984,60.709097,2.806348,3568.4726951,61.174284,763.1135439999999,400.45014951,7.5,3.0,0.0,0.0,0.0,0.0,0.997078537940979,27.280000686645508,9663.625,-950.1645833333332,25683.904166666664,895.1458333333334,29479.204166666663,14596.125,830.8520833333333,620.5208333333334,278.8833333333333,657.2125,14437.933333333334,3705.158333333333,-2876.4666666666667,15514.479166666666,139694.45208333334,62805.73333333334,454.2916666666667,3647.6625,64.96041666666666,60.45,118796.84583333333,22322.24166666667,2475.395833333333,129.85,9671.5625,384.2154166666666
2022-09-22,39.90999984741211,7.089000225067139,54.01361411819143,968.2078,4015.4,0.0,0.0,1002.353313,60.741603,1.773536,3435.8853375,63.586154,774.925723,395.1480076,7.300000000000001,3.2,0.8000000000000007,0.0,0.0,0.0,0.983071506023407,27.38999938964844,9703.133333333331,-474.5604166666667,26285.091666666664,886.0666666666666,26992.96666666667,15504.583333333334,911.5791666666668,618.975,246.8708333333333,658.0833333333334,14030.9,4812.108333333334,-3194.2791666666667,14253.395833333334,139405.66666666666,62142.02916666667,457.0333333333333,3749.18125,33.37083333333333,28.860416666666666,118136.73541666666,25164.80833333333,2495.770833333333,1142.275,8115.389583333334,386.2366666666667
2022-09-23,37.56999969482422,6.828000068664551,53.5040556383164,970.8637,3867.3,0.0,0.0,1087.339867,60.802897,0.0,3529.8329057,54.905699,756.7367390000001,407.1288741,7.6,2.9000000000000004,1.1999999999999993,0.0,0.0,0.0,0.9841550588607788,25.75,9664.545833333334,-222.91250000000005,26848.725,898.7541666666666,27006.30833333333,15330.929166666669,860.1374999999999,568.3458333333333,263.3666666666667,656.3,13755.4,4197.150000000001,-3209.675,14140.358333333332,144014.78260869565,61698.56666666667,467.425,2976.9,37.02916666666666,28.252173913043475,121886.08260869564,22179.3,2570.208333333333,2553.9,8845.956250000001,370.3845833333333
2022-09-26,37.68999862670898,6.902999877929688,49.36805565235119,980.3369,3587.5,50.692962,0.0,1047.804226,93.779993,0.669552,3621.6089925,3.134779,715.480202,397.65214542,5.5,5.4,0.0,0.0,0.0,0.0,0.968992292881012,25.8799991607666,9032.879166666668,-3071.25,25042.24583333333,890.3041666666667,19525.066666666666,12010.60625,748.4562500000001,542.4499999999999,258.3333333333333,641.4041666666667,13477.366666666669,3532.1125,-5347.925,11684.9625,139073.4,60428.05416666667,462.2791666666667,3147.20625,96.62083333333334,100.55416666666667,99844.95833333331,16431.658333333333,2610.741666666667,9751.183333333332,26137.014583333334,243.5320833333333
2022-09-27,42.470001220703125,6.651000022888184,52.49012972312316,982.523,3419.7,55.511216,0.0,1107.510768,93.651359,0.0,3609.4255295,3.053051,711.050722,400.88144112,7.0,7.0,0.0,0.0,0.0,0.0,0.9623712301254272,25.809999465942383,9503.095833333333,-2480.1270833333333,25417.70833333333,857.8791666666666,20700.210416666665,13228.614583333334,752.6020833333333,532.4625,274.02916666666664,650.2416666666667,13465.65,4306.05,-5172.795833333334,10858.354166666666,141088.59166666667,61538.35833333334,454.2083333333333,3155.2520833333333,80.02083333333333,68.66875,104847.07083333336,16304.979166666666,2608.333333333333,5526.3875,25325.83958333333,319.0004166666667
2022-09-28,41.20500183105469,6.868000030517578,58.270988403079,984.1002,3226.2,55.212446,0.0,1089.313923,88.063859,1.896124,3737.1739221,3.794863,709.1130860000001,400.59845368,9.7,8.0,0.0,0.0,0.0,0.0,0.959619164466858,25.86000061035156,9510.870833333332,-1521.1958333333334,26862.579166666663,832.0124999999999,23736.966666666664,14063.697916666666,781.8874999999999,559.8833333333333,300.2333333333333,646.5416666666666,14735.8375,5441.358333333334,-4202.291666666667,11914.966666666667,140325.86041666666,61717.0125,460.37916666666666,3414.772916666667,60.54166666666666,47.04583333333333,112708.56458333333,16883.079166666666,2610.491666666667,1064.0583333333334,18643.725,390.60583333333335
2022-09-29,39.10499954223633,6.874000072479248,53.39636719690031,986.1431,3500.6,53.592564,0.0,1110.352531,66.266825,1.419134,3523.6651897,4.33384,704.631788,431.19893217,9.2,7.699999999999999,0.0,0.0,0.0,0.0,0.9708172082901,25.299999237060547,9489.954166666666,-46.50833333333329,27607.420833333334,839.2125,24868.095833333336,15140.247916666667,879.6833333333334,478.00416666666666,332.4208333333333,643.3833333333333,15484.704166666668,5435.2375,-3148.8250000000003,13382.679166666669,142098.47021276594,59899.55416666667,465.5125,3419.160416666667,49.70625,37.67872340425532,117671.63191489362,15677.416666666666,2265.5291666666667,2082.6,15059.104166666666,417.03625000000005
2022-09-30,38.72499847412109,6.765999794006348,54.39097759605093,987.4342,3562.1,53.620175,0.0,1138.173136,65.869346,0.0,3588.4460041,3.437866,687.532105,426.22859309,8.6,6.5,0.0,0.0,0.0,0.0,0.9829555749893188,24.549999237060547,9130.058333333332,-665.0229166666667,25936.85,830.8791666666666,22113.939583333336,13663.027083333332,832.6229166666667,445.4958333333333,380.50416666666666,646.6291666666667,16635.708333333332,4976.337500000001,-4709.916666666667,13377.870833333334,141842.21489361703,59820.87916666667,471.0541666666666,3589.2375,94.95625,104.94468085106382,111617.85957446808,20163.866666666665,2550.6541666666667,5927.724999999999,16565.835416666665,292.2554166666667
2022-10-03,38.869998931884766,6.46999979019165,48.76598216997492,997.7611,3748.5,55.346761,0.0,1124.254489,71.468254,0.383283,4063.4746278,0.001464,689.765719,390.49111792,5.5,5.699999999999999,0.0,0.0,0.0,0.0,0.9792688488960266,24.350000381469727,8564.458333333334,551.3041666666667,22597.00833333333,864.7333333333332,25131.84782608696,10120.008695652174,952.2847826086957,434.54583333333335,353.125,641.6583333333333,17514.083333333332,4849.408333333334,-4117.008333333333,14024.2625,136184.7170212766,57759.53333333333,452.4291666666666,3134.804347826087,89.90217391304348,92.20888888888888,106921.18723404256,17682.408333333333,2549.483333333333,4192.55,18518.93695652174,218.4820833333333
2022-10-04,38.19499969482422,6.836999893188477,46.66774598472927,1000.1963,3910.4,57.505871,0.0,984.521984,71.473159,1.682889,4011.0248695,0.002411,729.415408,394.90230623,5.199999999999999,2.6,0.0,0.0,0.0,0.0,0.983206868171692,25.540000915527344,8683.566666666668,-84.09583333333329,25029.275,907.4916666666668,26919.545833333334,10739.016666666666,881.1583333333333,441.3125,458.0916666666667,626.7375000000001,17237.020833333332,5167.275000000001,-4489.958333333333,13147.354166666666,148891.02444444445,57822.23333333334,456.325,3490.897916666667,70.52916666666667,68.91111111111111,118480.78,20748.783333333333,2555.141666666667,7966.304166666666,14188.827083333332,240.02625
2022-10-05,35.04999923706055,6.929999828338623,50.826706332394174,1002.9346,3707.8,55.849899,0.0,1061.298093,82.568745,0.13296,4044.8350641,0.002314,677.000753,450.93403544,4.199999999999999,2.3000000000000007,0.0,0.0,0.0,0.0,0.998432457447052,26.09000015258789,8047.029166666667,-284.0208333333333,22097.533333333336,879.6541666666667,24772.26,9143.584444444445,951.1244444444444,474.7,246.0125,633.4875000000001,15594.579166666668,3485.8625,-6621.216666666667,9252.758333333331,147280.03695652174,57110.46666666667,459.2291666666667,4290.571111111111,81.66,69.95,101273.93695652172,19592.19583333333,2500.1291666666666,11231.3625,30599.191111111115,93.10541666666668
2022-10-06,35.85499954223633,6.9720001220703125,51.039903325910494,1005.7536,3594.1,57.718129,0.0,1074.621919,99.064531,0.614212,4045.0508226,0.002305,719.929927,441.35106812,3.4000000000000004,5.199999999999999,0.0,0.0,0.0,0.0,0.9910998940467834,23.530000686645508,7992.033333333333,-584.0520833333334,23674.55416666667,876.1541666666667,24467.434782608696,9449.69347826087,884.295652173913,395.0916666666667,200.36666666666667,640.6,14772.8625,5596.054166666666,-4684.95,7745.591666666667,140600.1,56550.1625,459.7791666666667,3926.932608695652,98.55434782608695,104.7804347826087,98214.8375,20613.68333333333,2491.6208333333334,8961.904166666667,28797.369565217392,114.25833333333333
2022-10-07,34.459999084472656,6.748000144958496,44.81586841317895,1008.5687,3808.7,58.761154,0.0,1076.185001,98.980669,0.846107,3983.0396443,0.002146,703.703515,437.25844526,7.4,3.6,0.0,0.0,0.0,0.0,0.9789045453071594,22.520000457763672,8102.8625,-341.6020833333334,24625.25,887.3083333333334,23840.466666666664,10444.55,870.4187499999999,344.18333333333334,201.6125,641.2208333333333,14691.029166666667,5364.9875,-3599.2833333333333,7460.891666666666,138168.09791666668,58013.25,462.67083333333335,3818.0625,87.15208333333334,78.41458333333334,100302.69166666668,21442.00833333333,2474.829166666667,9915.758333333331,22186.52083333333,160.625
2022-10-10,34.2599983215332,6.434999942779541,43.97246901609469,1017.8079,4011.4,54.480804,0.0,1073.908822,104.499509,0.338466,4050.8790682,0.002234,728.379196,404.39941536,6.9,5.9,0.0,0.0,0.0,0.0,0.9735012650489808,23.729999542236328,8052.645833333333,20.708333333333343,25327.029166666664,892.2291666666666,27519.358333333334,10579.029166666667,980.50625,470.8875,229.2,633.775,12774.25,4374.925,-4423.833333333333,8153.195833333334,138686.82916666666,61206.80833333333,452.5875,3215.6541666666667,68.40833333333333,53.49166666666667,106562.51458333334,16329.733333333332,2374.8416666666667,7668.1125,20125.397916666665,169.9675
2022-10-11,34.78499984741211,6.5960001945495605,44.61760148435286,1019.4402,4078.4,52.183222,0.0,1097.360078,110.597893,0.0,4055.2616942,0.002399,761.689819,443.49325348,7.0,8.7,0.3000000000000007,0.0,0.0,0.0,0.9710057377815248,24.540000915527344,8345.404166666667,677.1083333333333,26635.875,891.5791666666668,32095.21458333333,12412.320833333331,879.0916666666667,507.7458333333333,201.5458333333333,628.1791666666667,12595.5875,4955.725,-3181.9666666666667,8346.6125,140180.54583333334,61861.7375,458.9625,3574.5166666666664,69.10625,64.73125,116806.08958333332,16063.095833333333,2295.6208333333334,3872.5625,13406.63125,265.26875
2022-10-12,34.70500183105469,6.434999942779541,45.54132179320011,1020.8383,3818.2,60.589231,0.0,1099.487765,83.00058,0.188347,3960.6558501,0.002524,747.60121,446.4054253000001,8.4,6.4,0.0,0.0,0.0,0.0,0.9700167775154114,24.11000061035156,8873.550000000001,-84.86458333333334,27017.941666666666,639.2208333333333,31803.35,13590.1875,742.5458333333332,650.5333333333333,323.05833333333334,621.7624999999999,12725.479166666666,4551.2625,-4909.895833333333,10363.329166666666,141225.4723404255,60935.1125,461.51666666666665,3681.779166666666,43.2,38.77872340425533,121593.09574468085,17889.395833333332,2340.270833333333,2994.9708333333333,8783.645833333334,281.2808333333333
2022-10-13,34.834999084472656,6.741000175476074,43.76246826625258,1022.187,3846.8,64.402727,0.0,1094.351912,94.031888,0.0,3876.9161002,0.002559,776.85332,449.76027475,8.3,4.6,0.1000000000000014,0.0,0.0,0.0,0.9707984328269958,23.93000030517578,9010.191666666668,531.7687500000001,27051.595833333336,614.1333333333333,33238.995833333334,13186.816666666666,838.4729166666666,625.6333333333333,364.3666666666666,633.275,12469.333333333334,4708.929166666667,-4004.8125,11528.283333333333,141187.40208333332,60403.0,457.87916666666666,3499.5645833333333,62.77708333333334,47.68541666666667,119878.875,13983.279166666667,2413.8791666666666,2627.766666666667,13003.010416666666,258.3833333333333
2022-10-14,34.77899932861328,6.453000068664551,40.582092293984296,1024.3546,3806.7,12.595327,0.0,1098.987495,94.022717,2.449117,4042.0691919,55.337389,769.983632,418.41351524,6.699999999999999,6.1,1.1000000000000014,0.0,0.0,0.0,0.975134015083313,23.1200008392334,8914.454166666666,-411.76875,27403.354166666668,639.1791666666667,31284.538297872343,12880.16170212766,927.3425531914892,629.2916666666666,484.0125,630.7458333333333,12941.066666666666,4410.849999999999,-3733.8,12408.233333333332,138958.18541666667,60045.45416666666,465.0375,3523.459574468085,54.46808510638298,47.868085106382985,116526.62291666667,13767.720833333333,2429.2291666666665,2326.125,14690.7,257.0975
2022-10-17,30.920000076293945,5.999000072479248,36.53064599073818,1033.0195,3679.1,0.0,0.0,930.838314,88.291785,1.083275,4055.7836206,54.771165,735.5094300000001,448.39038858,1.5,2.8000000000000007,0.0,0.0,0.0,0.0,0.973937451839447,22.36000061035156,8366.3125,-2768.93125,25598.966666666664,901.1083333333336,31895.79487179487,12401.115384615385,1117.4128205128204,492.8625,385.2166666666667,634.0666666666667,11448.65,4132.808333333333,-4481.833333333333,9953.845833333333,143585.0152173913,57106.39166666666,452.45416666666665,4067.7,78.78205128205128,87.23846153846155,107083.79565217393,16929.920833333334,2335.4666666666667,7183.741666666666,28213.535897435893,154.04916666666665
2022-10-18,29.690000534057617,5.744999885559082,32.67376024726795,1034.8382,3484.8,0.0,0.0,918.818413,126.829167,2.180135,3886.552805,54.644718,761.444463,481.66667807,3.6,6.699999999999999,0.0,0.0,0.0,0.0,0.9846396446228028,21.290000915527344,8570.545833333334,-878.9979166666667,24954.091666666664,715.8791666666666,57394.12916666667,24327.20833333333,1820.9166666666667,550.475,472.8958333333333,632.7708333333334,11691.120833333334,4691.070833333333,-3985.4125,10312.216666666667,146205.15217391303,58538.51666666666,446.9625,6994.770833333333,33.916666666666664,32.90833333333334,115276.1152173913,15407.654166666667,2332.5,5575.558333333333,38297.43333333333,182.31916666666663
2022-10-19,30.315000534057617,5.461999893188477,32.52593756791401,1036.3637,3280.5,0.0,0.0,904.525603,132.583209,1.607574,3926.2539297,46.808826,770.816504,436.74663296,7.1,4.0,0.0,0.0,0.0,0.0,0.9863878488540648,20.350000381469727,8693.908333333333,-2364.8479166666666,25031.63333333333,867.5875,55088.09583333333,21581.3375,1740.1291666666666,568.7583333333333,431.35833333333335,636.8458333333334,11552.783333333333,3904.9125,-3840.258333333333,10422.254166666668,141079.63125,58209.708333333336,447.1583333333333,7007.120833333333,36.520833333333336,35.47083333333333,107797.6125,13389.191666666666,2366.9,5162.724999999999,48012.0875,167.85458333333335
2022-10-20,32.349998474121094,5.357999801635742,36.39446096811539,1037.579,3329.1,55.870165,0.0,887.454095,121.933234,0.006437,4016.7751001,0.002784,758.293002,455.18391843,10.0,4.1,0.0,0.0,0.0,0.0,0.9766482710838318,20.5,8799.945833333333,-1398.6416666666669,24306.379166666666,899.5208333333334,49418.25833333333,20287.004166666666,1772.6833333333334,593.7125,576.9499999999999,641.5833333333334,12373.833333333334,4510.741666666667,-3686.5,13647.320833333331,152696.18,57926.57916666666,452.3375,7013.029166666667,40.579166666666666,39.641666666666666,112314.20444444443,13012.541666666666,2412.9375,7779.795833333334,54923.86666666667,140.54833333333332
2022-10-21,32.470001220703125,4.959000110626221,32.55123857344651,1038.9309,3614.9,61.947589,0.0,798.932982,121.8715,0.0,4049.4727259,0.002698,755.4201029999999,423.30207602,6.5,3.3000000000000007,0.0,0.0,0.0,0.0,0.9778899550437928,22.209999084472656,9129.458333333334,-966.7791666666666,26146.30416666667,919.9708333333332,56146.19583333333,20810.64583333333,1769.1791666666668,651.2041666666667,582.4083333333333,638.125,12993.370833333334,3870.2083333333335,-3535.475,14707.1625,140738.29374999998,57800.19166666667,463.1208333333333,7178.787499999999,35.416666666666664,34.145833333333336,112857.9375,8741.5,2636.6875,3150.2958333333336,43868.91666666666,164.51583333333335
2022-10-24,31.290000915527344,5.198999881744385,28.658402555499944,1045.8332,3306.1,2.41226,0.0,802.0750850000001,143.783757,1.85913,4114.0025283,0.002643,741.283985,391.83079097,2.7,4.4,0.0,0.0,0.0,0.0,0.9860085844993592,21.88999938964844,8678.008333333333,-2624.5750000000003,20610.504166666666,849.0583333333334,25994.27111111111,8886.555555555555,797.8088888888889,584.5708333333333,464.5583333333333,620.1625,14950.7375,3659.133333333333,-5047.162499999999,13979.675,138987.53333333333,59749.60833333334,456.225,4058.304444444445,68.48444444444445,50.3,99671.38333333336,10988.166666666666,2632.0375,10384.1125,30538.68,80.81916666666667
2022-10-25,31.020000457763672,5.61299991607666,28.91599324810378,1047.0659,3456.8,0.0,0.0,873.886853,132.827306,0.001071,4000.7608229,0.002834,699.406734,394.52738618000006,4.9,4.4,0.0,0.0,0.0,0.0,0.9886503219604492,20.57999992370605,8628.291666666666,-1895.4770833333328,23601.254166666666,772.4916666666667,29793.33617021277,8261.82340425532,846.2063829787234,671.275,461.1625,628.0541666666667,16849.691666666666,3732.316666666667,-4935.912499999999,12970.5875,139843.76875000002,60430.225,454.9333333333333,3956.621276595745,82.37872340425533,72.95744680851064,106522.31666666668,12400.3,2635.5958333333333,7046.995833333333,24099.8914893617,108.79166666666669
2022-10-26,30.450000762939453,5.605999946594238,30.4635531237538,1048.1046,3350.0,0.0,0.0,890.03998,110.375492,0.0,3986.3242318,0.002618,673.771606,405.20590628,6.9,2.1,0.0,0.0,0.0,0.0,0.9963731169700624,19.84000015258789,8690.75,-1605.8,26346.033333333336,748.3208333333333,33033.61363636364,9249.029545454545,888.0704545454545,556.5875,444.0333333333333,629.5791666666667,16568.579166666666,4266.845833333334,-4019.9833333333336,14075.891666666668,140305.38125,59216.833333333336,457.67083333333335,4107.465909090909,89.25,103.39318181818182,112780.6875,13427.925,2601.858333333333,6397.325,19213.16136363636,121.35541666666666
2022-10-27,30.489999771118164,5.185999870300293,31.761801691404592,1049.6886,3538.8,0.0,0.0,791.853468,110.436842,0.0,3865.31955,0.002582,684.237335,369.09709922,4.5,1.6999999999999993,0.0,0.0,0.0,0.0,1.009193778038025,19.059999465942383,8772.691666666668,-363.7583333333332,26129.55833333333,745.0166666666668,24980.92553191489,8298.389361702128,856.6765957446809,476.825,471.57916666666665,633.0708333333333,15240.4625,4384.754166666667,-4085.216666666666,13079.908333333333,143172.55744680853,59108.50416666667,464.7208333333333,3595.7085106382974,82.00851063829788,80.39782608695653,107350.86595744682,14842.345833333333,2514.375,7499.400000000001,24436.993617021275,124.17416666666666
2022-10-28,30.15999984741211,5.684000015258789,32.79092086713536,1051.498,3361.1,0.0,0.0,776.875352,110.49076,2.963638,3692.7010914,0.002451,706.377376,403.59063257,1.6999999999999993,2.6,0.0,0.0,0.0,0.0,0.9967803955078124,20.75,8887.391666666666,-1215.89375,24838.545833333334,750.8249999999999,25139.15744680851,7540.127659574468,756.9489361702127,435.9333333333333,392.7208333333333,632.9208333333333,14181.979166666666,3714.8375,-3769.745833333333,11550.479166666666,137465.01875000002,59167.87083333333,466.1208333333333,3520.378723404256,88.00851063829786,88.49574468085106,102032.35208333336,13513.066666666666,2598.4708333333333,5905.558333333333,26270.66595744681,105.94875
2022-10-31,27.53499984741211,6.355000019073486,35.98972633851602,1058.2953,3306.2,0.0,0.0,755.064607,110.147436,0.000768,3850.7102653,0.002736,728.952358,349.52883609,5.0,3.9,1.1999999999999993,0.0,0.0,0.0,0.9955002665519714,22.170000076293945,8837.420833333334,192.80625,24054.67916666667,755.6333333333333,24760.86458333333,7512.979166666667,1010.9041666666668,449.6166666666666,491.39166666666665,633.5541666666667,13406.995833333334,5452.7875,-2539.5750000000003,13257.120833333334,128969.89574468083,59017.25416666667,457.89166666666665,3546.302083333333,64.62708333333333,67.41702127659575,103197.12978723404,11178.133333333331,2576.65,3808.5416666666665,17744.922916666666,143.19208333333333
2022-11-01,27.540000915527344,5.714000225067139,33.66705042006145,1060.2462,3504.8,0.0,0.0,659.063727,110.036541,0.0,3745.2875376,0.002674,580.534625,436.68508941,5.300000000000001,5.4,1.0,0.0,0.0,0.0,0.9886307716369628,22.68000030517578,8446.0875,-558.9770833333333,20782.316666666666,737.4499999999999,18657.641666666663,6646.089583333333,984.2708333333334,606.8666666666667,609.4541666666667,634.4416666666667,13836.729166666666,2758.441666666667,-6686.279166666667,11783.329166666668,122012.16666666669,57167.24583333333,440.1333333333334,3808.7,79.60208333333334,68.97500000000001,85630.73958333333,12544.029166666667,2532.7791666666667,11343.425,24437.697916666668,67.78291666666667
2022-11-02,29.104999542236328,6.26800012588501,36.43796316887219,1061.2311,3800.4,0.0,0.0,762.920955,137.786993,0.0,3857.9417231,0.002831,534.034189,433.7139799,7.9,6.0,2.2,0.0,0.0,0.0,0.9877909421920776,22.290000915527344,8420.725,-1740.0958333333335,21691.225,740.2166666666667,27795.854166666668,7788.145833333333,858.4791666666666,571.275,538.7916666666666,631.5166666666667,13446.179166666669,4824.266666666667,-5008.383333333333,11616.5875,139608.93958333333,59065.07916666666,451.4666666666667,4222.529166666666,91.74166666666667,96.78541666666666,101728.425,13954.808333333334,2471.4,10994.095833333333,25406.05625,72.83874999999999
2022-11-03,27.815000534057617,5.974999904632568,36.08348582101564,1061.4308,3896.1,0.0,0.0,616.223894,143.230776,0.0,3896.5139275,0.002758,605.631397,373.36540315,9.7,7.5,1.8999999999999984,0.0,0.0,0.0,0.9814409017562866,22.82999992370605,8702.291666666666,1792.6604166666666,24936.941666666666,805.275,28171.368085106384,8188.204255319149,1031.9702127659575,595.2875,506.5291666666667,621.7916666666666,13662.083333333334,4798.154166666666,-4254.658333333334,12034.954166666668,144452.10624999998,60439.020833333336,450.3541666666667,4425.825531914894,51.41489361702128,42.85957446808511,104791.92291666666,9693.458333333334,2608.770833333333,10115.8875,30388.604255319147,103.52208333333334
2022-11-04,28.924999237060547,6.400000095367432,32.799562434631454,1062.0635,4239.2,0.0,0.0,683.046615,142.977411,0.0,3989.1971119,0.003021,689.969062,294.15202897,8.7,9.5,0.6999999999999993,0.0,0.0,0.0,0.9749630093574524,25.0,9180.216666666667,1264.0916666666667,27150.266666666663,909.5541666666668,28836.541304347826,10576.380434782608,1037.454347826087,574.0166666666667,369.4166666666667,630.275,15135.379166666666,5565.620833333333,-3868.7291666666665,11119.491666666669,159656.03255813953,60783.63333333333,452.5375,3743.582608695652,54.4695652173913,41.170731707317074,122561.39302325582,8965.808333333332,2602.275,7288.204166666666,26232.115217391307,181.14041666666665
2022-11-07,27.19499969482422,6.943999767303467,31.91740091793799,1065.2325,4030.7,63.327893,0.0,697.6993319999999,121.161443,0.0,3801.7102593,0.002864,703.219191,327.82215538,8.0,5.199999999999999,5.199999999999999,0.0,0.0,0.0,0.9928810596466064,22.549999237060547,9082.0375,-271.91875,22337.18333333333,871.3791666666666,23185.50833333333,9105.154166666667,802.3833333333333,618.7291666666666,338.2708333333333,632.975,14436.904166666667,4126.233333333333,-5313.508333333333,12488.508333333331,144107.70416666666,62425.97083333333,441.2875,3942.945833333333,92.53541666666666,97.20625,101814.625,11934.9875,2638.8083333333334,10496.204166666666,31077.472916666666,79.32416666666667
2022-11-08,27.8799991607666,6.138000011444092,34.69143250460967,1065.8808,3998.0,68.8404,0.0,716.759447,132.166747,0.0,3871.1585382,0.002639,646.927283,347.04986442,6.4,5.0,5.199999999999999,0.0,0.0,0.0,1.0018634796142578,21.13999938964844,9090.85,751.8020833333334,23551.341666666664,876.6916666666666,24306.829166666663,9060.88125,790.2166666666667,651.1791666666667,382.2583333333334,630.9833333333333,13983.045833333332,3996.279166666666,-4794.825,13174.120833333334,149818.65744680853,63304.5625,445.7916666666667,4033.0625,79.98958333333333,71.5127659574468,106630.36170212766,11847.970833333333,2508.6875,10675.541666666666,31035.295833333334,95.02291666666667
2022-11-09,27.729999542236328,5.864999771118164,33.42870481861111,1066.5893,4271.1,72.18848,0.0,826.787149,132.121695,0.0,3788.4170878,0.002785,713.737442,357.83247551999995,5.5,6.699999999999999,4.0,0.0,0.0,0.0,1.008084774017334,22.82999992370605,8983.783333333333,791.2375000000001,25387.2125,878.2333333333332,29337.734090909093,10268.029545454545,877.5454545454545,645.6916666666667,367.82916666666665,624.1999999999999,15130.608333333332,5282.125,-5150.849999999999,13368.395833333334,147184.79791666666,63472.675,451.45416666666665,4154.465909090909,87.04318181818182,85.50909090909092,111217.90416666667,8689.8375,2483.4416666666666,10504.833333333334,28766.79090909091,128.39041666666665
2022-11-10,27.545000076293945,6.238999843597412,33.31584717775359,1067.2482,4373.6,71.370162,0.0,835.0251069999999,132.432519,0.0,3828.4955209,0.002981,729.408491,381.93124101,7.199999999999999,5.199999999999999,1.8999999999999984,0.0,0.0,0.0,1.0019538402557373,22.6200008392334,9039.325,557.5875000000001,26438.345833333336,907.3458333333332,30043.07111111111,10531.093333333334,726.0444444444445,659.2541666666667,311.9458333333333,634.3083333333333,15729.466666666667,5370.225,-4936.9125,12419.566666666666,147337.67083333334,63270.875,451.81666666666666,3909.251111111111,91.33555555555556,104.60888888888888,112886.20833333331,12259.558333333334,2546.0416666666665,11118.029166666667,24280.184444444447,135.40541666666667
2022-11-11,27.225000381469727,5.879000186920166,29.23035634703752,1067.8995,4086.4,72.401421,0.0,833.3947350000001,121.383791,0.0,3866.7440867,0.003095,702.316143,410.9466914,8.5,4.300000000000001,3.2,0.0,0.0,0.0,1.0192224979400637,22.420000076293945,8783.283333333333,-1281.4395833333333,26401.425000000003,909.6541666666668,24288.95,9062.384782608697,739.3173913043478,492.3708333333333,213.94583333333333,642.8791666666667,14133.779166666667,3764.616666666667,-4450.879166666667,7623.533333333333,141585.57291666666,62811.7375,463.2291666666667,3584.2521739130434,68.56739130434782,71.7108695652174,101907.35833333334,11008.566666666668,2460.875,10155.345833333333,30361.30217391304,128.17416666666665
2022-11-14,27.229999542236328,5.933000087738037,34.419626255808645,1069.1771,4210.3,56.234475,0.0,820.930185,132.190168,0.0,3627.859375,0.002954,699.67805,392.355649,11.0,7.1,5.6,0.0,0.0,0.0,1.0328551530838013,21.479999542236328,9136.35,1615.5708333333332,29256.041666666668,908.2125,30485.522222222226,13477.32888888889,984.217777777778,504.75,377.81666666666666,637.1416666666667,14156.941666666666,5266.420833333333,-4008.3875,15208.691666666666,157440.41555555555,64742.50416666667,448.2458333333333,3767.9777777777776,48.48666666666667,46.43333333333334,128138.58222222222,8770.416666666666,2113.6208333333334,6392.991666666666,21221.70666666667,162.30458333333334
2022-11-15,27.39699935913086,6.033999919891357,37.53410516711885,1067.9428,3939.9,60.892319,0.0,822.947918,132.396519,1.043953,3644.8364587,0.00252,699.903976,462.933366,10.8,6.9,5.4,0.0,0.0,0.0,1.0319278240203855,20.06999969482422,9101.745833333332,359.475,29925.566666666666,851.8333333333334,25299.344444444443,14976.562222222225,1041.3555555555556,524.6583333333333,439.125,627.975,14279.470833333333,4448.554166666667,-4906.8875,14213.729166666666,150700.61875,64723.225,452.1875,3755.371111111112,53.153333333333336,47.01333333333333,116693.38958333334,7519.175,2079.9083333333333,8955.708333333334,27487.77333333333,174.9125
2022-11-16,25.88500022888184,6.199999809265137,34.57680874448259,1067.2688,3932.4,69.312388,0.0,979.399871,132.184065,0.801092,3718.7084599,0.002905,676.872368,497.802798,12.2,8.3,2.2,0.0,0.0,0.0,1.0357863903045654,21.96999931335449,9133.483333333334,594.5958333333333,29109.675,927.05,21563.33260869565,13320.6,1088.054347826087,531.7083333333334,493.1583333333333,628.0541666666667,15208.95,4716.445833333333,-5503.9875,14355.1,152693.89166666666,64836.20416666666,450.14166666666665,3532.454347826086,43.47826086956522,32.345652173913045,111522.15625,5591.908333333333,2022.275,10355.791666666666,34641.27391304348,142.45583333333337
2022-11-17,26.315000534057617,6.36899995803833,34.291348854343255,1066.8778,3936.2,81.151385,0.0,1041.369233,132.204639,1.315799,3705.7208034,0.004052,693.777516,491.0836660000001,14.1,8.4,3.1,0.0,0.0,0.0,1.039501070976257,20.8700008392334,8733.574999999999,-275.8708333333333,25655.416666666668,915.7708333333334,19418.335416666665,12927.585416666669,1038.9791666666667,531.6416666666667,494.4041666666667,643.0916666666666,14925.95,3507.508333333333,-6267.291666666667,14366.695833333331,153182.6875,64432.0875,453.4333333333333,4050.5791666666655,34.9,27.535416666666663,106392.87291666667,6188.141666666666,2210.883333333333,9207.604166666666,39091.9375,102.60833333333332
2022-11-18,26.38500022888184,6.302999973297119,35.07833952413572,1065.6542,3961.3,88.791836,0.0,925.100128,110.231292,0.0,3908.65505,0.004329,711.686824,480.52297992,18.7,9.6,2.1,0.0,0.0,0.0,1.036172866821289,21.64999961853028,9016.8375,-787.8604166666668,29351.77083333333,786.0124999999999,23833.0375,14979.089583333334,977.7770833333334,592.8416666666667,508.64166666666665,648.5749999999999,15757.295833333332,5132.125,-4402.3625,16119.291666666666,152615.6625,65547.72499999999,455.12916666666666,3579.695833333333,78.9875,67.46041666666666,119148.91458333336,6647.191666666667,2430.5666666666666,9160.020833333334,25563.141666666663,172.34375
2022-11-21,27.299999237060547,6.776000022888184,35.16138904981308,1061.0532,4128.9,92.14008,0.0,904.695351,121.235047,0.0,4000.3956769,0.00523,716.610016,511.65744042,19.5,12.2,7.4,0.0,0.0,0.0,1.0330898761749268,22.13999938964844,9608.054166666669,786.4354166666667,29152.44583333333,900.0375,24851.654166666664,15495.872916666667,696.7520833333333,569.1458333333334,489.37916666666666,647.7291666666666,16241.441666666666,6416.116666666666,-5126.7375,16050.266666666668,157042.4125,66398.0125,450.3208333333334,3952.34375,73.86458333333333,78.07291666666667,123339.0625,6182.533333333333,2468.8541666666665,5098.870833333333,28062.641666666663,252.74916666666664
2022-11-22,29.21500015258789,6.77899980545044,35.9256825695291,1058.4577,3898.4,81.143151,0.0,972.16683,22.203437,0.669284,3943.0891099,0.004972,723.855226,530.67076875,18.5,12.2,5.300000000000001,0.0,0.0,0.0,1.0245691537857056,21.440000534057617,9352.941666666668,1443.2375000000002,28813.575,877.8583333333332,22845.48958333333,14875.935416666667,848.4958333333334,598.8708333333333,618.4541666666667,644.4166666666666,17295.354166666668,5175.295833333333,-5456.058333333333,16027.516666666668,164630.00425531916,66529.5125,452.95,4248.70625,41.66041666666667,34.272340425531915,121054.785106383,4827.470833333334,2486.85,11392.908333333333,34561.40416666667,205.51291666666668
2022-11-23,31.114999771118164,7.308000087738037,39.1712467767496,1056.5257,4287.5,67.526367,0.0,972.019544,44.196377,0.0,4057.5258272,0.005249,664.828107,529.35523019,16.2,9.8,8.1,0.0,0.0,0.0,1.0311086177825928,21.670000076293945,9405.541666666666,-60.82916666666656,28719.533333333336,898.8708333333334,22338.754166666666,15675.729166666666,845.1625,647.8541666666666,699.125,645.3708333333333,17963.62916666667,4242.858333333334,-6643.033333333333,16418.579166666666,159975.88958333334,67114.64166666666,454.375,4090.2645833333336,93.18333333333334,88.5625,119564.27916666667,7554.412499999999,2573.9875,10453.866666666669,31407.46666666667,177.51125000000002
2022-11-25,29.959999084472656,7.02400016784668,37.93832674081928,1052.6613,4327.0,90.760254,0.0,1137.306726,27.608488,0.0,4107.4537438,0.005312,723.810259,468.182673,14.7,9.7,6.6,0.0,0.0,0.0,1.040810227394104,22.01000022888184,9532.104166666666,98.33958333333324,27614.17916666667,628.9375,30957.515909090907,19161.94090909091,868.7363636363636,997.3958333333334,680.7041666666667,641.6625,17840.158333333333,4908.583333333333,-4399.520833333333,17353.833333333332,155653.16041666668,68127.60416666667,462.0333333333333,4455.172727272728,83.5,85.27954545454546,130058.84791666668,8460.445833333333,2721.0416666666665,6797.908333333333,19598.320454545454,258.98833333333334
2022-11-28,30.280000686645508,6.711999893188477,37.4598355077683,1047.93,4401.9,64.053854,0.0,1245.569515,21.986766,0.0,3929.6179937,0.004847,720.725169,488.76986,14.2,10.6,8.8,0.0,0.0,0.0,1.0367528200149536,22.459999084472656,9494.816666666668,2227.04375,27880.3,634.3916666666667,33309.35106382979,15925.136170212769,969.9531914893618,788.5041666666666,668.5583333333333,645.3625000000001,16295.316666666666,5472.129166666667,-6038.754166666667,16911.516666666666,169412.00444444444,67818.0125,442.5708333333334,4104.063829787234,33.03404255319149,32.46818181818182,138277.52000000002,6575.241666666666,2566.891666666667,5729.920833333334,23531.54680851064,297.5808333333334
2022-11-29,30.5049991607666,7.235000133514404,40.11049887418514,1043.4119,4576.4,64.660506,0.0,1247.815372,33.057787,0.721295,3788.6883682,0.004839,695.737073,427.347103,14.2,11.4,8.1,0.0,0.0,0.0,1.034554123878479,21.1299991607666,9623.370833333332,5134.889583333333,29471.99166666667,632.6374999999999,40404.49583333333,16931.822916666668,1023.4479166666666,745.9499999999999,691.0541666666667,638.5124999999999,17281.166666666668,6293.150000000001,-4480.904166666666,20778.58333333333,162673.55000000002,70045.6375,443.56666666666666,4336.322916666667,34.29375,26.3125,145862.59375,6058.849999999999,2269.3166666666666,2319.25,12621.910416666666,372.3329166666667
2022-11-30,33.310001373291016,6.929999828338623,44.29882185658801,1038.8324,4711.7,64.007417,0.0,1244.042653,44.117805,0.194319,3888.3217293,0.004806,757.237453,460.55479822,15.3,11.5,9.3,0.0,0.0,0.0,1.0324499607086182,21.96999931335449,9778.033333333333,3485.4625,30222.983333333334,688.7583333333333,43423.29375,17938.787500000002,921.7520833333332,758.65,711.5458333333332,652.9916666666667,17205.854166666668,5922.9875,-4724.958333333333,20515.420833333334,163956.13541666666,70851.28333333334,449.7,4303.1875,68.26875,64.36874999999999,149457.59791666668,5328.704166666666,2497.775,1817.3375,10925.510416666666,393.8525
2022-12-01,33.779998779296875,6.73799991607666,42.55023256925927,1033.5197,4044.2,88.460146,0.0,998.17567,38.826024,0.553738,3745.1491277,0.005203,851.331027,508.77614573,18.0,13.2,10.4,0.0,0.0,0.0,1.042535424232483,20.57999992370605,9988.716666666667,3675.235416666667,30730.64583333333,876.6916666666666,41844.89361702128,19063.66170212765,1010.4510638297872,789.4083333333333,718.1666666666666,627.7875,16262.404166666667,5498.854166666667,-4330.908333333334,19580.804166666665,163862.76249999998,70962.58333333333,445.075,4562.287234042553,57.21702127659574,48.92553191489362,147156.01041666666,5602.4375,2587.6,2354.7166666666667,12998.982978723405,394.94958333333335
2022-12-02,31.76000022888184,6.281000137329102,41.830416905740215,1028.3802,4232.6,92.421706,0.0,973.588499,105.134121,0.158,3823.6462199,0.00584,850.676152,532.15080775,17.4,13.0,8.1,0.0,0.0,0.0,1.052842140197754,21.09000015258789,9933.25,2590.51875,30090.7125,859.5583333333334,41187.11666666666,18341.20833333333,976.2166666666668,747.9708333333333,704.2125,633.2041666666667,16447.541666666668,4094.7666666666655,-4420.908333333334,18804.879166666666,165152.38125,71789.34583333334,454.3041666666666,5086.695833333333,34.16875,28.6875,146267.2125,4916.075,2505.7875,8238.675000000001,12307.78125,336.36083333333335
2022-12-05,33.185001373291016,5.577000141143799,41.62635742585354,1017.1151,4431.0,93.896445,0.0,1037.935632,110.574647,0.0,4038.2066178,0.00544,863.78395,539.46557468,16.4,11.6,4.1,0.0,0.0,0.0,1.0544185638427734,18.82999992370605,9878.7125,939.8791666666666,30663.43333333333,810.6750000000001,40277.674468085104,17726.789361702125,843.263829787234,793.6416666666668,604.2166666666667,629.5291666666667,15822.979166666666,5636.925,-3713.245833333333,19172.00833333333,165680.62916666668,72343.89166666666,446.48333333333335,4783.259574468086,55.25106382978724,46.85531914893617,144779.37916666668,3832.808333333333,2588.3708333333334,7705.0125,15454.293617021274,345.13166666666666
2022-12-06,32.845001220703125,5.468999862670898,42.60545338541062,1012.0558,4399.6,76.499152,0.0,1031.111533,104.340996,0.0,4024.740382,0.005296,903.764487,522.5096883499999,16.0,13.4,4.300000000000001,0.0,0.0,0.0,1.0496923923492432,18.350000381469727,10065.0625,2017.9333333333327,31321.4625,679.6125000000001,43655.375,18937.58958333333,962.50625,870.3000000000001,584.2291666666666,637.4625,16765.808333333334,5630.370833333333,-4420.241666666667,17449.516666666666,165957.43333333332,71767.40416666666,440.7416666666666,4461.404166666666,25.554166666666664,19.004166666666663,152400.91875,4464.4875,2475.945833333333,3859.6375,9394.454166666666,385.04791666666665
2022-12-07,33.349998474121094,5.7230000495910645,45.79271705090268,1006.6241,4418.6,69.195175,0.0,1013.288481,104.596911,0.0,3824.3811823,0.00536,877.965498,538.89952987,16.1,17.0,6.300000000000001,0.0,0.0,0.0,1.0469011068344116,19.36000061035156,9889.933333333332,914.71875,30805.775,742.2958333333332,44298.67872340426,17713.11489361702,1082.7680851063828,843.25,723.375,642.15,16081.108333333332,3766.9208333333336,-5022.941666666667,17669.491666666665,168068.34791666668,71437.24166666667,440.29583333333335,4482.889361702128,24.87234042553192,19.317021276595742,147850.18333333332,5525.866666666666,2582.5375,6650.133333333334,14430.802127659574,325.74083333333334
2022-12-08,34.29499816894531,5.961999893188477,42.79654153376277,1000.9526,4029.6,68.178831,0.0,1027.4151499999998,99.070952,0.0,3869.185593,0.005075,884.475333,536.02747683,17.0,19.9,5.0,0.0,0.0,0.0,1.051325798034668,20.34000015258789,9850.7875,1948.875,31516.729166666668,827.8166666666666,38357.45744680851,19047.88723404255,1115.327659574468,1011.525,755.3083333333334,645.7791666666667,15373.791666666666,4818.3125,-5040.825,17934.995833333334,163275.02916666667,72626.58333333333,441.7833333333333,4822.674468085107,23.93617021276596,19.24042553191489,144270.04791666666,4528.3625,2560.7291666666665,3139.475,15493.844680851063,389.50458333333336
2022-12-09,33.3650016784668,6.244999885559082,43.05352415976685,995.5367,4026.8,68.161257,0.0,1049.336163,99.234171,0.0,3626.3972765,0.005038,900.0713959999999,591.2206414,18.8,20.4,2.7,0.0,0.0,0.0,1.0559661388397217,20.520000457763672,9934.620833333332,3495.820833333333,31073.25833333333,839.725,38515.90833333333,18781.48125,1098.6666666666667,931.5666666666666,780.0208333333334,640.9458333333333,16967.091666666667,5471.8875,-4627.650000000001,17911.966666666667,165379.52708333332,73991.00833333333,448.8541666666667,4999.48125,28.6625,22.64583333333333,148162.70625000002,3494.1,2547.3375,3077.9833333333336,13930.766666666668,410.145
2022-12-12,32.92499923706055,6.586999893188477,42.12279261471333,977.6165,3844.7,71.74289,0.0,1154.620173,110.547336,0.0,3956.0201974,0.005726,847.7181820000001,588.63166265,19.7,18.1,10.9,0.0,0.0,0.0,1.0522217750549316,19.850000381469727,9873.083333333334,4393.458333333333,30783.74583333333,853.025,39546.87234042553,18719.19361702128,1641.408510638298,772.4083333333333,778.275,653.9208333333333,17592.2375,7267.633333333334,-5370.0625,19696.13333333333,174976.01875000002,74526.49166666667,439.3333333333333,5304.355319148936,31.67234042553192,24.493617021276595,148909.94166666668,4875.1875,2599.8458333333333,3118.254166666667,22538.906382978726,435.015
2022-12-13,33.345001220703125,6.934999942779541,42.491059790952576,968.9158,3866.8,88.274067,0.0,1163.710776,121.677035,0.0,4076.3983828,0.005599,885.7918540000001,576.31394039,20.8,19.7,8.9,0.0,0.0,0.0,1.0541739463806152,19.809999465942383,9464.0625,3270.820833333333,31359.529166666664,861.2083333333334,41037.77659574468,19666.86170212766,1390.323404255319,777.525,768.9041666666667,649.7708333333334,18891.3125,8206.050000000001,-5757.691666666667,20892.975,178511.53333333333,74817.12083333333,442.1208333333333,5277.75744680851,33.753191489361704,25.26170212765957,152824.63125,4158.591666666666,2565.8166666666666,4731.770833333333,21693.67021276596,443.1716666666667
2022-12-14,33.3849983215332,6.429999828338623,40.95902217088526,961.0664,4068.9,102.660371,0.0,1171.859649,110.516132,0.001467,3994.6762241,0.005501,891.190125,601.3380119200001,24.1,19.3,7.300000000000001,0.0,0.0,0.0,1.062665343284607,19.200000762939453,9649.658333333333,2485.84375,32385.89583333333,885.4583333333334,39851.7914893617,19952.56170212766,1178.6,836.4416666666666,812.1458333333334,644.5958333333333,18519.7625,8375.675000000001,-5903.95,21259.27083333333,176460.56875,74921.98333333332,442.175,5238.185106382979,36.93191489361702,27.8,153871.65,3657.7708333333335,2523.9875,4450.741666666667,18929.01489361702,444.925
2022-12-15,33.44300079345703,6.96999979019165,42.1693798427072,953.5757,4290.6,110.680675,0.0,1178.550793,115.428748,0.012153,4002.7662397,0.005743,867.112476,645.72395208,25.0,21.0,6.5,0.0,0.0,0.0,1.0676347017288208,19.07999992370605,9851.3875,3025.175,31777.6625,924.1666666666666,44892.1,22142.3,1409.3,847.4958333333334,777.5416666666666,636.0625,19010.1125,6845.837500000001,-5700.229166666667,19027.89583333333,175479.11875,75062.32083333333,446.06666666666666,6286.957142857144,36.635714285714286,27.716666666666665,152501.79583333334,4372.170833333334,2534.225,4759.037499999999,21041.959523809524,396.8083333333333
2022-12-16,35.57500076293945,6.599999904632568,36.00420389012574,947.0468,4413.5,107.622408,0.0,1239.906111,115.310919,0.0,4101.9330981,0.006084,857.545883,636.973442,23.3,20.8,3.6999999999999993,0.0,0.0,0.0,1.064056158065796,18.729999542236328,9898.445833333331,3909.054166666667,31574.675,895.7375000000001,38400.70208333333,19695.216666666667,1208.4625,838.9166666666666,797.3958333333334,645.2083333333334,20235.075,8009.883333333334,-4231.091666666666,20041.6875,173091.85208333333,75371.59999999999,451.7916666666667,5164.802083333333,67.75208333333333,63.33125,153063.63541666666,4554.591666666667,2540.2625000000003,2333.0750000000003,16584.379166666666,410.7970833333334
2022-12-19,36.4900016784668,5.85099983215332,33.67325485205296,934.2137,3936.7,95.741448,0.0,1268.435253,120.199512,0.0,4004.3675595,0.005975,752.4875400000001,516.90896535,18.5,6.300000000000001,10.1,0.0,0.0,0.0,1.05850350856781,18.51000022888184,9546.270833333334,132.90208333333334,25628.67916666667,885.8874999999999,24814.640909090907,15945.890909090907,917.181818181818,769.2291666666666,637.6875,647.3874999999999,16621.754166666666,4635.3125,-6617.316666666667,16542.966666666667,167414.56458333333,76004.65000000001,437.3125,5414.738636363636,97.93863636363636,107.05909090909093,118415.02083333331,5310.258333333333,2541.775,12128.666666666666,43941.89318181818,191.43125
2022-12-20,34.915000915527344,5.326000213623047,32.87908158552013,931.1683,3816.8,80.810004,0.0,1234.074372,109.174193,0.0,3837.3094656,0.005698,733.556381,449.13653362,13.2,8.6,10.3,0.0,0.0,0.0,1.0614584684371948,19.940000534057617,9440.295833333334,983.2520833333332,25446.795833333334,895.8583333333332,24340.50425531915,14681.642553191488,853.727659574468,792.0333333333333,631.425,648.9583333333334,16508.641666666666,6555.220833333333,-5634.279166666667,17129.083333333332,162992.47083333333,75976.34583333334,437.5875,4889.8,100.3595744680851,110.8063829787234,119617.60833333334,4358.820833333333,2498.358333333333,9252.391666666666,37347.32340425532,188.90166666666667
2022-12-21,31.68000030517578,5.331999778747559,30.44577448973773,929.7734,3945.5,67.00456,0.0,1234.165073,108.977107,0.0,3983.6269141,0.005176,752.215693,439.2596414,12.5,11.0,9.5,0.0,0.0,0.0,1.062699317932129,19.39999961853028,9439.841666666667,1282.5145833333331,28328.754166666666,822.3833333333333,24034.87234042553,15830.11914893617,778.1085106382978,780.7208333333333,720.8000000000001,644.9208333333333,17394.391666666666,5836.770833333333,-5103.279166666666,17953.149999999998,169240.46666666667,76850.22499999999,444.7166666666667,4464.81914893617,93.4063829787234,98.77954545454546,132822.74444444446,4934.287499999999,2513.65,7578.179166666666,28585.58936170213,213.63333333333333
2022-12-22,31.63500022888184,4.999000072479248,28.589377228138066,928.7365,3856.3,64.279762,0.0,1238.602962,108.769607,0.0,4018.2817646,0.004788,742.312906,403.2098147,12.6,10.0,6.199999999999999,0.0,0.0,0.0,1.0610079765319824,17.8700008392334,9466.616666666669,2679.6541666666667,27718.941666666666,804.725,21117.25,14166.0125,835.3854166666666,628.0375,670.8083333333333,642.8291666666667,17487.2375,5650.433333333333,-5172.7625,18056.95833333333,154231.62083333332,76521.86666666667,450.1791666666666,3756.560416666666,35.24791666666667,28.77916666666667,118339.34791666668,5185.545833333334,2573.233333333333,7404.241666666666,29597.36666666667,192.21291666666664
2022-12-23,28.1200008392334,5.078999996185303,25.786415498593083,928.3609,3693.5,65.118514,0.0,1105.793916,97.81122,0.0,3905.771841,0.0049,724.116032,446.26768807,13.4,8.6,6.6,0.0,0.0,0.0,1.060333013534546,18.729999542236328,9522.179166666669,1765.79375,27804.8875,879.8625000000001,19650.506666666668,14227.511111111113,815.5577777777778,557.0875,601.3625000000001,651.6583333333333,19249.75,5546.716666666667,-5023.408333333333,15760.425,144539.83333333334,74283.2375,443.7458333333333,4036.915555555556,75.53555555555555,68.15555555555555,112378.56666666668,5081.725,2580.5666666666666,4021.5833333333335,29450.25111111112,183.07541666666668
2022-12-27,28.184999465942383,5.2820000648498535,24.96117433998704,931.4395,3777.1,90.96426,0.0,967.368611,97.996546,0.0,3990.2910814,0.005373,687.68017,438.94952807,14.4,12.0,6.300000000000001,0.0,0.0,0.0,1.064022183418274,19.43000030517578,9285.991666666669,-533.93125,17182.879166666666,933.4416666666666,15470.774468085106,9349.446808510638,745.9234042553192,348.95416666666665,520.9416666666667,651.9458333333333,19828.7875,6775.991666666666,-5367.695833333333,15714.8625,139085.314893617,73704.25833333333,435.9166666666667,4026.414893617021,85.20212765957447,80.78260869565217,98418.1829787234,8869.133333333333,2566.7416666666663,11090.408333333333,30481.09574468085,92.43916666666668
2022-12-28,28.51000022888184,4.709000110626221,25.361785166317404,931.4201,3784.5,89.878511,0.0,975.949094,114.268823,0.0,4008.7056272,0.005299,691.472253,430.03149295,12.7,7.5,6.5,0.0,0.0,0.0,1.0637166500091553,18.65999984741211,9114.358333333334,-1977.920833333333,15998.345833333333,911.925,14136.21914893617,8332.772340425532,649.8936170212766,388.8416666666667,518.3458333333333,651.4458333333333,19867.504166666666,5810.579166666666,-7613.554166666666,15654.870833333334,142356.0489361702,74293.60833333332,442.8958333333333,4441.034042553191,84.67021276595744,69.01739130434783,94137.1255319149,7561.533333333333,2247.2541666666666,12098.775,38209.8085106383,44.17666666666667
2022-12-29,28.82999992370605,4.559000015258789,26.115185552944805,931.789,3846.0,67.821444,0.0,1123.948721,97.989777,0.0,4021.9871049,0.0,666.041942,484.01024683,9.0,10.1,6.4,0.0,0.0,0.0,1.062925100326538,19.6299991607666,8823.566666666668,-2993.5145833333336,15570.179166666669,894.275,13005.28125,7991.497916666667,725.5416666666666,320.6458333333333,405.9166666666667,645.45,18556.754166666666,6570.2625,-6897.820833333334,12561.154166666667,137763.26458333334,70236.16249999999,445.9375,4326.9875,95.85208333333333,85.72083333333335,87370.82708333334,6064.4375,2477.133333333333,10674.633333333331,42022.90208333333,14.08625
2022-12-30,29.51499938964844,4.474999904632568,23.844531369000453,932.4036,3770.6,55.805364,0.0,1131.514899,114.441864,0.0,4051.1240898,0.0,661.449789,434.4134693,11.3,8.6,4.4,0.0,0.0,0.0,1.066075325012207,20.709999084472656,8830.154166666667,-3227.589583333333,15259.0875,943.2791666666668,12054.904444444444,8259.533333333333,784.3977777777778,258.7708333333333,352.0,641.6125000000001,19018.366666666665,6600.0125,-7151.783333333333,11806.508333333331,136843.99583333332,67601.54166666667,444.5875,4051.062222222222,93.78666666666666,92.53111111111112,84562.91458333333,6619.45,2455.0916666666667,11220.791666666666,46251.69777777778,14.15875
2023-01-03,29.34499931335449,3.98799991607666,22.63037125685045,933.9947,3755.315909090909,50.082734,0.0,826.443731,93.258358,0.0,4035.5724853,0.0,638.382096,462.9414752,12.8,10.2,6.4,0.0,0.0,0.0,1.0677714347839355,20.34000015258789,9435.8,1311.1041666666667,25989.93333333333,1466.6416666666669,20505.316666666666,10921.34375,879.775,580.0041666666667,621.9125,641.9125,20697.37083333333,8260.775,-3576.370833333333,19036.725,149260.39375000002,78008.59583333334,429.6375,4021.0833333333335,89.87083333333334,86.35625,119376.7125,7862.983333333334,2460.6666666666665,8625.445833333333,21639.454166666663,143.9079166666667
2023-01-04,29.5,4.171999931335449,20.09899243890422,933.2785,3740.031818181818,54.113088,0.0,854.704467,92.459214,0.0,3936.6244425,0.0,645.972171,410.30538393,11.5,6.1,7.4,0.0,0.0,0.0,1.0546854734420776,18.90999984741211,9135.845833333333,-1224.497916666667,17360.983333333334,1384.5958333333335,16353.935416666667,9669.310416666667,860.2604166666666,498.075,677.4416666666667,637.1750000000001,19700.858333333334,5887.1875,-5660.433333333333,16692.100000000002,153989.38125,76878.40833333334,437.0208333333333,4657.08125,102.58125,102.02708333333334,103911.23958333331,6878.512500000001,2184.9333333333334,11687.745833333334,40795.01458333333,55.57333333333333
2023-01-05,28.850000381469727,3.7200000286102295,22.51272420048144,931.8386,3724.7477272727274,65.921957,0.0,768.503058,33.217646,0.0,4025.3181786,0.0,626.185124,430.27210808,10.1,7.6,8.8,0.0,0.0,0.0,1.0606365203857422,18.229999542236328,9359.754166666668,247.20625000000004,21103.391666666663,1349.7458333333332,20209.24583333333,10385.35,828.1520833333334,512.4041666666667,667.4791666666666,641.9041666666667,19577.783333333333,7160.241666666666,-4423.379166666667,18157.279166666667,151474.125,78174.21666666666,438.0583333333333,4274.391666666666,89.47708333333333,81.00208333333333,114173.98541666666,7054.645833333333,2179.5583333333334,7369.241666666666,30088.17916666667,111.92041666666664
2023-01-06,28.450000762939453,3.7100000381469727,21.443489246837185,931.2802,3709.4636363636364,90.98787,0.0,813.231755,10.904238,0.0,4024.861143,0.0,633.594736,402.44775408,11.4,8.5,6.4,0.0,0.0,0.0,1.0522217750549316,20.170000076293945,9274.770833333334,128.27499999999998,22732.979166666668,1357.6833333333334,15418.95625,8992.981249999999,730.5604166666667,453.81666666666666,687.6708333333332,650.35,19137.654166666667,5317.6125,-4309.633333333333,17608.554166666665,142753.50625,79137.57916666666,441.925,4358.78125,88.50208333333335,76.92708333333333,107982.62708333333,7036.575,2551.4875,10581.166666666666,25962.014583333334,117.05416666666667
2023-01-09,27.114999771118164,3.910000085830689,23.20592510334493,927.5206,3694.1795454545454,88.951127,0.0,845.174841,87.35028,0.0,4045.3980863,0.0,619.544575,373.7128541,12.4,12.3,4.9,0.0,0.0,0.0,1.0656323432922363,20.020000457763672,9187.475,2764.4208333333336,26185.70833333333,1431.9041666666665,17052.445833333335,10520.660416666668,855.9083333333333,500.0708333333334,538.4666666666667,632.9375,19146.425,7668.474999999999,-5869.204166666666,17332.045833333334,158373.62916666668,79003.41249999999,443.1,4346.73125,94.34583333333336,77.06041666666667,114164.62291666667,5721.8125,2491.9,8805.158333333333,36945.51875,130.57875
2023-01-10,27.059999465942383,3.638999938964844,22.04234760934883,924.8934,3678.8954545454544,89.926246,0.0,760.588829,87.739657,0.0,4028.3360111,0.0,628.054911,380.93369207,12.9,9.8,9.6,0.0,0.0,0.0,1.073318362236023,22.8700008392334,9167.695833333331,2198.9,27480.9625,1464.975,17418.677083333332,12088.64375,729.1750000000001,585.4583333333334,633.2333333333333,647.2875,21605.0,6297.479166666667,-5371.558333333333,21122.366666666665,162605.00833333333,79922.69583333333,444.475,4636.804166666667,100.75208333333336,95.87916666666666,119110.97083333334,6321.058333333333,2438.0125000000003,9114.470833333333,35776.28333333333,118.92125
2023-01-11,26.8700008392334,3.671000003814697,20.56703357435805,922.3836,3663.6113636363634,83.684899,0.0,746.229814,87.591556,0.0,3947.9572827,0.0,640.960695,381.31792602,11.9,9.3,11.4,0.0,0.0,0.0,1.0738946199417114,22.290000915527344,8856.9125,-7.479166666666771,23713.704166666663,1442.5166666666669,17829.454166666666,10503.741666666669,823.7375000000001,416.8833333333334,471.3333333333333,641.5749999999999,20579.62083333333,7021.400000000001,-6041.3,16645.2625,164450.1106382979,78064.5125,444.475,4751.497916666666,94.68125,81.33404255319148,113167.98510638296,6428.837500000001,2405.208333333333,11022.6375,41520.65,84.70083333333334
2023-01-12,26.76000022888184,3.694999933242798,21.08047255514528,920.0537,3648.3272727272724,75.576847,0.0,750.974503,87.713588,0.0,3959.328755579,0.0,642.187013,379.30403662,10.2,7.6,10.5,0.0,0.0,0.0,1.0766000747680664,21.13999938964844,9144.691666666668,457.1479166666666,19120.991666666665,1518.9625,18030.72708333333,9071.595833333333,862.0270833333334,421.9333333333333,344.6,635.55,20872.24583333333,7248.05,-4929.908333333334,16741.1875,166670.08260869564,77293.49583333333,448.1,5087.772916666667,96.57291666666669,94.0086956521739,109243.21739130437,7288.470833333334,2377.7291666666665,10559.475,46154.21666666667,71.27458333333333
2023-01-13,26.80699920654297,3.4189999103546143,20.62936075468253,917.3944,3633.043181818182,71.813002,0.0,732.598154,87.705517,0.0,3954.9962478,0.0,614.348945,368.98129778,9.5,10.6,10.1,0.0,0.0,0.0,1.0860239267349243,21.670000076293945,9006.508333333333,-863.7854166666667,17852.929166666665,1510.9541666666669,19437.954166666663,8953.125,847.875,399.5708333333334,382.62916666666666,587.1,21541.825,7475.741666666668,-4995.6875,18962.5,160168.60624999998,77363.12083333333,456.25,5320.349999999999,92.74375,80.03958333333334,110022.79791666666,7352.216666666667,2289.2875,10605.7125,41166.84583333333,66.35208333333334
2023-01-17,22.725000381469727,3.5859999656677246,19.064138625905823,902.9051,3617.759090909091,77.626824,0.0,766.628389,82.157011,0.0,3843.1349027,0.0,598.7901830000001,349.81066387,15.3,20.3,5.800000000000001,0.0,0.0,0.0,1.083012938499451,20.700000762939453,9077.879166666668,3571.81875,27202.216666666664,1485.0875,24630.225,12783.997916666667,936.8833333333332,412.9625,398.81666666666666,644.3458333333333,20970.20833333333,6257.8625,-5950.454166666666,19064.608333333334,168528.09583333333,78035.25416666667,440.9125,4664.472916666667,52.74166666666667,38.51458333333333,125959.28958333336,7050.120833333333,2212.1583333333333,7578.075,35254.722916666666,134.5920833333333
2023-01-18,23.09000015258789,3.311000108718872,19.520640112286568,897.2544,3602.475,74.309971,0.0,824.4864729999999,60.600638,0.0,3806.11722,0.0,593.159954,336.14966208,19.2,18.5,7.699999999999999,0.0,0.0,0.0,1.0793308019638062,20.57999992370605,9097.958333333334,1954.7854166666664,27782.358333333334,1386.4833333333331,26743.14583333333,14557.808333333334,897.9562500000001,463.1666666666667,405.6541666666667,630.4125,21254.641666666663,6763.429166666666,-4146.258333333333,21108.779166666667,174023.7404255319,77772.0625,440.9791666666667,5220.472916666667,61.6,52.56595744680851,136186.92340425533,7525.854166666667,2208.858333333333,8857.333333333334,28864.95625,143.28458333333333
2023-01-19,22.950000762939453,3.275000095367432,19.21492552501597,890.6133,3587.190909090909,85.208339,0.0,814.817321,65.822927,0.0,3806.3470703,0.0,590.65622,260.39041351000003,19.2,18.4,10.7,0.0,0.0,0.0,1.0797853469848633,19.59000015258789,9114.9,3133.145833333333,26646.6,1327.9666666666667,26958.095833333336,15835.752083333333,1215.5979166666666,485.9041666666667,582.6374999999999,654.8458333333333,22352.4625,7049.791666666667,-4612.833333333333,23628.575,172745.71041666667,74992.85416666667,449.1833333333333,4716.629166666667,44.42916666666667,30.883333333333336,138042.54166666666,7516.229166666667,2204.583333333333,7106.258333333334,27391.922916666663,149.68708333333333
2023-01-20,22.815000534057617,3.174000024795532,21.24165159638145,883.7173,3571.906818181818,87.704293,0.0,797.696609,92.99818,0.0,3804.2757549,0.0,619.8921869999999,237.41865682,19.8,16.4,13.6,0.0,0.0,0.0,1.083388328552246,18.489999771118164,9418.770833333334,3683.6354166666665,28566.45833333333,1399.15,32113.365957446807,17340.08510638298,1030.5042553191488,607.3375,555.6416666666667,642.1333333333333,23025.666666666668,7179.445833333334,-3891.025,24194.345833333336,171098.67708333334,77351.89166666666,454.5833333333333,4680.253191489362,49.765957446808514,38.61702127659574,145291.31458333333,6505.733333333334,2266.5583333333334,3945.1875,21019.817021276594,180.5445833333333
2023-01-23,23.2549991607666,3.447000026702881,21.016538308018536,863.5858,3556.6227272727274,97.831854,0.0,669.383792,71.339036,0.019941,3727.2687035,0.0,647.677261,250.1875533,17.2,19.2,14.0,0.0,0.0,0.0,1.086507797241211,18.61000061035156,9781.545833333334,4903.677083333333,30103.9125,1313.9208333333331,34099.504166666666,17078.07083333333,1286.8833333333334,554.2125,567.8208333333333,645.0208333333334,21804.141666666663,8213.104166666666,-4661.095833333334,22915.0375,173366.43541666667,77657.12083333333,440.69166666666666,4499.7875,42.56875,30.38958333333333,148145.29791666666,6721.383333333334,2356.75,904.7666666666668,21408.045833333334,203.39625
2023-01-24,22.114999771118164,3.257999897003174,18.570755599552783,855.5187,3541.3386363636364,97.614402,0.0,653.020548,71.277764,0.0,3817.7052343,0.0,627.8948109999999,242.55088897,18.5,16.2,12.7,0.0,0.0,0.0,1.0874292850494385,19.59000015258789,9832.875,4431.547916666666,30178.62083333333,1390.7833333333335,37204.131914893616,18342.808510638297,1216.276595744681,538.0416666666666,627.5291666666667,638.0333333333333,22230.30833333333,8734.045833333334,-4312.962500000001,22835.00833333333,174040.34166666667,77728.10416666667,437.56666666666666,4606.570212765958,48.52765957446809,33.255319148936174,151702.92083333334,7240.620833333333,2376.425,1094.3583333333331,18556.536170212767,202.03958333333333
2023-01-25,20.940000534057617,3.066999912261963,18.080960137145222,847.8995,3526.0545454545454,96.813519,0.0,603.470688,76.609485,0.0,4002.3781812,0.0,638.121397,234.40992018,17.4,17.4,11.3,0.0,0.0,0.0,1.088814616203308,19.11000061035156,9705.575,3029.4791666666665,30634.6625,1276.5208333333333,36058.96170212766,18464.68510638297,1262.2531914893618,442.7791666666667,341.87916666666666,632.7875,21588.529166666667,7953.262500000001,-3133.1875,20787.5125,175813.7645833333,78035.75416666667,445.56666666666666,4375.778723404255,65.55106382978724,53.01063829787234,151597.75416666668,6267.795833333334,2373.7541666666666,4367.325,19300.55319148936,181.77666666666667
2023-01-26,20.165000915527344,2.944000005722046,17.546645029342034,840.6904,3510.7704545454544,97.501194,0.0,593.8183650000001,98.620246,0.0,3777.3397478,0.0,653.7942869999999,231.21769723,18.5,13.3,10.7,0.0,0.0,0.0,1.0922038555145264,22.61000061035156,9535.020833333334,3404.7604166666665,31339.00833333333,1285.0583333333334,34124.378723404254,18132.736170212764,1078.782978723404,407.9041666666667,583.8083333333333,649.6666666666666,21641.179166666665,6336.516666666666,-3553.5,22467.8,179885.94468085107,78741.2,450.5333333333333,4796.614893617021,41.08085106382978,30.589130434782607,152089.77234042552,5795.5625,2346.445833333333,8419.491666666667,20544.75531914893,167.04375000000002
2023-01-27,19.5,3.108999967575073,17.697065915884036,832.819,3495.4863636363634,81.49822,0.0,598.914806,93.266942,0.0,3571.2888043,0.0,666.302924,248.6522117,17.1,14.0,12.1,0.0,0.0,0.0,1.0894432067871094,24.799999237060547,9622.033333333333,4787.712500000001,30591.566666666666,1299.8875,32484.1340425532,17370.987234042554,988.3659574468084,461.45416666666665,660.65,653.9958333333333,21063.35,5873.933333333333,-4829.091666666666,21536.108333333334,173848.24166666667,78310.77083333333,449.4333333333333,4504.689361702128,36.07659574468085,25.775,142508.32916666666,7745.0,2414.2791666666667,4213.158333333334,25360.845833333336,168.96541666666667
2023-01-30,19.48500061035156,2.677000045776367,17.574032522242298,813.9438,3480.2022727272724,78.903223,0.0,615.83445,76.684212,0.155567,3701.3090584,0.0,646.145424,231.43918348,14.9,12.0,14.1,0.0,0.0,0.0,1.0871455669403076,26.520000457763672,9417.9125,-626.3854166666667,20884.429166666665,1335.025,30574.769767441863,11398.955813953487,886.0906976744186,232.8,366.25,640.15,19132.041666666668,6685.820833333334,-3890.445833333333,18616.9625,171533.51666666666,77430.28749999999,436.8958333333333,5871.246511627907,75.98837209302326,60.98913043478261,122583.77916666667,10356.608333333334,2507.5291666666667,9233.7625,40856.921739130434,76.25583333333334
2023-01-31,19.02499961853028,2.684000015258789,18.23883427605585,810.1722,3464.918181818182,82.897609,0.0,614.7838429999999,76.122992,0.149129,3754.5263322,0.0,642.276911,242.01892024,14.5,11.8,11.9,0.0,0.0,0.0,1.0850694179534912,23.729999542236328,9556.575,595.5958333333333,20548.3875,1361.1291666666666,26208.35625,10655.554166666669,835.34375,282.7333333333333,501.6958333333334,642.5291666666667,18996.129166666666,4745.170833333334,-3964.133333333333,20999.3875,171218.17916666667,77463.09166666666,437.1333333333334,5180.635416666667,98.37708333333336,105.20208333333332,122146.51666666666,10283.083333333334,2553.3083333333334,8822.583333333334,39518.8375,116.73541666666668
2023-02-01,18.96999931335449,2.4679999351501465,18.9484061771919,804.8733,3449.634090909091,83.090041,0.0,797.044926,76.201923,1.481621,3053.4635355,0.0,682.189773,283.17835555,14.3,11.7,11.2,0.0,0.0,0.0,1.0860947370529177,26.13999938964844,9668.041666666666,759.2645833333332,19887.575,1450.45,24373.025,9857.166666666666,922.6145833333334,333.00416666666666,598.2708333333334,638.6083333333333,18057.3875,5160.195833333333,-4779.666666666667,22156.841666666664,169937.09375,77655.38333333333,442.2625,5435.858333333334,95.91041666666666,94.20625,117007.99791666667,10956.3125,2451.645833333333,9678.016666666666,42611.93333333333,92.84291666666668
2023-02-02,18.3700008392334,2.4560000896453857,18.41070044284795,799.785,3434.35,84.519708,0.0,913.282887,81.553317,0.563249,3760.5745886,0.0,711.143526,287.10940886,14.7,10.3,10.8,0.0,0.0,0.0,1.1012852191925049,22.989999771118164,9968.925,1911.5645833333333,25758.39583333333,1451.6666666666667,28582.597916666666,11991.39375,902.73125,344.4583333333333,638.7875,640.4541666666667,18027.679166666665,5634.195833333334,-3722.8,21566.841666666667,169446.6,78575.10833333334,445.1125,5240.485416666666,91.98333333333332,91.53541666666666,130289.20208333334,11696.454166666665,2600.083333333333,8419.3125,29099.52708333333,137.56333333333333
2023-02-03,18.52499961853028,2.4100000858306885,18.50195746278069,795.473,3419.065909090909,83.305635,0.0,958.942936,81.631548,0.0,3689.5339869,0.0,706.03036,303.20302649,12.9,8.6,10.5,0.0,0.0,0.0,1.09051251411438,25.51000022888184,9885.154166666664,2066.141666666667,22520.283333333336,1381.7125,26219.666666666668,11422.404166666667,923.38125,432.06666666666666,590.8000000000001,646.6999999999999,18046.216666666667,4160.683333333333,-4894.150000000001,21223.729166666668,167478.46875,79353.73333333334,446.15,5093.195833333333,82.14166666666667,63.91041666666666,122838.98541666666,10850.683333333332,2540.1666666666665,7855.158333333333,35286.558333333334,102.23833333333332
2023-02-06,18.4950008392334,2.4570000171661377,18.377673020688142,781.1436,3403.781818181818,82.475692,0.0,971.340731,75.97569,0.0,3752.4790068,0.0,784.428052,280.02422566,20.8,15.8,14.6,0.0,0.0,0.0,1.079086184501648,24.14999961853028,9988.491666666669,4766.747916666666,30014.6125,1250.2958333333331,31489.816666666666,15615.522916666669,1041.2666666666669,499.475,665.5541666666667,634.6833333333333,17749.149999999998,5731.620833333333,-3217.433333333333,18955.216666666667,171560.39787234043,79422.82083333333,440.2416666666666,4319.314583333334,78.58749999999999,61.45744680851064,140568.48510638298,12902.579166666668,2608.375,758.2333333333332,23532.80625,172.9958333333333
2023-02-07,18.184999465942383,2.5840001106262207,17.42428383804743,773.8454,3388.4977272727274,83.857229,0.0,969.793122,75.99131,0.0,3827.0651411,0.0,803.888412,278.43909548,21.8,16.7,14.7,0.0,0.0,0.0,1.0730764865875244,21.3799991607666,9858.966666666664,4262.20625,29628.029166666664,1111.7541666666666,34808.839583333334,16201.083333333334,1088.4979166666667,491.1583333333333,415.0375,638.1416666666667,18520.63333333333,7381.041666666667,-3412.679166666667,20355.729166666668,175374.314893617,78324.14166666666,441.4375,4648.985416666666,48.825,35.86595744680851,145802.15106382978,14665.175,2587.6125,2150.833333333333,20555.5375,173.51708333333332
2023-02-08,17.93000030517578,2.3959999084472656,16.88297070327459,766.4737,3373.2136363636364,87.985609,0.0,957.521683,76.102792,0.0,3801.420572,0.0,808.015987,309.75419232,21.1,17.5,15.0,0.0,0.0,0.0,1.0729728937149048,22.26000022888184,9701.804166666669,2248.264583333333,29335.8625,1061.1333333333334,33774.585106382976,15716.23829787234,1055.3893617021276,432.1833333333333,392.14166666666665,654.6666666666666,17906.866666666665,5657.754166666667,-2929.5625,17526.25,174024.58333333334,80274.44583333333,443.44166666666666,4948.834042553192,91.38297872340424,89.81914893617021,138798.1125,16068.020833333334,2591.804166666667,4120.974999999999,25666.691489361703,150.00083333333333
2023-02-09,17.915000915527344,2.430000066757202,16.561777681019556,758.8946,3357.9295454545454,92.393153,0.0,969.828518,108.615837,0.0,3845.3681905,0.0,789.846621,297.40720602,20.0,15.7,14.7,0.0,0.0,0.0,1.0715816020965576,22.61000061035156,9524.370833333332,1621.3083333333334,27915.87083333333,1119.275,34782.493617021275,13582.176595744682,1218.0106382978724,239.8958333333333,302.31666666666666,657.2624999999999,17401.65,5292.695833333333,-3470.2375,15052.7,175685.56666666665,80719.19583333333,448.1125,5075.727659574468,76.57659574468084,60.59574468085106,134769.4375,17158.695833333335,2527.8708333333334,7515.9875,29186.84680851064,133.09166666666667
2023-02-10,17.985000610351562,2.513999938964844,16.984596519574907,752.3464,3342.6454545454544,89.274203,0.0,968.246178,97.794838,0.0,3241.4492293000003,0.0,790.232706,321.34948351,16.0,15.8,14.0,0.0,0.0,0.0,1.0742292404174805,21.739999771118164,9455.954166666666,1282.54375,27095.33333333333,1129.0666666666666,30830.86458333333,12798.25625,1070.8666666666666,234.1083333333333,382.1041666666667,642.4041666666667,16835.891666666666,4660.858333333333,-2726.625,15849.466666666667,171578.54166666666,80386.91249999999,455.3375,5024.91875,87.1375,82.21875,129991.92708333331,15317.916666666666,2592.7125,7368.920833333334,30243.204166666663,124.55625
2023-02-13,17.895000457763672,2.4049999713897705,16.181494243971898,738.3865,3327.3613636363634,90.751833,0.0,970.222629,76.146405,0.0,3990.1339012,0.0,732.208306,330.26550019,11.9,12.2,11.3,0.0,0.0,0.0,1.0677714347839355,20.600000381469727,9530.825,4420.037499999999,30093.6875,1341.2708333333333,34552.025,14819.997916666667,998.0166666666668,354.2875,301.9166666666667,641.7916666666666,14972.2375,4662.704166666666,-3985.1041666666665,13397.633333333331,162790.32708333334,79023.89166666668,449.2375,4181.135416666667,75.43333333333334,72.61041666666667,133559.30416666667,15296.1,2634.9041666666667,1986.858333333333,20589.533333333333,163.41791666666668
2023-02-14,17.889999389648438,2.566999912261963,16.474904897076513,733.4188,3312.0772727272724,85.118514,0.0,867.051518,76.219171,0.0,3905.1564523,0.0,729.677823,330.10141623000004,14.7,12.9,10.8,0.0,0.0,0.0,1.073041915893555,19.96999931335449,9857.195833333331,4992.679166666667,30346.670833333334,1443.4333333333334,34400.70625,16242.410416666666,1037.6625,545.2666666666667,548.3041666666667,642.1125000000001,15388.8625,3903.3541666666665,-3338.9833333333336,17094.329166666666,163940.48541666666,79312.3,449.7416666666666,4834.610416666666,93.1,97.70416666666668,138172.27083333334,15046.395833333334,2724.3250000000003,1035.2708333333333,17727.377083333333,154.45916666666668
2023-02-15,17.881999969482422,2.470999956130981,17.21616669707228,728.7353,3296.793181818182,86.870888,0.0,823.60547,76.2173,0.0,3959.8076402,0.0,728.9476169999999,382.65714826,16.8,11.5,10.3,0.0,0.0,0.0,1.0735719203948977,19.1200008392334,9778.220833333333,4648.114583333333,30331.608333333334,1177.4083333333333,33814.833333333336,16025.6,998.55,490.2458333333333,599.2583333333333,640.8666666666667,15406.275,5211.045833333333,-2423.2875,18389.82083333333,163547.28333333333,78597.58333333333,441.6625,5125.083333333333,81.43333333333334,68.34166666666667,139306.55416666667,16654.833333333332,2709.9708333333333,3227.8875000000003,14299.364583333334,142.60666666666663
2023-02-16,16.295000076293945,2.388999938964844,16.29803636599772,724.8763,3281.509090909091,79.332811,0.0,972.934701,59.870898,0.0,3808.1348138,0.0,737.216404,383.91906583,14.2,8.4,10.2,0.0,0.0,0.0,1.0691757202148438,19.020000457763672,9483.658333333333,4981.55,29135.979166666668,1156.2166666666667,29627.597916666666,14238.672916666668,1021.6708333333332,389.9625,496.0291666666667,643.875,15168.654166666667,5184.587500000001,-2251.8708333333334,15776.670833333332,162097.0375,77231.00416666667,445.62916666666666,4664.54375,62.68125,53.177083333333336,129194.225,16343.2375,2604.9125,6606.720833333333,21427.845833333333,136.4475
2023-02-17,15.920000076293944,2.275000095367432,15.33186889593576,722.0692,3266.225,72.894007,0.0,866.8275600000001,70.597791,0.0,3633.0387641,0.0,707.075397,392.52311463,9.6,6.4,10.1,0.0,0.0,0.0,1.0665756464004517,18.700000762939453,9092.491666666669,1093.4833333333331,19039.658333333333,1264.4166666666667,24746.047916666663,10701.079166666666,949.3125,377.2791666666667,388.325,643.0500000000001,14736.629166666666,3421.3541666666665,-4650.175,14797.575,158590.07916666666,76452.8125,448.42083333333335,4938.068749999999,79.79375,88.66041666666666,109323.80625,11207.704166666668,2604.0666666666666,9024.841666666667,39149.9875,77.90291666666667
2023-02-21,14.300000190734863,2.072999954223633,15.197999087515834,713.3503,3250.940909090909,94.637385,0.0,777.7944620000001,43.997845,0.0,3937.3514641,0.0,610.2196690000001,433.74799445,9.3,9.8,8.0,0.0,0.0,0.0,1.068261981010437,19.0,9550.529166666667,4844.73125,23540.675,1220.425,31587.416666666668,12320.764583333332,1102.1395833333331,435.3125,730.975,636.7083333333334,17117.175,5385.529166666666,-2831.05,17609.833333333332,156558.875,75616.85416666667,451.8666666666666,4403.79375,72.39375,63.94791666666666,127473.81458333333,14563.4875,2593.5416666666665,3998.3916666666655,19804.122916666667,126.17083333333332
2023-02-22,14.84000015258789,2.174000024795532,15.78695229020716,710.0861,3235.6568181818184,101.316664,0.0,779.8134729999999,54.980327,0.0,4017.2005601,0.0,599.545886,453.00830613,11.2,12.1,7.199999999999999,0.0,0.0,0.0,1.065200924873352,19.07999992370605,9713.308333333332,5337.652083333333,27521.55416666667,1359.2875,35750.629166666666,14654.995833333334,1144.8604166666669,553.0166666666667,825.9375,635.6916666666667,17244.899999999998,5300.470833333334,-1860.1166666666668,16450.770833333332,157930.1,75315.95416666666,454.0541666666666,4624.087500000001,70.68333333333334,57.33125,138377.5625,14184.991666666669,2617.7208333333333,2372.8,11273.633333333331,148.43041666666667
2023-02-23,14.899999618530272,2.313999891281128,15.784369881786782,707.0077,3220.3727272727274,106.378916,0.0,810.945129,71.441115,0.0,3840.147376,0.0,587.514702,444.19844078,11.3,12.1,7.6,0.0,0.0,0.0,1.0605803728103638,18.39999961853028,9508.245833333332,4315.077083333334,27807.17916666667,1484.925,34567.35625,13817.947916666666,1057.7208333333333,476.7375,615.1125000000001,629.8791666666667,16988.541666666668,4775.900000000001,-1722.7083333333333,15810.654166666667,162440.4510638298,74924.825,453.525,4401.775000000001,49.22083333333333,33.02978723404256,137532.41914893617,11540.616666666669,2573.083333333333,4699.408333333334,16270.775,146.07875
2023-02-24,14.989999771118164,2.450999975204468,15.84520006906387,703.9285,3205.0886363636364,96.326461,0.0,820.8568710000001,93.143644,0.072126,3929.5492078,0.0,593.381427,441.45690336,14.7,14.1,7.1,0.0,0.0,0.0,1.0598047971725464,18.96999931335449,9487.75,2743.239583333333,24296.920833333334,1446.2208333333335,29303.650000000005,11645.997916666667,1041.05,480.1125,608.1583333333333,633.8708333333333,17151.920833333334,3644.5833333333335,-1860.5583333333327,16313.8875,157400.70833333334,74688.70833333333,457.65,4609.527083333333,79.3625,69.33125,122383.69791666669,12060.654166666667,2582.725,8647.691666666668,24662.83333333333,116.50541666666668
2023-02-27,14.970000267028809,2.7309999465942383,14.631580042936434,692.215,3189.8045454545454,95.226727,0.0,848.072008,82.363981,0.002933,3957.7931583,0.0,636.303115,438.47745962,17.9,14.2,8.7,0.0,0.0,0.0,1.055475831031799,19.100000381469727,9486.304166666669,4344.822916666667,27537.925,1453.2958333333331,32571.31333333333,14788.635555555556,1123.9288888888889,480.8458333333333,501.3541666666667,644.25,15933.779166666667,5253.366666666667,-4228.883333333333,12817.170833333332,162714.01458333334,72519.24583333333,448.8833333333334,5089.468888888889,37.97333333333333,28.11914893617021,125282.38333333336,17209.024999999998,2683.679166666667,2380.925,28224.67659574468,152.74
2023-02-28,14.359999656677246,2.746999979019165,14.51265814049322,686.3222,3174.5204545454544,84.570983,0.0,954.753099,77.090483,0.0,3946.9255001,0.0,672.435819,452.22275134,17.7,13.5,8.5,0.0,0.0,0.0,1.0611205101013184,19.09000015258789,9461.904166666667,2644.7145833333334,28235.18333333333,1450.2291666666667,33711.231250000004,13873.475,1068.4104166666666,424.4083333333333,371.5833333333333,650.7708333333334,15737.554166666669,5634.0625,-3856.3541666666665,13865.058333333334,165122.66041666668,72669.1125,452.92083333333335,4904.006249999999,31.110416666666666,23.01875,132072.60208333333,20527.108333333334,2532.820833333333,1056.2416666666666,22258.385416666668,148.00666666666666
2023-03-01,14.579999923706056,2.811000108718872,14.596190482994688,681.5597,3159.2363636363634,87.57303,0.0,757.252676,120.761939,0.241638,4013.2496358,0.0,752.153702,484.46921381,18.0,12.7,8.7,0.0,0.0,0.0,1.0577309131622314,17.799999237060547,9551.825,2982.31875,27859.783333333336,1402.8916666666669,36320.4625,13301.110416666668,925.65,445.94166666666666,460.55,646.0666666666667,16311.154166666667,5256.404166666666,-2522.425,13003.620833333332,164902.7875,72289.69166666667,455.025,5318.210416666667,46.41875,32.5875,134201.52083333334,21946.004166666666,2674.775,1639.2458333333334,18908.647916666665,142.66583333333332
2023-03-02,14.585000038146973,2.765000104904175,14.638527213876502,676.2093,3143.9522727272724,94.493243,0.0,855.519807,99.091389,0.0,3982.2843765,0.0,730.1367730000001,478.77320102,18.0,14.0,8.7,0.0,0.0,0.0,1.066894292831421,17.06999969482422,9430.0375,3268.7041666666664,28431.254166666666,1374.0375,36482.47708333333,13452.939583333333,927.5166666666668,433.73333333333335,352.1541666666667,644.75,15826.354166666666,5771.858333333334,-2659.3416666666667,12249.2875,164359.30416666667,72500.45833333333,453.8125,5390.177083333333,37.40833333333333,28.418750000000003,134539.91041666668,20189.81666666667,2658.05,3281.191666666667,18083.891666666663,144.91
2023-03-03,14.324999809265137,3.009000062942505,13.973504057862092,671.2202,3128.668181818182,98.542106,0.0,703.369584,120.143712,0.0,3890.4530154,0.0,722.477799,482.630778,18.1,14.2,9.5,0.0,0.0,0.0,1.0599732398986816,16.950000762939453,9156.895833333334,3888.304166666667,26855.15,1446.1041666666667,36665.86595744681,13516.427659574469,973.508510638298,406.875,545.5208333333334,639.3083333333333,16474.454166666666,5534.795833333334,-3016.3250000000003,14026.366666666669,162288.24166666667,71212.56666666667,455.1375,4942.576595744681,21.65531914893617,18.36808510638298,132249.51249999998,18359.329166666663,2649.895833333333,5530.408333333333,18478.840425531915,135.42916666666667
2023-03-06,14.28499984741211,2.572000026702881,13.12672198134062,658.1859,3113.384090909091,106.235152,0.0,724.829095,70.781103,0.0,3888.5331622,0.0,700.585601,482.16274117,17.0,14.3,7.699999999999999,0.0,0.0,0.0,1.0626201629638672,16.829999923706055,9244.5375,3522.375,26980.02083333333,1599.9458333333332,35724.104255319144,14087.917021276597,1191.5553191489362,522.7083333333334,825.5083333333333,619.9,16689.533333333333,5895.45,-2520.704166666667,19079.979166666668,161858.76458333334,67498.74166666667,450.625,5526.9,51.51914893617022,35.64255319148936,136827.34375,12984.729166666666,2338.525,5490.916666666667,16129.62340425532,149.08791666666667
2023-03-07,13.9399995803833,2.687000036239624,13.58595563208433,652.4524,3098.1,98.442569,0.0,853.754289,114.119159,0.0,3633.934401,0.0,702.030696,492.63273444,16.8,15.0,7.199999999999999,0.0,0.0,0.0,1.0688328742980957,16.459999084472656,8948.6375,2139.75625,23699.566666666666,1617.6291666666666,28090.354166666668,11342.754166666666,1012.525,496.325,767.8249999999999,616.6666666666666,15514.091666666667,3525.4,-5008.058333333333,16922.05,164210.25,68759.59166666666,450.3375,5233.21875,40.94166666666667,29.73125,119414.02916666667,13965.029166666667,2163.0333333333333,6304.883333333334,34661.262500000004,107.54458333333334
2023-03-08,13.895000457763672,2.5510001182556152,13.092267939601427,646.8191,2829.0,104.492952,0.0,875.1470589999999,92.474997,0.0,3672.0749351,0.0,676.502342,498.33994911,17.2,16.8,5.300000000000001,0.0,0.0,0.0,1.05507493019104,17.170000076293945,8916.300000000001,6014.158333333333,26763.15,1368.9125,28376.01875,13286.63125,1196.8520833333334,500.6958333333334,804.375,612.4666666666667,15533.625,4752.833333333333,-3918.6375,16650.866666666665,160284.79583333334,68211.6875,455.2625,5314.972916666667,49.08958333333334,36.25625,123071.28125,11869.175,2559.7291666666665,3502.275,29527.783333333336,138.86375
2023-03-09,14.3100004196167,2.5429999828338623,13.480326235463062,642.6249,2655.4,97.207292,0.0,1074.007927,92.439462,0.007566,3746.4735993,0.0,675.9101479999999,496.5554134,17.1,11.9,3.2,0.0,0.0,0.0,1.0549525022506714,16.770000457763672,9158.333333333334,6302.818749999999,25865.329166666663,1442.4541666666669,24212.4875,12659.247916666667,1137.83125,517.4875000000001,765.7041666666668,609.1458333333334,16234.183333333334,4092.1416666666655,-4346.254166666667,16319.195833333331,157566.62916666668,67062.72916666667,457.0125,5141.287499999999,80.78333333333333,73.00208333333333,116014.42916666668,13058.2,2556.766666666667,1771.4041666666665,34137.395833333336,126.75041666666664
2023-03-10,14.154999732971191,2.430000066757202,16.397286462532854,639.3208,2836.8,91.929825,0.0,1106.693363,114.075314,0.0,3701.6704195,0.0,628.915082,494.1423549,14.9,13.7,4.1,0.0,0.0,0.0,1.0584698915481567,16.889999389648438,9126.783333333333,4758.45625,21842.929166666665,1456.9208333333331,20727.50625,10245.579166666666,1099.0395833333334,466.07916666666665,670.4375,610.5,17504.120833333334,3654.7,-4804.608333333334,15837.320833333331,156223.69375,66187.90416666666,459.3208333333334,4862.5,40.9875,34.74166666666667,107188.14375,14501.183333333334,2379.545833333333,8713.570833333333,37428.17291666667,114.2525
2023-03-13,14.244999885559082,2.6059999465942383,15.525730051929475,633.9407,3110.3,94.281696,0.0,1037.619179,130.785553,0.0,3902.1604453,0.0,648.407638,489.7315196,8.0,6.300000000000001,4.5,0.0,0.0,0.0,1.0683646202087402,18.76000022888184,8808.816666666668,-24.77291666666684,13171.533333333333,1535.5125,14788.366666666669,8383.7,729.0645833333333,331.9208333333333,463.1166666666666,606.7375000000001,18094.4,3997.004166666667,-8205.5375,12887.429166666669,149555.23541666666,63711.7125,448.6625,5069.45,96.46666666666664,88.325,86485.95833333333,18347.95,2522.304166666667,10648.45,48571.07916666667,35.62166666666666
2023-03-14,14.199999809265137,2.572999954223633,13.88876346917855,632.0824,3251.8,87.223218,0.0,1066.838551,120.050053,0.289924,3808.7642738,0.0,652.535159,493.5560457,8.5,11.6,4.6,0.0,0.0,0.0,1.0725010633468628,18.84000015258789,8751.729166666666,1902.7375,15570.108333333332,1485.0625,17927.282978723404,9410.89574468085,819.663829787234,375.4083333333333,450.0416666666667,603.4666666666667,19475.18333333333,5107.95,-5655.075,15914.7125,152845.25208333333,66215.95,442.4708333333333,5188.32340425532,58.32083333333333,47.177083333333336,98318.03541666668,17054.341666666667,2449.7125,8736.741666666667,41631.67083333333,75.4825
2023-03-15,14.16800022125244,2.438999891281128,13.489745425237412,629.1877,3311.5,88.129215,0.0,984.2761,81.889865,0.0,3771.5350973,0.0,715.752837,481.27022529,15.4,13.5,6.5,0.0,0.0,0.0,1.0727657079696655,17.030000686645508,9049.704166666666,4367.908333333334,22813.50833333333,1471.6583333333335,24076.59361702128,10245.887234042551,800.5617021276596,375.7,562.0833333333334,611.1583333333333,20861.129166666666,5995.416666666667,-3863.4875,17489.399999999998,153811.78125,71235.29166666667,453.0541666666666,4855.997872340426,68.86382978723404,50.31063829787234,115957.47291666668,21928.52083333333,2435.4333333333334,6985.375,23895.16808510638,128.21416666666667
2023-03-16,13.55500030517578,2.513999938964844,13.75370767649214,626.956,3157.1,83.358661,0.0,975.236094,81.856784,0.0,3806.7661145,0.0,712.938478,482.39500863,15.0,7.699999999999999,8.5,0.0,0.0,0.0,1.0583354234695437,15.779999732971191,9028.616666666669,3329.116666666667,21027.175,1483.9375,17994.256250000002,8795.158333333333,734.4979166666667,394.7625,558.2624999999999,614.4208333333333,19996.05,3815.5125,-5296.595833333334,16180.783333333333,152903.8375,71353.89583333333,457.9791666666667,5772.147916666666,81.16875,65.02291666666666,104886.2375,26061.30833333333,2471.929166666667,10439.35,29767.266666666663,102.70208333333332
2023-03-17,13.18000030517578,2.338000059127808,13.332061179888436,625.9414,3490.0,82.326237,0.0,971.046627,103.847205,0.0,3729.6964171,0.0,701.824164,501.97623285,10.9,7.199999999999999,9.1,0.0,0.0,0.0,1.0614134073257446,16.079999923706055,8720.175000000001,4033.977083333333,19296.05,1512.1125,17913.5,8612.839583333332,831.0708333333333,253.21666666666667,544.5333333333333,613.65,19594.929166666665,4735.7625,-4660.645833333333,12936.520833333334,149469.43958333333,71312.20833333333,458.0625,4616.59375,62.53541666666666,46.82291666666666,101723.375,22629.47083333333,2533.85,6601.616666666666,33130.51875,94.76
2023-03-20,13.154999732971191,2.2230000495910645,12.30791289947053,625.445,3711.5,103.477108,0.0,948.546138,98.115162,0.0,3881.484315,0.0,680.442655,481.50282546,9.1,8.3,6.6,0.0,0.0,0.0,1.0678855180740356,17.780000686645508,9099.508333333331,5431.729166666667,24960.3375,1634.9416666666666,27605.02765957447,9926.444680851064,730.8234042553191,158.25833333333333,498.80416666666673,595.4958333333333,19397.420833333334,5237.808333333333,-2736.066666666667,15915.5,146535.45416666666,69677.82916666666,452.6458333333333,4713.517021276595,62.248936170212765,46.682978723404254,119870.04375,18935.50416666667,2504.9083333333333,6084.724999999999,14456.46170212766,125.03916666666667
2023-03-21,13.645000457763672,2.3480000495910645,13.320395316234556,624.9643,3757.2,69.844162,0.0,941.520251,98.108203,0.0,3735.2277849,0.0,636.627067,500.86365544,9.3,7.300000000000001,5.9,0.0,0.0,0.0,1.071914792060852,18.34000015258789,9099.15,3820.664583333333,24996.729166666668,1427.2625,25810.39583333333,9898.989583333334,784.40625,183.875,393.925,592.5916666666667,18897.791666666668,4784.025000000001,-1891.8541666666667,15299.7625,148495.71875,71227.15833333334,453.9666666666667,4746.970833333334,79.85625,69.62083333333334,118320.41458333336,19667.2625,2541.9791666666665,8561.416666666666,16060.958333333334,113.23041666666666
2023-03-22,12.640000343322754,2.1710000038146973,12.623098016902428,625.2916,3577.2,58.449492,0.0,950.271742,98.412335,0.0,3897.1443928,0.0,662.2034219999999,507.87419492,6.6,6.699999999999999,5.300000000000001,0.0,0.0,0.0,1.0774236917495728,20.09000015258789,8767.862500000001,1360.1958333333334,16594.891666666666,1451.0208333333333,17998.422916666666,8992.960416666667,821.1374999999999,166.09583333333333,373.6041666666667,591.9250000000001,18166.5625,4738.416666666667,-4708.175,14579.691666666666,147214.91458333333,70674.90416666666,449.7833333333333,4961.254166666667,90.02499999999999,87.54791666666667,100648.22083333333,22982.908333333336,2507.320833333333,11214.9125,29467.791666666668,79.8025
2023-03-23,13.335000038146973,2.1540000438690186,13.758756500532003,626.0067,3182.5,68.053984,0.0,949.992925,98.944119,0.0,3738.9596722,0.0,675.790622,496.21713104,6.199999999999999,7.199999999999999,4.6,0.0,0.0,0.0,1.0870392322540283,17.190000534057617,8550.137499999999,1356.4104166666666,15551.945833333331,1325.6583333333333,16184.94375,8742.341666666665,723.3000000000001,161.20416666666668,336.8333333333333,597.0375,17834.020833333332,5050.625,-4890.916666666667,13780.65,145283.00416666668,68911.44583333333,455.0541666666666,5087.295833333334,88.1375,63.40208333333334,96187.56041666667,19738.025,2526.6875,10296.9875,34077.9375,74.17083333333333
2023-03-24,12.699999809265137,2.2160000801086426,13.049703164155618,627.5113,3791.6,66.830157,0.0,933.596199,43.98265,0.0,3800.2303219,0.0,642.036349,499.78278022,6.199999999999999,8.3,5.199999999999999,0.0,0.0,0.0,1.0835057497024536,16.979999542236328,8401.820833333333,1327.8625,14054.1625,1424.6458333333333,14255.741666666669,8681.670833333334,738.9979166666667,161.54999999999998,331.7875,600.9833333333333,18486.08333333333,4794.995833333333,-5756.900000000001,14015.125,143954.94583333333,68846.32916666666,460.3208333333334,5168.306250000001,96.975,80.44583333333334,91581.50416666668,18313.1875,2569.75,10420.2375,38006.72083333333,51.45666666666667
2023-03-27,12.524999618530272,2.088000059127808,13.434192727358155,628.2532,3706.7,75.598145,0.0,937.744401,109.816533,0.0,3824.8802469,0.0,641.856944,480.32462766,14.4,12.7,5.699999999999999,0.0,0.0,0.0,1.077818512916565,17.709999084472656,8897.7875,3422.6354166666665,15458.9,1396.5875,18366.241666666665,9376.445833333331,745.1916666666666,121.525,392.67083333333335,624.6708333333333,20114.216666666667,6142.341666666667,-4585.925,16100.958333333334,283394.184,69263.57083333333,449.20416666666665,4959.708333333333,58.68541666666667,48.236,196365.396,23765.12083333333,2550.4041666666667,7615.920833333334,29863.72708333333,91.14458333333332
2023-03-28,12.505000114440918,2.0299999713897705,13.54114674767892,625.8618,3394.1,68.879674,0.0,938.958312,109.871772,0.0,3851.9333719,0.0,667.734098,506.2013392,15.2,11.0,7.9,0.0,0.0,0.0,1.0807071924209597,16.940000534057617,8980.170833333334,4065.4229166666655,19897.08333333333,1480.5416666666667,20812.32765957447,10315.591489361705,880.4382978723404,144.02083333333334,382.4083333333333,627.0833333333334,20419.566666666666,6396.783333333333,-4491.941666666667,16438.108333333334,259136.5535714285,69846.99166666667,456.5291666666667,4761.11914893617,79.98085106382979,45.548148148148144,188716.12142857144,27788.454166666663,2483.2458333333334,6704.558333333333,24676.174468085104,114.47
2023-03-29,12.53499984741211,1.991000056266785,13.598007603505696,625.012,3614.9,67.390528,0.0,939.030239,103.819906,0.011827,3886.5180398,0.0,680.111622,505.61746011,12.5,6.6,7.6,0.0,0.0,0.0,1.0839520692825315,16.93000030517578,9168.683333333332,4804.483333333334,22612.904166666664,1409.9416666666666,20475.85744680851,9693.734042553191,899.8872340425531,224.1375,441.6791666666666,610.7666666666667,19952.325,6110.170833333334,-4043.558333333334,17162.504166666666,284957.104,70127.575,449.7291666666667,4845.200000000001,81.87021276595745,46.04,213486.836,23475.704166666663,2549.05,6731.633333333334,23063.212765957447,115.67791666666666
2023-03-30,12.699999809265137,2.1040000915527344,13.8593222181196,625.4537,3686.3,71.04484,0.0,919.416698,103.86352,0.0,3798.7648853,0.0,658.312148,504.98589234,7.300000000000001,5.9,5.300000000000001,0.0,0.0,0.0,1.0843634605407717,17.030000686645508,8872.470833333333,2238.302083333333,18116.44583333333,1438.8916666666669,15413.606382978724,8394.419148936171,862.4404255319148,213.65833333333333,402.7,617.4458333333333,19367.704166666663,4801.620833333333,-6293.058333333333,15014.175,252098.9571428572,68944.30416666667,451.8458333333333,5352.974468085106,75.97021276595744,53.025,164477.93571428573,20159.204166666663,2531.508333333333,11249.216666666667,36370.08936170213,79.69375000000001
2023-03-31,13.515000343322754,2.2160000801086426,15.291118653318144,627.8241,3559.2,65.034692,0.0,914.672097,103.887809,0.0,3920.6877516,0.0,625.017577,505.48138059,8.3,7.199999999999999,3.9,0.0,0.0,0.0,1.0904649496078491,17.1200008392334,8789.574999999999,3387.645833333333,18487.3125,1447.8333333333333,14569.1,8271.210638297873,832.263829787234,173.77083333333334,352.37916666666666,618.4666666666667,20597.6125,5401.770833333333,-5439.970833333334,14376.508333333331,267733.5807692307,67904.6125,453.425,4323.976595744681,50.91276595744681,47.638461538461534,176731.55,17372.658333333333,2468.0,7106.491666666666,37918.9170212766,98.26291666666668
2023-04-03,12.75,2.0969998836517334,16.264213414423583,627.7306,4028.5,72.037479,0.0,1057.596078,87.557724,0.0,3987.6790998,0.0,682.744284,384.35877486,16.3,12.5,5.300000000000001,0.0,0.0,0.0,1.080333590507507,17.989999771118164,8610.4125,4129.037499999999,22027.004166666666,1444.025,17422.91875,8567.383333333333,536.2604166666666,183.97916666666663,471.3333333333333,629.2041666666667,21070.429166666665,5924.658333333334,-4576.791666666667,16454.05,261958.2037037037,71543.22083333334,451.1791666666666,5502.347916666667,92.30625,53.17777777777778,193060.7333333333,27516.095833333336,2288.9041666666667,2144.3,24434.12083333333,114.99125
2023-04-04,13.15999984741211,2.1059999465942383,14.893388082916967,626.3315,3951.4,69.168094,0.0,1176.4585,87.558386,0.0,3959.7386976,0.0,747.338344,418.46905407,16.4,12.3,7.699999999999999,0.0,0.0,0.0,1.091226577758789,16.8700008392334,8630.300000000001,4071.122916666666,24445.50833333333,1437.4708333333335,20331.077083333334,10243.445833333331,574.6270833333333,211.07916666666665,512.8041666666667,627.9916666666667,20780.4125,5567.3125,-4817.425,17096.774999999998,277135.3307692307,72780.08333333333,455.9,5372.602083333333,89.60625,46.96153846153846,213684.1153846153,30369.841666666664,2284.7916666666665,771.6458333333334,19348.679166666665,133.10791666666668
2023-04-05,12.68000030517578,2.1549999713897705,14.318485288640526,624.9899,4086.0,72.78709,0.0,1193.481223,103.890451,0.0,3996.2791496,0.0,801.7534410000001,411.6458091,16.0,11.5,9.0,0.0,0.0,0.0,1.0960105657577517,16.049999237060547,8668.012499999999,4170.4625,25323.316666666666,1349.1,24000.447916666668,10513.685416666664,721.5875,219.10416666666663,511.3458333333333,637.2791666666667,21110.920833333334,6232.383333333334,-3822.7083333333335,16777.933333333334,232318.6387096774,72636.95416666666,458.5541666666666,5579.256249999999,58.39166666666667,33.60967741935484,190172.7967741936,31756.75,2567.329166666667,678.0083333333333,11181.675,141.55041666666668
2023-04-06,12.625,2.010999917984009,13.780967580265903,624.1149,3584.4,73.597068,0.0,1190.738628,109.212546,0.0,3930.6462075,0.0,818.159677,415.75453113,14.1,8.6,9.3,0.0,0.0,0.0,1.090334177017212,16.809999465942383,8494.933333333332,2832.5104166666665,24442.99583333333,1334.2166666666667,21036.70625,8849.44375,703.6999999999999,161.35,446.0375,633.4625,20112.841666666667,4597.233333333334,-4736.0625,15220.541666666666,269097.1846153846,71614.47916666667,459.98333333333335,4460.408333333334,51.07083333333333,37.607692307692304,207668.85,29910.075,2539.4166666666665,5033.974999999999,15954.877083333333,121.75875
2023-04-10,12.625,2.171999931335449,13.793902700943796,630.0833,3670.4,55.218592,0.0,1076.289552,70.979406,0.0,3813.4365734,0.0,727.261734,362.86710828,9.1,7.1,7.199999999999999,0.0,0.0,0.0,1.0913575887680054,18.530000686645508,7798.220833333333,-1947.0354166666664,10710.270833333334,1526.1791666666668,10793.870833333332,5555.047916666666,575.5104166666666,101.5875,252.6916666666667,633.8375,15878.325,2592.025,-8383.225,9233.1125,233395.38333333333,63539.92083333334,445.6666666666667,3882.4854166666655,88.88125000000001,52.78333333333333,144690.74166666667,28731.85,2649.3791666666666,9918.179166666669,25329.25,32.57375
2023-04-11,12.56999969482422,2.186000108718872,13.91860305393749,631.6249,3868.3,49.295718,0.0,1075.158255,87.293087,0.0,3927.7671868,0.0,742.743067,381.48125306,8.7,9.3,7.300000000000001,0.0,0.0,0.0,1.086932897567749,20.030000686645508,7945.7,233.6020833333333,14703.295833333332,1528.3166666666666,15489.3875,6848.320833333334,714.525,89.45833333333333,282.3333333333333,630.8000000000001,17163.908333333333,6894.254166666667,-4886.825,12398.5625,278473.20416666666,67153.15000000001,449.2,5714.26875,91.15416666666664,46.85833333333333,187605.9375,26577.6875,2635.454166666667,8031.224999999999,28590.704166666663,67.54333333333334
2023-04-12,12.625,2.0929999351501465,13.720478587458263,632.5212,3921.2,43.84251,0.0,1078.546013,76.297543,0.0,3743.9822976,0.0,814.327003,399.16636772,10.3,10.4,4.5,0.0,0.0,0.0,1.0917507410049438,19.13999938964844,8037.083333333333,2646.491666666667,19275.24583333333,1430.4166666666667,17453.35744680851,7569.910638297872,558.3446808510638,116.10416666666669,191.8791666666667,626.6708333333333,17099.833333333332,4981.1125,-5094.087500000001,11706.816666666666,287413.625,67321.4875,454.3416666666667,5248.827659574468,88.87234042553192,45.65833333333333,194925.1708333333,22349.483333333334,2672.4083333333333,6687.658333333333,32883.90638297873,107.62958333333334
2023-04-13,12.604999542236328,2.006999969482422,13.57029241326047,633.3855,3482.6,40.026021,0.0,1136.299359,65.344398,0.0,3929.6593119,0.0,821.1703699999999,408.55921662,8.8,9.7,4.4,0.0,0.0,0.0,1.0999890565872192,17.950000762939453,8002.55,1066.03125,20055.75,1424.5208333333333,19691.119565217392,8028.032608695652,694.2869565217392,115.19166666666666,240.6833333333333,630.2041666666667,17878.291666666668,5771.841666666667,-5569.412499999999,9884.904166666667,288586.20416666666,68137.61666666667,457.1458333333333,5374.015217391305,82.1413043478261,44.60416666666666,197596.2666666667,23977.92916666667,2627.358333333333,8513.883333333333,30910.34565217391,110.4375
2023-04-14,12.593000411987305,2.114000082015991,13.33194983103746,633.39,4052.1,39.619354,0.0,1137.2954559999998,81.633908,0.0,3801.1686578,0.0,770.551837,418.66786026,10.6,10.8,7.699999999999999,0.0,0.0,0.0,1.1054610013961792,17.459999084472656,8221.908333333333,3097.302083333333,22107.43333333333,1420.9875,19692.53478260869,8826.595652173912,735.795652173913,122.13333333333333,252.07916666666665,631.1041666666666,19592.641666666663,4955.912499999999,-4457.366666666667,11777.741666666669,285111.075,68931.29583333334,460.0875,5839.708695652174,49.42391304347826,40.704166666666666,210128.2333333333,23250.266666666663,2640.208333333333,3008.4791666666665,25533.18043478261,129.00458333333333
2023-04-17,12.489999771118164,2.275000095367432,13.242841027188025,638.9929,4329.2,46.55318,0.0,1149.836537,103.82524,0.059554,3543.2295207,0.0,774.1138080000001,392.73029958,10.5,7.4,4.6,0.0,0.0,0.0,1.098659634590149,17.940000534057617,7860.716666666667,3840.9375,21481.1375,1385.404166666667,20723.3,7894.662499999999,646.9,198.7458333333333,307.90833333333336,614.2791666666667,21100.291666666668,6018.7375,-3763.7041666666655,14720.633333333331,274266.3,62374.74166666667,442.4125,4686.368750000001,53.56458333333333,40.641666666666666,208542.0375,25139.0,2435.866666666667,2349.8125,19267.347916666666,123.46458333333334
2023-04-18,12.850000381469728,2.365999937057495,13.679779757674908,640.523,4401.2,49.919098,0.0,1183.690811,92.855882,0.0,3556.8849606,0.0,832.173217,413.9222101,9.9,9.2,5.1,0.0,0.0,0.0,1.0925379991531372,15.649999618530272,7658.054166666666,3299.9500000000003,21017.4875,1291.975,21224.20869565217,8006.082608695652,634.7304347826087,156.79166666666666,294.125,605.9291666666667,20429.85,4773.208333333333,-4087.804166666667,13697.75,282253.9375,62415.62083333333,445.9041666666667,5472.241304347826,68.88260869565217,43.09583333333333,204098.04166666663,25922.666666666668,2467.5416666666665,5964.820833333334,24392.12826086956,107.91125
2023-04-19,12.244999885559082,2.2219998836517334,12.96266004511884,642.4117,4785.9,47.51645,0.0,1162.235257,92.748598,0.0,3543.8323233,0.0,842.837779,408.85631494,11.4,7.800000000000001,5.199999999999999,0.0,0.0,0.0,1.0975382328033447,14.600000381469728,7636.266666666666,2964.6104166666664,18446.4,914.5,20573.37021276596,8309.210638297873,703.736170212766,114.2875,255.04166666666663,610.9499999999999,20086.391666666663,4741.445833333333,-4782.891666666666,12675.304166666669,282489.48333333334,62931.55416666667,447.2375,5830.446808510638,87.03829787234044,44.60833333333333,198175.1125,29788.71666666667,2456.0125000000003,6370.054166666666,25038.493617021275,87.295
2023-04-20,12.234999656677246,2.249000072479248,13.020963912275905,644.093,4898.2,41.608912,0.0,1165.242698,82.322233,0.0,3620.5969623,0.0,819.707066,410.42756643,8.9,9.2,4.6,0.0,0.0,0.0,1.095218300819397,14.729999542236328,7695.729166666667,2975.55625,18846.44583333333,976.5208333333334,22324.54375,8101.1375,461.70416666666665,113.10416666666669,234.92916666666667,613.3458333333333,20221.783333333333,5694.1375,-3281.025,12777.570833333331,283180.9875,62598.5375,452.81666666666666,5033.845833333334,78.91875,41.93333333333333,206588.5208333333,27045.4875,2446.8,8331.291666666666,20965.7625,111.52958333333332
2023-04-21,11.880000114440918,2.2330000400543213,12.914312639279624,646.4475,4757.5,35.482778,0.0,1163.192214,82.066182,0.0,3613.7546624,0.0,800.320818,407.18581666,5.1,10.7,3.1,0.0,0.0,0.0,1.0970927476882937,13.960000038146973,7657.333333333333,3308.2312500000003,16630.045833333334,1028.9083333333333,21037.19361702128,7405.721276595746,517.7234042553191,167.12083333333334,240.00833333333333,608.3833333333333,20537.45,5108.275000000001,-5074.008333333333,12977.025,274091.2916666667,62613.8625,458.3,4720.497872340426,87.01489361702127,44.06666666666666,195753.1208333333,32726.658333333336,2481.508333333333,5344.579166666666,21019.35319148936,89.63875
2023-04-24,11.875,2.2730000019073486,12.8624398366978,657.3483,4770.3,49.962225,0.0,1164.10315,98.422698,0.0,3309.3373821,0.0,718.194968,390.77428512,5.800000000000001,9.9,2.2,0.0,0.0,0.0,1.0992271900177002,13.9399995803833,7872.041666666667,3176.410416666667,17706.095833333333,1126.9958333333334,15517.429166666669,6770.8125,554.3708333333333,149.55416666666667,281.75,650.0291666666667,21497.354166666668,4352.495833333333,-4858.783333333334,14080.270833333334,270236.82916666666,63427.63333333333,444.4708333333333,4620.65625,71.89791666666666,47.8375,185679.34166666667,26052.0125,2583.329166666667,6490.2625,26226.122916666664,105.45333333333332
2023-04-25,11.845000267028809,2.306999921798706,12.911285600507776,659.8699,4626.3,49.224389,0.0,1139.477061,98.441809,4.7e-05,3336.7859515,0.0,690.727609,396.79683187,9.9,11.6,2.9000000000000004,0.0,0.0,0.0,1.1059499979019165,13.649999618530272,7768.179166666666,2439.5270833333334,19025.05,1141.8708333333334,17999.222916666666,8095.902083333333,680.475,173.12083333333337,258.4833333333333,653.3916666666667,20863.658333333333,4565.095833333334,-5059.633333333333,12667.75,273178.9583333333,63923.9625,443.5208333333333,4587.839583333333,40.25625,45.22916666666666,192350.88333333333,26170.579166666663,2582.4083333333333,6351.5625,24227.17708333333,100.87333333333332
2023-04-26,11.640000343322754,2.117000102996826,12.4041055532435,660.9714,4720.6,56.812889,0.0,1139.080078,98.339679,0.0,3550.3143759000004,0.0,656.1179950000001,389.27622479,11.7,10.1,3.3000000000000007,0.0,0.0,0.0,1.0978394746780396,13.829999923706056,7813.962500000001,3850.2291666666665,20083.4125,1004.5958333333332,23327.45625,7778.547916666666,668.3000000000001,198.525,245.0625,647.0708333333333,21048.37083333333,4976.645833333333,-2943.483333333333,13927.516666666668,280347.4041666667,62692.37083333333,448.2125,4658.670833333333,45.302083333333336,41.204166666666666,208879.72916666663,31070.42916666667,2480.4500000000003,5361.908333333334,17642.991666666665,111.51125
2023-04-27,11.595000267028809,2.3550000190734863,12.639943339023208,662.9205,4658.6,61.419102,0.0,1155.359069,98.561768,0.0,3466.9670063,0.0,660.330868,410.42537337,11.5,8.7,3.1,0.0,0.0,0.0,1.1047282218933103,15.010000228881836,8157.941666666667,3054.55,21673.375,1075.4916666666666,24109.21875,6818.808333333333,660.7604166666666,202.4625,275.77916666666664,644.05,20395.816666666666,5262.325,-2764.5291666666667,14552.429166666669,276628.025,64521.82916666666,455.4708333333333,5716.099999999999,54.65416666666667,37.333333333333336,217371.8958333333,32519.704166666663,2355.520833333333,3977.433333333333,11558.639583333332,111.55666666666669
2023-04-28,11.550000190734863,2.4100000858306885,12.460523559060285,665.5249,4696.7,53.707327,0.0,1164.455814,65.755057,0.0,3427.2796872,0.0,660.454347,407.83454761,8.8,4.800000000000001,3.0,0.0,0.0,0.0,1.1032048463821411,14.609999656677246,8366.079166666666,4426.95,22522.99166666667,1179.9541666666669,22173.347916666666,6425.929166666666,651.5208333333334,234.125,296.3583333333333,640.7624999999999,20847.125,4448.625,-2448.0333333333333,15328.058333333334,271219.62916666665,63993.4,455.6208333333333,4698.576595744681,26.1,39.275,210461.7125,25325.591666666664,2553.0916666666667,4850.599999999999,15314.679166666669,107.21791666666668
2023-05-01,11.550000190734863,2.318000078201294,12.532172678414431,677.85,4145.0,47.755136,0.0,1149.5005179999998,0.0,0.0,3503.4956994,0.0,614.869428,363.36628208,7.6,6.1,2.3000000000000007,0.0,0.0,0.0,1.1010911464691162,13.880000114440918,7897.704166666666,2796.4395833333333,13675.583333333334,1301.4375,12344.554166666669,4906.102083333333,569.54375,120.0875,295.3041666666667,651.1333333333333,22719.904166666664,2880.975,-6594.341666666667,11544.6125,220816.09166666667,61484.725,430.3041666666666,4198.743750000001,59.07916666666667,46.80416666666667,161530.86666666667,29688.8875,2536.0375,2739.0291666666667,13568.035416666666,86.4775
2023-05-02,11.494999885559082,2.21399998664856,12.065201357168544,680.3856,4331.0,53.865261,0.0,1000.13699,0.0,0.0,3416.7718839,0.0,645.990819,377.293956,7.4,7.6,1.8999999999999984,0.0,0.0,0.0,1.0969241857528689,14.5,7944.825,3617.308333333333,17555.716666666667,1139.7208333333333,19959.189361702127,5520.955319148936,567.1191489361702,173.03333333333333,336.00416666666666,624.7541666666667,23350.52083333333,5379.883333333333,-3367.5458333333336,13745.833333333334,265067.9,62727.72083333333,434.2875,5087.793617021277,50.86382978723404,43.60416666666666,196182.94583333333,28210.85,2558.2458333333334,4418.283333333334,18631.340425531915,107.19291666666668
2023-05-03,11.5,2.1700000762939453,11.869969576774956,682.9928,4085.1,53.098219,0.0,989.355537,0.0,0.0,3394.092706,0.0,685.699628,392.508312,8.3,8.7,2.1,0.0,0.0,0.0,1.1010911464691162,13.539999961853027,7975.525000000001,3015.035416666667,18047.0625,1184.1416666666669,16720.462499999998,5458.243750000001,573.5583333333333,188.8875,316.50416666666666,646.5041666666667,23438.88333333333,4567.158333333334,-3916.7125,12406.554166666669,268495.2791666667,62655.375,438.2708333333333,5146.627083333334,82.35000000000001,45.625,190885.34583333333,34114.9625,2520.4041666666667,2386.945833333333,20935.879166666666,107.1775
2023-05-04,11.3100004196167,2.1010000705718994,11.5662488935471,685.3646,4244.7,57.237788,0.0,983.773179,0.0,0.0,3545.4547988000004,0.0,623.880888,394.875719,6.9,5.0,1.6999999999999993,0.0,0.0,0.0,1.1068925857543943,13.880000114440918,7895.133333333334,1554.439583333333,17812.729166666668,1174.0875,16055.99375,5316.158333333334,580.0625,193.10416666666663,375.8,637.5166666666667,23292.666666666668,5559.033333333333,-4069.029166666666,14030.708333333334,270641.9875,62527.8875,441.0416666666667,5382.837500000001,95.9625,45.625,193678.69583333333,36859.7875,2633.125,4621.116666666667,18233.66458333333,96.58
2023-05-05,11.3149995803833,2.13700008392334,11.815726096089213,688.766,4462.0,52.704747,0.0,986.775617,0.0,0.0,2920.9143082,0.0,637.830751,393.864555,4.6,4.300000000000001,0.8000000000000007,0.0,0.0,0.0,1.102292776107788,13.199999809265137,7712.595833333333,2565.297916666667,15841.804166666669,1145.6166666666666,18172.11458333333,5732.5625,591.0354166666667,164.65416666666667,361.0958333333333,637.5208333333334,23779.483333333334,5624.675,-2770.2291666666665,14257.15,268664.0208333333,61851.44166666667,445.0333333333333,4133.133333333333,73.44583333333334,45.6625,192810.69166666665,33864.125,2600.770833333333,6091.150000000001,18240.535416666666,97.42625
2023-05-08,11.3149995803833,2.23799991607666,11.90805078605856,700.0501,3994.2,48.252677,0.0,980.803447,0.0,0.0,3630.9790532,0.0,639.638516,386.53110545,7.1,5.4,1.6999999999999993,0.0,0.0,0.0,1.10186767578125,12.90999984741211,7592.479166666667,3626.7395833333335,15767.995833333334,1504.8333333333333,18998.651063829788,6344.07659574468,608.3297872340426,187.8375,229.4333333333333,645.9583333333334,24873.8625,5285.120833333333,-2665.483333333333,14134.066666666666,260236.7333333333,58575.15416666667,429.0208333333333,4091.031914893617,70.46382978723405,43.91666666666666,193886.65416666667,31009.2375,2570.7875,4133.837500000001,16136.64680851064,96.94041666666668
2023-05-09,11.239999771118164,2.2669999599456787,11.585910025666276,702.4646,3786.9,47.272959,0.0,991.008099,0.0,0.0,3633.2964549,0.0,643.7780759999999,316.8768469,5.300000000000001,4.1,0.0,0.0,0.0,0.0,1.0996140241622925,13.4399995803833,7404.3625,4305.360416666666,14981.6625,1445.8708333333334,19567.81875,6381.7,678.5166666666667,169.37083333333334,206.8125,644.4458333333333,24996.595833333336,4592.016666666666,-4268.1875,12043.470833333333,271377.99583333335,58655.5,435.6041666666667,3365.285416666667,55.10625,47.575,187809.38333333333,30758.666666666668,2456.1583333333333,4332.491666666667,24375.3,94.69458333333334
2023-05-10,11.210000038146973,2.190999984741211,11.245215290236152,704.8702,3662.3,43.724652,0.0,1180.632811,0.0,0.0,2723.3918342,0.0,645.524996,390.56044773,2.8000000000000007,5.300000000000001,1.5,0.0,0.0,0.0,1.096467137336731,14.25,7162.370833333333,4967.40625,19006.845833333333,1355.875,19342.43333333333,6071.452083333334,621.5166666666667,181.7083333333333,188.2541666666667,646.025,26106.7375,4932.558333333333,-3496.8625,12683.729166666666,275043.6375,58506.65416666667,444.875,3909.35625,85.39791666666667,45.0375,198786.59166666667,27624.733333333334,2506.0958333333333,2780.9625,23276.04375,108.39791666666667
2023-05-11,11.15999984741211,2.190000057220459,11.265102003977418,707.3034,3621.8,39.215775,0.0,1195.22343,0.0,0.0,3603.99290941,0.0,648.927356,394.839291,2.0,5.699999999999999,1.6999999999999993,0.0,0.0,0.0,1.098406195640564,13.739999771118164,7243.408333333333,5808.3875,21192.595833333333,1258.325,19385.75416666667,6242.006249999999,623.49375,182.32916666666665,194.0583333333333,647.5916666666667,26494.0875,5393.508333333333,-3225.6875,15022.708333333334,274720.45416666666,58952.12916666667,444.0416666666667,3812.9375,69.57708333333333,42.4875,208147.8875,27822.220833333336,2596.6583333333333,2189.7541666666666,18511.108333333334,115.80791666666666
2023-05-12,11.114999771118164,2.2660000324249268,10.479432851507555,710.2775,4130.4,36.871632,0.0,965.535606,0.0,0.0,3604.8512237,0.0,625.2547529999999,396.405932,1.3000000000000007,7.0,2.1,0.0,0.0,0.0,1.0912145376205444,13.43000030517578,7265.837500000001,4751.26875,18864.479166666668,1242.2416666666666,16737.416666666668,5178.695833333334,693.9333333333334,210.6083333333333,198.30416666666667,651.9625,26789.625,5143.55,-3422.816666666667,16479.079166666666,268430.79583333334,58851.17083333334,443.4083333333333,4204.333333333333,40.60416666666666,45.51666666666667,198147.6375,28276.191666666666,2634.3,5157.770833333333,18471.44583333333,101.165
2023-05-15,11.048999786376951,2.375,10.2782543535185,722.504,4089.8,26.624738,0.0,965.919386,32.881534,0.0,3324.1826503,0.0,596.013616,406.16365134,3.4000000000000004,5.9,2.6,0.0,0.0,0.0,1.0852696895599363,13.539999961853027,7548.6375,3914.15625,15750.795833333335,1031.075,15751.882978723404,6135.140425531915,609.4936170212766,178.23749999999998,186.3875,647.4833333333333,26397.029166666664,5227.691666666667,-3152.8250000000003,15330.316666666666,264405.01666666666,59657.2875,434.4,4249.182978723405,70.80212765957447,45.96666666666667,192950.0375,28423.354166666668,2776.3375,5021.55,19593.35957446809,110.7325
2023-05-16,9.854999542236328,2.375999927520752,10.141033072814388,725.5067,3903.8,53.46952,0.0,1148.185067,32.824921,0.0,3233.2136621,0.0,559.691242,402.32083589,5.5,6.9,3.5,0.0,0.0,0.0,1.0873701572418213,13.59000015258789,7205.308333333333,3803.6083333333336,14617.641666666668,1087.3708333333334,15210.664444444445,6548.715555555556,603.3422222222223,203.1,182.67916666666667,650.2875,26181.24583333333,4514.816666666667,-4898.375,14704.079166666668,272490.1041666667,58208.0875,429.7375,4674.651111111111,74.33333333333333,52.60416666666666,179016.61666666667,26307.88333333333,2699.6583333333333,6389.566666666667,32593.737777777777,79.12791666666666
2023-05-17,9.94499969482422,2.365000009536743,10.17557684213615,728.5457,4165.9,51.473727,0.0,1180.339205,109.04807,0.0,3360.9886278,0.0,591.303298,402.73817151,7.699999999999999,6.0,2.4000000000000004,0.0,0.0,0.0,1.0865668058395386,13.56999969482422,7280.083333333333,3631.070833333333,14951.145833333334,1071.9291666666666,14731.997916666667,6360.854166666667,581.7854166666667,164.79166666666666,194.7875,649.3375,25000.629166666666,4757.066666666667,-5849.645833333333,12225.641666666668,271860.49166666664,57644.1375,430.225,4469.139583333334,50.645833333333336,51.8375,176821.62083333335,29134.59166666667,2620.1375000000003,4659.908333333334,30712.910416666666,80.62125
2023-05-18,9.71500015258789,2.5920000076293945,9.461317359097665,731.8914,4147.2,46.715634,0.0,927.512812,221.338643,0.0,3270.2474204,0.0,595.85712,398.62667177,7.4,5.1,1.5,0.0,0.0,0.0,1.0838346481323242,14.18000030517578,7417.670833333334,3842.16875,13734.683333333334,1142.35,14807.906382978725,6284.068085106384,607.9212765957446,169.42083333333332,196.1708333333333,643.5666666666667,24739.216666666664,4484.958333333333,-5588.633333333334,13462.891666666668,247361.45,57802.05416666667,418.8625,4621.293617021277,62.153191489361696,48.575,174330.99166666667,32869.0375,2781.445833333333,881.4958333333334,20184.56170212766,85.87083333333334
2023-05-19,9.84000015258789,2.5850000381469727,9.529847038975849,735.52,4213.0,47.011021,0.0,891.024269,166.05056,0.0,2852.1809981,0.0,586.1242970000001,398.748928,4.9,6.0,0.0,0.0,0.0,0.0,1.0775396823883057,15.4399995803833,7562.991666666666,4058.7375,13619.0375,1233.4333333333334,14415.729787234044,6000.110638297872,537.9553191489362,175.57916666666665,164.3125,648.6708333333333,25919.92916666667,5368.295833333334,-4872.6125,14653.795833333332,251903.6458333333,58490.05416666667,420.89166666666665,4836.253191489362,45.48085106382978,48.86666666666667,178334.775,30521.92916666667,2879.0,3024.2125,20492.710638297875,86.30624999999999
2023-05-22,9.755000114440918,2.400000095367432,9.424226206618036,748.1494,3913.3,14.045073,0.0,609.5118259999999,175.123108,0.0,2846.9069685,0.0,534.90571,396.45815309,0.0,3.9,0.0,0.0,0.0,0.0,1.0822745561599731,14.829999923706056,7268.45,3765.9270833333335,14790.441666666666,1062.5125,15310.520833333334,5183.395833333333,538.4520833333333,188.825,155.625,614.9583333333334,25932.316666666666,6673.658333333334,-2271.570833333333,16207.854166666666,222367.56428571427,60247.925,424.4958333333333,4459.495833333333,75.67916666666666,50.53214285714286,167391.98928571428,30661.391666666663,2728.1,5323.120833333333,14221.872916666667,97.4
2023-05-23,9.734999656677246,2.321000099182129,9.228995351837955,751.0923,4030.1,48.407942,0.0,584.779865,170.643886,0.0,2611.8904872000003,0.0,537.705155,409.61420658,1.8000000000000007,5.1,0.0,0.0,0.0,0.0,1.0811045169830322,15.06999969482422,7047.754166666667,3773.0770833333336,15904.195833333331,1201.6916666666666,15234.247916666667,5660.127083333333,546.3083333333333,202.9333333333333,153.67083333333332,630.0041666666667,25745.7375,4226.429166666667,-3040.5333333333333,15529.25,213345.5933333333,61435.46666666667,428.9375,4592.741666666667,73.33125,48.87,151892.36666666667,26175.408333333336,2705.4,7300.908333333333,21790.44166666667,72.33083333333333
2023-05-24,9.579999923706056,2.3980000019073486,8.770118372048922,753.64,4157.3,51.808533,0.0,592.155718,170.709397,0.0,2551.8212566,0.0,543.428951,396.804117,5.9,3.6,0.0,0.0,0.0,0.0,1.076971173286438,14.84000015258789,7253.333333333333,4873.922916666666,17425.370833333334,947.4166666666666,19238.564583333333,5965.372916666666,605.525,180.03333333333333,147.39166666666668,637.7125,26804.5875,4892.933333333333,-2236.4958333333334,12742.091666666667,212971.93,59827.0625,434.125,4231.375,65.0625,41.95666666666667,162203.16999999998,30493.30416666667,2709.2375,3251.6708333333336,14974.895833333334,103.81375
2023-05-25,9.350000381469728,2.306999921798706,8.024477778773097,756.4485,4082.2,15.5009,0.0,580.567093,175.124813,0.0,2518.4553758,0.0,542.81705,396.661903,3.6999999999999993,4.6,0.0,0.0,0.0,0.0,1.0757315158843994,13.539999961853027,7170.75,4444.458333333333,15631.641666666668,743.5583333333334,15543.179166666669,5658.364583333333,616.0854166666667,185.35416666666663,151.21666666666667,639.3041666666667,26993.1625,4272.691666666667,-4223.170833333334,11605.679166666669,254209.504,58317.75833333333,436.37916666666666,4462.866666666667,55.98541666666667,48.188,175017.016,35851.90416666667,2717.008333333333,6043.770833333333,20401.291666666668,80.33541666666666
2023-05-26,9.234999656677246,2.180999994277954,7.707009868849045,760.0434,4017.0,41.301453,0.0,584.153284,175.122438,0.0,2662.5184038,0.0,557.211871,396.434476,4.5,5.5,0.0,0.0,0.0,0.0,1.072443604469299,13.609999656677246,7205.204166666666,3429.1125,11517.579166666668,717.3125,12709.597916666666,5213.91875,625.1999999999999,168.20416666666668,162.65833333333333,637.5041666666667,26894.595833333336,5321.229166666667,-4998.666666666667,11738.779166666667,231034.8777777778,57791.36666666667,434.67083333333335,4888.1375,52.08125,49.644444444444446,149942.9814814815,37298.59166666667,2772.4125,5858.245833333333,24114.385416666668,70.34708333333333
2023-05-30,9.364999771118164,2.32699990272522,7.745486000745172,775.347,4131.7,46.333122,0.0,575.310678,153.897199,0.0,2642.5298644,0.0,539.951138,392.69635603,2.5,5.300000000000001,0.0,0.0,0.0,0.0,1.0707669258117676,13.479999542236328,7446.104166666667,4903.087500000001,11720.841666666667,772.8083333333334,18521.16875,5580.868750000001,644.9729166666667,174.5583333333333,154.35,619.8583333333333,26099.891666666663,6223.304166666668,-2621.8166666666666,14059.45,228728.10740740743,57358.22083333333,429.2375,4225.599999999999,42.92291666666667,43.129629629629626,167073.3962962963,35084.98333333333,2283.929166666667,4503.508333333333,14942.239583333334,88.65625
2023-05-31,9.28499984741211,2.2660000324249268,8.446786810161974,777.8543,4007.2,40.724887,0.0,565.651401,120.335967,0.0,2701.6936617,0.0,535.127833,399.55859349,0.8999999999999986,4.1,0.0,0.0,0.0,0.0,1.073306918144226,13.300000190734863,7419.287499999999,3570.1270833333333,11651.9,760.0166666666668,18629.26875,5659.295833333334,622.7083333333334,158.24583333333334,162.025,631.1541666666667,25273.7625,4921.6125,-3043.945833333333,11428.758333333331,218078.3206896552,56395.9,435.54583333333335,4998.037499999999,52.84791666666666,45.248275862068965,151023.80000000002,39325.958333333336,2221.7375,6718.9375,17561.758333333335,71.91583333333334
2023-06-01,9.265000343322754,2.157999992370605,7.241820302711577,780.5664,3942.4,42.676969,0.0,1007.208032,143.166271,0.0,2634.4755551,0.0,592.839519,395.58029,1.3000000000000007,4.6,0.0,0.0,0.0,0.0,1.0695186853408811,13.760000228881836,7234.479166666667,4447.89375,10997.783333333333,745.475,18251.172916666663,5715.535416666667,578.1354166666666,185.6708333333333,196.39166666666665,636.2875,25055.983333333334,5846.233333333334,-2681.4,12765.533333333333,235457.2333333333,56791.63333333333,429.8,4032.283333333333,51.82291666666666,44.72962962962964,163832.06296296298,37043.55833333333,2163.9916666666663,7617.366666666666,18035.17708333333,73.08958333333334
2023-06-02,9.28499984741211,2.171999931335449,7.471051921498717,784.0648,3958.5,41.484151,0.0,995.221256,120.589684,0.0,2729.9449914,0.0,587.705599,0.0,3.4000000000000004,4.800000000000001,0.0,0.0,0.0,0.0,1.0760787725448608,13.989999771118164,7300.3625,4921.679166666667,10987.970833333333,760.9625,16784.13829787234,4872.644680851064,609.5914893617021,196.71666666666667,191.78333333333333,635.5791666666667,25539.3125,5831.216666666667,-2638.7416666666663,15070.104166666666,164939.94864864863,56490.00416666667,435.5833333333333,4047.18085106383,50.0936170212766,35.65135135135135,118404.77297297296,36062.49166666667,2083.3875000000003,4643.2625,15894.3,81.11083333333333
2023-06-05,9.265000343322754,2.244999885559082,8.92952255338948,794.5259,4009.9,35.629791,0.0,936.784548,86.580085,0.0,2718.075251,0.0,340.980552,391.56506,0.0,4.9,0.0,0.0,0.0,0.0,1.0698620080947876,13.600000381469728,7239.708333333333,4293.25,12345.254166666666,697.8583333333332,20462.26875,5250.254166666667,536.99375,324.45,173.6,622.2125,25342.55,5701.608333333334,-2743.0375,12081.0625,128659.67916666664,56826.775,432.2708333333333,5144.820833333333,39.01458333333333,27.758333333333336,95954.45208333334,37320.8,2115.5750000000003,2579.820833333333,12754.908333333333,91.165
2023-06-06,9.210000038146973,2.26200008392334,7.804669443790998,796.8271,4041.5,36.988071,0.0,920.105475,70.386046,0.0,2723.0358654,0.0,333.345479,398.656999,0.0,4.800000000000001,0.0,0.0,0.0,0.0,1.0711798667907717,13.90999984741211,7229.462500000001,5455.583333333333,14470.5875,630.8125,21079.53125,5870.474999999999,610.9625,378.04583333333335,178.07916666666665,623.0541666666667,25825.32083333333,6442.283333333333,-2035.7041666666669,14551.291666666666,132863.22708333333,57569.275,426.5583333333333,5091.520833333333,44.11041666666667,29.7,102987.26666666666,34536.104166666664,2121.3375,3824.970833333333,10695.41875,99.13041666666668
2023-06-07,9.234999656677246,2.3289999961853027,8.25587022097227,799.0241,3947.7,35.003813,0.0,915.620238,70.300567,0.0,2759.520191,0.0,330.850113,399.208048,0.0,3.6999999999999993,0.0,0.1000000000000014,0.0,0.0,1.0698047876358032,13.859999656677246,7364.129166666667,4752.8625,16008.0875,736.4583333333334,22188.87083333333,5986.641666666666,557.5083333333333,359.0291666666667,200.1083333333333,609.8583333333333,26436.204166666663,6211.166666666667,-2052.2166666666667,15063.716666666667,134354.31458333333,57151.82083333333,434.0333333333333,4606.79375,54.56666666666666,32.422916666666666,105759.39375,31726.61666666667,2067.3375,3403.366666666667,11029.929166666669,100.9225
2023-06-08,9.210000038146973,2.351999998092652,8.455802393647712,801.9967,4030.0,41.366626,0.0,935.808237,70.370735,0.0,2687.8808076,0.0,331.07644600000003,200.249629,0.0,3.2,0.0,0.8000000000000007,0.0,0.0,1.0707440376281738,13.1899995803833,7316.633333333334,3412.21875,13225.7,756.3666666666667,18732.854166666668,4960.872916666666,503.73125,352.75416666666666,202.9333333333333,623.6833333333333,25335.99583333333,5215.041666666667,-2379.8416666666667,13688.529166666667,128097.20625,56522.69583333333,433.9333333333333,4539.266666666667,83.62708333333333,58.05416666666667,95782.33125,33122.34583333333,2101.758333333333,4398.95,13554.229166666666,84.58083333333333
2023-06-09,9.25,2.253999948501587,10.128232994600069,805.4832,4075.0,30.930887,0.0,931.744819,70.434936,0.0,2686.2626552,0.0,331.252011,363.941055,0.0,0.3999999999999986,0.0,0.1999999999999993,0.0,0.0,1.078271746635437,14.40999984741211,7189.583333333333,4158.435416666666,13433.145833333334,825.2833333333333,16006.55,5107.164583333333,399.3041666666666,319.1041666666667,212.05,614.2875,26528.3625,5047.591666666666,-3112.7208333333333,14333.025,129893.61875,56602.40416666667,435.25,4602.341666666666,89.74374999999999,72.88125000000001,93029.375,35240.07083333333,2116.6041666666665,5340.770833333333,16573.8125,86.20166666666667
2023-06-12,9.265000343322754,2.2660000324249268,9.779208836138954,817.2673,4441.8,33.468964,0.0,933.944284,54.254598,0.0,2922.0239806,0.0,578.383055,417.67421678000005,0.0,0.0,0.0,0.0,0.0,0.1999999999999993,1.0750954151153564,13.329999923706056,6943.183333333333,5226.05,14140.041666666666,806.5166666666668,19059.35625,5033.247916666666,538.9604166666667,339.78333333333336,187.1291666666667,610.1791666666667,25128.604166666668,6130.691666666667,-2341.3083333333334,12881.179166666669,133588.5875,58518.46666666667,417.0083333333334,4462.408333333334,37.329166666666666,27.570833333333336,96982.8625,39049.0875,2230.9333333333334,5174.870833333333,14493.7375,96.08541666666666
2023-06-13,9.300000190734863,2.3399999141693115,11.372112488938887,820.6397,4365.0,32.867666,0.0,926.961744,54.241431,0.0,2998.2326759,0.0,636.0659,11.15000515,0.0,0.0,0.0,0.0,0.0,0.0,1.0762988328933716,13.630000114440918,7066.958333333333,4207.489583333333,15579.470833333333,770.5833333333334,19895.272916666665,5539.352083333334,492.7916666666667,366.3416666666667,185.3125,616.75,25998.57083333333,4531.6875,-3410.8625,14072.433333333334,135981.92500000002,58821.79166666666,433.0208333333333,4781.170833333334,48.17916666666667,33.06458333333333,99124.73125,37050.3,2222.016666666667,6489.425,15087.335416666669,90.57166666666666
2023-06-14,9.399999618530272,2.3420000076293945,12.114933906303971,823.7153,4500.0,37.459476,0.0,925.192487,70.445164,0.0,3067.7117653,0.0,611.88062,300.60158685,0.0,0.0,0.0,0.0,0.0,0.0,1.078934907913208,13.93000030517578,7165.708333333333,4469.45,16491.162500000002,633.1666666666666,21288.67708333333,6003.797916666666,482.2416666666666,356.6625,176.07083333333333,619.8333333333334,25988.52083333333,5298.954166666666,-2643.5583333333334,15560.795833333332,136101.98124999998,59188.75833333333,434.8,5061.60625,79.85208333333334,56.75416666666667,103982.45416666666,37285.04166666666,2221.5666666666666,3127.6041666666665,11913.2,103.97833333333334
2023-06-15,9.583999633789062,2.532999992370605,13.075532526746654,826.5071,4414.4,42.943642,0.0,961.622965,70.4698,0.0,3009.7609728,0.0,690.928911,12.73399561,0.0,0.0,0.0,0.0,0.0,0.0,1.084304690361023,16.09000015258789,7210.183333333333,5256.095833333334,17860.516666666666,683.9666666666667,22825.16595744681,7263.127659574468,452.2021276595744,361.6333333333334,145.61666666666667,618.1875,25713.233333333334,5744.754166666667,-1946.4,16096.3375,136627.31458333333,59223.92916666667,434.3375,4998.1872340425525,59.54468085106383,39.36595744680851,108741.40208333332,37296.22916666666,2281.6833333333334,1207.1625,8817.931914893617,121.88708333333334
2023-06-16,11.199999809265137,2.631999969482422,11.230825144265305,829.7424,4687.8,32.301509,0.0,733.704899,59.618825,0.0,2901.8799305,0.0,755.6725,401.95154,2.5,0.0,0.0,0.0,0.0,0.0,1.0945948362350464,15.920000076293944,7265.929166666666,6086.264583333334,19461.025,630.3166666666667,20720.604166666668,6708.983333333334,430.78541666666666,297.9125,121.05833333333334,618.2291666666666,25381.2875,5362.625,-2487.6125,15956.533333333333,135217.99583333332,59637.62916666667,431.6625,4788.733333333334,70.12708333333333,49.675,106537.44166666668,35911.6875,2332.0541666666663,1417.3541666666667,10016.035416666668,127.76291666666668
2023-06-20,12.739999771118164,2.492000102996826,12.39325877042243,843.9519,4199.0,36.1044,0.0,848.633653,76.014618,0.0,2866.5277899,0.0,726.280655,418.5294383,0.0,0.0,0.0,0.0,0.0,1.6999999999999993,1.0924304723739624,15.770000457763672,7090.995833333333,4453.670833333334,20470.016666666663,974.1208333333334,25864.83333333333,7296.875,642.06875,85.61666666666667,122.825,615.625,23250.791666666668,4443.720833333334,-2064.116666666667,15747.4125,138964.97083333335,61173.5375,436.95416666666665,4281.310416666666,43.86041666666667,28.8375,112056.55,33770.60833333333,2336.0375,3427.35,8309.4375,121.08833333333332
2023-06-21,12.475000381469728,2.5969998836517334,11.759879767495102,845.078,4130.2,39.466302,0.0,786.111377,54.31864,0.0,2655.6870325,0.0,738.611469,416.6013178,0.0,0.0,0.0,1.1000000000000014,0.0,2.6000000000000014,1.0920368432998655,15.989999771118164,7066.391666666666,3930.25,19906.766666666663,885.6958333333333,25245.783333333336,7608.20625,636.2479166666667,90.75833333333333,120.8125,629.5208333333334,23751.83333333333,4244.133333333333,-1881.0833333333333,15553.520833333334,140885.63749999998,62559.8625,432.6375,4785.616666666667,44.03125,29.65625,113513.80208333331,32731.05416666667,2316.975,3574.383333333333,9219.116666666669,124.55166666666666
2023-06-22,12.0649995803833,2.6080000400543213,10.985225486330728,846.7646,3680.6,40.474173,0.0,881.0336219999999,59.938527,0.0,2660.8819471,0.0,732.562269,432.89130729,0.0,0.0,0.0,0.8999999999999986,0.0,4.100000000000001,1.0992635488510132,15.960000038146973,7039.279166666667,5064.077083333333,19779.05,896.2583333333333,25244.68333333333,7772.84375,619.1125000000001,89.83749999999999,124.86666666666667,615.5500000000001,23455.925,3788.4208333333336,-2009.4541666666669,14194.479166666666,140471.76041666666,62032.54583333334,436.06666666666666,3851.6645833333337,50.95416666666667,33.97083333333333,109299.87291666667,34809.975,2356.5666666666666,1432.9916666666668,13050.422916666668,123.31666666666666
2023-06-23,11.835000038146973,2.7290000915527344,10.4408292175196,849.46,3899.5,40.941401,0.0,827.8635949999999,70.756358,0.0,2702.2999122,0.0,726.287743,449.36070398,0.0,0.0,0.0,0.0,0.0,2.8999999999999986,1.0958904027938845,15.850000381469728,6943.025000000001,4400.514583333334,18269.68333333333,824.5375,20543.139583333334,6705.404166666667,614.8125,85.8875,129.61249999999998,618.0166666666667,23482.575,3590.641666666667,-1832.3166666666664,12507.0125,136904.31041666667,63040.1,436.4875,4674.916666666667,84.77083333333333,67.77708333333334,102315.46458333332,31886.595833333336,2434.4125,1705.7958333333331,17792.66041666667,107.57541666666668
2023-06-26,11.789999961853027,2.79099988937378,10.221008749078573,860.6019,3908.3,59.40146,0.0,806.652236,76.044563,0.0,2801.571366,0.0,733.379609,441.27705294,0.0,0.0,0.0,0.3000000000000007,0.0,3.0,1.0906671285629272,14.84000015258789,6797.904166666667,4843.287499999999,14086.633333333331,928.8375,18200.17916666667,5636.364583333333,628.0979166666667,19.216666666666665,145.99583333333334,626.475,20939.254166666666,3962.491666666667,-2646.8083333333334,14182.604166666666,139111.14791666667,65061.00416666667,425.39166666666665,4991.933333333333,78.21249999999999,55.775,96300.71666666666,38663.0,2358.6,7123.900000000001,19916.983333333334,96.96
2023-06-27,12.06999969482422,2.763000011444092,11.033910589517244,863.0523,3807.8,51.565097,0.0,813.3375020000001,86.647259,0.0,2820.9483239,0.0,747.514876,464.31770543,0.6999999999999993,0.0,0.0,0.0,0.0,3.3000000000000007,1.091048002243042,14.81999969482422,6940.3,5215.135416666667,16313.479166666666,919.6583333333332,21760.3875,5834.429166666666,649.9875000000001,161.025,147.49583333333334,607.65,20383.779166666667,4400.070833333333,-2138.2208333333333,14783.970833333333,141690.45416666666,65442.725,427.5375,4467.395833333333,85.875,68.29791666666667,102505.93541666667,34083.1125,2306.2458333333334,5141.358333333334,19572.2875,100.84875
2023-06-28,12.020000457763672,2.602999925613404,10.958828866167336,865.28,3891.1,56.247234,0.0,925.681179,76.016945,0.0,2834.1552406,0.0,759.896481,435.71446861,0.3999999999999986,0.0,0.0,0.0,0.0,3.2,1.0957223176956177,16.459999084472656,7089.991666666666,6207.89375,18848.670833333334,870.1875,26395.916666666668,6431.389583333334,645.7583333333333,190.45416666666665,244.2958333333333,611.5625,20874.908333333333,4166.929166666667,-2277.5750000000003,14873.979166666666,141222.34583333333,64812.90833333333,435.6583333333333,3905.370833333333,53.61666666666667,33.614583333333336,111008.03125,34418.21666666667,2439.329166666667,2899.5166666666664,11555.45,114.21791666666668
2023-06-29,12.119999885559082,2.700999975204468,11.25495899934054,867.551,3758.0,54.017839,0.0,931.075589,65.224786,0.0,2754.2426421,0.0,753.471778,451.31476721,0.0,0.0,0.0,0.0,0.0,2.8999999999999986,1.0915838479995728,16.780000686645508,7057.337500000001,5775.141666666666,21046.475,872.0625,25406.80833333333,6418.099999999999,583.61875,199.5375,278.9375,608.4458333333333,20370.033333333333,3405.2333333333336,-2852.9375,13750.070833333331,141097.90625,64813.97083333333,442.0875,4213.564583333334,71.30416666666666,43.81875,110855.17291666666,34351.0625,2518.2875,3048.083333333333,11543.15,117.6425
2023-06-30,12.239999771118164,2.7980000972747803,11.818186078745647,870.491,3661.9,67.513719,0.0,919.353,70.425117,0.0,2751.8494187,0.0,774.816132,463.44962323,0.0,1.6999999999999993,0.0,0.0,0.0,2.2,1.086802959442139,17.889999389648438,7080.466666666667,5495.958333333333,20206.429166666665,993.3375,21827.14583333333,6301.585416666666,574.3208333333333,184.9875,151.47083333333333,622.3874999999999,20533.1625,4097.895833333333,-2023.5208333333333,12809.7,136885.33541666667,63677.3375,440.4125,4955.745833333333,85.24583333333334,68.00625000000001,104651.83541666664,31072.6125,2530.083333333333,4680.670833333334,14356.870833333334,110.01208333333334
2023-07-03,12.079999923706056,2.7090001106262207,10.846445823208365,881.3098,3494.2,58.739256,0.0,1014.565935,81.158995,0.0,2949.7969562,0.0,804.217029,490.02611003,0.1000000000000014,2.3000000000000007,0.0,0.0,0.0,1.8999999999999984,1.0907504558563232,17.299999237060547,6884.308333333333,1349.5104166666667,11563.516666666668,1005.0541666666668,16575.802083333332,5091.191666666667,583.8666666666667,21.0,48.47083333333333,622.0,19757.4875,4317.75,-2743.4125,10942.666666666666,138089.11041666666,62625.47916666666,423.2208333333333,4189.233333333334,87.15625,64.26666666666667,89098.58750000001,34787.52916666667,2533.5375,10228.3375,26482.597916666666,56.04458333333333
2023-07-05,12.100000381469728,2.657000064849853,10.965658877916338,887.0109,4002.8,58.374444,0.0,1012.243591,54.385216,0.069227,3043.938896,0.0,763.166612,501.10079844,0.0,2.6,0.0,0.0,0.0,2.8000000000000007,1.0884946584701538,16.969999313354492,6980.854166666667,3945.245833333333,14355.291666666666,1010.1,19549.560416666667,5873.554166666666,577.2541666666667,190.0041666666667,51.1375,625.2083333333334,19816.74583333333,3417.4875,-2509.583333333333,12265.95,140538.06041666667,63375.10833333334,425.9458333333334,4407.866666666667,71.075,45.72708333333333,93450.04583333334,33603.34166666667,2351.1625,8223.0375,26174.83541666667,67.33624999999999
2023-07-06,12.074999809265137,2.608999967575073,10.2927545321994,889.814,4060.7,61.186219,0.0,993.534676,54.401526,0.0,3000.9273347,0.0,801.472266,494.11484226,0.0,1.8000000000000007,0.0,0.0,0.0,3.2,1.0856584310531616,15.979999542236328,7149.349999999999,5047.820833333333,17692.670833333334,1099.2291666666667,22810.64375,6147.224999999999,598.49375,201.0625,51.09166666666667,624.1041666666666,20815.204166666663,4681.037499999999,-1912.925,13858.575,140163.28333333333,64453.60833333334,425.69166666666666,4551.306250000001,87.14791666666667,74.50625000000001,105937.07916666666,37935.32083333333,2445.295833333333,3853.8,13331.639583333332,108.96541666666668
2023-07-07,12.085000038146973,2.5820000171661377,10.685719046154103,893.1543,3850.7,61.739899,0.0,982.267729,65.602759,0.0,3009.8372994,0.0,808.482278,498.68088421,0.0,0.0,0.0,0.0,0.0,4.300000000000001,1.0890636444091797,17.200000762939453,7315.529166666667,4048.29375,17136.245833333334,1179.6791666666666,20190.55208333333,5602.15625,561.8520833333333,184.6291666666667,51.208333333333336,610.8166666666667,19694.75833333333,4424.045833333334,-3283.429166666667,13765.95,137273.88541666666,65001.2625,429.5125,4774.735416666666,93.32083333333333,87.62916666666666,101251.25625,42400.575,2501.475,1764.3541666666667,13940.158333333333,101.90666666666668
2023-07-10,12.0600004196167,2.6689999103546143,9.718107363739382,903.6132,4147.2,0.0,0.0,958.140249,87.046376,0.0,3013.3615746,0.0,814.815603,472.80227973,0.0,0.0,0.0,2.0,0.0,7.5,1.0969723463058472,15.68000030517578,7400.05,5176.779166666666,18008.320833333335,1136.5041666666666,28508.697916666668,5976.602083333334,671.3916666666667,194.5,52.64166666666667,580.7041666666667,18793.641666666663,6089.55,-2105.679166666667,15240.158333333333,142811.69791666666,62840.85833333334,415.4958333333333,4651.6125,48.04166666666666,30.15833333333333,114027.33125,36901.11666666667,2648.5041666666666,1628.0375,9519.789583333331,115.05541666666666
2023-07-11,12.020000457763672,2.7309999465942383,9.374084057670563,906.164,3936.9,0.0,0.0,998.961158,65.279604,0.0,3003.8760343,37.587044,833.519966,485.67513607,0.0,0.0,0.0,1.3999999999999986,0.0,7.399999999999999,1.100594401359558,15.079999923706056,7310.620833333333,3284.5375,18051.316666666666,1181.5333333333333,28037.497916666664,5810.316666666667,652.1666666666666,178.2458333333333,51.1625,589.5083333333333,18522.9625,3973.3333333333335,-2393.7541666666666,13094.183333333334,147001.59583333333,61725.35,420.5291666666667,4678.747916666666,69.0625,44.4375,110316.45625,39757.27916666667,2615.454166666667,6846.9375,13383.027083333334,103.84625
2023-07-12,11.975000381469728,2.631999969482422,8.599169545306406,908.914,4148.7,0.0,0.0,1003.567093,54.381285,0.0,3084.2628032,34.45699,840.616612,516.58410976,0.0,0.5,0.0,2.7,0.0,7.100000000000001,1.101406455039978,14.449999809265137,7203.125,2521.0229166666663,16624.179166666665,924.9041666666668,26539.93333333333,5697.483333333334,678.5375,47.50416666666666,50.97083333333333,582.8916666666667,19003.233333333334,3823.85,-3610.3,10956.4125,146217.38541666666,61330.91666666666,419.2583333333334,4283.383333333333,77.61874999999999,58.16875,104733.4625,34064.229166666664,2654.4125,6920.220833333333,20991.70625,88.03458333333333
2023-07-13,11.90999984741211,2.5450000762939453,8.690589531328659,911.585,4141.1,0.0,0.0,1001.219989,54.730289,0.0,3048.616657,39.431562,843.6108849999999,480.3084994400001,0.0,0.5,0.0,0.0,0.0,7.600000000000001,1.1144545078277588,13.880000114440918,7273.3125,4537.010416666667,17591.933333333334,925.7625,27708.40208333333,5691.327083333334,636.6999999999999,19.22083333333333,46.87916666666666,588.15,20300.19583333333,4054.7291666666665,-2913.8,12664.645833333334,143839.36041666666,63006.92083333334,425.0416666666667,4275.635416666667,58.8125,42.360416666666666,107811.02708333332,34971.84583333333,2857.9,6107.620833333333,15488.614583333334,97.51166666666668
2023-07-14,11.869000434875488,2.5390000343322754,8.538324100215856,914.8432,3727.1,0.0,0.0,1012.509549,54.527675,0.0,2979.0830187,45.854721,863.4187989999999,513.35521908,0.0,1.1999999999999993,0.0,0.0,0.0,5.800000000000001,1.1223469972610474,13.56999969482422,7242.195833333334,5137.435416666666,17223.529166666667,1125.5,23915.73958333333,5265.53125,587.3916666666667,24.566666666666663,47.46666666666667,602.8375,20928.966666666667,3970.220833333333,-3363.4041666666667,12869.570833333331,139501.21041666667,62902.13333333333,431.81666666666666,3984.275,76.79791666666667,55.96875,103293.89166666666,39917.575,2751.245833333333,2861.8291666666664,14817.6125,93.98291666666668
2023-07-17,10.5600004196167,2.51200008392334,8.259902992084047,926.6251,3998.9,0.0,0.0,1005.693504,76.340155,0.0,3684.5461488,34.59985,790.63736,466.93908592,0.0,1.1999999999999993,0.0,0.0,0.0,7.800000000000001,1.1227755546569824,13.09000015258789,6988.087500000001,2355.06875,16185.325,1128.7708333333333,25183.48958333333,5546.670833333334,575.5416666666666,26.5625,45.65833333333333,607.2375000000001,17896.691666666666,4603.841666666666,-3231.458333333333,10036.1875,143690.57499999998,63959.7875,417.76666666666665,4364.318749999999,47.37708333333333,32.7875,100152.63333333336,36372.6375,2926.7041666666664,8410.487500000001,21146.38125,81.29041666666667
2023-07-18,11.020000457763672,2.628999948501587,8.915313489707515,929.2774,4109.0,0.0,0.0,962.770014,65.73284,0.0,3778.049298,35.532289,739.750785,498.91015906,0.0,0.8999999999999986,0.0,0.0,0.0,8.8,1.123759627342224,14.010000228881836,7258.795833333334,6393.375,18724.366666666665,1242.3,31430.96458333333,5813.418750000001,673.1645833333333,25.195833333333336,43.6875,607.6,18182.670833333334,5327.516666666667,-1961.6666666666667,11350.633333333331,146927.1,64777.04166666666,418.8958333333333,4816.014583333334,31.8125,23.86875,112891.1,37894.379166666666,2920.2166666666667,2706.3250000000003,13735.652083333332,106.99625
2023-07-19,10.744999885559082,2.602999925613404,8.873521834703386,931.7633,4087.7,0.0,0.0,964.273271,66.269971,0.0,3615.4886848,38.531571,825.993136,483.32643938,0.0,0.1000000000000014,0.0,0.0,0.0,8.600000000000001,1.1228890419006348,14.449999809265137,7451.4875,6467.308333333333,20026.591666666667,1093.6,31737.5875,5961.462500000001,666.7958333333333,25.4125,48.02916666666667,607.0875,18958.604166666668,4268.058333333333,-1704.75,12060.333333333334,146839.72708333333,64868.47083333333,419.1875,4407.685416666666,40.13333333333333,25.14583333333333,115459.05833333332,34470.875,2783.645833333333,1832.4708333333333,13229.0,96.62416666666668
2023-07-20,10.920000076293944,2.756999969482422,9.20129710027715,934.2815,3867.2,0.0,0.0,949.549427,66.498357,0.0,3735.7926804,38.501166,829.125929,499.42254837,0.1999999999999993,0.6999999999999993,0.0,0.0,0.0,7.600000000000001,1.120523452758789,14.399999618530272,7332.845833333333,5721.347916666667,18613.175,1139.0625,29696.577083333334,5807.674999999999,736.6833333333334,25.179166666666664,47.77916666666667,617.475,19091.616666666665,4369.650000000001,-2369.570833333333,11351.041666666666,145383.53541666668,63884.84166666667,425.375,4551.752083333334,48.46041666666667,30.097916666666663,112372.16875,35981.183333333334,2804.458333333333,4038.033333333333,13001.74375,96.89458333333334
2023-07-21,10.885000228881836,2.713000059127808,9.193001911687306,937.2209,3971.5,0.0,0.0,900.051029,66.87768,0.0,3736.5767413,39.608833,844.989108,490.38467305,1.0,1.6000000000000014,0.0,0.0,0.0,8.5,1.113709807395935,13.84000015258789,7439.758333333334,6216.947916666667,18796.7875,940.9208333333332,27337.8125,5750.400000000001,706.5916666666667,24.27083333333333,46.97916666666666,620.2208333333333,19521.275,4550.0625,-1689.7458333333334,11780.741666666669,140739.47916666666,66646.1375,426.51666666666665,4444.091666666666,55.86041666666666,35.547916666666666,111254.31458333333,32167.679166666665,2869.9375,2089.983333333333,12356.327083333332,104.14791666666667
2023-07-24,11.260000228881836,2.684999942779541,9.96355751876475,948.1978,3575.7,19.572998,0.0,902.70148,55.410762,0.0,3877.2951927,0.0,826.689032,458.98941386,0.0,2.3000000000000007,0.0,0.0,0.0,9.5,1.112532615661621,13.800000190734863,7102.170833333334,6300.54375,15619.341666666667,1103.0375,22607.260416666668,5434.152083333333,616.84375,57.07083333333333,55.97083333333333,604.8041666666667,17957.325,5194.266666666666,-2414.65,11187.591666666667,139833.63125,67061.31666666667,400.1458333333333,4039.4833333333336,64.13958333333333,38.86666666666667,101362.62916666668,30196.625,3030.933333333333,4917.958333333333,20913.71875,92.00458333333334
2023-07-25,11.460000038146973,2.7300000190734863,10.585884382497335,951.0385,3372.0,22.202463,0.0,898.967639,55.589664,0.0,3920.1164246,0.0,853.082496,476.30718497,0.0,2.4000000000000004,0.0,0.0,0.0,8.899999999999999,1.1063170433044434,14.229999542236328,7075.579166666666,5884.322916666667,16737.233333333334,1198.4125,22822.38125,5817.072916666667,747.8000000000001,85.42916666666667,60.9875,604.0625,19375.9375,4861.912499999999,-2801.4041666666667,11450.8375,138936.14791666667,66390.25,405.51666666666665,4640.297916666666,51.35416666666666,30.722916666666663,103091.17083333334,30500.345833333336,3012.3583333333336,5813.470833333333,17688.072916666668,104.35125
2023-07-26,11.100000381469728,2.664999961853028,9.481304733333031,954.0391,3475.3,21.449654,0.0,932.490688,55.751685,0.0,3780.8710434,0.0,829.992342,486.30194137,1.6999999999999993,2.3000000000000007,0.0,0.0,0.0,4.699999999999999,1.1050456762313845,13.479999542236328,7097.304166666666,5131.427083333333,15258.0875,1163.275,20485.441666666666,5947.720833333333,796.2791666666667,83.95833333333333,60.175,617.7875,20506.116666666665,4286.120833333333,-2667.1916666666666,11663.575,136892.4375,65719.08750000001,412.0833333333333,4659.604166666667,72.17916666666666,44.052083333333336,99465.74583333332,32667.4125,3048.7291666666665,5363.349999999999,18411.325,94.98541666666668
2023-07-27,10.970000267028809,2.492000102996826,9.232190151699651,956.9953,3341.1,21.231483,0.0,976.605064,55.380445,0.0,3809.3601938,0.0,841.285706,477.68377357,1.8999999999999984,0.0,0.0,0.0,0.0,3.5,1.1078368425369265,12.81999969482422,7217.316666666667,6789.5,15549.941666666666,832.3708333333334,19801.54680851064,5732.389361702128,773.4276595744681,92.15833333333336,58.16666666666666,627.725,20566.004166666666,5110.158333333334,-1616.0875,12245.4625,135530.31041666667,65689.875,413.3708333333333,3731.53829787234,65.12127659574467,44.55957446808511,99328.33333333331,29498.525,3105.758333333333,5895.962500000001,18898.457446808512,93.37666666666668
2023-07-28,10.779999732971191,2.638000011444092,8.314830837407328,959.8771,3327.9,21.18523,0.0,951.092429,55.728095,0.0,3786.4445117,0.0,835.770294,439.31782325,0.0,0.0,0.0,0.0,0.0,3.0,1.0978755950927734,13.789999961853027,7287.220833333333,6708.202083333334,16620.554166666665,914.9583333333334,22213.072916666668,5579.245833333333,635.0791666666667,54.075,59.45416666666666,610.2708333333334,19841.566666666666,5488.408333333333,-2028.4666666666665,12649.4625,133664.95416666666,65564.72083333334,421.2166666666667,4169.339583333333,81.44791666666667,59.55,103393.42291666666,30873.825,2969.6666666666665,2118.1625,13775.53125,97.14208333333332
2023-07-31,10.920000076293944,2.634000062942505,9.165130914493028,971.8749,3429.8,60.473406,0.0,945.795745,56.130755,0.0,3825.8456349,0.0,816.580648,433.0205438,0.6999999999999993,0.0,0.0,0.0,0.0,5.600000000000001,1.1024264097213743,14.0,7325.504166666667,4770.229166666667,11753.35,1341.6458333333333,18439.70425531915,5093.991489361702,573.4127659574468,20.9375,61.15416666666667,610.0458333333333,18880.8875,4201.458333333333,-3881.320833333333,11220.9875,133347.12708333333,62697.4625,415.0125,3592.1000000000004,95.16382978723404,77.28936170212766,89049.00208333333,30332.504166666666,3031.7333333333336,7344.2375,26001.457446808512,71.60791666666667
2023-08-01,10.925000190734863,2.559999942779541,8.742311028887569,973.8457,3335.0,61.58155,0.0,970.214497,22.721406,0.0,3555.3934902,0.0,863.6269880000001,456.73388569,0.0,0.5,0.0,0.0,0.0,4.300000000000001,1.0997591018676758,14.109999656677246,7349.970833333333,5237.650000000001,12272.904166666667,1457.3666666666668,18225.435416666667,5263.40625,626.3000000000001,22.85,51.8625,626.1208333333333,18825.345833333333,5109.579166666666,-3605.4375,11043.9875,135832.23124999998,63397.0,413.5125,4171.160416666667,71.86874999999999,45.677083333333336,91682.45625,29517.3,2716.7208333333333,6614.375,26083.94583333333,81.09666666666666
2023-08-02,10.970000267028809,2.476999998092652,9.272817315775562,977.1058,3161.7,62.207391,0.0,972.056517,22.404738,0.0,3482.7645218,0.0,866.5899320000001,464.11455242,0.0,0.8000000000000007,0.0,0.0,0.0,4.899999999999999,1.100788116455078,15.140000343322754,7205.879166666667,4338.427083333333,11426.770833333334,1396.8416666666665,15745.04375,5092.127083333334,618.1166666666667,20.525,58.37083333333333,609.7375000000001,19592.066666666666,4632.3875,-4254.320833333333,10519.941666666668,136364.96666666667,61274.75416666667,409.9916666666666,3955.1333333333337,88.00208333333335,64.43541666666667,85057.55208333333,30733.858333333334,2751.2833333333333,7650.091666666667,32115.43333333333,62.56125
2023-08-03,11.0,2.565000057220459,9.774359188549962,980.1497,3182.4,62.113109,0.0,949.240509,22.602647,0.0,3364.0034522,0.0,862.3351710000001,467.57206483,0.0,1.1000000000000014,0.0,0.0,0.0,5.300000000000001,1.0944151878356934,17.540000915527344,7139.8,3337.7979166666664,11869.370833333334,1340.1875,16566.391666666666,4923.08125,605.4666666666666,21.791666666666668,58.13333333333333,594.1999999999999,20088.6125,4538.208333333333,-4894.587500000001,12174.995833333334,136111.32291666666,61128.19166666667,418.3125,3693.85625,90.64583333333331,73.97291666666666,85597.53125,30715.05833333333,2726.7875,6232.3125,32040.10625,51.435833333333335
2023-08-04,10.954999923706056,2.57699990272522,9.261021173488466,982.6704,3192.3,55.557916,0.0,985.427809,22.333295,0.0,3382.2230894,0.0,877.7240979999999,495.32417465,0.0,1.5,0.0,0.0,0.0,2.7,1.095158338546753,17.200000762939453,7292.412499999999,5589.1125,13961.504166666666,1377.3,19726.08958333333,5236.45625,600.2520833333333,22.5125,56.375,628.2624999999999,20312.88333333333,7133.6875,-2878.8916666666664,12537.633333333331,131099.5625,61731.22916666666,421.04583333333335,4166.960416666667,56.01875,37.62083333333333,96542.67708333331,30540.0875,2756.183333333333,4445.162499999999,17064.266666666666,99.53041666666668
2023-08-07,10.979999542236328,2.7249999046325684,9.831140679928255,993.1994,3266.7,38.798621,0.0,999.222998,33.378654,0.0,3704.8403278,0.0,842.91859,475.11435256,2.1,2.5,0.0,0.0,0.0,0.8999999999999986,1.1002674102783203,16.899999618530273,7236.345833333333,1718.2729166666668,11155.741666666669,1313.1416666666669,12925.727083333331,4468.364583333333,614.3645833333334,21.6875,57.00416666666666,641.5500000000001,19859.525,4135.533333333334,-5305.391666666666,9236.654166666667,127343.1375,59669.2125,412.7083333333333,4064.070833333333,56.55416666666667,38.88541666666666,75812.32083333333,31008.254166666666,2893.6,6530.474999999999,32761.454166666663,14.757083333333332
2023-08-08,10.954999923706056,2.7769999504089355,10.018291592428843,996.6019,3382.8,39.331177,0.0,999.735242,33.28533,0.013678,3671.4963984,0.0,839.18325,469.34182752,2.5,3.2,0.0,0.0,0.0,0.8000000000000007,1.100315809249878,18.940000534057617,7221.391666666666,1959.1666666666667,11207.795833333332,1376.0458333333331,15536.1914893617,4946.278723404255,669.6255319148936,20.175,55.80416666666667,641.2458333333333,19806.766666666663,4971.7625,-3950.675,9873.629166666668,129455.00208333333,59798.26666666666,415.1625,4019.112765957447,47.153191489361696,32.89148936170213,82020.33125,33080.229166666664,2849.7125,6175.125,28398.62553191489,18.8225
2023-08-09,11.029999732971191,2.9590001106262207,12.790634686559214,999.7139,3374.5,45.610328,0.0,995.709441,33.376241,0.030918,3781.4827468,0.0,840.571853,469.65344673,2.5,0.5,0.0,0.0,0.0,0.3999999999999986,1.0958904027938845,18.21999931335449,7353.195833333334,3999.929166666667,13375.6875,1377.725,20789.7125,5754.772916666666,632.3541666666666,22.916666666666668,46.85833333333333,632.9041666666667,20650.8875,5544.195833333334,-2756.1875,11870.958333333334,130722.15833333333,61643.13333333333,419.025,4113.683333333333,46.65625,29.51458333333333,96403.04791666666,31060.204166666663,2522.820833333333,5650.3,15963.852083333331,89.85708333333334
2023-08-10,11.045000076293944,2.763000011444092,11.922291304825231,1002.7488,3208.8,42.406067,0.0,1000.377856,22.610058,0.0,3640.4027325,0.0,855.0695900000001,474.02399894,2.1,0.0,0.0,0.0,0.0,1.6000000000000014,1.0977671146392822,17.34000015258789,7426.412499999999,4935.816666666667,14741.8,1274.6916666666666,19466.0875,6085.872916666666,502.8708333333333,102.28333333333336,46.2375,632.25,21893.24166666667,4920.570833333333,-3047.6625,13941.804166666669,130585.875,62134.7125,412.575,3890.7708333333335,87.35208333333333,67.64999999999999,98541.35208333336,37526.54583333333,2803.6125,2924.333333333333,11819.083333333334,103.39916666666666
2023-08-11,11.085000038146973,2.7699999809265137,11.361436312522326,1006.2534,3141.7,44.356183,0.0,994.166646,66.571536,0.0,3595.3048616,0.0,851.366443,470.45006024,0.0,0.0,0.0,0.0,0.0,3.2,1.0981649160385132,17.520000457763672,7381.245833333333,4472.397916666667,14241.4,1366.2291666666667,18039.86170212766,6364.4808510638295,470.92765957446807,98.925,46.63333333333333,631.2041666666667,21146.154166666667,5239.270833333333,-3411.4541666666664,13150.4875,128886.58541666664,64861.09166666667,420.9125,4348.968085106383,87.12553191489361,78.36170212765957,96545.58541666664,39229.333333333336,2870.4875,3527.491666666667,11195.836170212768,99.77916666666664
2023-08-14,11.145000457763672,2.7950000762939453,11.045110076947545,1018.0724,3226.8,39.12213,0.0,961.648909,66.142043,0.0,3693.1761342,0.0,799.677948,477.2874106,0.0,0.0,0.0,0.6999999999999993,0.0,3.6000000000000014,1.094439148902893,17.610000610351562,7269.349999999999,4932.666666666667,14924.9125,1323.9958333333334,17036.720833333333,5464.0625,613.40625,197.9875,47.2375,581.2166666666667,19329.179166666665,5333.983333333334,-3528.145833333333,13587.75,125631.33125,62757.333333333336,410.8125,3999.995833333333,49.95,32.19166666666667,94647.67916666664,36964.004166666666,2663.2125,2440.0625,11281.608333333332,103.56375
2023-08-15,11.204999923706056,2.6589999198913574,12.410472560472629,1021.2976,3023.4,43.38001,0.0,915.029396,44.064331,0.0,3675.5584553,0.0,836.387469,470.36413893,0.0,0.1000000000000014,0.0,2.2,0.0,3.1000000000000014,1.0909883975982666,19.780000686645508,7304.2375,5433.339583333333,14758.975,1384.6041666666667,17203.695833333335,4642.05,596.3458333333333,176.9375,41.65833333333333,579.6999999999999,18457.658333333333,4356.55,-4477.491666666667,13274.283333333333,121691.49583333332,63134.395833333336,409.2875,3800.2125,54.37083333333334,35.520833333333336,91421.4125,34438.86666666666,2967.554166666667,3851.925,11124.685416666667,94.05666666666669
2023-08-16,14.31999969482422,2.5920000076293945,12.075126292868664,1024.365,3304.5,42.974666,0.0,983.924125,44.124677,0.0,3672.8690812,0.0,880.035723,497.94730735,0.0,0.0,0.0,0.6000000000000014,0.0,4.399999999999999,1.0904173851013184,18.57999992370605,7451.391666666666,4843.160416666667,17314.833333333332,1244.0125,21394.222916666666,6329.672916666666,673.6104166666667,168.64583333333334,30.166666666666668,581.8125,19267.1875,4715.224999999999,-2866.0375,12721.45,131776.92708333334,65243.0125,408.8708333333333,4062.914583333333,36.020833333333336,25.695833333333336,101939.0625,34533.05,2933.191666666667,2241.054166666667,11450.825,110.76583333333332
2023-08-17,14.15999984741211,2.621000051498413,11.737034476303895,1027.6695,3337.9,50.770386,0.0,991.812573,55.208083,0.0,3651.2421475,0.0,854.5484349999999,489.89749186,0.0,0.0,0.0,0.0,0.0,5.399999999999999,1.0874884128570557,18.489999771118164,7548.325,3406.708333333333,17667.479166666668,1238.9916666666666,20342.36875,6605.662499999999,654.4166666666666,150.11666666666667,41.54166666666666,580.025,19077.82083333333,4994.4125,-3578.695833333333,13519.245833333334,134334.93958333333,67783.87916666667,408.1375,3609.964583333333,79.13125000000001,66.54166666666667,103903.42291666666,32260.24583333333,2843.754166666667,4180.283333333334,12211.254166666666,111.51208333333334
2023-08-18,13.949999809265137,2.5510001182556152,11.60451158996641,1031.1039,3140.5,49.023881,0.0,989.948505,55.222541,0.0,3626.225385,0.0,841.91208,488.56115132,0.0,0.0,0.0,1.1000000000000014,0.0,5.5,1.0874648094177246,17.450000762939453,7522.795833333334,4018.23125,17556.604166666668,1330.4166666666667,19278.577083333334,6164.810416666667,567.60625,114.95416666666668,77.06666666666666,579.0583333333333,19432.1125,5234.895833333333,-3319.0333333333333,14300.4,133759.58125000002,64517.57083333333,414.425,3559.508333333333,92.86875,97.13125,101069.72708333332,35484.395833333336,2851.8,4837.991666666667,12528.65625,108.49958333333332
2023-08-21,14.300000190734863,2.631999969482422,12.999077253518667,1040.4294,3395.3,48.147238,0.0,976.893077,55.603718,0.0,3377.8306788,0.0,858.7311940000001,471.87166113,0.0,0.0,0.0,0.8000000000000007,0.0,7.699999999999999,1.087559461593628,17.700000762939453,7404.216666666667,4783.729166666667,20302.44583333333,1473.575,25468.6375,7602.118750000001,753.2416666666667,416.2916666666667,307.5541666666667,576.3416666666667,17955.454166666666,5947.041666666667,-2750.870833333333,14927.404166666667,140366.19999999998,61070.50833333333,401.5375,4152.839583333333,94.02916666666664,93.19791666666669,110238.09166666667,37135.3125,2952.429166666667,940.0041666666666,11090.45,121.31583333333332
2023-08-22,14.300000190734863,2.559999942779541,13.705348292413516,1041.1774,3388.5,47.11906,0.0,990.682751,77.415061,0.0,3369.6256238,0.0,868.7665410000001,501.04035341,0.0,0.0,0.0,0.0,0.0,8.0,1.0898351669311523,17.030000686645508,7448.741666666666,3862.6416666666655,22376.754166666666,1420.2,29507.55625,8526.9125,784.9291666666667,348.0958333333333,279.51666666666665,577.4250000000001,18161.095833333333,5166.075,-3601.2333333333336,15352.154166666667,144117.56041666667,59984.97083333333,406.3875,4068.1083333333336,65.07916666666667,50.00833333333333,115311.23958333331,35775.02916666667,2906.9125,1729.7125,10053.95,123.89916666666666
2023-08-23,13.734999656677246,2.496999979019165,11.694209150226412,1043.8583,3495.2,50.790535,0.0,995.51718,76.97248,0.0,3433.7283481,0.0,909.445584,457.19032451,0.0,0.0,0.0,0.0,0.0,7.699999999999999,1.0846692323684692,16.09000015258789,7439.212500000001,4110.41875,21897.716666666664,1571.7,31418.483333333334,9437.639583333334,577.2624999999999,201.9208333333333,253.94583333333333,583.5958333333333,17732.8875,5566.55,-3875.6083333333336,15118.445833333331,145196.61458333334,61437.99166666667,412.6375,4413.560416666666,46.91041666666666,34.83541666666667,118115.09375,36541.5375,2847.0791666666664,1252.8,8184.347916666667,147.47791666666666
2023-08-24,12.920000076293944,2.5190000534057617,10.17091068868351,1045.3702,3545.3,38.911048,0.0,983.704021,87.757766,0.0,2863.0393861,0.0,902.782316,487.53857555,0.0,0.0,0.0,0.3000000000000007,0.0,7.899999999999999,1.086578607559204,16.690000534057617,7438.829166666666,4117.554166666667,21920.108333333334,1346.9625,31790.65208333333,9885.872916666667,558.5895833333333,142.64166666666668,266.3833333333333,582.4916666666667,17254.858333333334,4761.712500000001,-2380.891666666667,14924.5,145886.73958333334,61129.06666666667,414.4916666666666,3622.10625,60.91458333333333,50.175,118080.65833333333,33705.44583333333,2833.708333333333,2071.25,9917.733333333334,144.56291666666667
2023-08-25,13.460000038146973,2.539999961853028,11.007079804013872,1047.132,3909.1,42.740402,0.0,985.308938,76.964462,0.0,2519.8435264,0.0,875.057463,505.50192234,0.0,1.1999999999999993,0.0,1.5,0.0,7.399999999999999,1.07991361618042,19.31999969482422,7484.895833333333,4665.016666666667,21723.18333333333,1449.7583333333332,31765.83125,8395.639583333334,473.8375,152.32916666666668,277.825,584.8000000000001,17527.995833333334,5122.3625,-2020.5416666666667,15029.379166666666,144115.30833333332,61003.395833333336,417.42083333333335,3517.25,62.28958333333333,49.7375,116925.97708333336,27357.4125,2943.9,1744.6708333333331,12638.285416666666,116.77833333333332
2023-08-28,13.460000038146973,2.5789999961853027,12.156237049504858,1053.1458,3565.0,49.698182,0.0,973.245881,76.822941,0.0,2007.55922864,0.0,860.664862,496.3693688,1.3999999999999986,2.4000000000000004,0.0,0.0,0.0,2.2,1.0797386169433594,17.209999084472656,7497.704166666666,4769.514583333334,22774.1,1345.3791666666666,22656.01276595745,8042.978723404255,469.93617021276594,310.95,253.57916666666665,589.3208333333333,19298.64583333333,3443.583333333333,-4265.383333333333,14359.029166666667,136766.25,61996.99583333333,404.89166666666665,4133.234042553191,50.83404255319149,36.36808510638298,106814.38958333334,24910.74166666667,2922.3875000000003,2058.7833333333333,16817.457446808512,119.43166666666669
2023-08-29,13.395000457763672,2.555999994277954,11.166631251456783,1053.7757,3566.0,53.021766,0.0,1018.244309,54.958556,0.0,2077.1703496,0.0,826.656208,516.39287845,2.8000000000000007,2.5,0.0,0.0,0.0,0.0,1.082555651664734,17.8799991607666,7612.974999999999,4574.777083333333,24339.275,1296.2416666666666,24109.47021276596,8483.95744680851,565.8446808510638,345.4291666666666,246.32083333333333,589.5041666666667,19845.729166666668,4989.154166666666,-3252.133333333333,13849.629166666666,137969.11458333334,61900.92083333334,405.6541666666667,4182.176595744681,68.66595744680852,54.01489361702128,111034.52916666666,23183.25833333333,2863.0750000000003,1163.7916666666667,15075.125531914897,122.84791666666666
2023-08-30,13.404999732971191,2.7960000038146973,11.465552377490624,1054.8582,3511.0,48.788507,0.0,1034.303586,55.060108,0.0,2077.5626064,0.0,900.5407600000001,533.77490019,1.8000000000000007,2.3000000000000007,0.0,0.0,0.0,0.0,1.0869210958480835,19.21999931335449,7585.608333333334,5188.741666666667,23005.19583333333,1280.825,22276.42391304348,8189.410869565218,667.8173913043478,249.01666666666665,276.03333333333336,589.4833333333333,20860.966666666667,5486.916666666667,-2416.983333333333,14990.975,137779.61041666666,62253.65416666667,410.6458333333333,4137.715217391305,40.22608695652174,29.186956521739127,109481.35208333332,26672.925,2672.0875,2670.391666666667,14219.06956521739,114.48375
2023-08-31,13.199999809265137,2.7679998874664307,11.223803528999724,1055.1335,3641.0,49.67366,0.0,1034.040604,55.048894,0.0,2075.1604155,0.0,918.421006,521.2207099999999,2.9000000000000004,3.9,0.0,0.0,0.0,0.0,1.0932546854019165,21.39999961853028,7625.279166666667,5582.1375,19862.325,1358.9166666666667,22479.29375,6345.779166666667,644.95,282.3125,274.51666666666665,589.6166666666667,21080.025,4378.3875,-2777.433333333333,14702.875,137214.13333333333,63653.71666666667,414.5375,4212.204166666666,65.89791666666666,49.69583333333333,105408.69791666669,29734.25833333333,2654.0291666666667,2774.0166666666664,15551.2875,104.58
2023-09-01,13.395000457763672,2.765000104904175,11.319884782679209,1057.0346,3857.4,53.03777,0.0,1131.119612,55.18309,0.0,2184.8981281,0.0,849.388327,454.77053917,2.3000000000000007,0.3999999999999986,0.0,0.0,0.0,0.0,1.0844104290008545,21.709999084472656,7654.604166666667,5366.652083333333,19557.741666666665,1593.9791666666667,23780.575,6123.960416666666,684.5041666666666,172.475,261.65416666666664,610.4083333333333,21170.029166666667,4212.929166666667,-2558.2125,13510.525,136478.98541666666,64094.725,420.5291666666667,3487.054166666667,40.15208333333333,26.93125,107784.12708333333,29368.533333333336,2769.883333333333,1791.1166666666668,13115.041666666666,109.20875
2023-09-05,13.239999771118164,2.5820000171661377,10.898558148135738,1063.4788,3855.0,21.227293,0.0,1028.207536,82.513411,0.0,1599.8841077,0.0,820.91354,463.66100383,0.0,0.0,0.0,0.0,0.0,1.8000000000000007,1.0794472694396973,18.96999931335449,7370.8875,3097.30625,18228.283333333333,1274.3,21588.689361702127,6514.4212765957445,607.5276595744681,133.76666666666668,73.47916666666667,645.1458333333334,18687.045833333334,4562.337500000001,-3929.0,9742.820833333331,138911.92083333334,66668.5,399.3833333333334,4631.023404255319,64.9872340425532,43.82340425531915,101185.64791666664,33762.645833333336,2833.1708333333336,1099.9666666666667,20726.76808510638,103.03375
2023-09-06,13.210000038146973,2.509999990463257,9.768917390244477,1064.0754,3563.7,21.16191,0.0,1023.269864,99.164333,0.0,1587.769907106,0.0,847.614188,483.06077549,0.0,0.0,0.0,0.0,0.0,1.5,1.0726161003112793,20.190000534057617,7342.458333333333,3926.9166666666665,19095.716666666667,1195.0125,25045.055555555555,7403.831111111112,694.0044444444445,134.30416666666667,197.8083333333333,627.5208333333334,18726.533333333333,5576.020833333333,-3047.3250000000003,11946.775,139809.60416666666,67051.28333333334,410.92083333333335,4891.355555555556,61.48444444444445,42.50888888888889,107414.29166666669,34584.35833333333,2740.2958333333336,1861.075,15117.424444444445,106.13375
2023-09-07,13.31999969482422,2.5789999961853027,10.295174061549348,1064.7107,3655.4,21.198701,0.0,1014.56493,98.924544,0.0,1433.8778099,0.0,853.678905,458.27533682,0.0,0.0,0.0,0.0,0.8000000000000007,2.8000000000000007,1.0724204778671265,20.68000030517578,7264.041666666667,4657.849999999999,18125.7,1215.675,23546.325,6846.006249999999,662.1875,177.88333333333333,90.8125,624.8125,18378.041666666668,4795.704166666666,-2544.770833333333,12353.029166666667,140752.74791666667,67264.82916666668,416.5708333333334,4467.725,62.62708333333333,45.675,106344.54166666669,33823.870833333334,2752.25,4273.354166666667,15359.5875,100.12541666666668
2023-09-08,13.329999923706056,2.6050000190734863,10.819470447245294,1065.4022,3596.2,21.106215,0.0,1015.825284,99.074195,0.0,1569.9649032,0.0,849.231978,461.1316835,0.0,0.0,0.0,0.0,1.3000000000000007,2.8000000000000007,1.0697818994522097,21.270000457763672,7330.891666666666,4902.45625,19201.45833333333,1185.1166666666666,23545.80833333333,7210.016666666666,714.36875,202.10416666666663,245.825,638.5291666666667,18342.220833333333,5547.520833333333,-2922.2625000000003,12443.433333333334,138883.81875,67258.85416666667,416.4708333333333,4306.772916666667,33.59166666666667,23.820833333333336,108926.23125,35472.34583333333,2817.066666666667,1733.5,11354.66875,109.9575
2023-09-11,13.385000228881836,2.6080000400543213,11.260929567405384,1068.441,3341.4,22.179713,0.0,873.556068,88.435856,0.0,1585.5826293,0.0,889.3331129999999,471.66173351,0.0,0.0,0.0,0.6999999999999993,0.0,2.7,1.071811318397522,19.75,7875.829166666666,3946.777083333333,19869.27083333333,1407.9291666666668,25960.877083333336,8864.904166666667,607.5729166666666,316.875,217.1125,630.7083333333334,16955.270833333332,5342.025000000001,-2723.75,11012.425,138584.96666666667,66710.08333333333,407.87916666666666,4146.791666666667,41.69583333333333,28.77083333333333,112249.59166666667,33545.316666666666,2656.7625000000003,2810.741666666667,8157.335416666666,153.245
2023-09-12,13.390000343322754,2.743000030517578,10.933434917648238,1068.4304,3377.1,19.228395,0.0,857.049428,77.373057,0.0,1667.5987792,0.0,892.243472,491.54281685,0.0,0.0,0.0,0.1999999999999993,0.0,1.1999999999999993,1.0750375986099243,18.13999938964844,7984.441666666667,3724.575,22264.516666666663,1399.275,28924.99583333333,9928.645833333334,688.9395833333333,231.15416666666667,72.675,619.9,16536.845833333333,4810.25,-2660.829166666667,11213.270833333334,142352.94999999998,67149.95,417.64166666666665,3750.277083333333,39.15416666666667,25.51875,117808.44583333332,29850.908333333336,2595.0583333333334,2624.8458333333333,8306.616666666667,131.23958333333334
2023-09-13,13.390000343322754,2.680000066757202,11.603254356197,1068.548,3247.3,21.826446,0.0,962.720082,88.448535,0.0,1701.6751906999998,0.0,903.341059,480.3299444,0.0,1.8000000000000007,0.0,0.0,0.0,1.1999999999999993,1.075326681137085,16.8700008392334,7578.083333333333,3736.6104166666655,22289.6,1443.9708333333335,26479.94583333333,9486.06875,585.21875,212.6291666666667,100.475,614.4833333333333,16916.279166666667,3595.695833333333,-3458.5125000000003,10886.870833333332,142044.00416666668,68022.20833333333,419.9083333333333,4063.43125,65.89583333333333,50.57708333333333,112734.26875,24970.6125,2618.641666666667,5911.495833333333,13868.672916666668,109.30458333333333
2023-09-14,13.364999771118164,2.7079999446868896,11.174978137037671,1068.6707,3513.9,21.007878,0.0,962.795101,66.33804,0.0,1714.7043702,0.0,890.159083,485.71707749,1.6000000000000014,0.8999999999999986,0.0,0.0,0.0,1.5,1.073422074317932,15.65999984741211,7464.220833333333,4206.560416666666,22741.966666666664,1492.0916666666665,27321.025,9742.5625,683.1708333333332,209.09583333333333,95.93333333333334,600.9250000000001,16921.358333333334,4573.929166666667,-3307.4875,12529.9125,140835.87083333332,69838.19583333333,422.4916666666666,4300.45,39.13333333333333,27.06041666666667,117321.08958333332,28191.554166666665,2774.9791666666665,1520.8583333333331,8658.564583333335,120.74541666666666
2023-09-15,13.32900047302246,2.6440000534057617,11.37385004693996,1069.3148,3214.0,19.091638,0.0,1130.180333,66.297004,0.0,1765.6363976,0.0,901.726065,469.69092743,1.1000000000000014,0.6000000000000014,0.0,0.0,0.0,1.8999999999999984,1.0637166500091553,14.90999984741211,7522.333333333333,4674.570833333333,20662.533333333333,1479.3833333333332,25027.69375,7807.929166666666,658.4979166666667,179.73333333333335,110.90833333333336,625.2166666666667,16906.037500000002,4566.120833333333,-2891.0333333333333,11759.3375,137771.60624999998,70139.57083333333,425.76666666666665,4159.920833333334,35.114583333333336,24.64375,109771.38541666669,30521.05,2730.1666666666665,2344.645833333333,11567.36875,107.8675
2023-09-18,13.989999771118164,2.727999925613404,10.77925681018422,1073.0119,3014.5,20.64415,0.0,1130.46866,71.77091,0.0,2065.0429685,0.0,846.025113,474.16573087,0.0,1.0,0.0,0.0,0.0,3.3000000000000007,1.0668259859085083,14.890000343322754,7300.150000000001,3034.11875,16545.649999999998,1590.2708333333333,18900.0375,6601.591666666667,686.8729166666667,76.57916666666667,89.70416666666667,628.0875,16352.8125,4450.441666666667,-3192.0333333333333,10780.825,138159.09583333333,66295.31666666667,412.0875,3989.65625,78.47708333333334,61.21041666666667,95009.14375,22432.6625,2750.770833333333,9036.879166666668,27415.1875,87.7425
2023-09-19,14.25,2.8480000495910645,11.52690095187656,1074.0245,3109.8,19.51144,0.0,1124.380271,49.585729,0.0,1895.1493019,0.0,802.72108,484.67204188,0.0,1.3999999999999986,0.0,0.0,0.0,3.0,1.0692671537399292,14.8100004196167,7186.087500000001,1728.6958333333332,16030.266666666668,1550.1083333333331,19559.58125,7026.220833333333,543.2375000000001,76.99583333333334,63.26666666666667,630.0833333333334,16487.170833333334,5011.620833333333,-4246.883333333333,8767.541666666666,139633.46458333332,63988.47083333333,414.2125,4198.922916666666,74.29166666666667,65.71666666666667,91943.31458333334,25812.525,2747.425,8602.75,30482.5125,37.47625
2023-09-20,14.239999771118164,2.7330000400543213,11.672611711836709,1074.8786,3080.3,21.288866,0.0,1135.019135,49.778716,0.0,1701.5865736,0.0,768.692633,471.67138982,0.0,0.1000000000000014,0.0,0.0,0.0,1.3000000000000007,1.0682048797607422,14.449999809265137,7183.354166666667,2778.020833333333,14785.520833333334,1513.8166666666666,19773.35208333333,6916.358333333334,495.48333333333335,77.40416666666667,61.50416666666667,632.0500000000001,16238.645833333334,4705.225,-4612.254166666667,9316.7625,138802.82708333334,63068.91666666666,421.4583333333333,4110.629166666667,82.48125,72.45208333333333,91467.56666666668,28265.970833333336,2671.8125,9890.975,28256.783333333336,55.67083333333334
2023-09-21,14.329999923706056,2.609999895095825,12.209459770998814,1075.9085,3051.8,37.75277,0.0,1141.188647,44.381999,0.0,2322.4077516,0.0,797.940794,478.46775347,0.0,4.0,0.0,0.0,0.0,1.6999999999999993,1.065303087234497,15.289999961853027,7255.275000000001,4188.76875,19229.691666666666,1507.5,20792.45625,6743.568749999999,606.3104166666666,114.54583333333332,57.01666666666667,617.4875000000001,16359.0,5286.716666666666,-3588.691666666667,10167.158333333333,139964.64375000002,62765.14166666666,422.775,3257.5604166666667,67.42708333333333,47.88333333333333,97409.00208333333,22299.2625,2699.2916666666665,4152.1125,29329.96041666667,104.16041666666666
2023-09-22,14.595000267028809,2.63700008392334,12.433577823479167,1077.2962,3025.2,44.838453,0.0,1153.572122,44.14174,0.0,2565.5518135,0.0,900.737555,483.60199196,0.3999999999999986,5.5,0.0,0.0,0.0,2.3000000000000007,1.0661548376083374,14.170000076293944,7383.895833333333,5528.883333333334,21336.775,1532.9208333333331,19475.366666666665,6808.391666666666,541.9333333333333,77.425,56.125,629.0749999999999,17846.379166666666,5421.650000000001,-3575.5875,10212.591666666667,136839.86875,63332.12916666667,427.01666666666665,3723.7666666666655,83.03333333333333,67.84791666666668,98100.96041666664,21805.970833333333,2747.066666666667,4301.329166666666,25685.25625,105.43666666666668
2023-09-25,14.989999771118164,2.638999938964844,13.869880460227572,1082.9236,3020.0,40.355639,0.0,1163.351294,49.553106,0.0,2865.9135403,0.0,897.088579,454.51588041,2.9000000000000004,0.0,0.0,0.0,0.0,0.0,1.0648492574691772,14.760000228881836,7424.354166666667,2323.7854166666666,18185.39583333333,1512.2916666666667,19490.65652173913,7983.430434782608,487.58478260869566,132.30833333333334,93.84166666666664,639.8416666666667,16707.575,5005.570833333333,-4090.133333333333,9789.091666666667,134764.28958333333,61311.1875,417.6041666666667,4181.926086956521,98.08913043478262,100.45,96353.23333333334,30592.391666666663,2695.0041666666666,6460.216666666667,20749.29782608696,113.20041666666668
2023-09-26,14.649999618530272,2.6559998989105225,12.516894745983048,1084.0457,3222.3,44.034368,0.0,1167.570599,49.591474,0.0,2577.7625277,0.0,897.8459509999999,482.66790431,0.3000000000000007,0.8000000000000007,0.0,0.0,0.0,0.0,1.0591648817062378,14.15999984741211,7730.808333333333,3737.035416666667,21083.741666666665,1497.6916666666666,21520.647916666665,9198.45625,641.5645833333333,132.54999999999998,83.63333333333334,631.2416666666667,16536.9375,5185.904166666666,-3057.941666666667,12108.5375,137512.42708333334,63905.5375,419.85,3758.539583333333,84.71041666666666,75.39166666666667,107428.62708333333,30052.1125,2707.016666666667,2385.045833333333,13865.21875,128.155
2023-09-27,14.595000267028809,2.763999938964844,12.172872824420194,1085.5238,3245.4,44.321443,0.0,1161.756826,49.714915,0.0,2754.12480572,0.0,928.679956,489.64318932,0.0,0.6999999999999993,0.0,0.0,0.0,0.0,1.0569483041763306,14.18000030517578,7713.3875,4210.877083333334,19510.704166666663,1386.0666666666666,22660.2,9391.388888888889,782.9355555555555,135.31666666666666,92.00416666666666,639.15,16379.5125,4778.183333333333,-3030.4,12269.116666666669,137974.06666666668,64476.475,430.45,3922.635555555556,82.65555555555555,75.5911111111111,104778.55208333331,29300.32083333333,2680.6,4078.404166666666,17606.546666666665,123.01875
2023-09-28,14.760000228881836,2.944999933242798,12.234432037727482,1086.86,2995.6,42.115761,0.0,1144.720826,76.988197,0.0,2796.8481841,0.0,933.74815,469.25047822,0.0,1.3999999999999986,0.0,0.0,0.0,0.0,1.0505305528640747,14.31999969482422,7592.5625,3159.9520833333336,19140.075,1468.7541666666666,20870.7375,7729.837500000001,580.4020833333333,133.37916666666666,109.69166666666666,639.6750000000001,15814.791666666666,4634.604166666667,-3845.5125,12540.475,137882.65625,64865.91666666666,434.42083333333335,3567.4166666666665,85.79375,75.98958333333333,103074.15208333332,29437.625,2782.804166666667,8747.845833333333,15715.770833333334,113.93708333333336
2023-09-29,14.630000114440918,2.928999900817871,12.958195893214995,1088.4738,3099.3,51.110467,0.0,1143.34046,76.930588,0.0,2975.8187394,0.0,935.146699,481.85989269,0.0,1.0,0.0,0.0,0.0,0.0,1.0562450885772705,13.800000190734863,7592.158333333333,2916.714583333334,19636.158333333333,1456.1041666666667,19827.575,7135.95625,552.3375,106.71666666666664,104.3875,639.2458333333333,15957.35,3977.9,-3426.3,12106.1375,136512.46458333332,65332.17916666667,438.9625,3437.2875,71.15625,54.7625,99954.0,25700.45833333333,2766.0333333333333,8698.125,19359.16875,104.16625
2023-10-02,14.395000457763672,2.8399999141693115,12.180062157044777,1093.0381,3295.5,62.262547,0.0,949.454131,55.262644,0.0,3191.9907843,0.0,756.572539,458.23959257,0.0,0.3999999999999986,0.0,0.0,0.0,0.0,1.0565240383148191,13.40999984741211,7141.929166666666,4971.722916666667,20117.129166666666,1348.2083333333333,21486.4875,7303.966666666667,699.7583333333333,56.87916666666666,140.225,634.7375000000001,14137.9125,4986.041666666667,-3525.066666666667,13784.8625,138700.0804347826,63283.27916666667,383.81666666666666,3239.183333333333,73.91458333333334,56.00652173913044,107921.09130434784,27982.55833333333,2799.8583333333336,2486.4875,14283.585416666669,118.32208333333334
2023-10-03,14.244999885559082,2.9489998817443848,11.36141760796078,1095.1852,3104.1,61.372604,0.0,946.199913,77.194742,0.0,3099.383042,0.0,759.845818,494.87293397,0.0,3.1,0.0,0.0,0.0,0.0,1.0480751991271973,13.350000381469728,7074.820833333334,1821.6770833333333,11631.995833333334,1132.8375,18011.787500000002,5413.8125,740.6520833333334,18.654166666666665,130.07083333333333,635.5958333333333,14165.0375,3137.4791666666665,-5154.795833333334,12639.908333333333,134052.90416666667,65577.68333333333,427.89166666666665,3350.691666666667,84.14583333333333,63.86666666666667,86780.14583333333,23174.595833333336,2683.9,10703.116666666669,30333.90625,16.293333333333333
2023-10-04,14.149999618530272,2.961999893188477,11.798525971224365,1096.8171,3325.3,67.594273,0.0,943.343572,66.153538,0.0,3038.2758723,0.0,773.4600399999999,426.17472884,3.6999999999999993,4.199999999999999,0.0,0.0,0.0,0.0,1.0472300052642822,12.850000381469728,7183.370833333333,924.025,14003.516666666668,1111.2916666666667,21930.0125,6451.172916666666,609.5645833333333,0.0,118.0625,635.9458333333333,13900.391666666668,4671.875,-3947.783333333333,10599.158333333333,145147.4347826087,67068.65000000001,431.44166666666666,3467.2166666666667,82.31666666666668,73.8391304347826,99933.71956521738,24858.604166666668,2713.079166666667,9979.870833333332,25919.3125,74.79083333333334
2023-10-05,14.104999542236328,3.16599988937378,11.14975170141453,1097.6489,3099.1,68.648497,0.0,944.279473,55.184856,0.0,3280.8199535000003,0.0,787.347586,433.15034498,4.1,3.3000000000000007,0.0,0.0,0.0,0.0,1.0507071018218994,12.460000038146973,7354.3,1997.8229166666667,17854.170833333334,1075.15,25310.2085106383,6771.972340425532,488.65744680851066,0.0,111.90416666666664,635.7833333333333,13966.691666666666,5026.287499999999,-3452.05,12782.2625,145727.4347826087,67377.35833333334,439.175,3601.9723404255324,86.49787234042553,75.34222222222222,108222.76304347823,23375.225,2726.829166666667,7647.8125,20879.57872340426,102.14125
2023-10-06,14.074999809265137,3.338000059127808,11.817358447344246,1099.4933,3476.8,72.181076,0.0,933.193697,77.047679,0.0,3231.6871273,0.0,761.517713,442.6431355,3.6999999999999993,1.5,0.0,0.0,0.0,0.0,1.0546631813049316,12.6899995803833,7305.358333333334,1377.8958333333333,16303.508333333331,1192.425,21168.672916666663,6288.775000000001,475.4020833333333,0.0,123.2375,636.3874999999999,13793.5125,4796.875,-3922.8541666666665,11722.516666666665,139023.21875,65076.00833333333,447.9291666666666,3989.877083333333,82.15208333333334,60.9625,95306.61041666666,24967.225,2740.4166666666665,11091.645833333334,25687.175,64.42791666666666
2023-10-09,14.154999732971191,3.375999927520752,13.612899737009686,1104.2411,3672.4,75.397668,0.0,837.432501,99.016466,0.0,3373.1319188,0.0,843.160464,384.34036605,7.5,1.3000000000000007,0.0,0.0,0.0,0.6000000000000014,1.056747317314148,12.6899995803833,7432.554166666666,4272.15,22532.64583333333,1099.625,29370.64565217392,9176.534782608696,678.508695652174,121.23333333333332,203.13333333333333,635.8249999999999,14132.591666666667,5755.120833333333,-2859.0291666666667,15528.391666666668,139549.04791666666,66369.97083333334,433.7625,3515.6260869565217,46.9108695652174,30.90869565217391,116448.94791666669,19279.829166666663,2913.625,3941.3125,11989.082608695651,117.09583333333336
2023-10-10,14.244999885559082,3.381999969482422,15.333479170124,1105.8517,3871.2,77.643746,0.0,852.720137,98.992189,0.0,3582.4952321,0.0,876.050993,468.7167432,4.199999999999999,1.5,0.0,0.0,0.0,0.0,1.0578875541687012,12.979999542236328,7542.6875,1917.1125,22443.733333333334,1119.8375,27149.382978723403,8828.612765957447,641.1489361702128,140.1625,186.4,638.525,13802.754166666666,5351.820833333333,-3194.7625000000003,13501.133333333331,142371.01458333334,67001.5625,439.32916666666665,3816.814893617021,76.76382978723404,64.15106382978723,112283.09583333333,23694.8875,2905.3625,7535.708333333333,14780.540425531915,107.58166666666666
2023-10-11,14.30500030517578,3.377000093460083,14.31833381426954,1107.6803,3661.8,77.300851,0.0,906.013426,55.114384,0.0,3561.351305,0.0,810.041254,468.96965973,0.0,0.8000000000000007,0.0,0.0,0.0,0.0,1.0604791641235352,12.920000076293944,7201.4875,904.4416666666666,15525.975,992.9208333333332,21945.95,6762.037499999999,644.3541666666666,5.970833333333334,127.37083333333334,637.0375,13197.283333333333,5075.416666666667,-4914.258333333333,10764.108333333334,141633.9125,65774.52083333333,445.54583333333335,3525.0729166666665,49.15,35.43958333333333,94431.58541666664,24337.12083333333,2860.0166666666664,10723.808333333332,29671.85208333333,62.79291666666666
2023-10-12,14.359999656677246,3.344000101089477,16.503757385012044,1109.3281,3537.2,77.195502,0.0,1019.391616,33.151735,0.0,3750.3650133,0.0,835.0892289999999,478.98996913,2.6,3.0,0.0,0.0,0.0,0.0,1.0624282360076904,12.630000114440918,7213.158333333333,2173.01875,22681.4125,1191.5041666666666,25085.172916666663,9173.441666666668,664.6375,0.0041666666666666,131.375,629.5124999999999,12914.770833333334,5128.016666666666,-2899.9166666666665,10417.141666666666,139977.125,65790.70416666666,443.6958333333334,2862.0437500000003,41.40625,28.1875,105606.95833333331,19592.19166666667,2909.008333333333,5596.895833333333,21775.6125,125.94791666666669
2023-10-13,14.475000381469728,3.236000061035156,16.670408477440493,1111.7668,3332.1,84.234944,0.0,1021.72294,66.258113,0.0,3711.1508298,0.0,837.208103,472.19372144,1.3999999999999986,0.8999999999999986,0.0,0.0,0.0,0.0,1.0536741018295288,13.079999923706056,7120.525000000001,2547.0229166666663,17361.054166666665,1048.7,18962.53478260869,6684.49347826087,586.8326086956522,2.7375000000000003,136.07500000000002,639.975,13471.758333333331,4381.308333333333,-4506.8875,12962.966666666667,139053.47291666668,64786.76666666666,436.7875,3683.239130434784,74.48260869565217,57.9108695652174,90638.06458333333,19290.69583333333,2780.9541666666664,10122.158333333333,35174.59565217391,58.36666666666667
2023-10-16,17.719999313354492,3.108999967575073,14.945724967184791,1116.5055,3685.3,93.614907,0.0,1131.130341,88.116363,0.0,3759.133186,0.0,950.696684,450.54987886,11.0,10.4,0.1999999999999993,0.0,0.0,0.0,1.052155375480652,12.850000381469728,7359.837500000001,2899.129166666667,24525.0,942.9875,24234.86458333333,9965.735416666666,691.38125,14.4625,141.38333333333333,646.2166666666667,13002.195833333331,4876.254166666667,-2709.8208333333337,12215.483333333332,147545.59782608697,69082.57083333333,440.7375,3347.7479166666667,41.00416666666667,28.35652173913044,113457.94782608697,18266.0375,2880.9500000000003,5297.554166666667,20892.604166666668,135.40583333333333
2023-10-17,17.645000457763672,3.0789999961853027,15.124960769292926,1116.747,3445.3,96.32076,0.0,1148.964167,88.504688,0.0,3572.1574376,0.0,950.729758,456.95819919,11.7,6.4,0.0,0.0,0.0,0.0,1.055431246757507,12.970000267028809,7575.091666666667,2957.427083333333,26534.27083333333,1020.35,23603.79555555556,10854.664444444445,642.4911111111111,216.24166666666667,210.875,633.8041666666667,12764.25,4264.25,-3297.475,15754.620833333334,161880.57209302325,69890.87083333333,442.5625,4276.606666666667,87.99333333333333,72.74047619047619,123564.52558139534,17459.2,2840.054166666667,5632.504166666667,24395.23111111111,127.5
2023-10-18,18.290000915527344,3.055999994277954,15.7520611480777,1117.0182,3396.4,103.016491,0.0,1144.199184,110.59289,0.0,3571.447652,0.0,975.188547,478.02999264,12.3,5.199999999999999,0.0,0.0,0.0,0.0,1.057305932044983,13.0600004196167,7396.645833333333,1808.483333333333,23455.80833333333,1057.5625,19607.13829787234,7633.804255319149,603.9510638297872,255.8083333333333,190.99166666666667,623.8666666666667,13005.1625,4125.866666666667,-6423.245833333333,15245.2625,149916.82978723405,69599.28333333334,445.48333333333335,4348.578723404256,86.60425531914893,78.43913043478261,103299.1,16500.158333333333,2782.270833333333,10418.183333333332,32886.97446808511,92.72375
2023-10-19,18.2450008392334,2.9570000171661377,15.496440678094087,1117.6784,3198.3,104.437678,0.0,1167.817606,77.557927,0.0,3410.6158013,0.0,971.180306,469.69730239,10.9,2.3000000000000007,0.0,0.0,0.0,0.6000000000000014,1.053851842880249,12.350000381469728,7128.962500000001,285.2645833333333,21686.970833333333,996.8958333333334,19675.419148936173,8220.55744680851,632.7021276595744,209.95,167.025,618.0958333333333,13910.679166666669,5888.541666666667,-4582.191666666667,14996.2125,148273.15833333335,69585.75833333333,439.6958333333334,3521.7936170212765,70.9,53.223404255319146,101378.21666666667,9173.241666666669,2770.7166666666667,10882.954166666666,37651.25319148936,97.57291666666669
2023-10-20,18.39999961853028,2.8989999294281006,15.858639065006727,1118.777,3149.8,101.828464,0.0,1060.102011,66.39252,0.0,3618.1254488,0.0,950.468558,467.43524518,11.9,3.8000000000000007,0.0,0.0,0.0,1.6999999999999993,1.0586491823196411,12.630000114440918,7325.170833333334,684.4895833333334,18375.95833333333,1050.5541666666666,15442.175,6916.160416666667,553.5666666666667,64.12916666666666,201.59583333333333,636.3125,16335.033333333333,4020.383333333333,-6547.9875,14491.583333333334,145877.37916666668,68620.07083333333,429.625,3620.091666666666,84.66875,72.22083333333333,92193.18541666667,10559.004166666668,2717.8125,7868.087500000001,44470.645833333336,85.11541666666666
2023-10-23,18.584999084472656,2.9260001182556152,15.91474638466332,1123.0828,3950.2,95.215,0.0,989.757684,66.620233,0.0,3376.822151,0.0,926.330778,475.99371433,6.800000000000001,7.1,0.0,0.0,0.0,0.0,1.0589966773986816,12.06999969482422,7681.224999999999,4576.329166666667,25368.15,1035.3416666666667,25342.90208333333,10013.977083333331,665.5166666666667,257.4458333333333,259.8125,640.1875,17289.8375,6915.691666666667,-2040.0666666666664,18083.99583333333,143140.54374999998,69299.88333333333,434.1208333333333,3651.6104166666655,83.26666666666667,70.58541666666666,120404.9375,14934.2375,2699.7916666666665,3399.275,13568.839583333334,124.98333333333332
2023-10-24,17.84000015258789,2.970999956130981,15.405617567386868,1123.8158,3836.7,86.659802,0.0,1066.047959,33.573238,0.0,3470.1932444,0.0,926.15506,452.91045302,6.5,7.800000000000001,0.0,0.0,0.0,0.0,1.0669853687286377,12.1899995803833,7744.066666666667,3569.0916666666667,25741.604166666668,1083.4375,22406.2375,9750.360416666666,776.8541666666666,276.52916666666664,421.7791666666667,632.7541666666667,18304.45,4580.9875,-4364.366666666667,16128.6875,147241.38749999998,68998.48333333334,442.1041666666667,3932.935416666666,69.03958333333334,50.75,113656.275,11424.233333333332,2820.008333333333,9806.8625,22969.56875,117.78125
2023-10-25,17.954999923706055,3.009999990463257,15.503000686390626,1124.2556,3588.2,78.144631,0.0,1081.5956660000002,55.659021,0.0,3457.098775,0.0,955.508326,465.56643042,7.300000000000001,7.699999999999999,0.0,0.0,0.0,0.0,1.059535264968872,12.479999542236328,7777.258333333334,4943.322916666667,24467.041666666668,1069.2125,20528.191666666666,10381.889583333334,668.9083333333333,222.59583333333333,442.775,641.7708333333334,19892.7625,4567.179166666667,-5100.554166666667,15340.941666666666,148212.17500000002,68731.15000000001,438.4958333333333,3567.36875,61.96666666666667,43.51875,110193.10833333334,11072.116666666669,2664.475,6827.345833333333,29069.322916666668,123.7125
2023-10-26,17.90999984741211,3.21399998664856,15.735972979132358,1124.9151,3761.2,82.57571,0.0,1122.787621,55.512537,0.0,3509.7530582,0.0,941.770121,447.42453772,8.1,6.800000000000001,0.0,0.0,0.0,0.0,1.056725025177002,12.279999732971191,7918.645833333333,3806.129166666667,24964.5875,1037.4708333333333,20803.20833333333,11043.65,651.0041666666667,221.9375,428.8041666666666,626.2958333333333,20505.9375,5185.279166666666,-4010.779166666666,16872.8,148385.23333333334,68543.77500000001,448.5,3458.6416666666664,56.14166666666667,40.43958333333334,115617.49166666664,8736.5375,2650.420833333333,6821.091666666667,24988.92916666667,122.28291666666668
2023-10-27,17.895000457763672,3.1640000343322754,15.646051770220122,1125.5315,3657.5,85.592717,0.0,1002.535225,66.518551,0.0,3547.1152604000004,0.0,915.921714,466.41442397,8.6,8.0,0.0,0.0,0.0,0.0,1.0564459562301636,12.5600004196167,7860.929166666666,6040.364583333333,25396.45,1034.7791666666667,16349.125,10044.029166666667,656.5833333333334,301.5833333333333,495.6958333333334,629.5833333333334,22160.38333333333,5644.958333333333,-4260.1875,18277.670833333334,152939.63695652175,69528.45833333333,449.8,3511.954166666667,61.958333333333336,44.52608695652174,116296.18913043478,11214.141666666668,2745.066666666667,7930.900000000001,25547.81041666667,116.32166666666666
2023-10-30,17.90999984741211,3.351999998092652,15.64772023068655,1130.6172,3844.9,82.03706,0.0,1062.696072,66.529016,0.0,3604.4775356,0.0,908.166026,471.19627924,5.199999999999999,7.1,0.0,0.0,0.0,0.0,1.0562450885772705,12.529999732971191,7652.0625,3229.785416666667,19983.55833333333,1218.125,15661.947916666666,8152.974999999999,661.3145833333333,223.47916666666663,504.5875,634.725,21888.36666666667,8057.283333333333,-4495.029166666666,18872.0625,146466.48297872342,66094.925,437.5541666666666,3700.247916666666,78.41666666666667,62.93404255319149,106548.80638297871,13375.0,2839.925,8048.729166666667,28377.1875,96.13833333333334
2023-10-31,17.719999313354492,3.575000047683716,14.935093490685531,1131.7,3808.4,82.017015,0.0,1081.489683,77.403561,0.0,3541.1233438,0.0,896.286197,446.1344819,6.6,8.2,0.0,0.0,0.0,0.0,1.061503529548645,13.670000076293944,7771.849999999999,5365.047916666666,20623.64583333333,1239.8041666666666,16050.778723404255,7765.225531914894,672.4021276595745,263.6458333333333,445.4041666666667,637.2458333333333,23936.079166666663,7823.570833333334,-3401.65,18516.05,145127.07916666666,68417.64166666666,445.8875,3551.6957446808515,83.67659574468085,71.13404255319149,104857.09375,10472.55,2820.633333333333,5166.8,33140.74042553191,104.08833333333332
2023-11-01,17.655000686645508,3.49399995803833,14.80732889531698,1133.1705,3820.2,84.74553,0.0,832.2272310000001,55.319699,0.0,3540.7842797,0.0,790.739432,442.04653615,8.0,6.0,2.5,0.0,0.0,0.0,1.0579099655151367,13.649999618530272,7714.05,1981.08125,13980.845833333333,1274.4291666666666,10386.904166666667,5559.702083333334,613.5729166666666,258.2,406.5416666666667,636.0124999999999,24083.920833333334,3506.879166666667,-5766.645833333333,15720.4875,131212.56666666668,63945.56666666667,433.6833333333333,3322.227083333333,78.31458333333333,60.46666666666667,83987.76666666666,12512.991666666669,2823.0750000000003,11566.608333333332,35185.00625,61.05625
2023-11-02,17.645000457763672,3.4719998836517334,15.068862537923676,1134.0711,3622.0,87.863679,0.0,792.340318,77.460786,0.0,3632.9410245,0.0,744.799672,371.37559226,6.800000000000001,7.699999999999999,0.3999999999999986,0.0,0.0,0.0,1.05870521068573,13.029999732971191,7623.491666666666,1686.7104166666666,13780.091666666667,1284.2208333333333,12546.520833333334,6084.483333333334,611.6479166666667,51.51666666666667,468.9375,625.025,23504.38333333333,4658.741666666667,-6115.7375,17707.291666666668,146568.06458333333,64482.62083333333,427.6208333333333,4103.110416666666,40.31458333333333,32.91875,88267.95208333334,9500.65,2822.2875,11324.8,47887.4,59.51458333333333
2023-11-03,17.56999969482422,3.515000104904175,14.956675044290192,1134.215,3663.8,86.506992,0.0,769.323437,66.250728,0.0,3437.8874258,0.0,796.8134620000001,433.00825582,8.4,8.6,1.3999999999999986,0.0,0.0,0.0,1.061909317970276,12.989999771118164,7370.395833333333,2510.9500000000003,15063.479166666666,1217.0916666666667,12361.89574468085,6293.785106382979,636.6872340425532,3.35,390.0291666666667,636.9875000000001,25326.1125,7956.6375,-4020.2083333333335,16992.570833333335,148218.14166666666,66776.87916666667,430.3041666666666,4232.353191489362,67.18333333333334,51.47083333333333,95665.41875,9889.670833333334,2723.366666666667,12240.829166666668,41487.46875,57.84583333333333
2023-11-06,17.44499969482422,3.263999938964844,14.10151387050002,1135.7301,3914.0,83.424847,0.0,809.7609170000001,99.279051,0.0,3749.2734285,0.0,817.622592,417.57497476,7.6,9.1,1.0,0.0,0.0,0.0,1.073214769363403,12.43000030517578,7302.783333333333,3400.1729166666664,16130.333333333334,1319.8375,14806.91914893617,6100.040425531915,651.7148936170213,138.6875,228.57083333333333,630.4333333333333,25049.108333333334,7051.541666666667,-5109.991666666667,20849.7625,151103.62127659575,62743.5875,433.2625,4088.882978723405,85.47872340425532,66.85217391304347,99219.02765957448,15102.016666666668,2674.15,10657.445833333331,38742.77234042553,75.21416666666667
2023-11-07,17.354999542236328,3.140000104904175,14.472535563267453,1135.5505,4389.9,62.723191,0.0,816.8473759999999,110.356037,0.015098,3793.7889032,0.0,824.796332,425.001474,8.9,10.2,2.6,0.0,0.0,0.0,1.0721560716629028,12.470000267028809,7696.320833333334,4251.83125,20056.2125,1451.2833333333335,18982.179166666665,7591.197916666667,670.9020833333333,310.1041666666667,338.1708333333333,636.0875,25038.325,7541.954166666666,-3546.925,21824.3375,152134.17291666666,66489.03749999999,440.025,4063.647916666667,68.16458333333334,47.99375,111784.42916666664,14164.25,2552.175,10963.758333333331,27785.73958333333,99.4
2023-11-08,17.290000915527344,3.1059999465942383,14.35039517155856,1135.0599,4407.9,59.49024,0.0,814.015196,99.601576,0.271485,3857.1754648,0.0,798.464191,445.26579689,10.2,8.6,4.800000000000001,0.0,0.0,0.0,1.0696102380752563,12.449999809265137,7660.075,4321.008333333333,19704.95,1473.8708333333334,17471.433333333334,7970.5,641.5812500000001,358.80833333333334,363.8625,640.7333333333333,24748.82083333333,6688.591666666667,-4102.6125,21773.970833333333,154437.00625,66344.49583333333,447.70416666666665,4103.495833333333,95.80833333333334,94.8375,108814.56875,12722.766666666668,2469.1666666666665,11618.495833333334,33451.81458333333,89.77916666666665
2023-11-09,17.2549991607666,3.04099988937378,15.107912237378033,1134.6145,4389.1,59.878647,0.0,855.6913460000001,99.377418,0.000594,3882.4768561,0.0,830.59012,418.722473,9.1,10.0,5.800000000000001,0.0,0.0,0.0,1.07104229927063,13.199999809265137,7951.916666666667,5322.116666666667,22546.05416666667,1413.1833333333334,18636.554166666665,8282.541666666666,595.7020833333333,291.74583333333334,280.68333333333334,629.4583333333334,24346.779166666664,5840.233333333334,-4137.7625,20857.983333333334,158085.98936170212,67353.40416666666,451.4458333333334,3686.222916666667,65.62083333333334,57.80851063829788,113946.22765957448,12356.941666666666,2491.7458333333334,7964.054166666666,33084.816666666666,96.89166666666668
2023-11-10,17.184999465942383,3.032999992370605,14.579438468318124,1134.0909,4480.2,79.338067,0.0,875.313363,89.132916,0.0,3803.9765759,0.0,823.648478,419.58608,9.8,11.5,4.0,0.0,0.0,0.0,1.0667576789855957,14.039999961853027,8104.629166666667,4581.720833333334,24714.67916666667,1437.4291666666668,17168.15625,7979.220833333333,590.2729166666667,296.1708333333333,259.1125,601.9958333333333,24737.225,6317.025000000001,-4897.458333333333,20082.841666666667,154113.48541666666,68246.33333333333,455.9333333333333,3509.597916666667,59.04166666666666,37.87708333333333,110699.49583333332,10047.341666666667,2541.929166666667,8852.525,33964.052083333336,95.01541666666668
2023-11-13,17.200000762939453,3.197000026702881,14.999116662694869,1133.4052,4198.5,78.334839,0.0,912.06421,121.326761,0.0,3617.3477088,0.0,861.635357,395.770894,12.8,5.9,4.699999999999999,0.0,0.0,0.0,1.069015622138977,14.130000114440918,7952.908333333333,3597.3104166666667,21810.58333333333,1207.6875,17719.006250000002,8290.487500000001,564.3416666666667,300.5833333333333,347.42499999999995,602.2416666666667,24179.729166666668,6581.795833333334,-3970.0375,21520.341666666667,152494.92083333334,66065.7375,454.7916666666667,3916.7958333333336,81.93541666666667,66.8625,110179.9,10521.295833333334,2643.6541666666667,8357.204166666666,32875.76875,91.51125
2023-11-14,17.125,3.1059999465942383,14.932371991395431,1133.1513,4127.3,75.597841,0.0,909.744152,109.58019,0.0,3683.0854907,0.0,850.570187,412.424531,7.4,7.6,0.3000000000000007,0.0,0.0,0.0,1.0701825618743896,13.350000381469728,8111.212500000001,2830.258333333333,16379.383333333331,1244.3,17226.35106382979,7591.551063829787,529.8042553191489,306.0125,391.73333333333335,599.4125,25276.95,5366.495833333333,-5336.920833333334,19787.679166666665,154554.45416666666,67682.50416666667,456.3375,4157.812765957448,84.35957446808511,66.13191489361702,102487.94583333336,10279.145833333334,2544.795833333333,9469.0125,43090.14255319149,68.4675
2023-11-15,17.101999282836914,3.190000057220459,14.996579358827908,1132.6418,3996.7,84.453667,0.0,910.630611,87.522964,0.0,3766.4730949,0.0,830.885648,413.434311,10.2,9.4,0.0,0.0,0.0,0.0,1.0878314971923828,13.079999923706056,8260.783333333335,3108.289583333333,23055.9875,1306.0166666666669,20869.71458333333,9361.860416666666,715.1208333333334,299.5375,523.3333333333334,605.5291666666667,25535.066666666666,6441.354166666667,-3574.2041666666664,21283.216666666667,158399.41914893617,68819.72083333334,452.1583333333333,4322.181250000001,68.22708333333334,63.80212765957447,121948.61063829788,11498.541666666666,2652.7166666666667,8389.220833333333,25748.19583333333,102.58958333333334
2023-11-16,17.100000381469727,3.062000036239624,14.585923239289205,1130.6655,4338.8,88.724357,0.0,907.673359,109.290789,0.012106,3837.4961022,0.0,836.445731,420.449357,11.6,12.3,3.6999999999999993,0.0,0.0,0.0,1.0854581594467163,12.760000228881836,8230.270833333334,5410.114583333333,24715.17916666667,1346.5541666666666,25487.360416666663,10994.739583333334,739.3604166666668,310.9291666666667,573.6708333333333,649.6833333333333,25336.404166666664,6273.770833333333,-3223.395833333333,21426.44583333333,156936.62916666668,70648.49166666667,459.95416666666665,3486.1041666666665,49.427083333333336,34.4,127223.55416666664,10297.204166666666,2825.6375000000003,4068.5166666666655,22530.21875,118.49
2023-11-17,16.975000381469727,2.9600000381469727,14.33510203580516,1128.8196,4577.0,86.52303,0.0,929.112701,120.712832,0.0,3872.4746849,0.0,798.598233,467.440532,14.2,11.9,1.5,0.0,0.0,0.0,1.0853756666183472,12.6899995803833,7934.229166666667,5228.164583333333,27178.0875,1392.8333333333333,24164.189583333336,11257.779166666667,606.9125,314.05,508.1875,656.6958333333333,25840.045833333334,7517.033333333333,-2692.725,22268.829166666663,155402.71458333332,72068.7625,463.6958333333334,3568.9354166666667,53.802083333333336,45.37708333333333,129769.21458333332,10608.070833333331,2815.6083333333336,2005.0041666666664,19326.95,121.53083333333332
2023-11-20,17.125,2.881999969482422,14.647447476627487,1127.1018,4445.1,96.184552,0.0,893.170057,125.808796,0.0,4006.7917069,0.0,861.550988,469.71084,8.8,8.1,2.3000000000000007,0.0,0.0,0.0,1.090702772140503,12.4399995803833,8332.975,3642.745833333333,23183.0375,1353.1958333333334,23145.095833333336,10327.514583333334,551.59375,503.8333333333333,600.8916666666667,651.6083333333333,24721.1125,6232.916666666667,-3396.1875,21741.629166666666,160535.84347826085,70492.5625,451.73333333333335,3803.1395833333336,89.79166666666667,84.2891304347826,127771.75,10251.275,2686.0875,4865.691666666667,23893.354166666668,107.52
2023-11-21,16.46500015258789,2.845999956130981,14.136377478165318,1124.8585,4304.8,99.353598,0.0,879.3779670000001,131.528861,0.0,4003.4678173,0.0,865.887261,489.531382,14.1,8.6,2.2,0.0,0.0,0.0,1.0945948362350464,12.699999809265137,8253.870833333332,3013.5958333333333,26774.341666666664,1428.4458333333332,27541.071739130435,13032.25,692.3586956521739,645.6958333333333,663.9875000000001,652.0416666666666,24268.74583333333,5803.379166666667,-3119.004166666667,21390.74583333333,158749.49791666667,71120.4375,450.39166666666665,3569.839130434783,55.00869565217391,39.31086956521739,131714.65416666667,8302.683333333332,2629.875,6322.412499999999,20579.78913043478,123.10041666666666
2023-11-22,16.489999771118164,2.8970000743865967,14.276888475529212,1121.5706,4077.9,92.327223,0.0,880.645287,120.770466,0.0,3983.076747,0.0,825.2679119999999,517.1736129999999,19.2,11.2,5.300000000000001,0.0,0.0,0.0,1.0918222665786743,13.84000015258789,8032.05,1717.3729166666665,26677.608333333334,1526.9208333333331,23861.57083333333,11461.316666666666,615.0895833333333,201.1458333333333,385.2083333333333,646.9708333333333,23522.07083333333,5217.741666666667,-4038.1125,16344.779166666667,162361.25833333333,72593.45833333333,448.5833333333333,3419.3229166666665,92.90833333333336,92.35833333333332,121270.59583333333,10734.666666666666,2556.0750000000003,7852.962500000001,31796.8375,108.31166666666668
2023-11-24,17.094999313354492,2.8550000190734863,14.913714778971189,1116.1641,4055.3,100.31761,0.0,966.92467,164.17187,0.0,3842.1550706,0.0,815.190294,519.317243,14.0,11.1,5.9,0.0,0.0,0.0,1.0906314849853516,14.130000114440918,7970.366666666666,997.8520833333332,16810.4375,1435.6666666666667,19005.439583333333,8476.245833333332,633.5041666666667,197.5583333333333,430.4625,655.5583333333333,23019.654166666664,4599.316666666667,-4963.391666666666,17182.920833333334,160400.10416666666,74092.24583333333,452.17083333333335,4395.76875,60.15208333333334,45.59583333333333,106064.28333333333,10964.620833333334,2596.8416666666667,11063.375,43321.80833333333,67.0625
2023-11-27,16.5049991607666,2.7939999103546143,14.103291691078384,1105.5639,4717.9,114.872495,0.0,1033.181991,142.144013,0.0,3914.8375049,0.0,881.259053,499.978096,18.3,10.2,9.2,0.0,0.0,0.0,1.0940439701080322,13.300000190734863,8562.429166666667,3677.289583333333,29659.4875,1518.3916666666669,28396.514583333334,12108.704166666668,668.8229166666666,411.6375,721.3083333333334,651.4625,23115.141666666663,6040.675,-3364.2791666666667,21586.5125,169368.92083333334,75121.2,447.1958333333334,3901.289583333333,61.16666666666666,44.99375,134443.14583333334,7259.741666666666,2621.85,8704.491666666667,26943.6625,113.61375
2023-11-28,16.420000076293945,2.7060000896453857,13.737854414551796,1099.9153,4723.1,114.752247,0.0,1051.04649,65.601806,0.0,3829.6405,0.0,870.705326,585.8283389999999,19.5,14.2,5.4,0.0,0.0,0.0,1.095842361450195,13.1899995803833,8478.554166666667,3103.370833333333,28947.666666666668,1459.1291666666666,31112.97234042553,13382.814893617022,792.1255319148936,323.2583333333333,554.1,643.1374999999999,23063.420833333334,7265.904166666667,-3788.2958333333336,19867.420833333334,172718.83333333334,75981.8875,445.7416666666666,4568.231914893618,22.517021276595745,19.91063829787234,137608.78333333333,5715.712500000001,2617.5083333333337,7868.429166666666,28920.48510638298,122.80333333333334
2023-11-29,16.2450008392334,2.803999900817871,13.01875460451972,1093.2389,4190.4,104.349184,0.0,1048.81507,109.548947,0.0,3934.3872861,0.0,834.872886,598.660167,19.2,16.7,9.0,0.0,0.0,0.0,1.100594401359558,12.550000190734863,8560.125,3444.1270833333333,28838.25,1429.5833333333333,33333.152083333334,13672.45625,793.7104166666667,546.0541666666667,745.4083333333333,644.8625000000001,23320.05,6483.466666666667,-3575.1666666666665,20589.266666666663,180333.67173913048,73866.72916666667,451.44166666666666,4166.587500000001,31.8,23.85869565217392,145977.69130434783,7472.695833333334,2627.6208333333334,4584.845833333334,26901.564583333336,140.28791666666666
2023-11-30,16.135000228881836,2.802000045776367,13.537333342176323,1086.7034,4220.7,98.590899,0.0,1056.566256,76.750463,0.0,4121.5473934,0.0,815.477015,653.731142,22.2,17.9,3.6,0.0,0.0,0.0,1.0973695516586304,13.140000343322754,8628.683333333332,2857.9875,29464.24583333333,1395.8208333333332,36942.76382978723,14866.774468085106,829.736170212766,592.4416666666667,785.2666666666668,635.2125,24229.67916666667,7655.783333333333,-4244.2375,23735.7625,171441.79791666666,73860.81666666667,458.0291666666667,3839.834042553192,37.00851063829787,28.51276595744681,149911.45208333334,4805.820833333333,2640.0583333333334,2708.204166666667,18151.48085106383,168.84625
2023-12-01,16.25,2.813999891281128,13.88514113641614,1080.5421,4055.0,91.469186,0.0,993.996694,65.895833,0.0,4084.0711063,0.0,779.861867,665.7040410000001,23.8,18.1,0.6999999999999993,0.0,0.0,0.0,1.089205980300903,13.449999809265137,8753.550000000001,3380.335416666667,30143.733333333334,1390.7666666666669,35414.895744680856,14767.61914893617,832.7382978723404,520.9833333333333,732.5166666666668,645.2416666666667,24748.77083333333,7065.5125,-4319.283333333334,22748.2125,169561.17500000002,74237.79583333334,458.7416666666666,4127.695744680851,23.193617021276594,18.26170212765957,146881.06666666668,5163.066666666667,2619.554166666667,3375.4083333333333,18802.587234042552,156.32583333333335
2023-12-04,16.049999237060547,2.694000005722046,12.797720242644028,1063.3818,4330.4,103.96083,0.0,958.289428,109.482051,0.0,4089.1037966,0.0,862.270111,625.841264,21.0,11.6,10.0,0.0,0.0,0.0,1.088814616203308,13.260000228881836,8787.041666666666,1742.26875,30427.891666666663,1402.8208333333332,31678.636170212765,12918.11489361702,664.4212765957446,632.0875,833.65,641.6708333333333,24953.629166666666,5599.741666666666,-4168.125,24594.9625,179325.68723404256,75028.63333333333,453.7083333333333,4628.86170212766,69.57872340425531,51.02173913043478,142904.48510638298,5051.133333333333,2528.2875,9882.870833333332,28806.33191489362,111.6325
2023-12-05,16.059999465942383,2.7100000381469727,12.11243403445354,1056.7791,4581.4,92.875374,0.0,999.517636,76.625056,0.0,3993.4023951,0.0,893.522488,649.537157,19.7,12.7,7.5,0.0,0.0,0.0,1.0837758779525757,13.600000381469728,8774.625,2189.927083333333,29324.5875,1261.0375,34858.86041666667,12280.204166666668,764.4166666666666,650.9125,850.0875,616.1166666666667,24987.379166666666,7274.025000000001,-3537.1375000000003,25242.6875,180454.2978723404,76406.04583333332,452.2125,4319.635416666667,54.208333333333336,39.96808510638298,149048.7595744681,4715.558333333333,2459.05,10321.3625,23233.80416666667,114.56416666666668
2023-12-06,16.0049991607666,2.569000005722046,12.43643161144868,1050.1022,4241.0,99.467182,0.0,1003.239632,65.740731,0.0,4072.3618013,0.0,910.153747,628.527427,18.0,15.6,10.4,0.0,0.0,0.0,1.0793657302856443,13.3100004196167,8941.779166666665,2889.289583333333,30213.716666666664,1272.4041666666667,37557.5,13106.714583333334,817.4562500000001,625.5166666666667,801.7291666666666,634.9041666666667,25500.3875,8734.104166666666,-2364.4166666666665,25348.283333333336,182285.05217391305,77171.18333333333,453.85,4524.235416666666,85.53333333333335,81.03260869565217,160899.2739130435,5759.004166666667,2531.225,5768.133333333334,14786.579166666665,129.71666666666667
2023-12-07,16.049999237060547,2.5850000381469727,12.612055298810246,1044.086,4256.0,90.966507,0.0,1011.373974,65.676198,0.0,4099.1030474,0.0,848.5006689999999,600.283694,17.9,11.7,12.4,0.0,0.0,0.0,1.076669692993164,14.350000381469728,8949.704166666666,1260.725,29932.0,1275.7875,33792.15652173913,13207.44347826087,756.6043478260871,466.06666666666666,759.0,630.3833333333333,25202.08333333333,7072.883333333334,-2526.5333333333333,24333.604166666668,186432.6311111111,77118.875,457.9791666666667,4750.513043478261,85.24782608695652,80.7953488372093,157075.2,6579.108333333334,2577.770833333333,5013.775000000001,22730.317391304347,116.0975
2023-12-08,15.975000381469728,2.5810000896453857,12.208532948849482,1039.2411,4018.3,101.855547,0.0,944.696537,65.501903,0.0,4036.9718933,0.0,817.920256,604.3596191299999,17.7,10.1,12.0,0.0,0.0,0.0,1.079214334487915,13.880000114440918,8638.983333333334,1731.8583333333331,29099.05833333333,1285.9458333333334,25336.34255319149,11313.463829787235,624.2148936170213,496.15,626.7833333333333,637.1416666666667,24281.420833333334,5349.8875,-4931.816666666667,22062.24583333333,167801.42127659573,76904.30833333333,455.775,4078.906382978724,92.63829787234044,90.47608695652173,133162.62978723404,5791.466666666666,2603.225,8722.316666666668,27259.497872340424,104.00916666666666
2023-12-11,15.744999885559082,2.430999994277954,11.396191748742751,1030.4717,3990.1,92.927675,0.0,959.526762,54.797852,0.0,4059.9471184,0.0,793.531065,583.353848,11.1,9.6,7.0,0.0,0.0,0.0,1.0765769481658936,13.850000381469728,8651.658333333333,2209.71875,25300.591666666664,1328.2541666666666,23811.189583333336,9118.3375,643.3291666666667,523.0166666666667,739.6333333333333,612.5083333333333,24637.254166666666,6551.929166666666,-4007.658333333333,22319.50833333333,163817.26041666666,75983.65,444.075,4667.247916666666,57.68958333333333,45.12083333333334,124010.93958333333,6985.1375,2672.2375,5860.3125,33383.597916666666,81.28666666666668
2023-12-12,15.614999771118164,2.311000108718872,10.950545716568389,1026.5985,3905.1,85.850496,0.0,959.299704,43.961878,0.0,4009.179578,0.0,832.112334,589.448945,12.5,8.8,3.0,0.0,0.0,0.0,1.076658010482788,13.670000076293944,8512.816666666668,2421.0437500000003,28597.575,1425.95,27970.283333333336,11734.708333333334,716.0791666666668,612.875,672.4499999999999,613.2458333333333,24440.69583333333,5713.575,-3059.7666666666664,22319.766666666663,165261.85624999998,77757.15416666666,445.0625,4078.1104166666655,47.9625,34.510416666666664,135470.10208333333,6787.3,2706.2625000000003,6287.570833333334,23254.31875,105.53333333333336
2023-12-13,15.454999923706056,2.3350000381469727,11.334172770259164,1022.6145,3931.7,91.438458,0.0,950.794303,0.136466,0.0,4033.5056184,0.0,836.232534,592.157684,13.9,10.9,2.3000000000000007,0.0,0.0,0.0,1.0798670053482056,13.0600004196167,8598.4625,1686.2020833333331,28560.391666666663,1405.3041666666668,27362.244680851065,11031.553191489362,684.5148936170212,614.3625000000001,618.0875,618.025,24935.475,4493.325,-5243.345833333334,22416.658333333336,167444.83333333334,77985.15000000001,452.775,4025.1,55.52127659574468,40.755319148936174,131629.48333333334,5738.120833333333,2649.858333333333,10382.391666666666,28345.62340425532,93.12333333333332
2023-12-14,15.324999809265137,2.3919999599456787,11.119039434123051,1018.2759,4000.6,95.644314,0.0,948.029496,32.837652,0.0,4037.9191199,0.0,808.198403,589.588657,15.2,13.4,5.699999999999999,0.0,0.0,0.0,1.0886130332946775,12.829999923706056,8711.0,2195.7166666666667,29464.30833333333,1145.5083333333334,30870.379166666666,11920.625,638.7458333333333,597.4083333333334,490.2375,618.025,25466.6625,7418.549999999999,-3522.441666666667,23211.9125,174645.61086956522,78479.5,459.20416666666665,3874.2375,73.2,54.45217391304348,149488.17173913046,7658.170833333334,2600.454166666667,3089.554166666667,18761.64375,107.49
2023-12-15,15.196999549865724,2.490999937057495,10.693630037358822,1014.5261,3980.7,93.905003,0.0,929.308662,65.595045,0.0,4007.5004203,0.0,781.585507,588.957321,15.4,13.0,8.1,0.0,0.0,0.0,1.0993602275848389,12.789999961853027,8609.454166666666,2344.052083333333,28678.104166666668,1149.8083333333334,25108.479166666668,9549.80625,574.5708333333333,555.3583333333333,520.4625,623.5583333333333,25485.20833333333,6247.133333333334,-2718.7125,22941.25,165134.98541666666,79383.35833333334,467.3541666666667,3806.8020833333335,84.08125,66.40625,133621.22291666668,8230.141666666666,2648.9291666666663,6265.229166666667,24266.066666666666,92.44666666666666
2023-12-18,12.395000457763672,2.503000020980835,11.3429532857009,1006.602,4256.2,87.481552,0.0,933.885273,92.726549,0.0,4024.6333605,0.0,777.944565,573.325742,11.8,8.2,12.5,0.0,0.0,0.0,1.0895264148712158,12.93000030517578,8166.045833333334,-261.92708333333326,19948.775,1290.5833333333333,24895.408333333336,7707.8875,758.4625,391.175,252.9333333333333,636.5458333333333,24777.15,8322.916666666666,-2947.1375000000003,17214.716666666667,167349.10624999998,81859.29166666667,452.4666666666667,3963.560416666666,68.19375000000001,49.59791666666666,123464.8625,12055.558333333334,2617.5625,11985.675,31863.627083333336,77.74041666666666
2023-12-19,11.774999618530272,2.492000102996826,10.42694124495228,1002.2363,3986.7,96.180496,0.0,898.86217,76.474995,0.0,4080.7939637,0.0,777.506493,587.138037,11.2,7.9,10.7,0.0,0.0,0.0,1.092382788658142,13.93000030517578,8151.125,973.85,21263.25,1292.5041666666666,24484.94583333333,7442.41875,729.4958333333334,277.5625,264.6333333333333,619.8916666666667,25036.70833333333,8131.283333333333,-2468.2,17206.766666666666,168421.75208333333,81070.76666666666,455.45416666666665,3728.95,86.66458333333333,70.34375,122609.01041666669,10557.175,2651.9708333333333,10103.145833333334,35482.59791666667,76.72958333333334
2023-12-20,11.8100004196167,2.447000026702881,10.788266139099484,998.5996,3773.6,97.286223,0.0,905.450333,70.943551,0.0,4033.6892428,0.0,773.482115,598.969444,12.6,10.4,10.6,0.0,0.0,0.0,1.0981045961380005,15.850000381469728,8231.529166666667,191.92291666666668,17645.55,1411.9708333333335,20370.516666666663,7311.162499999999,598.5645833333333,355.5083333333334,451.8541666666667,630.2416666666667,24170.879166666666,6189.258333333334,-4856.1125,19212.920833333334,169582.5978723404,80008.72499999999,445.2875,4269.802083333333,97.69375,98.08297872340424,115069.44255319147,7308.566666666667,2646.795833333333,11605.2,43949.93125,60.85125
2023-12-21,11.9350004196167,2.572000026702881,10.97233489878662,995.8264,3320.7,90.714338,0.0,900.3403549999999,60.142259,0.0,4051.4798354,0.0,819.249635,589.057595,11.3,6.9,9.8,0.0,0.0,0.0,1.094570875167847,14.380000114440918,8044.383333333334,-1468.6458333333333,14199.416666666666,1441.0875,16468.835416666665,6403.727083333334,537.2208333333333,322.1375,436.025,635.0166666666667,23894.2875,5540.616666666666,-5455.633333333333,17697.8875,169239.33260869564,76394.12916666667,440.425,4267.679166666667,100.69583333333333,106.06304347826088,105020.80652173913,7744.379166666667,2605.679166666667,10826.8375,52307.95625,24.02416666666667
2023-12-22,11.94499969482422,2.609999895095825,11.02360487402434,993.8092,3277.4,78.623474,0.0,871.661168,76.345861,0.0,4021.9565651,0.0,675.26191,586.5829259100001,15.0,8.1,7.300000000000001,0.0,0.0,0.0,1.100618600845337,14.010000228881836,7973.695833333334,-1942.3916666666669,13847.008333333331,1427.2291666666667,12599.6,5292.675,543.4625,268.1708333333333,321.5083333333333,635.1583333333333,23837.879166666666,5175.525000000001,-7177.445833333334,15018.520833333334,161641.70652173914,74362.65000000001,441.575,3057.6895833333333,99.18541666666664,101.08478260869563,93449.7695652174,8624.275,2505.4708333333333,12043.2625,55064.72291666667,22.657083333333333
2023-12-26,11.94499969482422,2.549999952316284,11.037696220711634,990.9871,3604.2,102.318301,0.0,777.7016570000001,43.621324,0.0,4049.0208136,0.0,725.837006,554.3978497100001,9.7,10.8,6.800000000000001,0.0,0.0,0.0,1.1020255088806152,15.420000076293944,7918.591666666667,-2727.108333333333,10497.766666666666,1408.625,17131.427906976744,5074.725581395349,724.9023255813953,116.5,376.82916666666665,652.375,23326.5875,4969.041666666667,-4914.679166666667,17352.212499999998,131241.37916666668,72257.45,431.5833333333333,3720.42093023256,53.9813953488372,46.330232558139535,89869.99166666665,8645.054166666667,2704.2541666666666,10132.958333333334,35701.26279069768,18.345
2023-12-27,11.869999885559082,2.61899995803833,11.49385977718006,989.3271,3730.1,85.276386,0.0,903.763017,43.595584,0.0,4040.4392968,0.0,735.703908,561.37442258,14.3,8.0,8.3,0.0,0.0,0.0,1.1043012142181396,15.34000015258789,8211.916666666666,-663.9625,12446.3625,1435.0291666666665,18645.71914893617,5503.0,634.7595744680851,122.77916666666664,430.3833333333334,650.3166666666667,24357.104166666668,6979.604166666667,-2876.8250000000003,18450.016666666663,142066.51249999998,76061.14583333333,441.425,3686.965957446808,92.90425531914892,100.13191489361702,102718.51041666669,10689.166666666666,2727.054166666667,9958.9375,29641.47234042553,59.07458333333333
2023-12-28,11.725000381469728,2.556999921798706,10.778183334013542,988.1666,3749.8,81.214917,0.0,923.726893,43.760474,0.0,3956.9384603,0.0,779.509929,597.9607385,10.2,7.4,8.8,0.0,0.0,0.0,1.110864281654358,14.539999961853027,7878.070833333334,-3829.0479166666655,10708.1375,1453.7041666666669,15569.710416666669,5303.766666666667,671.8729166666667,136.01250000000002,405.975,650.0958333333333,24101.4875,5821.279166666667,-5446.795833333334,18387.158333333333,160470.96976744186,73369.79583333334,442.87916666666666,3985.433333333334,99.06458333333336,101.70697674418604,103975.83720930232,8026.741666666666,2726.7416666666663,12894.579166666668,40241.941666666666,16.670833333333334
2023-12-29,11.520000457763672,2.513999938964844,10.494020488055162,986.8246,3665.3,81.654035,0.0,915.996683,43.631199,0.0,4028.8074257,0.0,766.42047,586.75934248,9.3,9.4,7.0,0.0,0.0,0.0,1.1068191528320312,13.75,7992.3125,-3653.43125,10691.370833333332,1485.1416666666669,18033.452083333334,4791.985416666667,686.4,118.69583333333333,341.46250000000003,651.3833333333333,23314.158333333336,5313.795833333334,-5440.837500000001,16051.991666666669,144724.46808510635,73547.16666666667,437.92083333333335,3808.7708333333335,72.69166666666666,62.66382978723404,94721.13617021278,6864.791666666667,2686.858333333333,12859.254166666666,39105.33125,6.605
2024-01-02,11.494999885559082,2.568000078201294,9.89087155090149,980.3646,3668.7239130434787,103.108894,0.0,793.741666,43.602209,0.0,4066.6827754,0.0,723.3280629999999,458.227,13.6,6.9,8.3,0.0,0.0,0.0,1.1038745641708374,13.43000030517578,8499.25,127.56874999999992,12269.991666666669,1336.2833333333333,15958.41875,10732.945833333331,682.2687500000001,425.55,760.4083333333333,648.275,22792.858333333334,5812.270833333333,-6391.533333333333,17626.191666666666,151025.33958333332,78358.8125,448.00416666666666,3890.675,72.76041666666667,50.9875,98771.97708333336,5889.116666666666,2351.525,11211.570833333331,43703.00625,51.79541666666666
2024-01-03,11.5,2.6679999828338623,10.516849343217038,977.8049,3672.1478260869567,100.095851,0.0,811.222208,43.623948,0.0,4034.5528241,0.0,745.119614,458.21681958,9.3,9.6,4.699999999999999,0.0,0.0,0.0,1.0941756963729858,13.84000015258789,8429.558333333332,822.1770833333334,12167.591666666667,1318.5875,15267.710416666669,11565.358333333332,726.90625,468.7791666666667,889.9083333333333,644.0416666666666,23144.329166666663,5430.116666666667,-5574.720833333333,19383.52083333333,157828.52291666667,79936.9875,451.0916666666667,3835.870833333333,65.43958333333333,47.42291666666666,99436.825,5960.908333333333,2617.0666666666666,11005.725,49908.37916666667,47.60583333333333
2024-01-04,11.55500030517578,2.821000099182129,10.700372771991995,973.9535,3675.571739130435,106.984361,0.0,668.5366039999999,54.564456,0.0,4038.6024635,0.0,766.6502370000001,454.606389,13.9,11.2,4.699999999999999,0.0,0.0,0.0,1.0927767753601074,13.399999618530272,8651.654166666667,2697.75,17956.037500000002,1278.6,21351.1625,14539.616666666669,700.3979166666667,804.8041666666667,943.1125,647.2208333333333,24498.4125,7457.908333333333,-3454.1416666666664,23165.15,159879.99166666667,80072.58750000001,463.1625,3376.7291666666665,52.05,37.32083333333333,119012.52916666667,7289.991666666666,2749.6583333333333,7241.291666666667,33601.816666666666,86.60916666666667
2024-01-05,11.5649995803833,2.8929998874664307,11.085672960720062,969.6804,3678.995652173913,109.968202,0.0,815.726418,65.38193,0.0,4096.9072486000005,0.0,751.714219,468.93044,17.7,12.3,5.1,0.0,0.0,0.0,1.0947387218475342,13.109999656677246,8883.987500000001,2487.3,21395.075,1163.325,21881.05,16070.945833333331,577.6458333333334,853.3833333333333,925.3166666666666,646.2208333333333,24748.49583333333,5421.991666666667,-3169.7166666666667,21200.74583333333,160478.48958333334,81743.22083333334,467.325,3732.866666666667,64.89583333333333,45.87083333333334,121206.95416666666,7520.504166666667,2740.9041666666667,11254.954166666668,29883.800000000003,91.21083333333333
2024-01-08,11.479999542236328,2.9800000190734863,10.12766172009982,951.289,3682.4195652173917,115.938274,0.0,844.6113439999999,65.51292,0.0,4013.7299068,0.0,810.2227290000001,450.507881,25.0,16.0,8.8,0.0,0.0,0.0,1.0942236185073853,13.489999771118164,8776.35,1023.0854166666668,23894.52083333333,1265.2583333333334,30976.129166666666,20014.4,698.9916666666667,482.0916666666667,747.0708333333333,619.7125,25631.1625,7243.254166666667,-3381.333333333333,21424.279166666667,178872.25625,83767.87083333333,453.70416666666665,4935.772916666667,62.09791666666666,42.73333333333333,137364.92500000002,7968.941666666666,2637.675,11152.095833333333,31946.82083333333,102.27708333333334
2024-01-09,11.300000190734863,3.190000057220459,9.835027180373036,941.6657,3685.8434782608697,99.819537,0.0,833.5511759999999,76.540919,0.0,3986.2384321,0.0,761.3716079999999,495.658,25.9,16.4,10.5,0.0,0.0,0.0,1.095170259475708,14.460000038146973,8738.766666666666,79.70208333333335,26608.70833333333,1118.9041666666667,40064.88723404255,24037.0625,867.0999999999999,457.325,488.3208333333334,612.2541666666667,25503.95,7899.4375,-2997.9708333333333,21081.908333333333,184733.96041666667,84560.10416666667,453.4125,5301.621276595745,69.2,50.01489361702127,153421.46041666667,9916.345833333333,2564.1125,5769.620833333333,23968.87234042553,109.44166666666666
2024-01-10,11.28499984741211,3.0390000343322754,9.914159821960975,931.7757,3689.267391304348,95.078618,0.0,839.284044,76.3442,0.0,3994.0965638,0.0,749.344693,486.190223,24.7,16.1,10.3,0.0,0.0,0.0,1.093242645263672,14.5,8618.558333333332,1246.8104166666667,27947.579166666663,1022.2125,43334.40212765957,24681.104166666668,921.872340425532,527.4208333333333,449.5875,610.9499999999999,25079.404166666664,8632.620833333332,-2412.75,20140.904166666667,185080.52916666667,85370.87916666667,453.60833333333335,5180.342553191489,51.84255319148936,34.827659574468086,159182.475,9064.85,2541.679166666667,3705.683333333333,19927.959574468085,111.94166666666666
2024-01-11,11.244999885559082,3.0969998836517334,9.912688458027796,922.197,3692.691304347826,103.754764,0.0,853.179714,43.684818,0.013224,3967.8740125,0.0,744.947306,497.886667,21.1,15.6,10.6,0.0,0.0,0.0,1.0975141525268557,14.4399995803833,8722.679166666667,1711.5708333333334,28243.37083333333,1002.6708333333336,40727.9875,24740.229166666668,866.7708333333334,493.35,523.5875,613.8625000000001,24995.02083333333,7351.266666666666,-2986.5625,22705.079166666663,192074.86304347825,84570.50833333333,457.75,4531.181250000001,36.33541666666667,26.45652173913044,163710.6695652174,11001.175,2545.7916666666665,4512.349999999999,19428.43333333333,109.61833333333334
2024-01-12,11.199999809265137,3.312999963760376,10.29642232543906,913.6162,3696.1152173913047,119.351261,0.0,855.4435490000001,43.626819,0.0,3788.5563026,0.0,766.787639,484.857016,18.7,12.9,12.3,0.0,0.0,0.0,1.0981649160385132,14.739999771118164,8843.1625,2950.2479166666667,27551.75833333333,1161.4708333333333,38601.46170212766,24071.55416666667,856.6404255319148,538.7416666666667,596.8583333333333,609.9583333333334,24698.25833333333,7533.912499999999,-2625.8541666666665,22456.079166666663,186656.7680851064,83893.96666666666,465.4166666666667,4506.440425531915,22.059574468085103,18.70217391304348,155702.03617021276,9759.6125,2644.35,7021.183333333333,22385.991489361702,106.00125
2024-01-16,10.024999618530272,2.900000095367432,9.513655927401553,883.9921,3699.5391304347827,111.974871,0.0,854.537466,65.957234,0.0,4010.9992899,0.0,749.231492,479.92958,19.2,19.7,7.9,0.0,0.0,0.0,1.094570875167847,13.84000015258789,8826.7125,913.2020833333332,27843.654166666664,1209.3083333333334,35629.04680851064,23502.36666666667,805.1212765957446,751.375,850.8249999999999,621.0500000000001,23590.7375,7223.933333333333,-3757.825,23674.5875,186998.1170212766,85128.96250000001,469.6041666666667,5090.106382978724,59.921276595744686,41.71521739130435,151967.00425531916,8663.558333333332,2497.758333333333,7406.916666666667,26846.610638297872,100.72791666666666
2024-01-17,9.550000190734863,2.869999885559082,8.834393299442874,875.659,3702.963043478261,97.419882,0.0,853.642445,54.753391,0.0,4052.0279852,0.0,758.764568,478.588866,20.6,17.8,3.9,0.0,0.0,0.0,1.087878942489624,13.75,8713.008333333333,2617.13125,27408.74166666667,1135.5875,32991.48541666667,22064.470833333336,770.0604166666667,511.62916666666666,855.3458333333333,630.2708333333334,23884.529166666664,6793.395833333333,-5568.541666666667,22204.0625,181337.91666666663,83782.61666666667,465.1541666666667,4545.0125,32.66041666666667,24.34166666666667,141846.41666666666,5884.662499999999,2466.675,6900.958333333333,33098.68541666667,100.01166666666668
2024-01-18,9.55500030517578,2.697000026702881,8.899089119122282,868.0469,3706.386956521739,78.867599,0.0,701.897667,54.822501,0.0,4092.438658,0.0,746.037188,473.094518,20.6,20.3,3.0,0.0,0.0,0.0,1.0885775089263916,14.399999618530272,8714.270833333334,2667.0041666666666,27450.52083333333,1159.3958333333333,31746.636170212765,20834.408333333333,807.4063829787234,488.67083333333335,754.3708333333334,631.2916666666666,25023.3,7329.758333333334,-3718.995833333333,21359.6375,177670.71666666667,84402.98333333334,465.4583333333333,4800.546808510639,52.71914893617021,34.731914893617024,141865.52708333332,7414.866666666666,2526.395833333333,7457.820833333334,28972.44042553192,92.28833333333334
2024-01-19,9.585000038146973,2.5190000534057617,9.064571488545411,860.243,3709.8108695652177,92.222372,0.0,587.772911,60.337508,0.0,4095.0160283,0.0,784.348941,483.799833,19.5,18.8,3.6,0.0,0.0,0.0,1.0879143476486206,14.40999984741211,8803.141666666666,1228.4125,22829.50833333333,1312.5458333333331,29625.89782608696,17968.191666666666,833.0500000000001,459.87916666666666,761.6708333333332,643.6,25483.0,6742.375,-2861.8458333333333,23072.77083333333,185525.40638297872,84374.66249999999,469.7875,5106.736956521739,87.79565217391304,75.40666666666667,138897.05744680853,7382.245833333333,2197.85,10207.225,38494.99347826087,78.31875000000001
2024-01-22,9.404999732971191,2.4189999103546143,8.703622085209412,842.0951,3713.2347826086957,102.507747,0.0,764.8794310000001,108.962274,0.0,4076.2315205,0.0,838.3674659999999,466.413738,12.5,8.5,13.4,0.0,0.0,0.0,1.089229702949524,14.329999923706056,8417.716666666667,945.4083333333334,14195.829166666668,1395.3708333333334,21208.33125,14143.020833333334,617.28125,179.59166666666667,395.5375,644.3083333333333,22954.83333333333,5506.974999999999,-6131.945833333334,17977.3,173780.96041666667,82323.63333333333,461.67083333333335,5020.125,97.79791666666668,96.62291666666664,108035.29583333334,10910.533333333333,2011.4,10885.9375,54847.44166666667,48.98583333333334
2024-01-23,9.335000038146973,2.450000047683716,8.68216436959746,836.654,3716.658695652174,94.551295,0.0,698.95926,76.245706,0.0,4037.1817249,0.0,795.0534399999999,462.147329,13.5,9.3,8.8,0.0,0.0,0.0,1.088020920753479,13.81999969482422,8422.258333333333,1891.6479166666668,15620.391666666668,1425.6833333333334,23345.27708333333,14196.283333333333,577.8333333333334,144.61666666666667,403.56666666666666,633.3708333333333,23074.93333333333,6155.974999999999,-5312.516666666666,18526.741666666665,171908.39583333334,81166.68333333333,452.25416666666666,5032.535416666667,98.34375,96.49166666666667,112104.63333333336,12548.5125,2501.233333333333,11926.808333333334,47566.10208333333,51.73541666666667
2024-01-24,9.574999809265137,2.6410000324249268,9.205968863587074,832.2717,3720.082608695652,101.742299,0.0,691.967856,60.033196,0.0,4091.7242435,0.0,816.50662,476.566437,10.1,8.3,10.1,0.0,0.0,0.0,1.0857881307601929,13.039999961853027,8365.504166666668,338.25000000000006,14548.095833333333,1325.7916666666667,21802.16875,14365.575,665.4812499999999,211.52916666666667,518.0,631.3666666666667,23546.19583333333,5633.5,-5632.029166666667,20553.466666666667,167573.43958333333,80585.04583333334,454.6041666666667,4950.964583333333,86.46458333333334,78.35416666666667,110303.87916666668,11818.733333333332,2535.7541666666666,10524.375,46098.01458333333,34.843333333333334
2024-01-25,9.390000343322754,2.571000099182129,8.861034475116552,827.669,3723.5065217391307,105.21851,0.0,698.808317,32.675577,0.0,3951.2377346,0.0,820.358455,460.749501,11.4,9.1,8.7,0.0,0.0,0.0,1.088174819946289,12.920000076293944,8729.9,3713.5729166666665,17337.62083333333,1282.3375,26576.77083333333,15392.3625,564.1208333333333,208.35416666666663,627.8833333333333,631.1333333333333,25344.525,7230.962500000001,-3857.6375,24514.091666666664,165681.86458333334,82272.97083333334,459.23333333333335,4601.872916666666,94.12708333333336,90.1375,126744.71666666667,13084.808333333334,2620.1916666666666,7709.733333333334,28539.8625,78.78541666666666
2024-01-26,9.289999961853027,2.711999893188477,8.926559797838033,823.4162,3726.9304347826087,96.051665,0.0,715.7235909999999,54.636974,0.0,4071.6129493,0.0,773.420181,459.329603,12.8,10.0,8.1,0.0,0.0,0.0,1.0847046375274658,13.0600004196167,8692.245833333332,1983.7979166666669,16586.516666666666,1395.1916666666666,22684.639583333334,15897.458333333334,577.4770833333333,321.97083333333336,675.4666666666666,634.4583333333334,24994.579166666663,7304.779166666666,-3398.679166666667,21243.483333333334,165170.4125,81554.19166666667,475.3083333333333,4970.035416666667,94.8875,90.56875,119270.78125,11456.845833333333,2635.4708333333333,10974.279166666667,34684.0625,58.92124999999999
2024-01-29,9.390000343322754,2.490000009536743,8.95384723405212,809.796,3730.354347826087,97.860273,0.0,717.417011,76.300116,0.0,4084.8608925,0.0,796.564392,457.136549,15.1,7.4,11.0,0.0,0.0,0.0,1.0843517780303955,13.1899995803833,8665.2125,3918.6125,18749.841666666667,1339.9291666666666,25265.175,16258.254166666666,794.0354166666666,211.86666666666667,382.3875,640.9291666666667,23449.4,7209.108333333334,-2744.4500000000003,15945.4,162763.32083333333,81672.6875,458.62916666666666,4535.997916666666,40.60833333333333,28.76458333333333,121098.92708333331,16186.549999999996,2721.0625,6450.004166666667,30346.110416666663,81.94833333333334
2024-01-30,9.479999542236328,2.07699990272522,9.33282370718186,804.5193,3733.778260869565,72.355971,0.0,909.856976,65.793195,0.0,4045.405457,0.0,761.7956429999999,463.848324,13.9,9.4,11.4,0.0,0.0,0.0,1.0834470987319946,13.239999771118164,8698.9125,4045.75625,20330.45833333333,1393.0666666666666,26355.83541666667,16911.179166666665,900.2145833333334,282.51666666666665,378.4583333333333,637.3833333333333,24080.7625,6838.650000000001,-1947.0166666666669,19451.304166666665,166339.74166666667,81831.99166666667,464.56666666666666,4861.689583333334,69.60000000000001,51.21666666666667,127472.7625,14904.758333333331,2739.15,9629.45,26599.8875,77.95833333333333
2024-01-31,9.529999732971191,2.0999999046325684,9.608739696829872,799.5583,3737.2021739130437,60.447349,0.0,986.852524,65.325686,0.0,3973.1807708,0.0,787.202871,469.363603,12.7,10.7,11.7,0.0,0.0,0.0,1.08433997631073,12.779999732971191,8576.491666666667,1904.1604166666664,20503.166666666668,1404.1541666666665,26986.658333333336,17399.541666666668,836.7145833333334,286.57916666666665,379.14166666666665,643.8249999999999,23991.9875,7594.9375,-2005.8833333333328,17742.120833333334,168945.64791666667,80966.71666666666,461.7375,4455.035416666667,90.98333333333332,93.025,126909.66041666668,13602.245833333334,2764.025,10628.358333333334,29920.685416666664,74.97666666666667
2024-02-01,9.460000038146973,2.049999952316284,9.179848686968212,794.5999,3740.6260869565217,104.408586,0.0,1005.208471,43.562319,0.0,4122.6275915,0.0,782.031356,453.28612825,12.5,11.8,10.9,0.0,0.0,0.0,1.0803920030593872,13.010000228881836,8464.583333333334,1778.6875,18507.029166666667,1441.3625,24964.85,16745.791666666668,842.2583333333333,163.64166666666668,448.9958333333333,634.6958333333333,22941.85,6834.0,-4317.825,14963.654166666667,167701.19375,80762.02916666666,465.0416666666667,4274.410416666667,86.51875,69.55833333333334,117988.24791666666,14343.158333333333,2706.15,8760.029166666667,38161.3625,72.75291666666666
2024-02-02,9.460000038146973,2.0789999961853027,9.339703899298708,790.3394,3744.05,86.057881,0.0,904.029912,43.66828,0.0,4085.4362966,0.0,768.259588,463.14262159,12.5,8.9,10.3,0.0,0.0,0.0,1.0874648094177246,13.649999618530272,8611.762499999999,1528.3395833333334,16949.524999999998,1390.8833333333332,20012.16875,14263.6,589.775,146.35416666666666,432.8833333333334,643.4833333333333,22393.13333333333,5032.095833333334,-3825.9375,15364.041666666666,167877.58297872345,80819.15416666666,471.56666666666666,4514.247916666666,94.06458333333336,87.02127659574468,110887.23191489362,13833.095833333333,2676.0750000000003,12761.929166666669,42533.90625,60.01416666666666
2024-02-05,9.454999923706056,2.0820000171661377,8.954197287433784,781.7123,3747.473913043478,91.89641,0.0,884.188795,65.370668,0.0,3430.6035339,0.0,779.2280430000001,459.05398122,9.2,8.5,7.699999999999999,0.0,0.0,0.0,1.0780043601989746,14.609999656677246,8587.379166666668,526.1687499999999,12965.475,1436.7791666666665,18920.075,13601.591666666667,597.7229166666667,175.78333333333333,538.6541666666667,641.4708333333333,21850.99166666667,7581.016666666666,-4104.895833333333,19680.233333333334,161984.12708333333,79058.85833333334,455.975,4792.172916666666,100.325,110.04583333333332,106769.70208333334,13865.075,2706.145833333333,11815.725,42374.020833333336,37.30083333333334
2024-02-06,9.470000267028809,2.009000062942505,9.006200616182053,778.0658,3750.8978260869567,85.852677,0.0,887.7847830000001,43.736281,0.050719,3517.7257059000003,0.0,776.686996,446.87062728,8.9,6.300000000000001,6.4,0.0,0.0,0.0,1.0741831064224243,14.329999923706056,8729.6,392.94583333333344,12761.366666666669,1356.3833333333334,19337.679166666665,14127.116666666669,703.38125,316.875,753.8625000000001,624.5666666666667,21968.02083333333,5375.679166666667,-4644.2375,20511.541666666668,165621.06666666668,81239.15000000001,463.0916666666667,4841.2625,60.60416666666666,48.45208333333333,108756.18125,12459.241666666669,2589.3083333333334,12976.4125,44147.06666666667,45.54833333333334
2024-02-07,9.449999809265137,1.9670000076293943,8.886355061512072,773.3838,3754.321739130435,88.526994,0.0,731.885757,43.707954,0.0,3641.2031823,0.0,781.133986,456.28235580000006,13.2,11.9,6.9,0.0,0.0,0.0,1.075719952583313,16.350000381469727,9021.129166666668,4088.772916666667,21151.033333333333,1429.7083333333333,24298.6125,16504.216666666667,742.59375,328.69166666666666,836.7333333333332,645.3583333333333,21577.041666666668,6442.412499999999,-4001.025,20992.966666666667,166386.82499999998,80931.07083333333,462.8833333333334,4307.181250000001,30.433333333333334,24.74791666666667,123286.55416666664,11092.0,2547.675,7265.154166666667,33921.700000000004,80.515
2024-02-08,9.449999809265137,1.9170000553131104,8.783559604054874,768.8824,3757.745652173913,78.998036,0.0,724.02902,43.669603,0.0,3756.7763433,0.0,823.0953079999999,445.85806944,17.1,10.8,5.6,0.0,0.0,0.0,1.077574610710144,16.030000686645508,9088.0125,4309.54375,24413.57083333333,1467.5333333333335,23852.322916666668,20156.579166666663,683.2854166666666,466.3625,812.5791666666668,641.9916666666667,21607.658333333333,5479.291666666667,-4198.220833333334,21081.579166666663,165698.37916666668,80699.34583333334,466.1333333333334,4554.0375,88.20625,75.51666666666667,127650.02291666664,9995.833333333334,2608.4875,6257.558333333333,29921.65208333333,88.14291666666666
2024-02-09,9.4350004196167,1.847000002861023,8.565264892433376,765.9301,3761.1695652173917,93.299914,0.0,754.019269,54.398673,0.0,4032.1367941,0.0,867.095485,456.6250151,14.2,7.5,4.0,0.0,0.0,0.0,1.077725529670715,15.1899995803833,8863.637499999999,3103.879166666667,21299.658333333333,1410.3291666666669,19353.7125,15253.966666666667,738.4604166666667,475.9041666666667,830.8249999999999,642.5791666666667,22935.229166666668,5642.420833333334,-4598.287499999999,19543.27083333333,163787.56458333333,79137.96250000001,466.9583333333333,4332.722916666667,73.3,55.24375,115078.49166666664,7922.9875,2853.879166666667,13644.4875,37925.33541666667,70.62916666666666
2024-02-12,9.4350004196167,1.7680000066757202,8.142642427381778,757.9335,3764.5934782608697,97.571795,0.0,702.0836039999999,55.315187,0.0,4022.8844769,0.0,858.822914,439.57873548,11.3,13.2,8.5,0.0,0.0,0.0,1.0798202753067017,14.979999542236328,9212.325,3679.214583333333,22430.7,1455.4833333333331,23752.002083333336,15749.55,713.7083333333334,337.28333333333336,727.6625,642.6750000000001,24428.14583333333,6753.3625,-4573.591666666666,20257.725,160959.38125,77722.575,459.6041666666667,4049.45625,82.94166666666666,72.29791666666667,124993.3625,12869.479166666666,2767.8125,4335.662499999999,27363.45,74.92833333333333
2024-02-13,9.404999732971191,1.6890000104904177,8.030577845121634,753.9802,3768.017391304348,83.985344,0.0,752.394959,77.188733,0.0,4008.8032963,0.0,851.249578,468.12575458999993,13.3,10.3,7.9,0.0,0.0,0.0,1.0772264003753662,15.800000190734863,9391.708333333334,3719.61875,21817.35,1483.5208333333333,22592.783333333336,16255.9375,826.0208333333334,317.3041666666667,675.7166666666667,640.9833333333333,23953.704166666663,6339.845833333333,-3353.458333333333,20448.029166666667,163245.65416666667,77662.87083333333,465.9791666666667,4622.710416666667,43.77291666666667,33.63333333333333,121823.25,17204.649999999998,2764.7666666666664,11359.720833333333,27140.220833333336,71.89625
2024-02-14,9.364999771118164,1.6089999675750732,7.80163888158823,750.806,3771.441304347826,85.483337,0.0,778.314472,66.218295,0.0,3970.1654972,0.0,809.3130550000001,459.58746874,12.3,5.9,8.9,0.0,0.0,0.0,1.070893168449402,14.90999984741211,9152.4875,4944.570833333333,22176.8625,1443.9541666666669,20909.16875,16315.095833333333,702.7958333333332,292.8208333333333,479.10833333333335,633.6333333333333,23089.62083333333,6434.566666666667,-2715.083333333333,20514.491666666665,160851.51875000002,77295.38333333333,466.8375,4456.833333333333,57.59583333333333,39.35,119693.0375,14806.166666666666,2748.6583333333333,8614.5625,29448.11458333333,68.20916666666666
2024-02-15,9.347000122070312,1.5809999704360962,7.852836900982364,748.3018,3774.8652173913047,86.265716,0.0,831.855454,65.917168,0.0,3697.6422949,0.0,809.7015240000001,459.70170028,7.5,5.0,9.1,0.0,0.0,0.0,1.073214769363403,17.309999465942383,9061.4375,4614.285416666667,22117.379166666666,1517.4708333333335,22463.775,15837.208333333334,724.8020833333334,309.96666666666664,474.4916666666666,644.225,22651.5875,5125.166666666667,-2893.05,21031.62083333333,157950.68125,78303.96666666666,471.06666666666666,4017.63125,46.1,32.020833333333336,121409.05625,13730.95,2887.5333333333333,9703.345833333333,24824.485416666663,70.08666666666666
2024-02-16,8.569999694824219,1.6089999675750732,7.837908683561431,746.2797,3778.2891304347827,72.142878,0.0,833.0630100000001,76.93594,0.0,3696.1120074,0.0,819.874093,441.10445511,6.699999999999999,7.4,7.4,0.0,0.0,0.0,1.0773887634277344,19.229999542236328,8804.870833333332,4395.9875,18246.733333333334,1496.6458333333333,21398.825531914896,13515.675,716.8446808510638,264.56666666666666,386.7375,644.5791666666667,22643.216666666664,5823.275000000001,-3647.675,18672.975,169565.7340909091,78290.34583333334,478.9958333333333,3925.887234042553,42.06808510638298,32.586046511627906,122290.89545454545,16657.729166666668,2843.1041666666665,10365.679166666669,30470.380851063823,61.29166666666666
2024-02-20,8.369999885559082,1.5759999752044678,7.6324672493396655,739.1399,3781.713043478261,99.364763,0.0,725.614739,32.875522,0.0,3971.8043473,0.0,818.9022580000001,455.97019739,10.7,9.5,8.0,0.0,0.0,0.0,1.0775396823883057,18.209999084472656,9106.241666666669,4934.695833333333,19138.004166666666,1402.2083333333333,21601.72708333333,14928.2,686.2729166666667,434.825,501.6041666666667,644.9833333333333,23434.49583333333,6502.808333333333,-3265.175,21954.1875,159647.78125,79185.5125,477.9875,4319.235416666667,87.22500000000001,86.36458333333333,121359.39791666664,17579.4875,2836.3,10283.0625,24357.108333333334,62.91458333333333
2024-02-21,8.295000076293945,1.7730000019073486,7.598677343032614,736.6726,3785.136956521739,92.233818,0.0,753.38858,54.786037,0.0,3777.1592864,0.0,822.2339669999999,460.65034853,10.1,8.1,8.5,0.0,0.0,0.0,1.0813149213790894,18.0,9033.1875,4650.0,17234.741666666665,1462.4416666666666,19542.791666666668,13948.479166666666,567.1854166666667,332.05,410.8041666666666,635.4458333333333,23116.904166666664,7171.545833333334,-3584.870833333333,21173.354166666668,160604.35208333333,78896.58333333333,478.29583333333335,4390.360416666666,96.90208333333334,97.1625,114800.47708333336,17327.533333333333,2833.758333333333,12243.245833333334,31018.4875,56.72458333333333
2024-02-22,8.154999732971191,1.7319999933242798,7.355147059262159,734.2078,3788.5608695652177,71.504436,0.0,771.109108,59.945854,0.0,3960.4560013,0.0,807.3194020000001,453.82771901,8.5,9.8,7.800000000000001,0.0,0.0,0.0,1.082040309906006,18.709999084472656,8895.279166666667,4418.333333333333,16091.270833333334,1441.2833333333335,17874.129166666666,12362.179166666669,662.5979166666667,208.63333333333333,383.60833333333335,630.4416666666667,22284.675,4613.695833333333,-5839.629166666667,15733.308333333334,161375.70416666666,77361.12916666667,477.9375,4397.091666666666,83.96875,62.83125,103646.89583333331,11550.283333333333,2803.4791666666665,11485.620833333334,46210.86666666667,50.03333333333333
2024-02-23,8.125,1.6030000448226929,7.276553925098618,731.1868,3791.9847826086957,76.926834,0.0,789.278288,59.987906,0.0,4044.8663472,0.0,798.5928759999999,41.273704210000005,10.0,13.2,4.699999999999999,0.0,0.0,0.0,1.0825674533843994,16.940000534057617,8695.7875,3866.1770833333335,15774.05,1392.6416666666669,17519.152083333334,12656.5375,719.7666666666668,194.0875,281.02916666666664,639.3958333333334,22948.1375,6782.554166666666,-7048.091666666667,12136.033333333333,161926.15625,74497.19583333333,479.0916666666667,4353.0625,79.94375000000001,57.302083333333336,99815.60416666669,14200.1625,2774.816666666667,11285.9125,49367.51041666666,46.122083333333336
2024-02-26,8.300000190734863,1.659000039100647,7.613675944981568,723.4581,3795.408695652174,89.194262,0.0,752.517919,54.6173,0.0,4020.4099978,0.0,791.801178,499.33138341,13.3,11.8,7.9,0.0,0.0,0.0,1.0820051431655884,15.6899995803833,8949.8125,4682.39375,22106.9625,1425.7791666666665,22444.85,13156.4625,651.0500000000001,304.71250000000003,335.8875,645.9833333333333,24146.5,4558.270833333333,-4328.7625,19410.8125,159742.20208333334,73715.25,460.0416666666667,4706.766666666666,66.58749999999999,54.27916666666667,116845.83541666668,15598.329166666668,2722.1375000000003,9111.8875,30541.2625,66.25958333333334
2024-02-27,8.220000267028809,1.6150000095367432,7.757206680263011,719.3716,3798.832608695652,80.997183,0.0,823.4099289999999,54.618337,0.0,4025.2243675,0.0,789.9977710000001,470.66706868000006,13.2,13.4,4.199999999999999,0.0,0.0,0.0,1.0850930213928225,15.970000267028809,9137.791666666666,5255.43125,25087.55833333333,1535.6708333333331,27658.77083333333,15736.3875,683.2520833333333,327.9583333333333,384.31666666666666,640.7624999999999,24200.87083333333,7362.183333333333,-3830.5208333333335,18987.5125,162488.26249999998,74274.90000000001,463.2583333333334,4657.4375,80.80208333333333,75.75,129150.6625,16086.6375,2718.3541666666665,2789.5291666666667,23899.525,73.95041666666667
2024-02-28,8.494999885559082,1.8849999904632568,8.142825689759448,715.4699,3802.2565217391307,58.755071,0.0,763.740672,54.493997,0.0,3953.5503385,0.0,772.2898889999999,469.17358505,14.7,9.6,4.5,0.0,0.0,0.0,1.084481120109558,15.369999885559082,9104.433333333332,5007.041666666667,24970.391666666663,1410.7625,27519.73125,15562.9375,799.6041666666666,313.3,297.9291666666667,640.9625,24590.08333333333,7511.879166666667,-3937.758333333333,18199.2375,162440.11875,74679.57083333333,453.7875,4292.258333333333,89.78125,86.75625000000001,127784.92708333331,17247.879166666666,2758.0166666666664,7033.504166666667,22514.497916666664,71.6025
2024-02-29,8.369999885559082,1.8600000143051147,7.898803091585402,712.4841,3805.6804347826087,68.320317,0.0,779.160344,54.443235,0.0,3885.249151,0.0,777.946208,474.51914858,14.4,8.7,6.0,0.0,0.0,0.0,1.0838816165924072,15.029999732971191,8903.891666666666,3458.308333333333,20419.55833333333,1373.9291666666668,20205.139583333334,14389.370833333334,691.9541666666668,195.00833333333333,276.40833333333336,642.4458333333333,24660.00833333333,5690.400000000001,-4627.420833333334,16502.95,165227.08936170212,74805.47499999999,462.3208333333334,4197.075,88.39791666666667,82.79574468085107,113739.22553191488,19059.908333333333,2805.2041666666664,13659.7875,34066.668750000004,63.4925
2024-03-01,8.300000190734863,1.8350000381469729,8.173079651807411,710.2454,3809.104347826087,87.239864,0.0,895.444084,54.58629,0.0,3922.5383236,0.0,800.8132499999999,482.67062136,11.3,12.8,7.1,0.0,0.0,0.0,1.0804970264434814,14.670000076293944,8882.891666666666,6270.5,19412.0375,1399.6791666666668,19896.34375,14305.691666666666,522.125,186.5375,240.825,643.7916666666666,24903.591666666664,5330.933333333333,-4602.849999999999,17566.520833333332,162724.6680851064,73636.98333333334,462.125,4604.189583333334,86.1875,71.63191489361702,115239.25744680852,16761.258333333335,2817.770833333333,10559.566666666668,32866.11041666667,70.92625
2024-03-04,8.34000015258789,1.9160000085830688,8.543547240846365,706.1442,3812.528260869565,78.510193,0.0,945.76485,54.682075,0.0,3995.9867708,0.0,801.4256,481.44174276,8.8,12.9,7.800000000000001,0.0,0.0,0.0,1.084269404411316,15.649999618530272,8856.0,7618.683333333333,25715.625,1552.7916666666667,24046.30833333333,14820.825,539.8854166666666,190.4958333333333,376.9708333333333,647.0749999999999,25095.041666666668,6423.591666666667,-2835.6875,21788.391666666663,161508.82978723405,71236.41249999999,452.4875,4141.291666666667,83.35625,76.83829787234043,127917.63191489362,18612.729166666668,2671.4375,4768.575,21205.639583333334,75.58916666666667
2024-03-05,8.380000114440918,1.9570000171661377,8.738857779788905,703.034,3815.9521739130437,86.118919,0.0,946.398049,76.300909,0.0,3947.4125078,0.0,821.998689,491.39270835,12.8,10.9,7.0,0.0,0.0,0.0,1.0855170488357544,15.390000343322754,8990.541666666666,6775.152083333333,28411.970833333336,1527.9083333333335,27123.22340425532,16388.045833333334,618.631914893617,188.59583333333333,435.7833333333333,632.6875,24734.00833333333,6807.045833333334,-3522.5458333333336,22901.904166666664,160944.75833333333,71826.27916666666,458.65,3919.168085106383,79.62978723404255,78.46595744680852,130389.08958333332,18807.483333333334,2677.5333333333333,8117.0,17457.11914893617,74.97791666666667
2024-03-06,8.414999961853027,1.9290000200271609,8.454440670498807,699.4265,3819.3760869565217,90.008569,0.0,950.120783,65.321987,0.0,4039.8215946,0.0,843.016799,497.5519906,14.8,12.5,8.3,0.0,0.0,0.0,1.0855995416641235,14.68000030517578,9204.691666666668,7054.610416666666,27946.2875,1406.8291666666669,26811.014583333334,17000.716666666667,578.0541666666667,195.5458333333333,524.0625,644.0541666666667,26001.670833333334,8036.495833333333,-2933.7666666666664,24569.05,167831.8347826087,72851.34166666666,467.82916666666665,4632.4125,90.75208333333336,86.86304347826086,140498.71956521738,23640.49166666667,2728.8,3839.191666666667,12495.225,82.93208333333332
2024-03-07,8.399999618530273,1.8179999589920044,8.303072211245432,696.2107,3822.8,93.643839,0.0,948.213672,54.48536,0.0,3990.6854208,0.0,844.946987,496.06666032,14.0,11.4,9.0,0.0,0.0,0.0,1.089953899383545,13.489999771118164,9243.35,6988.54375,25363.879166666666,1307.0875,22322.5125,15636.916666666666,599.2583333333333,206.09583333333333,599.5708333333333,644.4625,25868.775,6338.004166666667,-4641.454166666666,23485.2,164173.45744680852,73228.01666666666,467.25416666666666,4836.341666666666,91.81041666666664,83.33191489361703,125842.6489361702,21826.82083333333,2746.6666666666665,6395.654166666667,23442.11458333333,76.12083333333334
2024-03-08,8.460000038146973,1.8049999475479128,8.469994624575866,693.5633,3776.6,92.899682,0.0,955.595801,38.354663,0.0,4034.7555716,0.0,845.845415,493.99479263,15.5,11.5,8.6,0.0,0.0,0.0,1.0950144529342651,13.489999771118164,9202.058333333332,5353.714583333333,17774.820833333335,1269.825,20776.45238095238,13652.0375,591.1714285714286,199.825,654.7083333333334,647.9291666666667,25803.92916666667,5988.266666666666,-5773.804166666666,23135.13333333333,158856.96458333332,73586.40416666666,464.7291666666667,6452.919047619047,99.25416666666666,100.35208333333333,111134.475,26348.729166666668,2712.0625,10687.8375,29204.2,61.83375
2024-03-11,8.46500015258789,1.758999943733215,7.995541380878507,688.6612,3834.1,88.243613,0.0,955.672369,54.679825,0.0,3882.9701586,0.0,841.2380949999999,487.68162635,8.3,10.0,6.9,0.0,0.0,0.0,1.0942955017089844,13.229999542236328,8787.0625,4910.489583333333,19409.045833333334,1261.6916666666666,21885.85,14782.95,678.9499999999999,181.89166666666665,451.575,637.4833333333333,24795.32083333333,6750.0,-3736.308333333333,23110.295833333334,164052.73913043478,70555.77500000001,443.8625,3751.14375,48.94583333333333,36.01304347826087,120503.8347826087,20496.14583333333,2683.175,8775.204166666666,27107.175,72.51791666666666
2024-03-12,8.46500015258789,1.7139999866485596,7.937403910743101,685.7393,3922.1,76.703204,0.0,958.428288,76.325424,0.0,3910.3510655,0.0,846.875325,490.40320701,10.0,8.1,7.199999999999999,0.0,0.0,0.0,1.093135118484497,13.0,8960.304166666667,6024.202083333334,25737.379166666666,1305.0,26207.822916666668,16540.604166666668,625.9145833333333,177.59166666666667,455.2791666666667,640.3916666666667,25380.1875,7453.075000000001,-3306.0458333333336,24102.5375,158085.8375,70573.6875,459.8041666666666,4385.575,71.825,59.63125,127744.04375,20096.129166666666,2791.9208333333336,3916.616666666667,18335.422916666663,86.25166666666667
2024-03-13,8.475000381469727,1.6579999923706057,7.975797158088263,683.3923,3712.7,80.430337,0.0,957.621447,76.270116,0.0,3901.7348045,0.0,866.0116840000001,501.25827671,10.1,6.6,7.199999999999999,0.0,0.0,0.0,1.0927767753601074,12.6899995803833,8956.320833333333,4972.435416666666,24320.941666666666,1273.425,24138.733333333334,15507.2125,634.8520833333333,197.41666666666663,464.9,642.1125000000001,25551.44583333333,7748.508333333334,-3829.929166666667,22855.57083333333,156533.63958333334,70495.65416666666,464.6875,4088.35,76.825,66.16666666666667,124474.29583333334,22596.225,2822.6583333333333,10695.175,15413.64375,72.42958333333333
2024-03-14,8.489999771118164,1.741000056266785,8.363853402420398,683.1464,3655.4,75.763779,0.0,967.186046,76.313963,0.0,3972.3417977,0.0,845.505954,504.89387734,7.300000000000001,6.5,6.800000000000001,0.0,0.0,0.0,1.0955302715301514,12.550000190734863,8603.237500000001,4371.979166666667,19512.291666666668,1261.85,21182.806382978724,13939.133333333331,635.6148936170213,198.14166666666665,320.49583333333334,643.0958333333333,24731.5625,6815.0625,-4621.150000000001,18205.89583333333,159697.64347826087,68915.625,473.1833333333333,4872.106382978724,50.861702127659576,37.41086956521739,113925.26086956522,25971.829166666663,2802.2291666666665,12359.291666666666,24703.572916666668,66.44083333333333
2024-03-15,8.520999908447266,1.6549999713897705,8.620601736654999,681.7707,3535.4,60.025342,0.0,972.166277,54.647031,0.0,3881.6052,0.0,829.345386,509.66443875,6.800000000000001,6.199999999999999,6.6,0.0,0.0,0.0,1.0883406400680542,13.600000381469728,8576.354166666666,3585.652083333333,14214.7,1186.5166666666669,17335.26875,11921.8125,620.6729166666667,195.775,338.25416666666666,644.2958333333333,24957.89583333333,6167.879166666667,-5183.3625,20026.804166666665,148593.93125,67728.04583333334,473.8083333333333,4499.760416666667,67.15625,52.72916666666666,99807.90416666666,24702.70833333333,2766.2625000000003,15212.316666666666,28828.510416666668,55.72208333333333
2024-03-18,9.880000114440918,1.7029999494552612,9.192779344760533,679.3258,3494.5,79.4406,0.0,959.216564,70.743785,0.0,3631.0639553,0.0,863.310571,501.82382743,16.5,7.300000000000001,4.9,0.0,0.0,0.0,1.0882576704025269,13.420000076293944,8969.929166666667,5981.333333333333,22622.93333333333,1316.4916666666666,22056.73958333333,14852.191666666666,628.9812499999999,207.35,388.4375,641.7416666666667,25727.441666666666,8376.933333333332,-3040.833333333333,21444.533333333333,148108.24375,68559.57083333333,473.20416666666665,4098.05,86.34791666666666,85.08125,117661.90625,22804.3625,2634.7125,5901.691666666667,16093.30625,81.57875
2024-03-19,9.899999618530272,1.74399995803833,9.19950495038379,677.7172,3671.5,79.946194,0.0,1008.391076,81.804177,0.0,3633.0472042,0.0,883.874385,510.84583425,15.3,6.9,3.4000000000000004,0.0,0.0,0.0,1.087393879890442,12.449999809265137,9066.05,5241.541666666667,23156.7625,1441.1666666666667,22742.93125,15151.35,722.0979166666666,323.96250000000003,418.00416666666666,644.3916666666667,26196.95833333333,7182.629166666667,-4035.3541666666665,22242.57083333333,150241.78541666668,67224.93333333333,474.1208333333333,4203.058333333333,46.67291666666667,38.41875,120386.61666666664,28169.045833333334,2660.225,7060.558333333333,12240.364583333334,81.735
2024-03-20,9.56999969482422,1.6990000009536743,8.832645247435105,676.5293,3617.3,77.494836,0.0,1048.518902,65.325571,0.0,3852.046081,0.0,903.986016,490.6805718,10.0,6.0,4.800000000000001,0.0,0.0,0.0,1.0863306522369385,12.420000076293944,9061.754166666668,6499.983333333334,23694.0375,1313.85,23421.42916666667,17026.6125,692.5437499999999,304.2916666666667,417.2375,645.0541666666667,26336.233333333334,6662.375,-4105.504166666667,22315.99583333333,148902.90625,66991.1,479.4916666666666,4163.46875,42.8125,29.87291666666667,121928.82916666666,30028.8375,2773.5,1381.4083333333335,11268.95,91.35
2024-03-21,9.28499984741211,1.6829999685287476,8.463195532801288,675.708,3569.2,83.63088,0.0,1051.668224,55.060538,0.0,3969.186317,0.0,908.393907,495.25550057,7.699999999999999,7.4,4.800000000000001,0.0,0.0,0.0,1.0937210321426392,11.989999771118164,8865.220833333333,6549.027083333333,22880.6375,1463.75,20344.875,14354.841666666667,524.7125,238.71666666666667,407.05,642.775,25994.283333333336,5885.379166666667,-4606.733333333334,21764.62083333333,165509.13720930234,67594.18333333333,476.3,3840.93125,89.36458333333333,75.57209302325582,127989.64883720932,25531.970833333336,2813.875,6288.191666666667,17829.48125,80.56333333333333
2024-03-22,9.44499969482422,1.659000039100647,8.842701274606137,675.4096,3568.9,83.377387,0.0,1054.1002,54.641499,0.0,3946.5388486,0.0,891.43569,489.52923273,8.5,8.3,4.1,0.0,0.0,0.0,1.0862362384796145,12.149999618530272,8723.420833333334,3635.88125,17166.875,1505.725,18157.00625,12438.566666666666,487.9875,207.8958333333333,350.3625,638.4416666666667,26231.52083333333,6229.383333333334,-4260.2625,19479.604166666668,163900.7906976744,68226.24583333333,478.5333333333333,3782.55625,84.9,74.2720930232558,118377.4976744186,23736.391666666663,2866.379166666667,9819.070833333331,24045.43125,69.43375
2024-03-25,9.71500015258789,1.6150000095367432,9.023915253031664,673.4159,3508.0,83.220517,0.0,968.604188,65.53779,0.0,4014.9183632,0.0,862.149504,474.24217515,12.3,10.4,5.9,0.0,0.0,0.0,1.0807539224624634,11.859999656677246,8857.395833333334,6303.006249999999,19827.304166666665,1497.7041666666669,19006.970833333333,13978.095833333333,642.8208333333333,388.5,455.9375,642.125,25197.42916666667,7920.287499999999,-3110.25,22065.94583333333,148221.08541666667,70247.55416666667,462.5875,5000.493750000001,76.11874999999999,60.15833333333333,114865.16458333336,25494.65,2616.070833333333,2611.5333333333333,19302.84375,85.28166666666667
2024-03-26,9.574999809265137,1.5750000476837158,8.618488111310846,672.2386,3602.2,84.516106,0.0,982.471942,65.515497,0.0,3985.6640628,0.0,873.3369640000001,477.3002826,11.5,8.7,4.800000000000001,0.0,0.0,0.0,1.0838228464126587,12.289999961853027,8427.324999999999,5541.41875,17173.3875,1402.4291666666668,18971.21875,12835.3375,939.7833333333332,429.5583333333333,491.6791666666666,639.3583333333333,24775.045833333334,7395.354166666667,-4363.666666666667,21457.025,153004.57708333334,70390.76666666666,454.4333333333333,4708.45625,76.92916666666666,57.208333333333336,110919.85625,24631.291666666668,2865.5166666666664,5931.504166666667,26803.329166666663,65.24666666666667
2024-03-27,9.399999618530272,1.718000054359436,8.790020970036787,671.1349,3560.9,81.973614,0.0,973.710914,65.85016,0.0,3860.3655756,0.0,891.117643,484.64479885,7.300000000000001,10.7,5.300000000000001,0.0,0.0,0.0,1.0832358598709106,12.770000457763672,8190.541666666667,4813.970833333334,13880.25,1436.5166666666669,17138.247916666667,12387.8875,692.65625,306.47083333333336,449.1041666666667,638.475,24833.8375,6014.704166666666,-4934.808333333333,17701.625,152227.46458333332,70920.29166666667,459.44166666666666,4161.75,77.84791666666668,56.79583333333333,103597.35,23690.004166666666,2855.3291666666664,7573.1375,32998.53958333333,77.16083333333334
2024-03-28,9.53499984741211,1.7630000114440918,8.664650913004335,669.9592,3141.1,84.968671,0.0,1017.287478,76.639778,0.0,3922.3365351,0.0,858.367688,493.03678369,8.4,10.1,4.1,0.0,0.0,0.0,1.0813382863998413,11.93000030517578,8148.516666666666,2979.96875,11794.158333333333,1378.7166666666665,13548.670833333332,9869.325,676.3541666666666,187.03333333333333,372.125,618.1125000000001,25069.32083333333,5190.404166666666,-6094.229166666667,15536.895833333334,151177.32340425532,66830.6125,455.075,4624.322916666667,66.54791666666667,50.44468085106383,92259.61489361704,22304.74583333333,2838.3458333333333,10153.133333333331,41475.847916666666,48.91208333333333
2024-04-02,9.46500015258789,1.861999988555908,8.245817847774903,670.6287,3566.7,74.193113,0.0,1039.241386,54.5615,0.0,3920.1847512,0.0,747.303212,440.1274529,7.300000000000001,7.800000000000001,4.199999999999999,0.0,0.0,0.0,1.0737217664718628,14.470000267028809,7847.208333333333,2460.6833333333334,9226.558333333332,1434.7208333333335,10541.372916666667,9349.516666666666,664.2833333333333,181.8583333333333,415.525,634.9708333333333,26924.975,6736.266666666666,-7552.150000000001,15970.491666666669,148683.2829787234,66982.87083333333,452.8416666666667,4567.691666666667,41.29583333333333,35.751063829787235,87840.45319148936,25902.004166666666,2717.9500000000003,9370.079166666666,41940.87291666667,39.0475
2024-04-03,9.5,1.840999960899353,8.067892361739794,671.3505,3800.8,104.111775,0.0,1121.868716,87.32882,0.0,3846.7300604,0.0,799.256428,453.72785327,8.5,6.6,4.5,0.0,0.0,0.0,1.076855182647705,12.920000076293944,7951.858333333334,4995.158333333334,15502.483333333332,1446.0458333333331,16063.972916666666,10805.8,640.5375,190.6833333333333,415.775,626.5791666666667,27214.283333333336,6819.029166666667,-4154.145833333333,18318.283333333333,148449.50416666668,67273.19583333333,450.4166666666667,4364.681250000001,48.31041666666667,35.875,103142.82083333332,25157.64583333333,2773.304166666667,9945.966666666667,27754.86458333333,85.73333333333333
2024-04-04,9.545000076293944,1.77400004863739,8.324434381857419,671.7742,3827.6,80.419806,0.0,1122.235381,82.049903,0.0,3906.7677132,0.0,759.2881259999999,465.52179361,7.0,6.0,4.5,0.0,0.0,0.0,1.0838346481323242,13.109999656677246,8102.958333333333,4702.208333333333,13499.745833333334,1510.4125,13781.025531914893,9944.066666666668,639.3638297872341,185.475,515.8125,625.8916666666667,27034.254166666666,6243.104166666667,-5314.870833333333,19021.33333333333,146596.27083333334,65358.98333333334,447.2833333333333,4830.391489361702,67.55106382978724,53.35957446808511,95569.10208333336,27859.95833333333,2811.004166666667,12193.016666666668,31660.26170212766,65.16250000000001
2024-04-05,9.545000076293944,1.784999966621399,8.450488722203604,673.6079,3725.2,77.411612,0.0,1119.558066,82.056392,0.0,3890.4839683,0.0,754.111614,493.80247036,4.4,4.4,4.0,0.0,0.0,0.0,1.0837054252624512,13.15999984741211,7900.087500000001,1860.68125,11347.595833333333,1444.8,11799.122916666667,9524.395833333334,475.64166666666665,178.15,466.6791666666666,625.8625000000001,26645.8125,6062.2375,-5837.745833333333,17587.399999999998,142482.83125000002,62655.14166666666,448.7125,4625.772916666667,93.99583333333334,89.2375,88668.83958333333,30319.979166666668,2737.129166666667,11661.870833333334,32823.0625,45.184583333333336
2024-04-08,9.574999809265137,1.843999981880188,8.858648166953811,683.4832,3501.4,54.106375,0.0,1133.259552,65.475962,0.0,3697.3711947,0.0,715.7785839999999,434.08120514,0.0,5.9,1.5,0.0,0.0,0.0,1.0830481052398682,12.630000114440918,7677.162499999999,5101.858333333334,15427.0375,1522.0916666666665,14274.31875,10569.220833333333,597.3020833333334,164.12916666666666,342.95,618.9499999999999,27554.1375,6211.775000000001,-4783.883333333333,17255.683333333334,137680.68333333332,61093.275,434.9708333333333,4546.747916666667,53.0,42.54375,98033.56666666668,32985.425,2610.85,4271.966666666666,21018.42708333333,85.12958333333333
2024-04-09,9.585000038146973,1.871999979019165,8.708441123677181,685.2941,3562.5,57.620271,0.0,1064.503534,81.969385,0.0,3805.605732,0.0,695.94046,483.00495894,0.3999999999999986,8.6,0.6999999999999993,0.0,0.0,0.0,1.0863661766052246,12.579999923706056,7466.329166666666,3406.9395833333333,12303.6,1458.5333333333335,11343.0375,9288.954166666666,506.14375,157.6,283.32916666666665,616.4125,28230.74583333333,6076.462500000001,-5332.125,17939.283333333333,141849.35208333333,61598.4125,441.4625,4664.866666666667,81.23541666666667,73.55624999999999,90987.21875,30317.675,2562.920833333333,12745.370833333334,29330.61458333333,53.04416666666666
2024-04-10,9.585000038146973,1.8849999904632568,8.625056695930244,686.8486,3612.2,54.298324,0.0,1060.753071,81.905164,0.0,3890.9889756,0.0,708.55549,458.48073608,6.4,8.8,3.3000000000000007,0.0,0.0,0.0,1.0859296321868896,12.220000267028809,7397.291666666667,2927.2000000000003,13448.425,1341.3708333333334,13580.502083333333,10507.8625,472.8958333333333,42.125,186.0833333333333,625.1791666666667,27488.50833333333,7619.5,-5432.0125,14485.016666666668,143886.11041666666,63196.85,447.3,5007.785416666667,91.9125,81.34166666666667,94002.97291666668,31561.470833333336,2400.7166666666667,10063.2125,29070.800000000003,74.53958333333334
2024-04-11,9.609999656677246,1.7640000581741333,9.24851649794111,688.9496,3551.4,55.984762,0.0,1063.24052,92.927097,0.0,3891.6454193,0.0,711.866548,429.91147654,6.800000000000001,3.5,4.5,0.0,0.0,0.0,1.074171543121338,12.739999771118164,7588.2,1900.8416666666665,12237.420833333332,1415.1083333333331,13076.2375,9811.104166666666,499.4708333333333,5.9,197.8125,624.9875000000001,26874.3375,6904.925,-5294.595833333334,14361.966666666667,148354.71086956523,64356.29583333334,452.07916666666665,3667.9270833333335,82.40625,61.15434782608696,96318.72826086955,35444.70416666667,2386.491666666667,10510.1125,26926.616666666665,59.12166666666667
2024-04-12,9.645000457763672,1.7699999809265137,9.66171147738032,691.7604,3614.2,56.676809,0.0,1069.703825,92.82619,0.0,3925.6200366,0.0,691.939909,460.93591342,3.0,4.0,0.3999999999999986,0.0,0.0,0.0,1.0726851224899292,12.850000381469728,7811.829166666666,1652.83125,11825.658333333333,1459.8083333333334,11355.1125,8652.0,495.96875,10.704166666666666,262.1791666666667,620.1,26986.14583333333,8140.741666666668,-4946.045833333334,16077.433333333334,138873.85624999998,64438.04583333334,453.725,4615.460416666667,79.85833333333333,56.30833333333334,93317.02916666667,36876.0875,2427.133333333333,11901.0125,21168.279166666667,59.36083333333334
2024-04-15,9.687000274658203,1.690999984741211,9.7204379791444,701.5052,3774.6,64.723042,0.0,1016.745199,92.803868,0.0,3295.3958394,0.0,744.039394,445.0671472300001,7.800000000000001,9.5,0.0,0.0,0.0,0.0,1.0649627447128296,12.039999961853027,7805.016666666666,1808.875,12565.225,1355.2416666666666,11105.183333333334,9863.970833333333,460.03125,9.5875,388.67083333333335,621.4875000000001,27486.591666666664,6249.241666666666,-4310.883333333333,17103.529166666667,137787.3125,58754.825,442.3416666666667,4524.472916666667,91.03541666666666,84.91041666666666,89629.62916666667,29608.57083333333,1927.0375,10293.325,28206.7375,63.4775
2024-04-16,11.260000228881836,1.7319999933242798,10.320243928767928,702.7103,3776.1,67.463744,0.0,1039.478074,81.897106,0.0,3473.3424899,0.0,839.984234,460.85886146,11.3,9.1,0.8000000000000007,0.0,0.0,0.0,1.0625749826431274,11.9399995803833,8147.016666666666,2977.7916666666665,14330.666666666666,1281.9916666666666,11430.2125,9871.416666666666,570.1041666666666,103.1625,422.0708333333334,622.9083333333333,27947.30833333333,5256.4875,-4960.445833333333,18110.37083333333,143540.2125,61183.05833333333,442.9166666666667,4739.970833333334,78.62708333333333,58.1375,93051.80208333331,27825.7125,1979.0125,9591.583333333334,31779.75,63.15875
2024-04-17,10.744999885559082,1.712000012397766,9.740179240819346,702.7987,3757.9,64.79868,0.0,1045.549972,92.956213,0.0,3512.1605808,0.0,907.729158,425.33407692,12.0,10.7,3.2,0.0,0.0,0.0,1.0621461868286133,12.65999984741211,8707.5,5000.964583333333,20113.879166666666,1319.2,15875.454166666668,13676.575,717.8249999999999,181.32916666666665,497.95416666666665,619.9375,28247.38333333333,6493.291666666667,-4161.95,19319.045833333334,147979.9744680851,65568.37083333333,456.2708333333333,4891.83125,44.91458333333333,33.287234042553195,112002.30425531916,30572.129166666666,2369.770833333333,3475.7916666666665,18207.160416666666,102.49083333333334
2024-04-18,10.880000114440918,1.756999969482422,10.103094072076772,702.5321,3495.4,69.594284,0.0,1051.245622,76.567421,0.0,3889.3454672,0.0,928.601837,428.80709449,12.0,9.7,6.1,0.0,0.0,0.0,1.0669398307800293,12.75,8683.095833333333,4518.454166666666,19397.416666666668,1126.1,16362.3875,13254.6875,624.1229166666667,182.65,530.0083333333333,626.1625,27424.5875,6999.675,-3941.1,19685.483333333334,152617.53913043477,67234.92916666667,454.125,5171.335416666668,74.82916666666667,58.93695652173913,114367.96739130437,33176.14166666667,2349.9791666666665,4917.220833333334,17644.443750000002,94.105
2024-04-19,10.5,1.7519999742507937,9.595364969565894,702.3462,3283.6,73.280891,0.0,1060.294801,54.614951,0.0,3873.8632573,0.0,867.781781,438.05435334,12.1,8.0,5.5,0.0,0.0,0.0,1.0644185543060305,12.300000190734863,8503.254166666668,1893.5208333333333,13376.766666666668,1221.9375,11518.804166666669,11171.0125,590.4208333333333,184.0875,516.8708333333333,634.6125000000001,26895.670833333334,6961.754166666667,-4994.6375,18965.879166666666,146620.41458333333,65110.42083333334,463.25416666666666,5140.193749999999,67.55,52.39791666666667,94207.35833333334,29097.63333333333,2298.875,12949.329166666668,31389.585416666665,57.99166666666667
2024-04-22,10.529999732971191,1.7910000085830688,9.155726916174483,702.2528,3995.7,103.701188,0.0,1063.284416,98.102533,0.0,3888.8321316,0.0,865.065967,449.70167349,15.9,11.9,4.5,0.0,0.0,0.0,1.065825343132019,13.279999732971191,8942.658333333333,4949.608333333334,20249.954166666663,1231.2458333333334,19282.28958333333,13441.170833333332,613.0666666666667,197.2333333333333,518.8416666666667,622.2916666666666,25534.879166666666,7244.275000000001,-3835.9208333333336,18872.625,148559.94375,66966.0625,444.75416666666666,5238.997916666666,76.49791666666667,60.63541666666666,112223.08541666664,32344.304166666665,2305.054166666667,3950.6625,18189.38125,99.27958333333332
2024-04-23,10.225000381469728,1.812000036239624,8.873276899964194,700.6539,4103.7,96.20487,0.0,1071.282279,54.647326,0.0,3866.0469478,0.0,793.490732,502.55500817,13.9,10.3,6.1,0.0,0.0,0.0,1.065405249595642,13.199999809265137,8917.533333333333,4532.822916666667,20126.3,1212.3625,20021.05833333333,13491.166666666666,567.4270833333334,193.3125,548.5958333333333,633.0041666666667,25236.666666666668,6193.470833333333,-4047.1,17508.058333333334,151003.25208333333,68267.90833333334,458.4958333333333,5368.181250000001,74.70208333333333,58.90416666666667,112335.12916666668,33315.39166666667,2334.333333333333,5952.825,19034.010416666668,97.12333333333332
2024-04-24,10.4350004196167,1.652999997138977,9.103713360391795,699.2015,4088.8,80.220192,0.0,1008.582733,70.696677,0.0,3454.8363003,0.0,747.599228,502.65853891,12.1,11.2,7.4,0.0,0.0,0.0,1.0704345703125,13.329999923706056,8939.766666666666,4800.845833333334,20382.266666666663,1234.5375,19353.470833333333,13440.7125,667.4083333333333,195.44583333333333,530.4583333333334,638.4875000000001,25059.754166666666,6196.175,-3893.875,19225.6375,150406.73333333334,68349.09583333334,470.4166666666667,5095.462500000001,52.6,36.31666666666667,112351.26875,31771.970833333336,2370.8625,8586.220833333333,17876.360416666666,94.45958333333331
2024-04-25,10.43000030517578,1.6380000114440918,9.336052012794648,697.8631,4002.8,82.898287,0.0,993.61677,86.955421,0.0,3159.0901397,0.0,781.082165,496.38396016,13.0,10.9,6.6,0.0,0.0,0.0,1.0699878931045532,12.84000015258789,8879.116666666667,4147.210416666667,21151.55833333333,1280.1708333333331,18831.185416666667,13996.65,651.9,177.20416666666665,497.04583333333335,636.4416666666667,25317.32083333333,7296.929166666668,-3504.7291666666665,19723.08333333333,144815.44583333333,68898.58750000001,481.025,4373.545833333334,52.81875,35.00833333333333,113699.97291666668,32368.470833333336,2461.0666666666666,3179.395833333333,13341.541666666666,90.22583333333334
2024-04-26,10.324999809265137,1.6139999628067017,9.083694047479236,697.5113,3680.5,63.949262,0.0,984.988126,87.010381,0.0,3331.1370305,0.0,854.151826,470.55494798,10.1,10.7,4.4,0.0,0.0,0.0,1.072961449623108,12.550000190734863,9007.45,5022.875,19439.079166666663,1281.7708333333333,18911.252083333333,12909.983333333332,487.8520833333334,168.40833333333333,493.0375,633.525,25233.0125,7226.704166666666,-2927.083333333333,20722.13333333333,142104.88541666666,66729.24166666667,479.7416666666666,4444.835416666667,41.725,30.241666666666664,110768.59583333333,33626.825000000004,2477.420833333333,1709.3708333333334,13668.189583333333,87.49916666666667
2024-04-29,10.210000038146973,2.0299999713897705,8.784526045491921,703.2102,3764.8,67.643351,0.0,1051.667791,92.341116,0.0,3109.2910208,0.0,772.832287,525.45434435,2.4000000000000004,7.699999999999999,0.0,0.0,0.0,0.0,1.0706866979599,12.239999771118164,8730.9375,3218.5416666666665,12687.7125,1216.4375,15680.866666666669,9458.429166666669,564.64,166.31666666666666,347.425,618.8625000000001,25405.879166666666,8368.895833333334,-3484.7291666666665,17128.979166666668,139291.1340425532,63761.40416666667,453.7125,5565.375555555555,65.5911111111111,50.50454545454545,99184.5425531915,39710.7375,2432.0125000000003,4216.116666666667,18462.915555555555,81.52125
2024-04-30,10.335000038146973,1.991000056266785,9.144777225522963,705.7761,3642.0,55.533845,0.0,967.305896,103.69431,0.0,3121.6446605,0.0,765.831743,456.61428571,0.0,5.5,0.0,0.0,0.0,0.0,1.0715701580047607,12.4399995803833,8407.895833333334,3901.5520833333335,12063.0625,1148.3791666666666,12867.7,8684.208333333334,575.0208333333334,151.44166666666666,389.9125,616.7208333333334,25424.83333333333,6858.866666666668,-4641.645833333333,16603.304166666665,134827.19166666668,64211.083333333336,455.6166666666666,4263.972916666667,73.76875,56.125,90818.65416666667,39852.35416666666,2401.241666666667,5786.5625,21189.06875,68.60541666666667
2024-05-01,10.234999656677246,1.932000041007996,8.981537413416957,708.9415,3133.9,60.80742,0.0,962.581527,109.35532,0.0,3276.5927707,0.0,735.9209940000001,489.25857842,0.0,4.199999999999999,1.3000000000000007,0.0,0.0,0.0,1.0666552782058716,12.220000267028809,7492.254166666667,1295.025,8424.737500000001,1246.9958333333332,9122.35,6473.758333333334,540.2708333333334,126.08333333333331,367.3833333333334,619.3541666666666,24240.7625,3048.0125000000003,-8821.179166666667,12628.9,115200.97708333336,58166.87083333333,443.0125,4359.491666666667,64.2625,51.60833333333333,68965.72291666667,35736.94583333333,2439.2375,6737.462500000001,24998.02708333333,0.3687500000000001
2024-05-02,10.40999984741211,2.0350000858306885,9.713822027501154,711.8372,3287.0,54.61968,0.0,1022.170295,109.16449,0.0,3304.6385381,0.0,753.8707890000001,499.28034614,0.0,4.199999999999999,3.1,0.0,0.0,0.0,1.0721560716629028,12.029999732971191,7537.354166666667,2081.0416666666665,8731.595833333333,1195.9875,10847.629166666668,7273.037499999999,599.53125,115.71666666666664,398.4875,621.7166666666667,26603.854166666668,5541.099999999999,-6854.758333333334,15432.295833333332,133471.51249999998,59972.19583333333,441.3333333333333,4979.474999999999,63.60833333333333,47.68958333333333,80137.22708333333,37139.77916666667,2489.3625,9905.729166666666,29811.53958333333,40.4
2024-05-03,10.470000267028809,2.1419999599456787,9.603139937305986,714.1125,3328.8,56.262718,0.0,1001.297899,98.304085,0.0,3408.6787023,0.0,759.506369,492.6490104,0.1000000000000014,7.4,4.300000000000001,0.0,0.0,0.0,1.073306918144226,12.09000015258789,7909.508333333334,5245.243750000001,11544.279166666667,1087.4666666666667,11259.58510638298,7419.766666666666,631.0510638297873,121.57916666666668,405.6,623.9333333333333,27803.004166666666,7689.3,-5055.704166666666,18046.129166666666,133640.6875,61492.09166666667,453.19166666666666,4014.9,49.69787234042553,37.09361702127659,89620.45416666666,34298.504166666666,2602.7208333333333,9795.645833333334,22440.66170212766,80.2075
2024-05-06,10.470000267028809,2.194999933242798,10.026938056451629,721.7591,2906.5,57.34076,0.0,979.736782,87.023274,0.0,3415.2692472000003,0.0,760.499548,492.94322379,4.6,6.4,1.5,0.0,0.0,0.0,1.0758124589920044,12.479999542236328,8465.495833333332,6001.685416666667,17265.037500000002,1079.6333333333334,15352.470833333333,9571.916666666666,665.2520833333333,211.7625,436.4458333333334,615.4250000000001,28444.108333333334,7895.895833333333,-3190.4500000000003,18323.233333333334,139961.75,61262.80416666667,445.45416666666665,4553.724999999999,64.05624999999999,49.61304347826088,106704.26521739132,33730.475,2754.85,2097.304166666667,13968.464583333334,93.11291666666666
2024-05-07,10.5,2.2070000171661377,9.804048976351355,723.2142,2972.9,50.454541,0.0,999.373965,65.784244,0.0,3427.0029773,0.0,800.6099899999999,488.35120294,6.1,4.300000000000001,1.3000000000000007,0.0,0.0,0.0,1.0767507553100586,12.369999885559082,8559.779166666667,6093.412499999999,18107.05833333333,1043.0458333333331,16605.560416666667,9662.829166666666,660.1062499999999,157.4125,401.2,588.6750000000001,29025.0375,6803.837500000001,-3750.529166666666,17459.837499999998,137396.72916666666,62414.975,449.87916666666666,4994.185416666666,39.87083333333333,31.766666666666666,104635.82083333336,33089.42083333333,2829.0,1971.3666666666668,15230.5125,93.20041666666668
2024-05-08,10.460000038146973,2.187000036239624,9.64424941182317,724.4164,2921.8,42.349929,0.0,1010.085528,66.165323,0.0,3324.1921076,0.0,807.879077,501.16286711,5.6,4.800000000000001,2.5,0.0,0.0,0.0,1.0750491619110107,12.510000228881836,8638.966666666667,6079.016666666666,18746.970833333333,1053.45,15900.90625,9028.445833333331,614.0729166666666,161.06666666666666,462.0083333333334,604.9333333333333,29278.775,6112.316666666667,-4920.875,17917.679166666665,134752.275,61614.32916666666,454.3041666666666,3882.402083333334,57.44583333333333,38.92083333333333,102936.39166666666,37129.03333333333,2914.3541666666665,1066.7916666666667,12717.964583333334,92.27541666666669
2024-05-09,10.460000038146973,2.3010001182556152,9.721670350135184,727.319,3337.4,52.918326,0.0,1012.577753,66.10144,0.0,3306.293514,0.0,821.0974120000001,500.80950401,5.5,2.8000000000000007,0.0,0.0,0.0,0.0,1.0746910572052002,12.850000381469728,8493.0375,4253.914583333333,14551.0625,1131.9208333333331,11481.422916666668,8484.245833333332,594.3375,190.82916666666665,416.79583333333335,604.9875000000001,29146.8375,5638.920833333334,-5298.133333333333,16236.7625,128775.79787234042,61112.65,444.4375,4105.408333333334,45.24166666666667,34.84468085106383,92889.92340425531,43478.28333333333,2963.8625,1439.1958333333332,12683.9375,61.92041666666666
2024-05-10,10.475000381469728,2.252000093460083,9.49201431841806,730.4044,3264.3,57.954641,0.0,1011.607541,66.094834,0.0,3496.9508459,0.0,804.245586,510.15874816,2.3000000000000007,2.6,0.0,0.0,0.0,0.0,1.078515887260437,12.920000076293944,8562.620833333332,3958.64375,13376.929166666669,1118.3666666666666,11563.897872340423,9360.433333333332,593.9291666666667,180.85416666666663,315.82916666666665,629.975,28419.5875,6233.779166666666,-5649.712500000001,14689.058333333334,127439.77083333331,59533.6875,452.6375,4646.370212765957,69.35531914893616,54.234042553191486,88759.375,44270.6,2895.116666666667,1693.7,16032.259574468084,76.56833333333334
2024-05-13,10.449999809265137,2.38100004196167,9.336667072732803,742.0061,3407.7,58.50088,0.0,1004.050887,66.246001,0.0,3677.8934476,0.0,850.927322,504.10857305,1.5,2.9000000000000004,0.0,0.0,0.0,0.0,1.077040672302246,12.460000038146973,7798.216666666667,3959.50625,9850.541666666666,1154.1166666666666,12436.25744680851,9284.9,607.1702127659574,196.77916666666667,403.57916666666665,592.1833333333333,27848.2,6363.608333333334,-5176.962500000001,16120.0875,133222.02708333332,62223.55833333333,436.3541666666667,4574.625531914893,78.02978723404256,60.91489361702128,89920.70625,44311.600000000006,2825.9125,7206.3625,17915.58510638298,48.05166666666667
2024-05-14,10.449999809265137,2.344000101089477,9.38550980525205,745.4346,3358.3,56.243488,0.0,1003.633608,66.250092,0.0,3602.0763864,0.0,887.8913299999999,515.86672481,0.0,3.3000000000000007,0.0,0.0,0.0,0.0,1.079354166984558,13.119999885559082,7621.941666666667,2357.227083333333,9704.866666666669,1133.4458333333334,12986.220833333333,8834.379166666668,644.3083333333333,164.025,332.375,571.1374999999999,27091.8875,5606.579166666666,-5901.05,14603.054166666669,139006.77446808512,61882.94166666667,425.4333333333333,4742.162499999999,48.71875,37.90425531914894,89313.58723404254,42473.2625,2756.458333333333,7981.383333333334,23435.545833333334,26.47
2024-05-15,10.468999862670898,2.41599988937378,9.42438130757149,748.5274,3328.3,56.250394,0.0,998.838946,66.091978,0.0,3611.5408333,0.0,834.578354,494.39518648,0.0,3.0,0.0,0.0,0.0,0.0,1.0814552307128906,13.1899995803833,7591.150000000001,3092.8145833333333,10478.341666666667,1079.4666666666667,14939.172340425532,8623.391666666666,713.5957446808511,165.95416666666668,302.4791666666667,589.9499999999999,28182.08333333333,6933.2,-5527.016666666666,15736.879166666666,136666.0375,63485.37916666667,425.70416666666665,3814.4531914893614,48.88723404255319,36.84468085106383,91322.43958333333,38572.97916666666,2827.5458333333336,5448.941666666667,23829.07234042553,44.43208333333334
2024-05-16,11.045000076293944,2.494999885559082,9.654010247106566,751.0707,3054.7,54.273283,0.0,1013.149547,55.123115,0.0,3628.329702,0.0,880.9649159999999,493.7404,0.0,4.300000000000001,0.0,0.0,0.0,0.0,1.0889805555343628,14.479999542236328,7821.733333333334,3901.0770833333336,10316.795833333334,1124.0541666666666,15413.49069767442,8545.495833333332,682.6953488372093,163.30833333333334,304.0541666666667,584.2125,28331.8875,7384.3875,-4398.8125,17602.654166666667,143080.00652173912,63542.2,454.6,4014.3674418604646,54.16976744186047,44.05121951219512,96788.62391304348,36879.92916666667,2800.8125,5320.7625,25983.08139534884,50.96791666666667
2024-05-17,11.15999984741211,2.625999927520752,9.800443442689655,753.8838,3010.7,57.677286,0.0,1017.265948,44.190016,0.0,3611.7991513,0.0,876.4986260000001,492.73926972,0.0,2.9000000000000004,0.0,0.0,0.0,0.0,1.0867793560028076,15.93000030517578,7900.866666666666,4439.633333333333,11011.0375,1135.6458333333333,14660.511111111113,8444.574999999999,462.1733333333333,171.6291666666667,196.8,581.1999999999999,29358.233333333334,7342.433333333333,-3969.575,17767.133333333335,135082.88333333333,64357.64166666666,463.225,3795.673333333333,64.52222222222223,48.94222222222223,93357.59583333333,35285.04583333333,2835.133333333333,5450.766666666666,22781.217777777776,68.94791666666667
2024-05-20,11.505000114440918,2.750999927520752,10.125794223375786,763.6009,2751.4,53.885851,0.0,905.872741,44.130042,0.0,3601.6016312,0.0,871.201491,495.47237777,2.3000000000000007,3.6,0.0,0.0,0.0,0.0,1.0875475406646729,16.520000457763672,7968.787499999999,4631.689583333334,12076.079166666668,1119.7291666666667,12425.11875,8783.333333333334,422.6666666666667,188.3625,138.39166666666668,618.2666666666667,27562.30416666667,5645.625,-6047.8875,16234.975,124893.82765957448,61733.6625,430.3833333333334,3886.9854166666655,41.989583333333336,34.0531914893617,90945.34680851064,41334.775,2731.191666666667,4642.733333333334,10254.658333333336,64.31791666666666
2024-05-21,11.824999809265137,2.6710000038146973,10.505592894022143,765.1428,3177.1,47.002288,0.0,907.060251,33.091284,0.0,2086.610105648,0.0,904.405444,491.34646615,0.0,4.9,0.0,0.0,0.0,0.0,1.086082935333252,14.90999984741211,7861.9375,4907.822916666667,13448.483333333332,1280.3041666666666,12887.289361702127,8856.35,435.8340425531915,181.42916666666667,124.52916666666664,616.85,28268.591666666664,6352.849999999999,-4658.1125,17982.191666666666,135914.98541666666,65768.71250000001,439.7166666666667,4470.821276595745,44.57021276595745,34.87446808510638,94366.32291666669,37109.28333333333,2183.741666666667,5785.195833333334,20529.110638297872,78.92041666666667
2024-05-22,11.975000381469728,2.8420000076293945,10.940751971324168,767.3966,2905.8,52.388046,0.0,948.725333,33.024203,0.0,2962.26528321,0.0,901.911479,498.63443541,0.0,4.4,0.0,0.0,0.0,0.0,1.0855170488357544,14.720000267028809,7980.166666666667,4148.71875,15728.9,1218.2791666666667,11768.729166666666,8981.074999999999,446.1895833333333,168.20000000000002,98.99166666666667,616.0,28962.7875,5565.366666666666,-5356.483333333334,16582.425,139337.46808510635,64536.61666666667,439.9,4134.0,86.14166666666667,80.16595744680852,93618.80638297871,37251.0375,2566.5083333333337,9517.208333333334,21410.77083333333,86.73166666666667
2024-05-23,12.255000114440918,2.657000064849853,11.176738668425497,770.0577,3284.8,52.389009,0.0,1003.936307,33.085724,0.0,3054.5929578,0.0,930.632616,534.89582684,0.0,3.9,0.0,0.0,0.0,0.0,1.0825204849243164,18.040000915527344,8192.9375,3957.377083333333,18516.904166666667,1134.3,14050.195652173914,10568.35,471.8282608695652,172.58333333333334,93.275,612.7624999999999,28930.18333333333,6640.433333333333,-4437.175,15531.6625,135587.8125,64599.2375,450.5958333333333,4499.926086956521,90.55,97.51739130434784,98515.08125,40859.4625,2589.5375,4108.729166666667,15222.91956521739,95.51666666666668
2024-05-24,11.9399995803833,2.5199999809265137,10.811097937384082,772.6885,3375.3,46.665855,0.0,994.319607,22.102188,0.0,3201.7934991,0.0,939.621541,538.62319499,0.0,5.0,0.0,0.0,0.0,0.0,1.0812681913375854,18.459999084472656,8420.012499999999,5472.025000000001,18804.68333333333,1159.6041666666667,16392.858695652172,10028.504166666668,470.0,183.13333333333333,123.94583333333333,616.5500000000001,29324.104166666668,6995.166666666667,-3153.6875,17997.375,133950.92916666667,65255.05833333333,450.225,3750.447826086957,38.52173913043478,32.78913043478261,103787.23333333334,40553.1375,2663.7166666666667,1368.1,9603.23043478261,101.75333333333332
2024-05-28,11.954999923706056,2.5899999141693115,10.675342149528973,784.916,2947.2,67.997708,0.0,992.857141,11.0711,0.0,3163.3982687,0.0,943.688773,535.4728292799999,2.2,4.0,0.0,0.0,0.0,0.0,1.0861891508102417,16.600000381469727,8433.65,4677.493750000001,18285.75833333333,1179.2458333333334,13869.23125,9358.008333333331,412.0875,174.74166666666667,81.27083333333333,590.0833333333334,27961.941666666666,5819.166666666667,-4267.6875,15277.545833333332,134640.57708333334,63770.25833333333,448.2875,4522.747916666666,74.75208333333333,62.243750000000006,95663.23125,40602.7625,2493.429166666667,5891.408333333333,15730.25625,88.31333333333333
2024-05-29,11.829999923706056,2.493000030517578,10.775222389591114,787.2028,2871.3,60.749316,0.0,991.652353,11.097698,0.0,3020.2457388000003,0.0,913.775523,568.6243803,1.8000000000000007,2.5,0.0,0.0,0.0,0.0,1.0851871967315674,17.690000534057617,8471.550000000001,3462.7979166666664,16719.529166666667,1172.6583333333333,14276.910416666666,9322.866666666669,421.3229166666667,203.2333333333333,108.69166666666666,582.2583333333333,28311.954166666663,6113.008333333334,-4749.116666666667,15767.641666666668,136513.53958333333,64481.74583333333,445.6333333333334,4410.622916666666,75.92708333333333,61.46041666666667,96172.83333333331,38805.07916666667,2517.3375,9039.741666666669,16418.297916666666,81.96291666666666
2024-05-30,11.960000038146973,2.572000026702881,11.141197202883792,789.7389,2915.0,49.900613,0.0,979.810852,11.0858,0.0,3284.8479385,0.0,918.484015,599.13917173,1.1000000000000014,4.199999999999999,0.0,0.0,0.0,0.0,1.0801819562911987,16.360000610351562,8475.004166666668,4220.91875,17576.600000000002,1171.0708333333334,13818.81875,7274.162499999999,414.40625,156.36249999999998,83.64999999999999,586.1041666666666,28254.3125,5462.533333333333,-4526.291666666667,16749.475000000002,132373.50638297873,63890.208333333336,439.6458333333333,4116.970833333334,82.3875,74.27234042553192,97118.57872340428,38331.36666666667,2535.1208333333334,3675.575,13538.902083333334,96.62875
2024-05-31,11.904999732971191,2.586999893188477,10.86811969524772,792.9097,3117.8,49.320003,0.0,971.785576,11.069876,0.0,3350.0495293,0.0,921.083475,592.90255165,0.5,4.699999999999999,0.0,0.0,0.0,0.0,1.0835410356521606,18.59000015258789,8398.570833333333,4312.472916666667,17895.166666666668,1273.7666666666669,11808.522916666669,7166.854166666667,398.49375,178.53333333333333,124.31666666666666,594.8375,28756.82083333333,5174.55,-4358.220833333334,16459.8875,131907.46666666667,61425.74583333333,436.8541666666667,4341.164583333333,74.66458333333334,58.51041666666666,92377.38333333332,34478.308333333334,2491.2125,8680.612500000001,17950.633333333335,89.23708333333333
2024-06-03,12.050000190734863,2.75600004196167,11.455502145885855,800.5558,2767.7,31.281114,0.0,953.465785,33.253564,0.0,3059.8374201,0.0,870.342904,584.35747946,2.9000000000000004,1.8999999999999984,0.0,0.0,0.0,0.0,1.0853049755096436,23.38999938964844,7764.995833333333,4978.708333333333,18705.425,1241.8708333333334,16332.0125,9856.4,592.8937500000001,215.1291666666667,133.02083333333334,588.7875,27644.67916666667,7541.412499999999,-2837.508333333333,16167.9125,137016.99574468084,61714.675,422.2875,3620.8125,66.54166666666667,50.02127659574468,103077.36808510638,35783.35,2571.0125000000003,3643.3916666666655,13522.31875,118.14208333333332
2024-06-04,11.989999771118164,2.5859999656677246,10.804129903357127,802.3301,3017.6,20.878509,0.0,938.208146,55.380478,0.0,3047.6795844,0.0,386.720288,533.68382915,1.6999999999999993,2.3000000000000007,0.0,0.0,0.0,0.0,1.0907385349273682,38.56999969482422,7704.566666666667,5030.441666666667,18732.675,1247.5833333333333,16410.197916666668,10964.341666666667,460.3958333333333,192.5875,93.44166666666666,564.3083333333333,26872.979166666668,7292.212500000001,-3211.3875000000003,16440.608333333334,135971.92708333334,61612.59583333333,434.29583333333335,4078.0375,78.32916666666667,72.96458333333334,100560.06875,42948.34583333333,2495.570833333333,6220.133333333334,10827.627083333333,102.81208333333336
2024-06-05,11.970000267028809,2.756999969482422,10.637885189781832,804.2831,2938.9,26.268498,0.0,946.191547,55.102389,0.0,3205.3569203,0.0,366.746613,488.80525489,1.6000000000000014,5.800000000000001,0.0,0.0,0.0,0.0,1.0881866216659546,27.709999084472656,7605.520833333333,3699.5416666666665,17158.708333333332,1129.575,15990.945833333331,9028.854166666666,416.725,192.86666666666667,103.2875,588.25,27179.43333333333,6784.670833333334,-3918.0416666666665,14666.954166666668,137049.35624999998,61950.3625,437.4375,4695.985416666667,67.67916666666666,50.70625,95803.47916666669,43017.816666666666,2512.570833333333,6389.779166666667,16542.08125,85.15666666666667
2024-06-06,11.984999656677246,2.821000099182129,10.73620835678502,806.8609,3106.8,25.609234,0.0,930.126602,55.022883,0.0,3180.7466982,0.0,366.634959,503.30403907,2.4000000000000004,5.0,0.0,0.0,0.0,0.8999999999999986,1.087453007698059,27.850000381469727,7804.974999999999,5011.579166666666,18874.045833333334,1108.4541666666669,16540.658333333333,9631.733333333334,463.29791666666665,181.7958333333333,99.59583333333336,590.8000000000001,27594.35,5819.854166666667,-4240.2625,15303.370833333334,136536.82291666666,64446.0875,438.4708333333333,4110.533333333334,66.575,50.739583333333336,99377.29791666666,45567.59583333333,2550.3708333333334,4180.620833333333,12285.425,86.94958333333334
2024-06-07,11.970000267028809,2.9179999828338623,10.571622625119224,809.2998,3014.1,24.317879,0.0,939.056879,55.080903,0.0,3477.7193865,0.0,366.811115,516.93281487,2.0,4.300000000000001,0.0,0.0,0.0,1.6999999999999993,1.0894432067871094,23.790000915527344,7872.1375,4207.535416666667,17086.904166666667,1269.6666666666667,15767.512765957446,9263.45,440.15531914893614,190.84583333333333,93.625,591.65,28022.391666666663,6584.933333333333,-3983.691666666667,17356.929166666665,135702.44791666666,64205.53333333333,445.92083333333335,4480.9702127659575,77.21489361702127,64.37234042553192,99405.99583333332,43231.09166666667,2573.5750000000003,5144.483333333334,12366.289361702127,82.78166666666667
2024-06-10,11.96500015258789,2.9059998989105225,10.822478035031269,817.9674,2686.8,21.497412,0.0,935.696459,22.182326,0.0,3707.755661498,0.0,555.408693,571.87992733,3.6,6.0,0.0,0.0,0.0,1.1000000000000014,1.077888250350952,20.3700008392334,7814.483333333334,4860.558333333333,16455.283333333333,1309.4625,12458.320833333331,9552.158333333333,518.8583333333333,174.09166666666667,84.66250000000001,585.5,26718.33333333333,5871.754166666667,-4124.895833333333,15426.5375,136245.7875,60398.66666666666,431.1208333333333,3793.75,70.39375,53.65416666666667,91990.63958333334,36889.54166666666,2597.7458333333334,7723.395833333333,21948.672916666663,91.45791666666666
2024-06-11,12.0,3.128999948501587,10.816317239518126,819.9515,2502.3,25.318714,0.0,933.393806,43.902333,0.0,3774.7631421,0.0,844.354965,595.30079831,4.6,6.9,0.0,0.0,0.0,0.6999999999999993,1.0764262676239014,20.709999084472656,7982.670833333334,4445.127083333334,14398.65,1346.1458333333333,13948.425,8793.3125,634.5458333333333,163.35,90.95,593.3375,27148.575,5306.520833333333,-4603.095833333334,15012.341666666667,138877.39166666666,64678.69166666667,430.8083333333333,4975.73125,63.93541666666667,48.96041666666667,93892.28958333336,38764.6625,2507.429166666667,7533.058333333333,21836.25,64.01416666666667
2024-06-12,12.029999732971191,3.0450000762939453,11.10988279579662,821.98,2894.8,25.741615,0.0,932.747923,32.928044,0.0,3792.4404523,0.0,895.8760849999999,551.6849826,4.699999999999999,5.9,0.0,0.0,0.0,0.0,1.07403302192688,18.1200008392334,8196.612500000001,5246.116666666667,16801.720833333333,1255.225,15350.863829787231,9475.725,512.4893617021277,181.0375,100.2125,576.9833333333333,27662.3375,5466.016666666666,-4603.979166666667,15912.3875,142363.7829787234,67103.47499999999,431.2166666666667,4712.740425531915,40.6,32.29347826086956,102444.19361702129,41223.458333333336,2574.7375,6514.3625,15543.91914893617,91.94375
2024-06-13,12.095000267028809,2.9590001106262207,11.321481006850815,824.2484,2868.7,24.988884,0.0,944.795521,0.0,0.0,3682.8176765,0.0,900.167394,563.51772243,4.6,5.699999999999999,0.0,0.0,0.0,0.0,1.0813149213790894,16.190000534057617,8216.987500000001,5211.275,18872.775,1160.4916666666666,14124.410416666666,10798.9375,418.31666666666666,193.225,77.0625,592.4583333333334,27981.70833333333,6636.3125,-4572.391666666667,17307.270833333332,137664.76458333334,65574.99583333333,440.6875,4395.579166666666,82.16875,71.80833333333334,101447.84583333333,42762.583333333336,2485.2458333333334,4246.216666666666,12712.5125,93.20958333333334
2024-06-14,12.137999534606934,2.88100004196167,11.129106023886065,827.4555,3089.3,28.848363,0.0,947.686027,0.0,0.0,3709.1026147,0.0,908.913417,557.23874106,3.4000000000000004,3.1,0.0,0.0,0.0,0.0,1.0738831758499146,15.229999542236328,8083.329166666666,5316.608333333334,15692.504166666668,1244.2791666666667,11874.704166666665,8594.320833333333,438.1166666666666,202.175,94.95833333333331,591.0500000000001,28258.904166666664,6811.783333333333,-4201.245833333333,15989.545833333332,135301.16458333333,62749.725,508.0125,3984.125,62.65,45.98125,93671.625,36941.05833333333,2401.4083333333333,7512.720833333333,19402.647916666665,76.19250000000001
2024-06-17,12.574999809265137,2.7880001068115234,10.730398291046646,837.9257,2773.9,31.317463,0.0,964.852748,0.0,0.0,3747.5126872,0.0,900.0638910000001,550.25185551,0.0,2.2,0.0,0.0,0.0,1.3999999999999986,1.0702168941497805,14.800000190734863,7699.733333333334,7042.931250000001,18021.025,1331.0375,14939.289583333331,8889.166666666666,464.9604166666666,180.04999999999998,106.075,574.9666666666667,28119.579166666663,6942.212500000001,-3787.841666666666,16322.133333333331,136221.03958333333,66581.21666666666,503.9458333333334,4970.083333333333,62.60833333333333,46.45625,101919.78125,44181.7125,2502.3458333333333,3635.3541666666665,10392.733333333334,96.165
2024-06-18,12.600000381469728,2.9089999198913574,10.92325627782956,840.5822,3070.4,28.154683,0.0,955.40811,0.0,0.0,3577.3776921,0.0,878.311858,552.50767251,0.0,1.6000000000000014,0.0,0.0,0.0,3.8000000000000007,1.0740677118301392,14.649999618530272,7800.620833333333,6621.314583333333,20448.891666666663,1305.0125,18199.9,9339.229166666666,355.8553191489362,196.94583333333333,94.22916666666669,570.7791666666667,28106.158333333336,7225.508333333332,-2589.170833333333,16969.3,142435.14042553192,66631.29583333334,506.4125,4185.568888888889,70.94468085106384,59.45,109199.31063829786,41547.85416666666,2515.5875,1267.625,11378.063829787234,96.37208333333332
2024-06-20,12.600000381469728,2.740999937057495,10.859930166832806,845.9513,2919.8,30.057789,0.0,894.849704,33.068145,0.0,3686.6969021,0.0,897.1174110000001,615.1847020499999,1.3000000000000007,2.6,0.0,0.0,0.0,7.899999999999999,1.0751532316207886,16.270000457763672,7690.220833333333,6021.51875,20125.704166666663,1395.7625,19639.202083333334,8945.512499999999,424.8875,162.09166666666667,100.2625,594.1083333333333,27310.1,6476.508333333334,-3277.775,13958.495833333334,141090.41458333333,65665.58750000001,508.8958333333333,4544.58125,58.083333333333336,46.38958333333333,105277.02083333331,39502.15833333333,2548.920833333333,2037.4166666666667,15043.627083333333,94.92666666666666
2024-06-21,12.46500015258789,2.7049999237060547,10.648672683866126,848.6039,2911.4,37.337668,0.0,905.998749,22.113658,0.0,3588.2636684,0.0,896.248172,579.7742594,0.0,1.0,0.0,0.0,0.0,7.699999999999999,1.0706409215927124,17.549999237060547,7709.333333333333,5158.756249999999,20547.791666666668,1303.2541666666666,19926.874468085105,9849.1375,390.3340425531915,180.4583333333333,82.62083333333334,624.7083333333334,26756.479166666668,6396.991666666666,-3405.179166666667,14660.525,139176.45416666666,65815.32083333333,506.5916666666667,3510.7063829787235,77.94680851063829,68.70212765957447,103939.275,38627.25,2610.670833333333,2464.233333333333,15004.021276595744,95.41916666666668
2024-06-24,12.609999656677246,2.811000108718872,10.675228693574558,859.1098,2733.7,36.903446,0.0,934.707408,32.945,0.0,3615.1077128,0.0,925.888748,559.35811251,0.0,0.0,0.0,0.0,0.0,0.1999999999999993,1.0687757730484009,15.859999656677246,8014.241666666666,5447.308333333333,16748.345833333333,1529.7166666666665,16351.89574468085,8290.5875,354.21489361702123,186.5875,109.39583333333331,629.9916666666667,27088.729166666668,6692.979166666667,-4349.420833333334,14982.991666666669,137491.76808510636,66978.93333333333,490.48333333333335,5318.253191489362,65.6063829787234,50.7195652173913,101549.4085106383,48181.49583333333,2665.1875,439.2791666666667,11130.087234042552,91.05333333333334
2024-06-25,12.734999656677246,2.75600004196167,10.963294787078228,861.9297,2703.6,31.091152,0.0,921.160611,43.887001,0.0,3756.6706197,0.0,922.290728,597.11265941,0.0,0.0,0.0,0.0,0.0,0.1999999999999993,1.0732723474502563,16.149999618530273,8040.229166666667,4412.920833333334,17832.158333333333,1400.4708333333335,16953.216666666667,8714.237500000001,357.1625,161.82083333333333,112.6625,618.25,27333.079166666663,6894.120833333333,-4257.2625,14572.416666666666,140258.39166666666,68480.64166666666,494.55,5360.41875,42.15208333333333,32.583333333333336,101604.87291666667,49962.28333333333,2594.295833333333,2115.4666666666667,12614.64375,76.99125
2024-06-26,12.619999885559082,2.628000020980835,10.61671115970378,864.8598,2851.3,35.796124,0.0,923.544198,32.901425,0.0,3772.1665183,0.0,890.245431,624.70462512,0.0,0.0,0.0,1.3000000000000007,0.0,0.6000000000000014,1.0709619522094729,15.43000030517578,7800.445833333334,5260.058333333333,19016.279166666667,1358.8083333333334,18560.80425531915,9134.341666666667,364.0404255319149,153.32083333333333,109.2125,627.1291666666667,27549.675,6737.016666666666,-3253.1125,15857.55,141975.68541666667,68785.78333333334,497.475,5316.782978723404,64.33829787234043,57.89574468085106,106231.96458333332,47387.3625,2659.266666666667,1756.8875,11409.3,102.00875
2024-06-27,12.65999984741211,2.684999942779541,10.819400996197365,867.895,3056.2,28.023534,0.0,915.698051,32.874508,0.0,3737.102758,0.0,879.608976,573.8944258199999,0.0,0.0,0.0,2.2,0.0,1.6999999999999993,1.068010926246643,17.110000610351562,7817.5,4270.25,18303.2,1296.4208333333331,16955.855319148937,9324.333333333334,364.4404255319149,174.25,69.63333333333334,623.2708333333334,28025.62083333333,6726.820833333332,-3581.120833333334,15533.708333333334,142853.85,69247.64583333333,494.875,5310.125531914893,86.57872340425531,92.03191489361704,105871.40208333332,43541.25833333333,2747.395833333333,5024.75,12969.642553191488,92.18083333333334
2024-06-28,12.635000228881836,2.6010000705718994,10.821457643160452,871.1888,2997.0,30.818893,0.0,898.498196,32.852713,0.0,3887.3773229,0.0,882.654986,598.06792733,0.0,1.1999999999999993,0.0,1.1000000000000014,0.0,3.5,1.0708472728729248,15.649999618530272,7781.391666666666,2340.7833333333333,15418.704166666668,1297.3958333333333,14567.014583333332,7834.4875,396.38958333333335,186.7458333333333,88.14166666666667,619.1125000000001,27863.8,6466.1375,-4383.133333333333,13074.941666666666,146494.7543478261,66067.91249999999,496.1583333333333,4948.3125,70.63333333333334,48.44347826086957,101158.07608695651,43205.8875,2733.5791666666664,7047.491666666666,18332.73125,64.21875
2024-07-01,12.53499984741211,2.477999925613404,10.535466475037172,881.5666,2884.2,66.317594,0.0,850.6372859999999,21.97428,0.0,3718.9726164,0.0,875.1400530000001,511.39432591,0.3999999999999986,1.5,0.0,0.0,0.0,3.6000000000000014,1.0735257863998413,15.0,7707.554166666666,6749.641666666666,18745.7,1410.2,16481.722916666666,8550.916666666666,392.6770833333333,171.76666666666665,109.29583333333332,620.4083333333333,26066.358333333334,6867.191666666667,-3320.754166666667,14667.5625,142062.21914893616,67930.34583333334,479.75416666666666,4587.5625,63.96041666666667,48.04893617021277,104209.3914893617,37785.97083333333,2799.1708333333336,4594.404166666666,15880.939583333333,91.15416666666664
2024-07-02,12.5600004196167,2.434999942779541,10.600213853553392,884.4195,2823.5,67.876046,0.0,834.649532,22.006468,0.0,3658.8104831,0.0,878.5050180000001,496.74485306,2.9000000000000004,2.6,0.0,0.0,0.0,4.300000000000001,1.0737102031707764,20.71999931335449,7840.883333333334,5716.193749999999,19684.845833333333,1312.6708333333331,14553.94375,8108.454166666666,385.99375,115.46666666666664,112.55,609.6125000000001,26398.166666666668,6079.608333333334,-3577.9208333333336,14050.991666666669,140976.72708333333,68476.61666666667,489.1166666666666,3967.33125,59.2875,42.75833333333333,99342.63958333334,34712.925,3031.8875000000003,7559.170833333334,20498.033333333333,84.50875
2024-07-03,12.420000076293944,2.4179999828338623,10.298252548096764,887.228,3060.5,64.955501,0.0,794.770733,38.443839,0.0,3669.3724147,0.0,879.1959729999999,510.32593829000007,2.9000000000000004,2.7,0.0,0.0,0.0,0.3000000000000007,1.0748412609100342,21.31999969482422,7917.675,6276.147916666666,19970.45833333333,1353.1708333333331,16273.685106382978,7745.3,357.3723404255319,69.23333333333333,80.95833333333333,614.0791666666667,26837.50833333333,7315.974999999999,-2903.241666666667,16126.8625,140188.60833333334,67864.47083333334,493.70416666666665,4039.610638297873,71.78936170212766,60.827659574468086,103609.62916666668,35593.46666666667,2964.5333333333333,7886.849999999999,15154.531914893618,86.90125
2024-07-05,12.484999656677246,2.319000005722046,10.477057929690432,893.5202,2908.4,70.355455,0.0,795.036174,33.146939,0.0,3598.7567335,0.0,890.8821360000001,510.78981387,1.6999999999999993,1.8000000000000007,0.0,0.0,0.0,2.3999999999999986,1.0810693502426147,22.3799991607666,7639.6125,2390.5729166666665,12087.404166666667,1340.4166666666667,14643.49777777778,6668.825,375.7888888888889,12.379166666666668,112.2875,621.0833333333334,27044.55,7165.045833333334,-5555.266666666666,11881.325,137493.6875,65062.8,504.9166666666667,4579.259999999999,51.117777777777775,40.99111111111112,87283.58541666667,46036.72916666666,2985.7791666666667,10639.045833333334,23330.36888888889,41.5025
2024-07-08,12.390000343322754,2.365999937057495,10.244111205588045,903.7771,3034.5,64.153622,0.0,926.021761,22.006579,0.049461,3687.3878876,0.0,866.4210029999999,505.90515108,0.0,3.4000000000000004,0.0,0.0,0.0,4.699999999999999,1.082602620124817,19.450000762939453,7595.7375,6503.204166666666,18150.295833333334,1402.8916666666669,17622.4,7898.770833333333,397.8063829787234,113.0125,96.01666666666668,617.7375000000001,24549.729166666668,7533.662499999999,-4036.091666666666,14165.404166666667,141438.93829787234,68107.71250000001,497.0541666666666,4530.81914893617,44.39574468085106,33.01304347826087,103697.11914893617,48110.59166666667,2984.0375,2480.045833333333,11914.870212765958,90.22375
2024-07-09,12.364999771118164,2.344000101089477,9.946888377135055,906.8107,3045.4,62.442184,0.0,935.127408,22.003023,0.097165,3632.0585606,0.0,885.6089830000001,505.72382471,0.0,1.0,0.0,2.3000000000000007,0.0,6.699999999999999,1.0830950736999512,19.07999992370605,7517.545833333334,6232.745833333333,18055.875,1365.2375,18749.212765957447,7401.808333333333,454.3,155.70416666666668,94.65416666666664,620.85,25230.233333333334,6213.675,-4162.287499999999,14957.520833333334,144337.10833333334,68852.32083333333,492.1833333333333,4622.9595744680855,71.33617021276596,57.50425531914893,101445.12083333332,49419.04166666666,2945.7166666666667,5430.266666666666,15796.421276595744,73.87666666666667
2024-07-10,12.350000381469728,2.3289999961853027,9.757396694055643,909.6302,2875.6,68.962727,0.0,943.276727,21.990339,0.0,3618.3591893,0.0,874.0856530000001,535.6251301799999,0.0,0.3000000000000007,0.0,3.5,0.0,7.600000000000001,1.0814785957336426,17.690000534057617,7713.099999999999,6508.1375,19429.7625,1223.3208333333334,20049.179166666665,9170.625,452.1041666666667,152.2875,85.62916666666666,591.2875,25129.591666666664,7306.025000000001,-3252.616666666667,13760.783333333333,147235.80000000002,69988.70416666666,488.8625,4624.952083333334,71.16041666666666,52.94583333333333,107395.93125,43853.03333333333,3005.3583333333336,7595.724999999999,14115.49375,81.76458333333333
2024-07-11,12.364999771118164,2.2679998874664307,9.878239273140384,912.2059,2954.7,58.504827,0.0,938.469883,43.9509,0.0,3645.1254421,0.0,865.796371,537.12308021,0.0,1.1000000000000014,0.0,0.1999999999999993,0.0,8.3,1.083329677581787,17.06999969482422,7816.650000000001,6723.316666666667,21327.55,1255.4208333333331,23654.08043478261,9340.758333333331,406.10652173913047,357.46250000000003,90.77083333333331,615.8208333333333,24596.358333333334,7427.837500000001,-3825.529166666666,14428.191666666666,154278.71304347826,70091.87083333333,486.9916666666666,4954.578260869565,66.77173913043478,52.31136363636363,117252.37826086958,45269.145833333336,3010.616666666667,2744.129166666667,12001.497826086958,91.84541666666668
2024-07-12,12.329999923706056,2.3289999961853027,10.107648117547106,914.8096,2894.7,60.561642,0.0,934.605998,22.004546,0.0,3672.7084025,0.0,869.0472950000001,549.04233199,0.0,3.1,0.0,0.0,0.0,6.800000000000001,1.0872756242752075,16.559999465942383,7778.691666666667,6799.772916666666,19126.14583333333,1261.4125,21440.2,8098.270833333333,471.7808510638298,369.425,102.30833333333334,621.0458333333333,25135.416666666668,6028.866666666666,-3047.7166666666667,14926.716666666667,145246.60416666666,69502.33333333333,491.8208333333334,3448.3808510638296,54.59574468085106,41.51489361702128,106309.875,39021.04583333333,3062.1666666666665,5481.654166666667,17040.402127659574,86.90583333333332
2024-07-15,12.321000099182127,2.157999992370605,10.008506707099896,924.0643,2752.3,70.035406,0.0,914.247566,22.051598,0.0,3710.4871789,0.0,877.963901,529.5649339,0.0,1.6999999999999993,0.0,0.6999999999999993,0.0,7.800000000000001,1.0885539054870603,17.139999389648438,7338.375,6125.358333333334,16860.920833333334,1515.1875,20047.28723404256,7706.829166666666,432.5574468085106,160.20833333333334,72.175,616.9625,24817.941666666666,7452.974999999999,-4793.429166666667,14393.2875,142591.44791666666,68689.40833333334,487.8041666666666,5073.6,35.41063829787234,29.061702127659576,102377.38333333336,48543.6375,2924.754166666667,3963.445833333333,14257.56170212766,77.45333333333333
2024-07-16,12.300000190734863,2.187999963760376,10.47885285942656,926.697,2769.9,59.710723,0.0,924.240515,66.124867,0.0,3725.3388115,0.0,880.384156,513.93772728,0.0,0.6000000000000014,0.0,0.6000000000000014,0.0,7.0,1.0901559591293335,17.610000610351562,7242.391666666666,5589.645833333333,16534.520833333332,1531.1833333333334,19966.1625,8257.85,420.71875,329.0541666666667,86.2375,620.1125000000001,24388.36666666667,6252.1375,-4247.420833333334,15689.229166666666,146038.50208333333,68828.39583333333,483.225,4712.90625,52.34791666666666,38.8125,102218.37916666668,43002.275,2826.6583333333333,8606.879166666668,18015.54375,51.13541666666666
2024-07-17,12.09000015258789,2.0350000858306885,10.190906731992266,929.1794,2890.3,67.041189,0.0,938.046182,22.089248,0.0,3721.6778128,0.0,875.182368,545.68114533,0.0,0.3999999999999986,0.0,0.0,0.0,8.2,1.0902509689331057,18.229999542236328,7494.154166666667,6295.622916666667,17885.8625,1501.0375,22899.17021276596,7704.429166666666,394.3106382978723,326.85,89.67916666666667,614.8708333333333,24615.454166666663,6999.520833333333,-3851.404166666666,14277.25,147220.07499999998,70388.59999999999,482.7916666666667,4657.885106382979,59.49361702127659,44.74255319148936,107088.5875,43417.17083333333,3045.4375,4640.241666666667,16445.389361702128,76.78833333333334
2024-07-18,12.199999809265137,2.125,10.476557279231118,931.4619,3003.6,61.297032,0.0,926.4374,22.20211,0.0,3687.1961861,0.0,877.3488480000001,504.80923631,0.0,0.0,0.0,0.0,0.0,7.399999999999999,1.094020128250122,16.329999923706055,7718.979166666667,6391.808333333333,19791.166666666668,1492.0166666666669,24552.32340425532,8641.4625,467.2787234042553,286.075,84.21666666666667,618.2291666666666,24642.8,7750.966666666667,-2791.225,14588.566666666666,147842.81875,70862.20833333333,493.2083333333333,4827.295744680851,48.33404255319149,43.53617021276596,113353.55208333331,47333.57916666666,3036.570833333333,1485.9791666666667,10293.96170212766,90.75416666666666
2024-07-19,12.114999771118164,2.128000020980835,10.27852145634686,934.2312,3143.1,67.229806,0.0,926.379604,22.414467,0.0,3695.2934751,0.0,881.64421,561.38392445,0.0,0.0,0.0,1.0,0.3000000000000007,7.399999999999999,1.0901559591293335,16.149999618530273,7781.7375,6258.970833333334,19308.283333333333,1503.0166666666669,23627.86875,7900.529166666667,484.9958333333333,116.175,36.96666666666666,617.1458333333334,24776.045833333334,7412.158333333333,-3351.0625,15149.225,149198.5978723404,70721.9375,495.3041666666666,4535.724999999999,66.50208333333333,50.95319148936171,113309.74255319148,48739.47083333333,3045.9833333333336,1515.1,10023.435416666667,86.46708333333333
2024-07-22,12.095000267028809,2.250999927520752,10.17054751219946,944.1683,2838.2,68.220847,0.0,942.34474,16.643049,0.0,3559.4119924,0.0,897.420642,536.70558794,0.0,0.0,0.0,0.0,0.0,6.699999999999999,1.0899182558059692,15.890000343322754,7371.420833333334,6300.897916666666,18109.0875,1688.725,19939.67391304348,7854.8125,464.85869565217394,129.21666666666667,13.3,607.5583333333333,23458.170833333334,6480.358333333334,-5038.6375,14354.816666666666,151347.8,70856.0,489.7791666666667,5229.988636363636,35.43260869565218,29.046511627906977,109209.8511111111,41757.754166666666,3089.2666666666664,6089.954166666666,16263.241304347826,88.74541666666666
2024-07-23,12.010000228881836,2.187000036239624,10.092538934533032,946.5927,2716.1,62.504168,0.0,966.072833,22.184083,0.0,3552.0075181,0.0,903.951557,542.2295914599999,0.0,0.0,0.0,0.0,0.0,7.199999999999999,1.0889805555343628,15.390000343322754,7441.9875,7022.529166666667,19021.80833333333,1553.075,20613.344680851063,8556.545833333334,407.2191489361702,132.39166666666668,41.516666666666666,610.6333333333333,23303.4875,6281.099999999999,-2953.7958333333336,14984.270833333334,144223.90833333335,71532.66666666667,494.6,4593.9319148936165,48.861702127659576,33.1063829787234,105835.90416666667,42303.39166666667,3004.2625000000003,4788.408333333334,15157.9,79.61916666666667
2024-07-24,12.234999656677246,2.117000102996826,10.37398819696226,949.0506,2907.8,62.904834,0.0,1023.418016,22.179763,0.0,3631.2792713,0.0,904.460554,571.60057177,0.0,0.0,0.0,0.0,0.0,7.5,1.0850694179534912,15.40999984741211,7301.0,6068.954166666666,19689.366666666665,1443.3708333333334,20934.30212765957,8342.216666666667,441.9914893617021,130.72916666666666,15.595833333333331,612.9333333333333,23415.30416666667,6055.1375,-3498.9083333333333,15633.033333333333,144500.57708333334,72817.62083333333,497.825,4964.887234042553,63.838297872340426,40.5468085106383,107370.26875,43653.525,3046.4541666666664,3551.4833333333336,13815.63829787234,66.60708333333334
2024-07-25,12.074999809265137,2.04099988937378,10.09581245075573,951.4531,2757.4,68.621774,0.0,983.076452,16.497608,0.0,3633.8323757,0.0,900.2316559999999,574.2677582,0.0,0.1000000000000014,0.0,0.0,0.0,6.300000000000001,1.0839520692825315,15.369999885559082,7420.708333333333,6225.989583333333,19078.57083333333,1476.4666666666665,20554.230434782607,8523.354166666666,435.4869565217392,129.79999999999998,11.8,612.4666666666667,23017.295833333334,5567.195833333334,-4426.474999999999,15476.466666666667,141787.67083333334,73125.80833333333,498.6541666666667,4328.619565217391,70.82173913043479,51.21304347826087,105117.73125,46167.90416666667,3103.3250000000003,5648.7625,11229.510869565218,78.33875
2024-07-26,12.204999923706056,2.00600004196167,10.32811844231367,954.0147,2650.3,68.558729,0.0,963.246766,16.524172,0.0,3723.0592849,0.0,901.961912,576.5907706200001,0.0,0.1000000000000014,0.0,0.0,0.0,6.699999999999999,1.0851283073425293,16.959999084472656,7720.866666666666,6757.266666666666,18545.19166666667,1454.15,20812.05,8112.420833333334,507.6760869565218,133.37083333333334,13.208333333333334,604.4875000000001,22766.1,6220.766666666666,-3732.429166666667,14704.954166666668,140661.47708333333,73957.81666666667,499.3666666666666,4673.395652173914,51.460869565217386,34.88260869565217,106838.625,41797.82083333333,3027.2166666666667,3729.8375,11539.852173913045,93.035
2024-07-29,12.44499969482422,1.906999945640564,10.77518497883722,963.1391,2426.3,37.676211,0.0,934.275773,22.027031,0.0,3740.6731108,0.0,878.377954,577.27567952,0.0,0.0,0.0,0.0,0.0,9.0,1.0853756666183472,16.729999542236328,7475.508333333334,4754.631249999999,13835.491666666669,1653.2,21551.39347826087,7224.883333333332,447.4108695652174,124.36666666666667,13.175,605.1291666666667,20253.970833333333,6389.5625,-4194.104166666667,11918.441666666666,139267.55416666667,71353.73333333332,485.45,5415.276086956522,64.0695652173913,44.24130434782609,97854.08541666664,47350.09583333333,2919.725,1920.0375,17507.904347826086,71.54333333333334
2024-07-30,12.475000381469728,2.125999927520752,10.895887333090275,965.5134,2534.8,21.074093,0.0,945.59669,22.04525,0.0,3753.8925389,0.0,880.0335680000001,535.24367638,0.0,0.0,0.0,0.0,0.1999999999999993,8.2,1.081946611404419,19.26000022888184,7563.8875,5196.858333333334,17020.391666666666,1572.2083333333333,21403.147916666665,8899.058333333332,383.41041666666666,128.26666666666668,13.741666666666667,602.7416666666667,20395.275,5886.8,-4419.779166666666,14431.45,148821.30434782608,74000.3875,486.9166666666667,5284.360416666666,42.29583333333333,29.495652173913044,109598.26304347823,49646.2375,2813.866666666667,768.7916666666666,12387.683333333334,78.59041666666667
2024-07-31,12.524999618530272,2.0360000133514404,11.370189886191367,967.8472,2510.8,18.521222,0.0,1015.546733,22.01244,0.0,3784.8806115,0.0,906.456383,519.19204527,0.0,0.0,0.0,0.3999999999999986,0.0,7.699999999999999,1.081607222557068,18.89999961853028,7667.108333333334,6128.058333333333,18230.566666666666,1678.025,23917.29361702128,9711.654166666667,558.7297872340425,132.39583333333334,13.416666666666666,600.1791666666667,20494.15,6085.175,-3340.0958333333333,13910.516666666668,143828.63333333333,74091.55833333333,487.4875,4894.2255319148935,38.2936170212766,26.67659574468085,108904.875,47045.2125,2989.5333333333333,3156.120833333333,10032.089361702128,79.5175
2024-08-01,12.489999771118164,1.968000054359436,11.727707416145869,969.3184,2439.4,22.078494,0.0,956.506972,44.100953,0.0,3751.9581918,0.0,886.714065,487.84320817,0.0,0.0,0.0,0.0,0.0,7.899999999999999,1.082391619682312,20.489999771118164,7809.520833333333,6342.666666666667,20337.220833333333,1618.2166666666665,24175.825531914896,10517.220833333333,623.5829787234043,133.10416666666666,18.7375,602.2208333333333,20763.25,5874.495833333333,-2589.6625,13192.616666666669,145009.84791666668,73204.84999999999,487.2208333333333,4066.2297872340414,58.11914893617021,40.46170212765958,110580.26458333334,42692.23333333333,2995.5750000000003,2341.366666666667,12166.248936170212,94.62666666666668
2024-08-02,12.520000457763672,1.9670000076293943,11.587187316316031,971.9194,2373.6,18.610318,0.0,904.136133,22.111861,0.0,3776.2631516,0.0,890.5932939999999,492.81461822,0.0,0.0,0.0,0.0,0.0,7.399999999999999,1.078760266304016,19.209999084472656,7687.912499999999,6267.452083333334,20674.033333333333,1597.1083333333331,20337.58510638298,10108.0375,532.4808510638298,114.0,20.09583333333333,598.6625,21053.925,5978.458333333333,-4120.587500000001,14369.4625,143612.52978723406,72921.20416666666,499.48333333333335,5010.468085106383,80.05106382978724,67.07173913043478,108817.75744680852,40419.43333333333,3007.6083333333336,1086.4166666666667,13621.421276595744,94.59083333333332
2024-08-05,12.44499969482422,1.9420000314712524,11.351491341746948,981.1433,2271.1,24.682273,0.0,940.271905,44.123505,0.0,3930.8415762,0.0,602.844635,487.80588762,0.0,0.0,0.0,0.0,0.0,6.899999999999999,1.0910836458206177,22.63999938964844,7711.179166666666,5210.339583333333,17118.954166666666,1355.2833333333333,20090.478723404256,9135.733333333334,565.2829787234042,79.95416666666667,25.79583333333333,595.7041666666667,19537.025,6392.895833333333,-4171.058333333333,15786.320833333331,136191.43333333332,73383.09583333334,500.0,4766.712765957447,71.3127659574468,57.63404255319149,105609.89166666666,44318.62083333333,2990.4666666666667,1833.5791666666669,7665.136170212766,100.28375
2024-08-06,12.510000228881836,2.009999990463257,11.771342977450235,983.4545,2383.7,21.405244,0.0,775.1128510000001,43.850432,0.0,3932.2216919,0.0,476.577816,508.96656716,0.0,0.0,0.0,0.0,0.0,7.5,1.0950982570648191,21.420000076293945,7532.358333333334,5223.383333333333,17889.691666666666,1410.6791666666668,20361.855319148934,9924.291666666666,679.7106382978724,92.54583333333332,37.329166666666666,592.4166666666666,19012.566666666666,5475.441666666667,-4237.1875,15204.916666666666,138197.0375,73720.20833333333,502.7375,5100.772340425532,99.9872340425532,71.48936170212765,104813.36041666666,48456.07916666666,2825.0416666666665,2175.5,8239.546808510639,85.97874999999999
2024-08-07,12.53499984741211,2.111999988555908,12.31312779133575,985.9226,2351.5,21.065944,0.0,923.853268,33.183622,0.0,3916.8535515,0.0,470.528797,514.95696356,0.0,0.8999999999999986,0.0,0.3999999999999986,0.0,6.699999999999999,1.0926215648651123,20.86000061035156,7602.837500000001,5237.952083333333,18363.37083333333,1329.95,19854.93191489362,10419.3,663.8723404255319,118.06666666666666,34.208333333333336,589.2791666666667,18829.970833333333,5696.808333333333,-4277.0125,15068.05,138837.99583333332,75563.30416666667,507.2375,4346.929787234043,96.03829787234044,62.48936170212766,105301.52708333332,42891.879166666666,2778.4833333333336,3524.554166666667,10548.008510638298,93.32041666666667
2024-08-08,12.5649995803833,2.127000093460083,12.84182885433838,988.3229,2232.2,21.133379,0.0,918.142909,33.053166,0.0,3893.1370547,0.0,475.801633,463.22194813,0.0,0.3999999999999986,0.0,0.0,0.0,6.800000000000001,1.0928125381469729,20.93000030517578,7681.75,5180.366666666667,18492.141666666663,1330.4083333333333,18887.760416666668,9790.091666666667,665.6666666666666,142.55833333333334,30.054166666666664,597.7958333333333,18392.866666666665,6465.029166666667,-4297.845833333334,13932.05,138519.03958333333,74140.59166666666,515.1875,4550.827083333334,65.5,39.6875,103811.69583333336,42204.10416666666,2737.1541666666667,4980.741666666667,11114.90625,93.28541666666666
2024-08-09,12.550000190734863,2.1429998874664307,12.923547562012525,991.1629,2269.7,21.378675,0.0,921.831078,22.013426,0.0,3813.9519876,0.0,471.631983,470.06215169,0.0,0.0,0.0,0.0,0.0,7.300000000000001,1.0915720462799072,20.459999084472656,7589.716666666667,-558.5875000000001,12597.741666666669,1523.8583333333331,16854.659574468085,7434.770833333333,603.0893617021277,127.425,24.729166666666668,590.9125,17939.720833333333,5714.258333333334,-6011.5125,12184.729166666666,137930.7125,68953.3625,504.3875,4193.414893617021,72.5468085106383,54.16595744680851,89862.21250000001,41480.0125,2823.0375,10401.316666666668,22598.644680851063,52.88333333333333
2024-08-12,12.625,2.188999891281128,12.685228921646043,1000.4787,2466.1,20.238853,0.0,918.366966,22.036654,0.0,3649.9595475,0.0,758.090254,480.97217598,0.0,0.0,0.0,0.0,2.3000000000000007,8.8,1.091381311416626,19.700000762939453,7549.712500000001,2769.6416666666664,15394.620833333334,1636.1125,18268.66170212765,8630.283333333333,594.4978723404256,16.116666666666667,24.370833333333334,594.7125,17405.429166666665,6477.608333333334,-4756.616666666667,14093.708333333334,138206.21458333332,70850.03333333334,491.37916666666666,5065.685106382978,72.92553191489361,52.682978723404254,97684.69583333336,49068.94583333333,2476.85,4486.541666666667,14036.193617021276,91.55625
2024-08-13,12.654999732971191,2.1480000019073486,12.65425613031575,1003.5796,2514.5,22.62015,0.0,908.103102,22.007377,0.0,3673.0790769,0.0,797.886939,473.83761019,0.0,0.0,0.0,0.6999999999999993,0.0,7.600000000000001,1.0936251878738403,20.63999938964844,7480.429166666666,5655.691666666667,16904.087499999998,1579.7958333333331,19352.47708333333,9426.0875,642.1958333333333,12.445833333333333,36.0,596.0375,18173.533333333333,5536.454166666666,-4210.108333333334,15485.55,140258.5875,72051.21250000001,496.6958333333334,4225.952083333334,80.66250000000001,68.67916666666666,102408.19583333336,44807.00416666667,2742.2916666666665,4202.325,13345.71875,99.36208333333332
2024-08-14,12.720000267028809,2.219000101089477,12.559190138136495,1006.6193,2532.3,24.72248,0.0,883.88736,22.006853,0.0,3683.496034,0.0,815.048397,485.4665438,0.0,0.0,0.0,3.5,0.0,8.100000000000001,1.0996986627578735,19.57999992370605,7738.329166666666,4797.204166666666,18214.479166666668,1467.4916666666668,19788.854166666668,11011.841666666667,709.0145833333332,12.266666666666666,28.6125,598.1916666666667,18306.15,5709.233333333334,-3852.008333333333,14361.716666666667,137707.04374999998,70998.73333333334,495.14166666666665,3308.614583333333,65.60625,51.958333333333336,102474.42291666666,41623.29166666666,2836.0750000000003,2241.616666666667,13300.175,109.74041666666666
2024-08-15,12.777999877929688,2.197000026702881,12.782367446410156,1010.1989,2568.2,21.280115,0.0,756.647425,33.076384,0.0,3665.3161071,0.0,819.57889,486.22317493,0.0,0.0,0.0,1.6999999999999993,0.0,7.699999999999999,1.101321578025818,19.11000061035156,7692.025000000001,3160.2479166666667,16108.0625,1449.0791666666669,15964.434042553192,9437.766666666666,636.3723404255319,18.5125,34.362500000000004,594.2541666666667,17128.708333333332,4152.141666666666,-6982.0625,10882.654166666667,130248.11063829788,65264.79166666666,493.92083333333335,4129.363829787234,70.07234042553192,46.880434782608695,89367.35106382979,43684.708333333336,2683.0625,6389.308333333333,15323.434042553192,84.51875
2024-08-16,14.515000343322754,2.122999906539917,12.749208985073912,1013.6429,2552.6,21.086837,0.0,749.798589,55.357981,0.0,3665.4466937,0.0,840.037703,461.79694714,0.0,0.0,0.0,1.6000000000000014,0.0,7.5,1.0972732305526731,18.030000686645508,7786.716666666667,3798.245833333333,17646.1125,1572.9541666666669,18733.002127659573,9829.608333333334,694.0,116.56666666666666,17.095833333333335,592.8375,16418.620833333334,6147.516666666666,-5015.425,11870.9,134869.8744680851,68139.6,504.8125,3437.5297872340425,69.29787234042553,45.85434782608696,97827.4765957447,41342.74166666667,2532.304166666667,3259.8458333333333,14278.759574468084,108.89791666666667
2024-08-19,14.46500015258789,2.234999895095825,12.874879418636455,1024.5295,2297.1,21.021224,0.0,951.862569,22.044068,0.0,3511.8417624000003,0.0,842.576766,442.98450885,0.0,1.1000000000000014,0.0,0.0,0.0,2.7,1.1024993658065796,18.3700008392334,7555.645833333333,5161.052083333333,19402.908333333333,1477.5708333333332,17118.36170212766,10884.216666666667,641.6404255319148,140.62916666666666,13.495833333333332,588.5958333333333,18027.616666666665,5257.158333333334,-3877.745833333333,12184.058333333334,133037.27083333334,69785.8125,496.6208333333333,4420.514893617022,71.06808510638298,50.07234042553192,98528.56458333333,38739.96666666667,2850.558333333333,2614.6041666666665,14125.697872340426,108.01541666666668
2024-08-20,13.9350004196167,2.197999954223633,12.333215904981074,1027.4617,2154.9,21.032835,0.0,969.339077,11.033063,0.0,3550.4696084,0.0,840.485951,454.96461999,0.0,0.0,0.0,0.0,0.0,2.8000000000000007,1.1086474657058716,18.200000762939453,7466.925,3235.1895833333333,17931.895833333332,1502.5166666666669,16094.629787234042,9545.229166666666,550.7,136.72916666666666,23.058333333333334,582.4333333333333,18284.875,5125.575,-4510.474999999999,11829.0125,136051.84583333333,69670.04583333334,501.4125,4404.840425531915,70.4531914893617,52.84893617021277,95279.675,40061.3625,2862.6083333333336,8398.558333333332,16894.168085106383,91.5375
2024-08-21,13.789999961853027,2.177000045776367,12.070473939560443,1030.369,2135.3,23.514162,0.0,969.543502,27.62039,0.0,3554.4149006,0.0,826.202445,475.86345172000006,0.0,1.8999999999999984,0.0,0.0,0.0,4.699999999999999,1.112792730331421,19.239999771118164,7507.75,1019.91875,14787.458333333334,1383.3041666666668,15477.706382978726,8147.554166666666,547.8085106382979,140.22083333333333,46.2375,580.7166666666666,17625.641666666666,4623.079166666666,-5643.566666666667,10244.841666666664,137862.49166666667,69225.56666666667,498.5333333333333,5911.765789473684,81.94042553191488,64.67872340425532,89548.30208333333,39130.80833333333,2836.3125,9433.525,24543.34255319149,51.899166666666666
2024-08-22,13.75,2.052999973297119,11.961934662719726,1033.1516,2373.4,31.550554,0.0,814.094272,27.621361,0.0,3535.8206894,0.0,826.120629,504.44927534,0.0,0.3999999999999986,0.0,0.0,0.0,5.0,1.115536093711853,19.07999992370605,7549.391666666666,1203.2770833333334,14319.525,1389.5791666666669,16200.406382978725,7985.358333333334,575.0446808510638,135.90416666666667,28.54583333333333,583.1875,17169.554166666665,6037.087500000001,-4170.837500000001,10739.583333333334,143685.57826086954,68056.29583333334,504.5208333333333,8814.734615384616,69.33617021276596,48.26739130434783,95159.40217391304,41487.9625,2779.458333333333,12275.983333333332,20048.97021276596,60.78333333333333
2024-08-23,13.81999969482422,2.0220000743865967,12.010902731060163,1036.1411,2384.9,67.347988,0.0,762.413321,27.637508,0.0,3471.3693096,0.0,859.008699,495.86316794,0.0,0.0,0.0,1.0,0.0,5.800000000000001,1.111716389656067,20.32999992370605,7393.529166666667,1057.2041666666669,11954.108333333332,1463.0375,17433.934042553192,7374.020833333333,539.9404255319149,126.45833333333331,24.375,582.0333333333333,16871.658333333333,5422.816666666667,-5915.662499999999,9635.741666666669,138315.93958333333,66391.22499999999,501.7875,7782.007407407408,74.12765957446808,51.33617021276597,86336.78333333334,40585.175,2900.8125,10460.179166666669,27019.385106382982,43.9775
2024-08-26,13.81999969482422,1.955999970436096,12.347387334950865,1045.7776,2358.8,83.166798,0.0,899.60344,27.60357,0.0,3447.6997766,0.0,831.9079079999999,472.29791392,0.0,0.3999999999999986,0.0,0.0,0.0,6.100000000000001,1.118793487548828,19.799999237060547,7638.341666666667,3366.883333333333,16222.6875,1382.875,20489.96170212766,9571.754166666668,584.1085106382978,121.04166666666669,21.291666666666668,580.1666666666666,16177.825,5972.183333333333,-3980.85,9603.616666666669,140213.60624999998,69260.75416666667,492.9708333333333,8324.748148148148,74.91702127659575,61.65106382978723,97541.59583333334,40771.34583333333,2784.3875000000003,8009.070833333334,18670.77872340425,99.99875
2024-08-27,14.05500030517578,1.9040000438690183,12.659762813818508,1047.9527,2834.9,53.768785,0.0,963.581238,27.652781,0.0,3432.1626365,0.0,879.474057,500.01763772,0.0,0.0,0.0,0.0,0.0,5.5,1.1164700984954834,19.34000015258789,7841.9375,3410.4666666666667,17229.158333333333,1284.8708333333334,23926.340425531915,10963.670833333332,596.2,128.64166666666668,21.695833333333336,580.5708333333333,15962.0125,6081.4375,-3919.7625,12153.391666666668,145985.7914893617,69487.38333333333,499.8125,9164.492307692308,80.81702127659575,72.68478260869566,107340.89361702128,44728.46666666667,2726.925,3115.870833333333,14230.382978723404,90.62541666666664
2024-08-28,14.0649995803833,1.9299999475479128,12.619399201699656,1050.0513,2747.0,37.326166,0.0,1008.20929,27.663338,0.0,3298.9450127,0.0,823.929513,473.95448141,0.0,0.0,0.0,1.1000000000000014,0.0,5.300000000000001,1.117793083190918,20.350000381469727,7783.304166666666,5267.51875,17335.024999999998,1242.2333333333331,24224.429787234043,11428.116666666669,654.3489361702128,129.275,21.425,577.5500000000001,15645.420833333332,5744.816666666667,-3827.3,12527.454166666668,144992.11250000002,69446.70833333333,491.8833333333334,8965.125925925926,71.32127659574468,55.42765957446808,105363.66458333336,44773.47916666666,2719.770833333333,3473.241666666667,15834.98510638298,96.16125
2024-08-29,14.010000228881836,2.13700008392334,12.586003029141551,1051.6295,2826.0,80.500468,0.0,961.82586,27.668504,0.0,3131.4440682,0.0,819.477563,441.35448289,0.0,0.8999999999999986,0.0,5.399999999999999,0.0,5.399999999999999,1.1124955415725708,23.15999984741211,7917.712500000001,5296.010416666667,18728.35,1245.4291666666666,26236.955319148936,12414.5,645.2510638297872,132.83333333333334,24.42083333333333,576.6833333333333,15577.066666666666,5447.962500000001,-3285.9708333333333,12550.004166666666,148502.84468085106,70881.87916666667,499.1791666666666,8129.885185185185,64.07872340425531,50.46304347826087,112680.68936170214,40515.083333333336,2559.6833333333334,2325.8625,13949.791489361702,113.85541666666668
2024-08-30,14.09000015258789,2.127000093460083,12.932501866426092,1053.2147,2787.3,82.022769,0.0,947.449448,27.736114,0.0,2764.164813063,0.0,836.859306,527.47071207,0.0,1.6999999999999993,0.0,1.1999999999999993,0.0,6.100000000000001,1.10804545879364,21.8799991607666,7932.545833333334,5479.822916666667,20273.45833333333,1273.5791666666669,25511.87659574468,12685.1625,717.6787234042554,134.6875,23.616666666666664,579.0833333333334,15161.866666666669,5370.916666666667,-3222.8625,11503.270833333334,146423.17021276595,69212.87083333333,501.5083333333334,7817.661538461539,39.88085106382979,29.78478260869565,110448.4085106383,37550.11666666666,2510.4041666666667,3000.25,15271.704255319148,106.75958333333334
2024-09-03,13.824999809265137,2.203000068664551,12.06424091588636,1059.9998,3221.0,57.738605,0.0,564.857447,27.669112,0.0,2359.6532975,0.0,826.423596,587.66631049,0.0,0.0,0.0,2.5,0.0,4.199999999999999,1.1067456007003784,20.489999771118164,7788.825,5144.0125,20823.720833333333,1268.6708333333331,27947.825531914896,14119.454166666668,660.6744680851064,404.4458333333334,26.941666666666663,580.6916666666667,15848.291666666666,5518.604166666667,-3544.0291666666667,13329.358333333332,145283.39791666667,69912.22083333334,497.3708333333333,7275.573076923077,57.819148936170215,38.08085106382978,113332.425,37303.65,2872.129166666667,3056.4,12021.389361702126,159.07916666666668
2024-09-04,13.78499984741211,2.1449999809265137,11.592245380923222,1060.5024,3269.6,33.077739,0.0,561.313039,27.710435,0.0,2364.7794476,0.0,826.772248,594.8636329,0.0,1.6999999999999993,0.0,4.699999999999999,0.0,3.6999999999999993,1.1048868894577026,16.270000457763672,8092.129166666667,4225.64375,20740.483333333334,1228.9541666666669,27908.9,14542.795833333332,613.4404255319149,322.65000000000003,29.325,561.7208333333333,16261.775,4783.45,-3563.5750000000003,13054.720833333333,148494.51063829788,69800.76666666666,494.23333333333335,6716.953846153846,66.35531914893616,52.5304347826087,114207.62978723404,35020.6,2868.425,2599.9166666666665,15088.029787234043,125.28166666666664
2024-09-05,13.8149995803833,2.253999948501587,11.75430980154958,1061.2942,3046.6,69.832256,0.0,559.815051,27.799259,0.0,2253.1869833,0.0,821.2636219999999,629.2263636600001,0.0,0.8000000000000007,0.0,3.6999999999999993,0.0,1.8999999999999984,1.10804545879364,15.199999809265137,7881.3875,4098.910416666667,16948.766666666666,1154.425,22030.23829787234,10431.516666666666,680.1,182.7375,23.34166666666667,570.4625,16678.108333333334,4649.016666666667,-4199.3,14669.754166666666,150091.14347826087,69004.31666666667,501.3125,7785.551851851852,75.89787234042552,57.33111111111111,103649.9804347826,36732.770833333336,2745.0958333333333,6361.054166666666,23478.78936170213,61.50291666666666
2024-09-06,13.789999961853027,2.275000095367432,11.879315432788529,1062.3533,2916.3,80.959442,0.0,558.216398,27.65516,0.0,2314.2628475,0.0,810.239795,609.38580459,0.0,0.0,0.0,2.3999999999999986,0.0,2.6000000000000014,1.1111111640930176,14.9399995803833,7976.679166666666,5146.495833333333,17587.3,1149.6083333333331,21603.727659574462,10887.708333333334,714.6468085106384,176.9625,23.8125,611.8916666666667,16871.933333333334,5501.466666666667,-4265.141666666666,14716.516666666668,144607.83829787234,69485.73333333332,504.67083333333335,7158.542307692308,67.49148936170212,50.67391304347826,102761.33829787235,36068.208333333336,2699.6666666666665,7105.724999999999,19808.27021276596,79.19291666666668
2024-09-09,13.779999732971191,2.1700000762939453,12.131269303288992,1065.9971,2741.4,57.223041,0.0,581.949104,27.772779,0.0,2294.0273084,0.0,871.870873,587.0469416100001,0.0,2.8000000000000007,0.0,0.0,0.0,2.5,1.1087212562561035,14.970000267028809,8040.345833333333,3905.3375,19297.8875,1009.0625,18087.968085106382,10753.85,599.436170212766,13.570833333333333,31.1125,588.9250000000001,18578.779166666667,5102.091666666666,-4454.5125,10385.183333333332,141658.25106382978,64598.025,486.9,7223.530769230769,75.87659574468084,62.12826086956522,97219.82978723403,27645.43333333333,2588.175,7211.620833333333,26659.191489361703,97.85416666666669
2024-09-10,13.78499984741211,2.2320001125335693,11.413424839010352,1067.1731,2903.1,28.127642,0.0,579.7054009999999,16.637373,0.0,2309.3453843,0.0,865.236875,624.11376883,1.5,3.8000000000000007,0.0,0.0,0.0,1.8999999999999984,1.1037527322769165,14.710000038146973,7794.691666666667,1278.5875,16296.983333333332,975.7916666666666,15040.406382978725,8980.4,637.7170212765958,12.566666666666668,29.89583333333333,579.5333333333333,19248.829166666663,4421.325,-5885.008333333334,8980.25,140432.26458333334,62800.2625,483.20416666666665,6998.2642857142855,74.83404255319148,57.48510638297872,85947.90833333334,30729.345833333336,2662.725,12771.233333333332,33430.54255319149,57.07125
2024-09-11,13.734999656677246,2.2699999809265137,11.674102147967082,1067.7545,2825.0,63.599906,0.0,587.893686,16.503121,0.0,2344.0221233,0.0,892.915279,625.77798307,2.9000000000000004,6.800000000000001,0.0,0.0,0.0,0.0,1.1020983457565308,14.020000457763672,7985.570833333332,3171.5020833333333,17276.45,983.9416666666666,17385.44893617021,10893.029166666667,702.4340425531915,9.691666666666666,33.516666666666666,585.8000000000001,18481.5625,4896.7,-4642.3875,11539.708333333334,139646.8125,65574.80416666667,510.1041666666667,7920.922222222222,72.46382978723405,55.37021276595745,95033.71666666666,29472.64583333333,2717.5916666666667,9273.583333333334,25776.989361702126,84.86666666666666
2024-09-12,13.6850004196167,2.3570001125335693,11.356535937502358,1067.7663,2896.0,88.4098,0.0,583.026381,16.502662,0.0,2355.5868478,0.0,883.480886,628.33831019,6.0,8.2,0.0,0.0,0.0,0.0,1.1010911464691162,14.3100004196167,8367.533333333333,4517.695833333333,19223.941666666666,1032.6541666666667,19902.96382978724,13305.833333333334,704.6765957446809,271.325,41.41666666666666,590.5041666666667,20414.0,5290.941666666667,-3968.4541666666655,11970.908333333333,142582.04255319148,67640.77083333333,537.8874999999999,7285.225925925926,56.2063829787234,40.93913043478261,105798.66382978724,29990.00833333333,2697.9708333333333,4775.900000000001,19037.227659574462,113.06041666666664
2024-09-13,13.673999786376951,2.305000066757202,11.573978786725908,1068.0451,2671.3,98.916115,0.0,637.9888880000001,16.52936,0.0,2339.228738,0.0,859.561915,619.92667996,6.5,7.300000000000001,0.5,0.0,0.0,0.0,1.1077877283096311,16.139999389648438,8216.220833333333,5379.479166666667,16528.358333333334,1046.0625,14948.940425531911,10608.704166666666,659.3851063829787,416.5583333333333,50.075,607.6916666666667,21444.545833333334,4675.591666666666,-5127.708333333333,13734.229166666666,137887.48541666666,68068.30833333333,560.0833333333334,7380.075,67.68297872340425,54.02127659574468,94930.29791666666,27125.80416666667,2712.645833333333,6556.320833333334,26671.77872340426,87.235
2024-09-16,13.130000114440918,2.372999906539917,11.075767665133402,1069.7927,2857.3,93.062072,0.0,521.291024,27.563317,0.0,2199.5737601,0.0,879.416161,609.24550938,2.8000000000000007,2.9000000000000004,0.0,0.0,0.0,0.0,1.1088441610336304,15.579999923706056,8301.616666666667,5037.4875,17773.533333333333,1232.4416666666666,18784.24255319149,12442.6625,656.6574468085107,251.625,53.59583333333333,606.7666666666667,17964.6125,5958.570833333334,-3841.5,13897.420833333332,137297.21041666667,67883.69583333333,540.6583333333333,6972.539285714286,48.52340425531915,34.67659574468085,101543.925,26273.483333333334,2773.3875000000003,5175.558333333333,20454.897872340425,96.91958333333334
2024-09-17,13.300000190734863,2.3239998817443848,11.595007279922926,1069.9616,2868.9,86.836124,0.0,539.675901,27.58489,0.0,2482.12024725,0.0,877.5434230000001,599.25665293,0.0,3.3000000000000007,1.5,0.0,0.0,0.0,1.1129536628723145,16.350000381469727,8234.358333333334,4635.504166666667,17556.308333333334,1167.2333333333331,19130.817021276594,12399.079166666668,691.5531914893617,343.15000000000003,39.55833333333333,596.3125,17587.170833333334,4328.45,-4207.400000000001,13487.7625,154890.7906976744,65528.94166666667,536.5208333333334,8251.033333333333,46.48297872340425,34.89523809523809,108909.81860465115,30062.6,2734.2041666666664,7850.304166666666,22730.16170212766,88.82166666666666
2024-09-18,13.220000267028809,2.2839999198913574,11.48984829725802,1070.6183,2891.7,85.457023,0.0,634.0487469999999,27.516825,0.0,2702.3896161,0.0,875.413666,600.23786405,0.0,0.5,0.8000000000000007,0.0,0.0,0.0,1.1123099327087402,17.15999984741211,7880.220833333333,3963.220833333333,17276.920833333334,1281.075,20097.16595744681,11272.054166666669,659.4489361702127,191.85,33.53333333333333,616.4666666666667,18038.8125,5246.8875,-3716.070833333333,12994.879166666666,154401.26744186046,66746.625,509.2083333333333,7465.2,55.240425531914894,39.62380952380953,109036.33255813952,33170.8,2734.3125,6311.941666666667,21372.58936170213,77.47
2024-09-19,12.829999923706056,2.3480000495910645,10.777007086309006,1071.279,3073.6,93.10302,0.0,646.2921610000001,16.56391,0.0,2551.53751206,0.0,861.055321,603.96758328,0.0,0.0,0.1999999999999993,0.0,0.0,0.0,1.1114816665649414,16.8700008392334,7850.433333333333,3640.908333333333,16115.245833333334,1327.3666666666666,20296.87659574468,10203.6125,606.268085106383,188.82083333333333,34.358333333333334,620.5833333333334,18990.329166666663,5340.858333333334,-3786.8583333333336,13586.833333333334,137872.80000000002,68466.13333333333,522.8541666666666,8278.953846153845,43.85106382978724,32.214893617021275,98167.52916666667,32682.845833333336,2623.758333333333,6416.283333333333,20584.55106382979,77.56541666666666
2024-09-20,12.970000267028809,2.434000015258789,11.267953267339577,1072.1151,2785.7,87.998309,0.0,670.665033,27.557078,0.0,2591.1906591,0.0,859.5678379999999,613.30849021,0.6000000000000014,0.6000000000000014,0.0,0.0,0.0,0.0,1.1161960363388062,15.239999771118164,7947.170833333334,3556.1875,14002.516666666668,1325.2958333333331,18954.20638297872,9184.354166666666,525.536170212766,188.1291666666667,31.84583333333333,619.1583333333333,19855.425,5553.983333333334,-3924.1458333333335,14087.625,137372.67021276595,69605.45416666666,546.0458333333333,8395.362962962963,50.47446808510639,36.49782608695652,97586.64680851065,34812.10833333333,2607.758333333333,6919.05,18482.44042553192,74.48916666666666
2024-09-23,13.204999923706056,2.61299991607666,11.844815660597764,1075.3317,2813.0,91.991073,0.0,729.544445,27.615972,0.0,3015.9607284,0.0,857.221719,502.56830461,1.1999999999999993,2.3000000000000007,0.0,0.0,0.0,0.0,1.1160838603973389,14.600000381469728,8299.541666666666,3803.095833333333,19382.516666666663,1303.4791666666667,21845.06808510638,14118.366666666669,636.2148936170213,183.3958333333333,45.05,614.7375000000001,19824.970833333333,5563.791666666667,-3776.779166666666,14411.083333333334,139744.35217391304,70431.42916666667,544.5041666666667,6203.855555555556,40.31702127659574,28.49111111111111,110541.01521739132,30374.8375,2590.0958333333333,2821.379166666667,11637.842553191487,121.18875
2024-09-24,13.05500030517578,2.5510001182556152,11.532813657414804,1076.0205,2769.3,86.171491,0.0,664.546182,16.553046,0.0,3014.5527652,0.0,852.349454,536.0489771599999,3.2,3.4000000000000004,0.0,0.0,0.0,0.0,1.111172795295715,14.100000381469728,8034.383333333334,4035.60625,19301.716666666667,1242.9083333333333,18509.39574468085,12518.458333333334,627.6851063829787,153.0375,85.05833333333334,607.7416666666667,20231.4,5090.604166666667,-3065.3916666666664,14624.183333333334,137197.99375,70743.04583333334,486.6958333333334,6440.138461538461,59.763829787234044,42.90851063829788,101688.075,24299.354166666668,2228.958333333333,6975.883333333334,20295.1170212766,88.56208333333335
2024-09-25,13.095000267028809,2.63700008392334,12.240446667631929,1076.8471,2689.5,81.74657,0.0,673.841083,16.52115,0.0,3079.6309235,0.0,827.770274,609.18227794,2.9000000000000004,4.4,0.0,0.0,0.0,0.0,1.1191190481185913,14.100000381469728,7857.283333333333,2507.8125,17861.441666666666,1192.3166666666666,16639.508333333335,11115.4875,533.4541666666667,114.6375,59.875,605.3125,19627.004166666666,4673.975,-4360.254166666667,10677.258333333331,148607.46,68985.67916666667,500.3125,5802.021428571429,52.99375,38.906666666666666,99409.5,23417.85,2645.3458333333333,8420.154166666667,30209.25,76.44
2024-09-26,13.1899995803833,2.5850000381469727,12.36091620935072,1077.4228,2558.2,90.08169,0.0,688.8024300000001,16.535303,0.0,3218.9675735,0.0,816.909971,606.70068879,1.6999999999999993,4.199999999999999,0.0,0.0,0.0,0.0,1.1131023168563845,13.510000228881836,7977.529166666667,3049.4395833333333,13491.025,1235.025,14191.620833333334,8968.545833333334,534.8604166666667,141.9375,80.22916666666667,607.8000000000001,20261.82083333333,3743.9208333333336,-5960.291666666667,11222.741666666669,187541.2722222222,63459.71666666667,514.8083333333333,5239.607894736842,88.49374999999999,74.18055555555556,111290.06111111112,19022.9625,2689.270833333333,10582.9875,42629.58541666667,49.802083333333336
2024-09-27,13.204999923706056,2.9019999504089355,12.485551397131664,1078.3043,2537.5,92.959763,0.0,701.932135,16.507842,0.0,3156.549715,0.0,855.574758,615.34209357,1.8000000000000007,7.300000000000001,0.0,0.0,0.0,1.5,1.117717981338501,13.34000015258789,7714.341666666667,255.5020833333333,8914.441666666668,1181.5625,13009.670212765956,7565.0125,448.6489361702128,68.00416666666666,81.50833333333334,608.975,22079.525,4175.970833333334,-7176.841666666667,11319.704166666668,181359.2027027027,63801.15416666667,491.4666666666667,5433.575000000001,83.7404255319149,62.21111111111111,102634.1054054054,25005.416666666668,2770.0166666666664,13160.841666666667,42648.97872340425,14.958333333333334
2024-09-30,13.125,2.9230000972747803,12.781777403915571,1081.3933,2593.9,67.031622,0.0,730.450081,16.543572,0.0,3318.4143232,0.0,833.656253,615.54978882,7.800000000000001,4.1,1.1000000000000014,0.0,0.0,0.0,1.1169815063476562,13.300000190734863,7881.395833333333,781.5145833333332,12522.258333333331,1236.9833333333331,14688.21914893617,9393.7625,529.031914893617,199.85416666666663,163.07083333333333,621.6,21575.6125,5666.008333333334,-5783.9875,12781.6875,138950.89791666667,67149.72499999999,516.6291666666667,7075.27037037037,60.91489361702128,41.4,87624.96875,29361.1625,2758.2375,12198.05,31196.24680851064,32.19083333333334
2024-10-01,13.175000190734863,2.8959999084472656,12.818515929227432,1082.021,2419.3,80.290413,0.0,885.67146,16.839039,0.0,3217.74028,0.0,823.410487,569.2981062,7.800000000000001,5.6,0.1000000000000014,0.0,0.0,0.0,1.113660216331482,13.449999809265137,8122.895833333333,3132.995833333333,16958.6875,1117.4208333333331,18753.368085106384,11626.2,519.9808510638297,189.35416666666663,113.21666666666664,614.6708333333333,22099.129166666666,7058.7375,-3429.6083333333336,14030.15,142271.66041666668,69808.5125,539.3125,6427.046153846154,84.63191489361702,45.248936170212765,100109.28125,23959.629166666666,2789.808333333333,12291.6375,24548.174468085104,74.62833333333333
2024-10-02,13.09000015258789,2.885999917984009,12.522122409722565,1081.6254,2932.8,68.672331,0.0,907.197613,16.517936,0.0,3140.5410841,0.0,878.4528969999999,595.7494673,8.3,4.199999999999999,0.0,0.0,0.0,0.0,1.1063904762268066,13.539999961853027,8495.320833333333,4770.997916666666,21196.99583333333,1113.2291666666667,20586.391489361704,15313.741666666669,512.6617021276596,594.0166666666667,191.22916666666663,616.6583333333333,23588.89583333333,5737.895833333333,-3303.3,15729.691666666666,144359.125,70186.46250000001,584.7291666666666,6408.462962962963,79.49148936170212,45.68723404255319,110370.79583333334,19337.25,2832.304166666667,10712.391666666666,19366.991489361702,94.48166666666668
2024-10-03,13.095000267028809,2.970000028610229,12.924027983618624,1081.7742,3114.2,60.071132,0.0,909.129545,16.706916,0.0,3243.8015556,0.0,864.38212,529.6288295,7.0,6.5,0.0,0.0,0.0,0.0,1.1048502922058103,12.770000457763672,8635.170833333334,5449.650000000001,20593.7625,1051.3083333333334,18484.002127659573,11922.554166666669,468.9553191489362,588.1166666666667,178.3375,606.075,23717.579166666663,5381.5375,-4473.45,15092.583333333334,139625.51458333334,69468.22499999999,589.0749999999999,7609.219230769231,82.88510638297872,72.43617021276596,103201.475,20496.00416666667,2747.9833333333336,6696.545833333334,23313.461702127657,73.20708333333333
2024-10-04,13.09000015258789,2.8540000915527344,13.254337387736838,1082.1023,3213.8,21.510672,0.0,967.977956,16.645822,0.0,3443.0125441,51.901437,889.384286,526.92733377,6.6,7.699999999999999,1.0,0.0,0.0,0.0,1.103557825088501,14.1899995803833,8699.5875,5223.18125,21673.654166666667,1121.2541666666666,18969.991489361702,13806.304166666669,473.2468085106383,197.7375,131.4625,614.1291666666667,24281.129166666666,6801.229166666667,-3084.8416666666667,16695.1375,143155.22553191488,69698.5,556.2958333333333,7086.174074074074,93.07659574468086,90.9608695652174,112053.5,23435.3875,2867.4666666666667,668.125,18819.42340425532,97.43458333333332
2024-10-07,13.135000228881836,2.746000051498413,12.94429550654026,1084.9203,2831.4,21.756739,0.0,853.510595,66.020368,0.0,3518.8685654,52.503659,872.532725,512.3631507,7.1,3.9,0.0,0.0,0.0,0.0,1.0974539518356323,14.18000030517578,8342.029166666667,5885.827083333334,18752.5,1036.9208333333331,17636.75744680851,12498.479166666666,583.0191489361703,125.10833333333332,241.025,611.3916666666667,23741.908333333336,6933.9875,-3529.0750000000003,16216.8875,144033.82765957448,68969.29166666667,567.5500000000001,7744.6461538461535,57.30212765957447,35.55,106403.93617021276,20207.391666666663,2810.7208333333333,9576.429166666669,22426.929787234043,86.61500000000001
2024-10-08,13.095000267028809,2.7330000400543213,12.51948852464576,1085.9377,2676.8,20.438675,0.0,1045.447283,65.943047,0.0,3539.2191371,50.440816,864.10146,509.0308507,3.0,3.9,0.0,0.0,0.0,0.0,1.0975743532180786,13.579999923706056,8078.983333333334,5549.470833333333,19088.429166666665,1075.4666666666667,15717.936170212766,12286.991666666669,616.3255319148936,118.69166666666666,170.58333333333334,605.6416666666667,23642.0,4722.641666666666,-5531.075,13435.225,143091.3125,67424.09999999999,511.5625,7001.633333333333,90.29574468085106,64.10851063829787,96858.39166666666,20652.325,2816.820833333333,9858.2375,31636.74042553192,90.58875
2024-10-09,13.06999969482422,2.6600000858306885,12.3335573978005,1087.122,2961.2,36.375321,0.0,1073.1907179999998,65.772229,0.004552,3513.0641334,52.124513,864.889189,530.6287853,1.8999999999999984,4.199999999999999,0.0,0.0,0.0,0.0,1.0975743532180786,13.920000076293944,7945.041666666667,4625.927083333333,18325.316666666666,1042.5791666666669,14186.01489361702,11393.708333333334,744.7872340425532,13.483333333333334,145.375,600.0458333333333,23803.970833333336,5404.920833333334,-5007.970833333334,13147.704166666668,143915.32083333333,69107.6375,507.40833333333336,6319.838461538461,82.38297872340425,61.44042553191489,95728.5,18088.35,2783.6875,7878.854166666667,35952.22978723404,82.49041666666666
2024-10-10,13.074999809265137,2.674999952316284,12.923181020550684,1088.0113,3168.8,35.796686,0.0,1062.0509969999998,65.808567,0.0,3575.3893527,40.567633,847.417334,515.3788859,2.5,8.4,0.0,0.0,0.0,0.0,1.0943313837051392,13.8100004196167,7864.6125,3809.0208333333335,14205.754166666666,1038.6791666666666,14898.157446808513,10795.05,722.1574468085107,15.966666666666669,163.42916666666667,608.6666666666666,25130.104166666668,6620.670833333334,-4849.095833333334,15588.833333333334,150159.26739130434,71048.07083333333,518.3125,6652.133333333333,59.97234042553191,39.16304347826087,101030.21956521738,20357.525,2831.770833333333,10178.7125,32495.921276595745,61.611250000000005
2024-10-11,13.079999923706056,2.631999969482422,12.779350591295,1088.5717,3073.1,57.961263,0.0,1100.950601,77.319357,0.051114,3677.9970715,0.0,882.6770260000001,519.6803588,9.0,11.0,0.1000000000000014,0.0,0.0,0.0,1.0933860540390017,14.6899995803833,7998.0625,4953.854166666667,18425.4875,1035.4708333333333,16381.66595744681,11672.845833333333,719.0744680851063,15.0375,127.65416666666664,614.5,25794.875,7858.420833333334,-3454.895833333333,16038.808333333334,151413.1511111111,70953.25,530.5041666666667,6515.760714285714,78.45744680851064,51.15,111096.78,23552.229166666668,2946.6041666666665,8982.820833333333,22014.47234042553,95.88291666666667
2024-10-14,13.104999542236328,2.49399995803833,12.987176623819472,1090.0551,3292.9,77.079461,0.0,1056.980497,44.061423,0.0,3551.47902,0.0,878.9631489999999,527.6858236,8.8,7.800000000000001,0.8000000000000007,0.0,0.0,0.0,1.0925379991531372,15.869999885559082,9104.683333333332,5355.693749999999,19093.920833333334,1214.4833333333331,22465.43191489362,15450.083333333334,709.7510638297873,210.57916666666665,255.34166666666667,609.9458333333333,26246.779166666664,8230.704166666666,-1888.1166666666668,19584.07083333333,141425.67291666666,70930.62083333333,588.7375000000001,6452.046153846154,70.44468085106384,46.16382978723405,117283.53541666668,18483.6375,2928.4625,3706.5125,13324.659574468084,109.97666666666667
2024-10-15,13.109000205993652,2.497999906539917,12.780546431564977,1090.1778,3399.7,70.587803,0.0,988.21025,33.08066,0.0,3592.5577453,0.0,796.9702649999999,525.3563300000001,10.0,4.9,0.0,0.0,0.0,0.0,1.0909169912338257,27.6200008392334,8916.449999999999,4675.958333333333,20447.666666666668,1182.7875,18220.585416666665,14060.091666666667,674.69375,133.75416666666666,180.72083333333333,601.5625,25566.11666666667,6237.9375,-2777.2958333333336,17804.654166666667,157398.46136363636,70661.25,544.1125000000001,7737.321428571428,87.99791666666665,65.63181818181818,120642.40909090907,20234.6375,2885.2000000000003,6606.7,20364.58125,89.09833333333334
2024-10-16,13.46500015258789,2.367000102996826,12.517691767105168,1090.7144,3215.3,81.797689,0.0,952.697684,54.888788,0.0,3618.2826262,0.0,802.070637,520.9109636999999,9.2,0.8000000000000007,0.0,0.0,0.0,0.0,1.0884116888046265,24.09000015258789,8131.379166666667,230.42916666666665,13337.745833333334,1156.4083333333333,16401.310638297873,11313.195833333331,658.1744680851064,133.74583333333334,199.42916666666667,602.8458333333333,25140.341666666664,4415.0625,-5591.683333333333,14628.425,145620.125,67374.30416666667,498.9958333333333,7726.296296296296,64.7531914893617,44.08936170212765,92914.30625,22899.8875,2853.15,10804.033333333333,36616.70212765958,34.78625
2024-10-17,13.494999885559082,2.3469998836517334,12.623019102588785,1091.0995,3308.3,76.637794,0.0,951.918089,22.057796,0.0,3391.2056696,0.0,810.919735,508.7810403,6.300000000000001,3.2,0.0,0.0,0.0,0.0,1.0862481594085691,18.36000061035156,8229.525,2863.5145833333336,17116.070833333335,1052.7083333333333,17555.917021276597,11817.358333333332,592.4276595744681,106.77916666666664,184.4416666666667,588.4499999999999,25032.066666666666,5857.2,-3887.1875,13335.616666666669,147350.79361702126,68464.57916666666,507.29583333333335,5952.724999999999,69.45531914893617,48.75869565217391,100986.89574468083,20491.49583333333,2903.3458333333333,7294.429166666666,32180.531914893618,77.05583333333333
2024-10-18,13.274999618530272,2.257999897003174,12.443182395948686,1091.3743,3289.8,66.978129,0.0,946.910822,16.51611,0.0,3340.009395,0.0,847.975479,506.9979218,5.199999999999999,6.699999999999999,0.0,0.0,0.0,0.0,1.0829542875289917,16.780000686645508,8680.9625,3913.964583333333,21638.68333333333,1077.2791666666667,18832.21956521739,14212.358333333332,834.8869565217392,11.3625,156.3375,605.1625,25708.925,7089.966666666667,-2798.5625,17126.625,144994.6744680851,68547.65833333334,530.8125,5302.765384615384,90.82391304347826,96.17555555555556,111566.714893617,20710.225,2848.116666666667,1721.7333333333331,22473.48695652174,102.60625
2024-10-21,13.34000015258789,2.312000036239624,12.749285321879574,1093.9419,3109.2,53.67331,0.0,960.505029,16.516184,0.0,3743.9232748,0.0,897.4912340000001,503.4030911,2.5,5.5,0.0,0.0,0.0,0.0,1.0868619680404663,14.270000457763672,8067.462500000001,1489.35625,18938.170833333334,1173.8166666666666,18544.793617021274,13859.233333333332,620.9723404255319,9.858333333333333,146.38333333333333,603.2166666666667,23647.9375,6761.683333333333,-3718.195833333333,12776.495833333334,141081.5375,65488.24166666667,519.1750000000001,5793.155555555556,81.86170212765957,69.55957446808512,101013.70416666666,22896.9,2865.004166666667,7984.4875,25151.12340425532,90.59375
2024-10-22,13.524999618530272,2.311000108718872,12.905300781287634,1093.8088,2889.2,76.648084,0.0,1072.292058,16.865527,0.0,3753.7297048,0.0,946.297234,533.2614839299999,4.9,6.800000000000001,0.0,0.0,0.0,0.0,1.0817828178405762,14.729999542236328,8309.6875,2985.175,21236.68333333333,1204.9125,20906.43191489362,14759.008333333331,798.6468085106384,149.05833333333334,190.38333333333333,605.375,23568.275,5773.325,-3985.4375,13673.5875,144090.72083333333,68534.65833333334,520.1791666666667,7125.423076923077,69.28510638297873,52.68936170212766,107272.60625,21799.44166666667,2694.9166666666665,7019.816666666667,22885.24893617021,102.30458333333333
2024-10-23,13.595000267028809,2.3420000076293945,13.094697137453156,1093.1594,3076.2,70.994443,0.0,1086.972848,9.916587,0.00312,3644.3466869,0.0,965.782253,510.73762375,8.0,6.6,0.3000000000000007,0.0,0.0,0.0,1.079727053642273,15.949999809265137,8715.483333333334,3691.2354166666655,22492.75,1045.5333333333333,23320.244680851065,16916.808333333334,663.6297872340425,134.13333333333333,154.29166666666666,608.9666666666667,23237.5375,6544.233333333334,-3021.058333333333,13418.833333333334,147712.1829787234,69291.60833333334,527.3083333333333,6471.757692307693,86.46382978723405,79.60217391304349,114162.83829787235,22950.20833333333,2612.375,4310.979166666667,19647.955319148936,112.41791666666666
2024-10-24,13.720000267028809,2.5220000743865967,13.318919954253026,1092.6855,3013.8,56.940229,0.0,1131.124811,16.517391,0.0,3636.8596757,0.0,936.026517,527.22550355,9.2,5.5,0.0,0.0,0.0,0.0,1.0780508518218994,17.399999618530273,9201.308333333332,3577.183333333333,22780.608333333334,1024.7916666666667,20137.842553191487,16624.745833333334,641.8340425531915,195.6208333333333,184.09583333333333,603.3625000000001,23966.82083333333,5514.75,-4155.766666666666,15400.85,144592.35833333334,69696.95416666666,567.3458333333333,6326.185714285714,83.77021276595744,79.14893617021276,109841.26875,21443.3875,2694.4875,5453.0625,21756.127659574468,101.27916666666664
2024-10-25,13.795000076293944,2.559999942779541,13.80396510699333,1092.5842,2939.8,43.416258,0.0,1134.720128,16.612725,0.0,3661.384384,0.0,941.397701,522.41834832,6.699999999999999,4.1,0.0,0.0,0.0,0.0,1.0824151039123535,17.350000381469727,9141.341666666667,4951.927083333333,22207.608333333334,1088.0875,21595.040425531915,16802.266666666666,658.5829787234043,348.4916666666666,151.5,604.5166666666667,24373.408333333336,7046.745833333333,-2820.566666666667,16761.195833333335,142146.46875,70520.59999999999,541.3791666666667,6294.542307692308,57.65531914893617,39.785106382978725,113413.80833333332,19795.4375,2729.525,2043.1291666666664,18192.38085106383,115.23083333333334
2024-10-28,13.755000114440918,2.309000015258789,13.454261540980266,1093.8498,2816.2,73.995903,0.0,1079.843288,16.555061,0.0,3764.6554342,0.0,917.543144,532.16698092,6.4,4.6,0.3000000000000007,0.0,0.0,0.0,1.0796570777893066,17.93000030517578,8875.800000000001,3692.341666666666,20945.529166666667,1078.8,18613.26808510638,14936.291666666666,440.55106382978727,169.82500000000002,173.36666666666667,601.1666666666666,22375.725,5318.179166666667,-4368.395833333333,13661.5375,141008.83541666667,71510.95833333333,528.7624999999999,6577.411111111112,58.52553191489361,43.80851063829788,103801.24375,18932.783333333333,2817.508333333333,10671.441666666668,22882.18510638297,111.58625
2024-10-29,13.6850004196167,2.345999956130981,13.590395509446903,1092.7145,2953.4,85.403579,0.0,982.01321,16.502727,0.0,3767.6755366,0.0,901.860159,530.2927968399999,4.9,4.0,1.0,0.0,0.0,0.0,1.0816774368286133,16.1299991607666,9158.016666666666,4622.958333333333,23245.916666666668,1036.225,24765.355319148934,18119.025,549.891489361702,269.7958333333333,229.3,602.5041666666667,22160.916666666668,5377.354166666667,-2909.004166666667,15207.654166666667,145492.07499999998,72932.75,539.0749999999999,6974.261538461538,37.0063829787234,27.495744680851065,117323.31458333334,15080.995833333332,2801.3291666666664,2878.0416666666665,19597.51489361702,141.15166666666667
2024-10-30,13.520000457763672,2.845000028610229,12.971761536764747,1092.7369,3091.7,81.701351,0.0,1234.091833,16.475772,0.0,3778.3339002,0.0,816.050295,552.3805195799999,5.1,7.300000000000001,1.8000000000000007,0.0,0.0,0.0,1.0820636749267578,16.040000915527344,8952.933333333332,4301.945833333333,23156.345833333336,867.1333333333333,24261.71875,17880.25,486.5416666666667,73.81666666666666,222.225,600.7208333333333,21350.504166666666,4981.441666666667,-3622.45,13799.204166666668,146420.10208333333,73684.875,512.6374999999999,5949.621428571429,41.05416666666667,29.00208333333333,114347.02291666664,14673.741666666669,2842.1583333333333,4255.870833333333,22608.27291666667,124.87583333333332
2024-10-31,13.619999885559082,2.7070000171661377,12.917712268970272,1092.2695,3050.9,69.151213,0.0,1080.5309630000002,16.618074,0.0,3741.1236529,0.0,862.087974,528.99036992,6.4,8.4,1.8000000000000007,0.0,0.0,0.0,1.085917830467224,17.81999969482422,8903.441666666668,4069.620833333333,21176.166666666668,865.3166666666666,21073.83617021277,15985.341666666667,455.5851063829787,114.74166666666667,251.2958333333333,602.7833333333333,21669.27083333333,5922.920833333334,-2144.958333333333,17892.933333333334,143653.52083333334,74137.7,526.7166666666667,5741.607692307692,64.60000000000001,44.61489361702128,111636.74166666664,14327.483333333335,2927.820833333333,6704.108333333334,21958.461702127657,104.04708333333332
2024-11-01,13.475000381469728,2.6630001068115234,12.498949222969864,1092.7379,3214.4,86.294034,0.0,896.040401,16.473509,0.0,3777.5413171,0.0,820.195324,514.38577133,7.1,7.9,2.2,0.0,0.0,0.0,1.0886130332946775,17.700000762939453,8421.1625,2804.11875,16199.533333333333,949.7166666666668,16995.17659574468,9955.583333333334,884.5617021276596,0.0,274.34166666666664,607.4791666666666,19915.295833333334,4171.145833333333,-5559.266666666666,14033.120833333334,130243.47708333336,72853.56666666667,513.4208333333333,5223.857692307692,45.878723404255325,36.14042553191489,92837.25416666668,16648.99583333333,2845.491666666667,7910.0125,25661.33404255319,76.41041666666666
2024-11-04,13.475000381469728,2.7809998989105225,12.844502413898857,1090.3432,3653.5,71.734589,0.0,1031.527008,43.995407,0.0,3711.7505306,0.0,847.810956,505.12430871,9.6,7.1,3.3000000000000007,0.0,0.0,0.0,1.087453007698059,19.540000915527344,9742.616666666669,4035.90625,22028.404166666664,773.7916666666666,37313.92368421053,18646.2,1079.157894736842,109.875,237.65,605.0208333333334,19131.541666666668,6135.141666666666,-2712.3166666666666,17780.208333333332,150414.8829787234,72908.13333333333,559.6916666666667,7632.0259259259265,38.444736842105264,23.58695652173913,125742.5978723404,17789.216666666667,2893.804166666667,1434.2875,14857.831914893615,126.27375
2024-11-05,13.539999961853027,2.6700000762939453,12.904815794335065,1087.2813,3708.8,75.419676,0.0,1012.664945,76.808615,0.0,3642.0971322,0.0,867.061452,571.39253433,10.7,7.199999999999999,4.1,0.0,0.0,0.0,1.0874056816101074,19.190000534057617,9950.958333333334,2994.777083333333,22710.225,769.7375000000001,62492.94230769231,19628.595833333333,1597.1307692307694,182.275,162.45000000000002,601.2125,18833.504166666666,6322.491666666666,-2461.733333333333,16604.2625,151265.91874999998,73943.8875,556.0,8237.123076923077,50.672413793103445,38.48085106382978,128865.14166666666,17011.983333333334,2858.1875,894.5500000000001,13733.62340425532,164.9775
2024-11-06,13.494999885559082,2.746999979019165,12.9431692339036,1083.5078,3545.8,63.280814,0.0,954.453151,76.909622,0.0,3681.1807746,0.0,823.6930540000001,628.60477626,14.0,7.199999999999999,4.1,0.0,0.0,0.0,1.093445897102356,18.709999084472656,10068.1625,3254.9,24164.108333333334,914.0875,70770.952,20660.5125,1766.632,167.98333333333332,163.52083333333334,607.9458333333333,19293.345833333333,6878.416666666667,-2798.445833333333,17694.666666666668,152543.26875000002,74601.8875,565.4291666666667,7771.272,42.75,51.27446808510639,134924.06458333335,15687.141666666668,2863.004166666667,223.5833333333333,9869.446808510638,231.2225
2024-11-07,13.494999885559082,2.693000078201294,12.984119988708196,1079.5825,3434.3,19.465118,0.0,1038.0974,103.296623,0.0,3684.9888123,46.422797,870.808075,584.34910366,12.7,7.1,4.300000000000001,0.0,0.0,0.0,1.073306918144226,16.1200008392334,10096.591666666667,3367.777083333333,25182.045833333334,965.1916666666666,68547.04,20383.02083333333,1487.08,194.90416666666667,204.07083333333333,609.0875,18549.283333333333,6380.195833333334,-2704.395833333333,16059.775,156546.04255319148,74353.80416666667,532.4,8141.037499999999,35.668,78.55952380952381,134753.30212765958,14126.629166666666,2856.6875,1741.8375,14992.267441860466,159.20666666666668
2024-11-08,13.550000190734863,2.6689999103546143,13.417716085548609,1076.1116,3678.9,22.456932,0.0,1133.371842,76.126929,0.0,3702.5867221,53.128725,886.909724,608.6523748000001,13.1,9.2,4.0,0.0,0.0,0.0,1.0795172452926636,16.600000381469727,9672.775,3695.714583333333,25160.025,844.5416666666666,38928.31428571428,19601.94166666667,950.9642857142856,186.66666666666663,191.09583333333333,617.1333333333333,18129.954166666663,5311.229166666667,-2212.15,15360.283333333333,153085.44791666666,74116.45416666666,513.7375000000001,7799.611999999999,79.26666666666667,58.90851063829788,127844.91875,11347.745833333334,2878.304166666667,5526.658333333333,17160.848936170212,113.61958333333332
2024-11-11,13.550000190734863,2.9200000762939453,13.732153323454469,1067.8764,3375.1,63.117415,0.0,1101.194838,76.396063,0.0,3987.6183415,0.0,912.886962,608.77072172,13.8,9.0,5.4,0.0,0.0,0.0,1.0714898109436035,15.970000267028809,9883.595833333336,4399.33125,23658.44583333333,1086.7,48062.66896551724,18965.12083333333,1733.8206896551726,179.11249999999998,282.1166666666667,617.9625,16602.591666666667,4091.754166666667,-5152.9375,18156.50833333333,148810.35208333333,70241.4875,585.0333333333333,8461.93076923077,33.03793103448276,20.37333333333333,120434.2375,12433.458333333334,2531.420833333333,10590.633333333331,17988.34222222222,121.79291666666668
2024-11-12,13.5649995803833,2.907000064849853,13.832141207617822,1062.5534,3508.5,75.326373,0.0,1033.663688,21.759863,0.0,3965.5738733,0.0,904.926445,616.54166002,14.1,9.3,6.199999999999999,0.0,0.0,0.0,1.066439151763916,15.0600004196167,9962.270833333334,4014.308333333333,25176.30416666667,1239.0791666666669,39568.607142857145,21747.02083333333,1336.3119047619048,341.5083333333334,348.2625,613.3541666666666,17008.370833333334,5512.7375,-4892.900000000001,15862.841666666667,161870.78936170213,72637.20416666666,584.3249999999999,8094.933333333333,21.871428571428574,18.462222222222223,132115.2659574468,10930.183333333334,2689.858333333333,6172.125,21479.45869565217,166.4079166666667
2024-11-13,13.55500030517578,2.9830000400543213,13.587044184381844,1057.0316,3477.7,76.585019,0.0,1065.986662,32.850457,0.0,3902.5555082,0.0,892.0926689999999,638.45656719,12.9,9.3,8.0,0.0,0.0,0.0,1.061672568321228,15.100000381469728,9694.6375,3100.21875,26781.9875,1230.9541666666669,38227.66595744681,22123.329166666663,1206.163829787234,326.6333333333333,236.9375,629.4666666666667,16324.083333333334,7119.704166666666,-3112.4708333333333,13993.7125,161804.6625,74469.0125,513.7458333333333,7035.759259259259,32.86595744680851,22.56808510638298,134100.17916666667,8668.887499999999,2885.8250000000003,6234.433333333333,20683.736170212764,149.44875
2024-11-14,13.5649995803833,2.7850000858306885,14.311725804907397,1052.0301,3325.9,62.724549,0.0,1129.776827,54.441256,0.0,3892.9610599,0.0,916.931302,643.15888204,11.8,8.6,9.1,0.0,0.0,0.0,1.0564124584197998,15.020000457763672,9456.233333333334,3627.402083333333,25525.108333333334,1186.4708333333333,36482.097872340426,20388.9375,927.872340425532,179.7125,248.72916666666663,633.3333333333334,16214.85,6369.583333333333,-2902.866666666667,13027.4375,161646.20833333334,75280.95833333333,508.125,7235.503846153846,34.12340425531915,25.248936170212765,128974.75,8911.387499999999,2856.9041666666667,8738.470833333335,24353.90425531915,122.38083333333331
2024-11-15,13.57900047302246,2.822999954223633,14.36652824626729,1047.4951,3294.6,65.993298,0.0,1141.3515,43.54651,0.0,3936.5353439,0.0,904.550149,626.8266594500001,11.3,9.8,9.3,0.0,0.0,0.0,1.0530084371566772,14.850000381469728,9440.645833333334,2192.579166666667,24958.875,1002.7583333333332,33251.875,20426.94583333333,831.5020833333333,152.95833333333334,204.3625,629.6541666666667,15957.025,6161.041666666667,-2007.075,12698.758333333331,158818.34375,74912.42916666667,517.2166666666667,5495.351724137931,67.25625000000001,47.66875,125496.98333333334,10823.158333333333,2827.65,6481.279166666667,24669.15625,123.815
2024-11-18,14.649999618530272,2.9730000495910645,14.479269347017352,1036.433,3464.5,91.606293,0.0,1107.171082,59.670545,0.0,3774.0226939,0.0,919.506269,627.44651632,13.9,10.9,3.0,0.0,0.0,0.0,1.0533745288848877,17.899999618530273,9752.3625,4592.460416666667,21006.5375,905.0375,32414.26382978724,18079.27083333333,923.4574468085108,182.6875,349.675,613.1416666666667,15885.008333333331,5932.645833333333,-3304.895833333333,18048.08333333333,163224.08723404256,74132.04583333334,580.0583333333333,7328.4346153846145,45.93191489361703,32.92826086956522,124303.32127659574,13292.954166666668,2681.675,10127.783333333333,26961.521276595744,106.32541666666668
2024-11-19,14.399999618530272,2.997999906539917,14.180776301836588,1031.3818,3095.7,99.716524,0.0,1103.775072,54.341715,0.0,3894.9985334,0.0,913.92373,631.41608046,14.5,13.5,2.6,0.0,0.0,0.0,1.059490442276001,16.40999984741211,9950.6875,4216.337500000001,24925.175,872.0833333333334,31045.44583333333,18910.829166666663,906.8979166666668,423.3416666666667,380.5833333333333,597.0749999999999,16094.125,3994.7916666666665,-3321.9833333333336,17791.545833333334,162798.39791666667,73618.42083333334,592.2166666666667,7654.992307692307,51.175,35.46041666666667,123187.14583333331,10300.5125,2833.2625000000003,7577.033333333333,30672.479166666668,123.70416666666668
2024-11-20,14.65999984741211,3.193000078201294,14.548459615932012,1026.2251,3038.8,103.619408,0.0,1038.394633,65.094532,0.0,3907.9941027,0.0,907.594315,658.4381735,16.3,16.5,1.3999999999999986,0.0,0.0,0.0,1.0607603788375854,16.559999465942383,9659.620833333332,3374.4166666666665,24160.12083333333,890.1083333333332,25660.16808510638,17869.804166666665,884.0723404255319,172.63333333333333,323.45416666666665,569.0583333333333,16294.216666666667,4262.579166666666,-4640.087500000001,15542.995833333334,189506.22857142857,74984.33333333333,555.3083333333333,8094.265384615384,46.53617021276595,38.82439024390244,131046.1761904762,11474.320833333331,2825.120833333333,9329.491666666669,41638.64468085107,114.77333333333333
2024-11-21,15.074999809265137,3.33899998664856,14.930026181424418,1019.7397,3122.6,105.6554,0.0,1106.23748,65.056494,0.0,3918.9620686,0.0,915.227063,607.7270902,17.0,17.5,5.9,0.0,0.0,0.0,1.0546187162399292,15.84000015258789,9565.579166666666,2508.302083333333,24125.954166666663,905.7708333333334,30893.90625,18059.87083333333,1009.3104166666668,188.1708333333333,322.3625,617.4375,16420.941666666666,5083.520833333333,-4613.683333333333,13627.95,170836.24166666667,76295.66666666667,556.5791666666667,7419.235714285714,65.38958333333333,48.475,120851.72083333333,9193.8875,2828.058333333333,8919.983333333334,40927.58125,124.24125
2024-11-22,14.78499984741211,3.128999948501587,14.426949135610537,1013.3609,3182.1,97.54966,0.0,1144.792713,43.431958,0.066015,3870.1541066,0.0,914.989531,630.45386146,16.6,15.0,3.9,0.0,0.0,0.0,1.0469341278076172,16.43000030517578,9915.85,3348.129166666667,22501.1875,952.2291666666666,27551.406382978726,18534.691666666666,990.2106382978724,188.0041666666667,359.49583333333334,616.6875,18041.57083333333,5507.395833333333,-2737.1,15973.658333333333,170728.41666666666,76790.3875,582.2708333333334,8054.507692307693,61.13404255319149,45.60851063829787,119884.10208333336,10277.425,2761.2166666666667,12047.525,40526.14042553192,109.79916666666666
2024-11-25,15.015000343322754,3.36899995803833,14.661073148004144,1003.4706,3172.7,104.879031,0.0,1137.610281,43.40866,0.0,3867.2680954,0.0,894.771057,598.8106123800001,5.6,7.800000000000001,9.4,0.0,0.0,0.0,1.0479873418807983,18.6200008392334,8801.429166666667,-111.8625,16677.287500000002,1012.5041666666666,25632.00425531915,12849.870833333334,883.2021276595744,162.2125,215.8875,20.34583333333333,16122.758333333331,4433.962500000001,-4360.337500000001,10825.108333333334,158616.86666666667,72173.87083333333,510.9791666666667,7253.096428571429,83.10212765957448,68.93829787234043,101856.13958333334,12121.154166666667,2792.816666666667,10371.091666666667,46482.98085106383,58.797083333333326
2024-11-26,14.9399995803833,3.430999994277954,14.453050202394598,999.1301,3599.4,106.018486,0.0,1016.531922,43.458024,0.0,3807.4012182,0.0,897.308971,595.07995138,9.2,11.1,2.8000000000000007,0.0,0.0,0.0,1.0444300174713137,17.209999084472656,8889.166666666666,2368.016666666667,22473.1125,1134.4,33487.425531914894,19524.154166666667,1029.7893617021275,185.4958333333333,217.32916666666665,21.991666666666664,18195.9625,5767.654166666667,-2694.0541666666663,14843.333333333334,161920.35,77614.49166666667,526.5458333333333,7300.535714285715,40.55106382978724,31.617021276595743,125136.0625,11769.125,2947.7333333333336,10591.1125,26148.944680851066,113.38333333333333
2024-11-27,15.020000457763672,3.2039999961853027,14.37835362988714,994.5277,3529.0,106.453529,0.0,1032.594631,43.411276,0.0,3752.2408009,0.0,895.819017,578.35263203,12.0,12.0,3.1,0.0,0.0,0.0,1.0491198301315308,15.770000457763672,9558.229166666666,3676.935416666666,22280.8625,1111.4625,32110.68297872341,19740.016666666663,923.0851063829788,181.52916666666667,342.2875,22.308333333333334,18128.2375,4053.533333333333,-3577.6666666666665,16759.6125,162563.97083333333,76628.37083333333,590.875,8727.942307692309,24.19787234042553,20.75744680851064,125210.40833333334,13279.066666666666,2974.429166666667,9946.033333333333,26288.700000000004,117.67166666666668
2024-11-29,14.925000190734863,3.36299991607666,14.801524669845657,984.1403,3402.3,73.749741,0.0,1026.114228,27.205997,0.0,3745.8236236,0.0,873.6113969999999,584.7943702399999,13.7,11.9,5.4,0.0,0.0,0.0,1.0563008785247805,16.540000915527344,9898.554166666669,2784.44375,23595.14583333333,1044.475,32987.7914893617,21174.12083333333,818.8468085106383,188.30416666666667,199.3791666666667,23.15833333333333,18178.32083333333,5086.354166666667,-2071.520833333333,14973.3375,162041.42083333334,79153.54166666667,545.4541666666667,7895.2692307692305,89.16595744680852,89.0723404255319,128038.05416666664,11715.6125,3002.1083333333336,7001.491666666666,25169.17234042553,129.77
2024-12-02,15.114999771118164,3.213000059127808,15.03723939976698,971.6369,3637.7,91.579919,0.0,970.72922,43.358537,0.0,3743.0577412,0.0,893.37361,501.60203553,15.7,8.9,10.4,0.0,0.0,0.0,1.0545074939727783,15.8100004196167,9842.554166666669,2234.422916666667,22171.6125,1109.2875,33028.77234042553,17924.054166666665,545.3489361702128,158.275,221.22083333333333,620.1541666666667,17168.366666666665,4968.466666666666,-3385.1583333333333,12998.108333333332,162345.85416666666,77991.69583333333,523.5875,7347.226923076922,55.27872340425532,50.268085106382976,122912.67083333334,9155.15,2808.133333333333,11743.529166666667,29600.521276595744,110.64625
2024-12-03,15.125,3.0420000553131104,14.944546185491005,965.894,3832.1,93.475874,0.0,973.957492,27.075497,0.0,3776.251739,0.0,894.667627,545.7770156500001,12.8,12.2,9.0,0.0,0.0,0.0,1.0501223802566528,16.020000457763672,10160.675,4313.8,24187.891666666663,1256.3833333333334,42423.52444444445,21815.8875,589.4822222222223,320.5,348.85,609.1958333333333,18164.416666666668,6148.716666666667,-3348.0625,16277.266666666668,170678.01489361702,78786.49166666667,568.0166666666667,8073.296153846154,53.24444444444445,40.02391304347826,140338.21489361703,8816.275,2916.775,8290.404166666667,21612.53829787234,144.49958333333333
2024-12-04,15.074999809265137,3.0429999828338623,14.492741508983713,959.5157,3710.0,81.122256,0.0,968.316622,27.113262,0.0,3758.328371,0.0,910.001299,566.30836701,14.3,12.0,7.5,0.0,0.0,0.0,1.0510826110839844,15.890000343322754,10545.4375,3070.883333333333,25236.70833333333,1208.6583333333333,42561.18723404256,23241.95,484.1723404255319,461.9333333333333,376.1208333333333,611.7708333333334,19103.045833333334,7406.120833333333,-3447.2333333333336,18391.554166666665,170519.26875000002,78656.01666666666,589.5,7827.203846153846,71.03829787234044,63.5,145088.86250000002,9708.870833333332,2971.1041666666665,4489.883333333333,18721.05531914893,182.21
2024-12-05,15.0649995803833,3.0789999961853027,14.344776636726596,953.8858,3942.0,73.272243,0.0,965.604701,27.185649,0.0,3825.6911154,0.0,900.935973,502.80830021,14.7,6.199999999999999,8.4,0.0,0.0,0.0,1.051414132118225,15.100000381469728,10091.325,3211.7625000000003,23301.916666666668,1244.1916666666666,30034.71489361702,19709.116666666665,423.6595744680851,177.57083333333333,309.3875,601.6,17394.629166666666,3460.1625,-3552.2125,13001.995833333334,172101.5875,77240.67916666667,556.4625,9096.746153846154,77.40212765957448,60.38936170212765,120617.18125,10885.0125,2824.129166666667,12993.325,40386.62765957447,101.86208333333332
2024-12-06,15.074999809265137,3.075999975204468,14.420236457244291,949.0941,3536.8,75.885373,0.0,948.59716,27.081738,0.0,3870.7477883,0.0,904.921248,532.16182487,14.1,10.0,10.2,0.0,0.0,0.0,1.058559536933899,14.770000457763672,9942.133333333331,2841.0625,21164.2625,1137.3541666666667,27553.321276595747,16226.254166666666,377.363829787234,327.4208333333333,223.02916666666667,597.3833333333333,17197.054166666665,4956.220833333334,-4279.816666666667,12991.7375,164945.8125,75807.68333333333,521.25,8955.61923076923,70.22978723404256,56.07446808510638,114510.73958333331,9139.55,2807.145833333333,10206.941666666668,41629.08723404256,89.54166666666667
2024-12-09,15.0600004196167,3.181999921798706,13.889620506674788,935.8758,3380.8,118.126742,0.0,936.214934,38.122354,0.0,3640.4728747,0.0,886.3136320000001,505.92260642,14.8,10.6,9.2,0.0,0.0,0.0,1.056546330451965,15.350000381469728,9623.025,2923.8562500000003,21411.475,1198.0083333333334,27136.22978723404,16741.995833333334,450.7106382978724,329.7291666666667,253.3708333333333,23.558333333333334,18147.554166666665,4529.433333333333,-5284.733333333334,13694.779166666667,170664.94583333333,80087.08750000001,540.2083333333334,8890.442307692309,49.01489361702127,29.959574468085105,116344.43958333333,8370.695833333333,2743.320833333333,14977.279166666667,43553.88510638298,100.48666666666666
2024-12-10,15.020000457763672,3.1630001068115234,14.091753808058485,928.3703,3802.0,124.887068,0.0,896.419807,43.502949,0.0,3719.6908562,0.0,887.517482,525.5852333600001,15.1,11.2,9.6,0.0,0.0,0.0,1.0555204153060913,15.270000457763672,9508.970833333336,3388.816666666667,24010.358333333334,1284.9083333333333,40118.423404255314,21856.475,566.9468085106383,379.44166666666666,180.70416666666665,23.479166666666668,18655.25833333333,6104.525000000001,-3156.0458333333336,13547.583333333334,174591.18125,81969.05,503.4291666666666,8269.657142857142,30.21914893617021,19.98936170212766,139114.01875000002,8328.716666666665,2944.475,8957.0625,27405.227659574462,150.89083333333335
2024-12-11,15.0,3.378000020980835,13.79720036174152,920.1328,4237.9,122.192326,0.0,894.0308239999999,43.527713,0.0,3701.4609337,0.0,905.835934,551.05679655,15.9,11.8,9.5,0.0,0.0,0.0,1.0532968044281006,15.65999984741211,10271.1625,3063.114583333333,25504.545833333334,1307.6625,49222.617021276594,24340.375,871.668085106383,539.3916666666667,187.29166666666663,23.52916666666667,19969.35,8271.329166666666,-3514.808333333333,15707.3875,182242.2326086957,83009.99166666667,508.775,7634.099999999999,17.46808510638298,14.091304347826089,161229.27826086956,8705.895833333334,2989.208333333333,3415.520833333333,14376.51489361702,266.8066666666667
2024-12-12,14.949999809265137,3.4549999237060547,13.180985843146896,911.8464,4396.6,103.011215,0.0,887.044837,27.070332,0.0,3745.0887166,0.0,928.143385,562.1046665599999,16.6,11.6,10.1,0.0,0.0,0.0,1.0506850481033323,18.209999084472656,10295.579166666666,3030.75625,25434.025,1407.2875,50300.53617021276,24162.95,778.4957446808511,673.9625,269.2625,23.3,20134.95,8267.620833333332,-3752.029166666666,19060.845833333333,190801.6727272728,83494.29166666667,542.2541666666667,7989.232142857143,23.73617021276596,16.07674418604651,171824.55909090908,9193.729166666666,2976.125,1752.9125,12181.140425531914,395.665
2024-12-13,14.876999855041504,3.2799999713897705,12.652058026494316,904.0608,4203.4,89.113569,0.0,906.703311,27.054866,0.0,3703.4761921,0.0,913.742679,542.3801536999999,16.9,12.8,8.7,0.0,0.0,0.0,1.0474056005477903,18.979999542236328,10369.266666666666,2617.920833333333,24090.733333333334,1202.675,48234.11063829787,23137.80833333333,654.1468085106384,278.77916666666664,413.4375,23.729166666666668,20056.095833333333,8204.491666666667,-3372.3125,21396.266666666663,173728.16874999998,83780.05833333333,610.7125,7942.273076923077,34.88085106382979,19.48085106382979,155124.53125,9425.995833333332,2872.55,2335.8166666666666,12993.434042553192,177.91916666666668
2024-12-16,12.765000343322754,3.21399998664856,12.406605706887214,889.5831,3505.8,90.945709,0.0,914.158593,21.61926,0.0,3729.5006051,0.0,886.28265,530.52200617,8.4,7.800000000000001,11.4,0.0,0.0,0.0,1.051005244255066,19.43000030517578,9366.9125,-1058.8791666666666,15857.4,881.5625,24184.760416666668,15440.675,474.8958333333333,10.3125,359.6,21.558333333333334,16070.066666666666,4727.041666666667,-4517.879166666667,13274.429166666669,187722.56046511623,82219.54166666667,525.7458333333333,5583.715384615384,96.26666666666668,67.6046511627907,120934.41860465116,11831.879166666666,2917.4833333333336,10083.554166666669,48976.85833333334,50.2275
2024-12-17,13.31999969482422,3.308000087738037,12.96636082429452,884.9408,3813.5,103.254837,0.0,919.182995,21.581941,0.0,3858.9446854,0.0,899.9200619999999,487.55359794,9.2,9.7,10.5,0.0,0.0,0.0,1.0517348051071167,19.100000381469727,10232.633333333331,1542.64375,21092.908333333333,906.1916666666666,31062.63829787234,16506.6375,478.0404255319149,161.59166666666667,472.70416666666665,22.6125,16998.116666666665,5407.445833333333,-3021.5958333333333,14488.9125,168423.35416666666,83718.55833333333,559.9875000000001,6171.106060606061,95.3744680851064,77.77659574468085,124219.26875,10782.508333333331,2991.745833333333,10636.929166666669,34207.017021276595,87.62291666666665
2024-12-18,13.005000114440918,3.374000072479248,12.613439683629322,880.772,3542.7,101.43542,0.0,912.16824,32.446815,0.0,3757.0803905,0.0,901.248846,504.37415992000007,10.0,5.4,10.8,0.0,0.0,0.0,1.0495051145553589,21.1299991607666,10026.379166666668,1261.1916666666668,16079.266666666668,953.8666666666668,26577.878723404257,12431.204166666668,542.9276595744681,184.675,466.4083333333333,20.945833333333333,16314.120833333334,3747.245833333333,-4403.304166666667,13701.9875,168622.0276595745,80894.10416666667,560.6791666666667,8671.58076923077,91.0723404255319,71.69565217391305,111388.82340425532,10563.775,2718.7166666666667,13605.7,44911.83829787234,52.559583333333336
2024-12-19,13.460000038146973,3.5840001106262207,13.067648396611236,877.6342,3460.8,99.276352,0.0,908.795972,43.528123,0.0,3795.9648874,0.0,861.090674,471.26974349,7.4,11.1,7.9,0.0,0.0,0.0,1.0350252389907837,19.6299991607666,9656.7625,2205.6687500000003,13863.404166666667,1165.675,22104.517021276595,12538.175,485.1212765957447,0.0,338.72083333333336,22.120833333333334,16216.295833333332,4291.433333333333,-6027.925,13711.495833333334,162720.59375,79451.075,533.9333333333333,8049.676923076923,91.88297872340424,68.42127659574469,101450.11458333331,8079.925,2644.8125,13341.279166666667,51635.62765957447,53.55041666666667
2024-12-20,13.664999961853027,3.747999906539917,13.40578081693749,873.6619,3665.5,103.601535,0.0,905.684663,43.510972,0.0,3864.9923076,0.0,822.8572340000001,459.08619608,13.1,12.6,7.9,0.0,0.0,0.0,1.0364949703216553,22.780000686645508,9950.420833333334,2277.56875,14819.654166666667,1170.8208333333334,19585.06170212766,13218.341666666667,470.4765957446809,1.3,438.3125,23.383333333333336,17953.508333333335,6245.295833333334,-5082.645833333333,15022.483333333332,161486.25,82410.0625,591.4499999999999,7091.007407407408,94.32765957446809,68.36808510638298,105102.81875,11048.9625,2637.125,12962.654166666667,45321.82978723404,75.54125
2024-12-23,13.984999656677246,3.6559998989105225,13.92656669281971,864.3304,3523.6,89.163176,0.0,906.039337,27.417209,0.0,3933.0249644,0.0,876.450013,510.24889086,14.8,12.8,10.7,0.0,0.0,0.0,1.0433076620101929,23.51000022888184,9688.4125,3017.0437500000003,17103.3,1131.1833333333334,16737.706382978722,12316.958333333334,386.8063829787234,206.57083333333333,375.42083333333335,23.5125,18647.179166666665,4236.8125,-7392.254166666667,15922.445833333331,152567.36875,79009.71666666666,594.0083333333333,8478.06153846154,94.6127659574468,65.24468085106383,100645.36666666668,10325.766666666666,2745.4,11880.8875,41687.15957446808,61.467083333333335
2024-12-24,13.96500015258789,3.946000099182129,13.946918063578744,860.7697,3122.9,85.243568,0.0,891.0445930000001,27.418835,0.0,3965.7733715,0.0,900.773263,534.92184015,14.6,8.7,10.9,0.0,0.0,0.0,1.0405826568603516,21.93000030517578,9955.2,2476.125,20468.095833333333,1292.6333333333334,18062.73829787234,14246.7375,486.5297872340426,171.36249999999998,355.2916666666667,23.479166666666668,18398.545833333334,5167.691666666667,-5258.404166666666,14860.841666666667,144117.18085106384,80928.48333333334,571.8041666666667,5643.785714285715,93.94255319148937,71.95,108092.34468085106,10284.2375,3080.929166666667,5750.491666666666,27851.94893617021,102.70875
2024-12-26,13.96500015258789,3.714999914169312,13.93850745064918,854.6118,3247.6,88.122997,0.0,881.9395279999999,22.069813,0.0,3905.4657632,0.0,889.842493,502.38459148,12.7,10.6,9.4,0.0,0.0,0.0,1.0399551391601562,23.3700008392334,9980.341666666667,1387.7416666666668,21309.016666666663,1224.9916666666666,20985.18085106383,15514.904166666667,543.0106382978723,0.0,247.24166666666667,23.383333333333336,17219.408333333333,5529.387500000001,-2596.0125000000003,10682.591666666667,139916.28043478262,84584.96250000001,504.575,5154.753846153846,64.86170212765957,38.98222222222223,112416.39782608696,11836.845833333333,3074.683333333333,1762.9416666666666,19980.774468085103,113.08458333333334
2024-12-27,14.289999961853027,3.513999938964844,14.581150191487652,849.3637,3346.8,91.487213,0.0,883.852634,16.418356,0.0,3935.904596,0.0,884.0169430000001,546.0320439,14.4,11.5,11.2,0.0,0.0,0.0,1.0423181056976318,27.86000061035156,9801.558333333332,2452.7375,22754.529166666664,1295.1666666666667,29017.42553191489,17058.954166666666,613.4808510638297,366.10833333333335,253.67916666666667,23.704166666666666,17848.858333333334,6853.841666666667,-2195.75,13506.2375,146166.35624999998,85765.0,511.7625,5874.053846153846,53.306382978723406,28.85531914893617,123351.39583333331,13361.2125,3050.2291666666665,310.81666666666666,16318.927659574469,122.52333333333333
2024-12-30,14.154999732971191,3.936000108718872,14.559863278732726,832.034,3311.5,76.891818,0.0,905.842405,21.971779,0.0,3870.0657766,0.0,921.27588,514.05558035,15.5,10.7,11.1,0.0,0.0,0.0,1.0429377555847168,26.920000076293945,8910.229166666666,-601.9375,18227.63333333333,1244.7541666666666,25697.922916666663,14636.854166666666,522.94375,112.0625,190.1375,23.4625,16337.558333333334,5462.129166666667,-3192.7166666666667,12758.091666666667,156460.07872340427,82445.4875,502.75416666666666,6991.707142857144,101.62916666666666,110.04468085106384,115121.22340425532,11532.591666666667,2850.941666666667,9837.629166666668,29812.80416666667,77.27083333333333
2024-12-31,14.239999771118164,3.632999897003174,14.910503076787467,828.2619,3248.0,76.840921,0.0,898.469805,16.424278,0.0,3929.8598017,0.0,917.986493,499.26917197,16.3,8.6,11.3,0.0,0.0,0.0,1.040615200996399,24.229999542236328,8975.245833333332,-1474.9333333333334,16110.483333333332,1287.4416666666666,24141.461702127657,10582.8625,499.6212765957447,149.48749999999998,212.50833333333333,48.35416666666666,15688.141666666668,3855.0,-2844.820833333333,13720.520833333334,149663.98750000002,82735.60833333334,505.44166666666666,7975.438461538461,95.76808510638298,99.49787234042552,108050.59166666666,12243.579166666665,2832.620833333333,11682.6125,30281.159574468085,60.088750000000005
2025-01-02,14.380000114440918,3.660000085830689,15.25261054406211,818.5787,3264.448888888889,98.87129,0.0,975.037813,10.969741,0.0,3940.809898,0.0,886.036416,11.00700444,13.7,15.9,10.9,0.0,0.0,0.0,1.0351860523223877,24.65999984741211,9620.266666666666,2760.2916666666665,18833.4125,1268.8666666666666,25933.214893617023,13354.625,565.3638297872341,178.5875,450.3958333333333,621.0833333333334,15595.833333333334,5698.9875,-2952.7625000000003,15952.929166666669,158723.78723404257,83201.40833333334,618.4250000000001,7242.710714285714,56.16595744680851,32.28913043478261,118340.4914893617,11301.05,2553.5625,10545.475,29232.110638297872,96.95166666666668
2025-01-03,14.359999656677246,3.3540000915527344,14.933438027337148,811.9268,3280.8977777777777,99.478058,0.0,980.823806,10.933654,0.0,3883.9180704,0.0,875.8298789999999,5.15800836,17.1,17.7,6.0,0.0,0.0,0.0,1.0268205404281616,21.770000457763672,9534.641666666666,2713.866666666667,19413.920833333334,1271.2041666666669,21779.21914893617,13765.3875,598.0659574468085,183.8,511.325,597.2624999999999,16976.4875,4016.4875,-5574.7625,17094.641666666666,169364.32826086954,85653.2375,603.1666666666666,8223.203846153845,70.68297872340425,42.59777777777778,118202.69347826087,10247.183333333332,2482.016666666667,10578.825,39451.36170212766,89.56041666666665
2025-01-06,14.28499984741211,3.671999931335449,14.293988138078046,795.5522,3297.346666666667,76.839903,0.0,992.467617,11.27112,0.0,3955.1463656,0.0,804.716992,14.31500744,10.9,10.7,4.4,0.0,0.0,0.0,1.030534744262695,20.51000022888184,9179.7625,124.03333333333332,12367.35,1247.5541666666666,15790.523404255318,8984.741666666667,474.74042553191487,172.45416666666665,430.5,22.041666666666668,17350.316666666666,3307.35,-9056.354166666666,15458.866666666669,153207.67500000002,78088.2375,601.6999999999999,8659.18076923077,91.16808510638296,62.75957446808511,91220.06458333333,8853.233333333334,2349.633333333333,13718.075,51780.72978723404,24.811666666666667
2025-01-07,14.270000457763672,3.4489998817443848,14.45142591983057,789.9662,3313.7955555555554,91.608025,0.0,981.646335,10.973723,0.0,3746.3269266,0.0,727.304854,14.81698802,12.6,15.6,4.300000000000001,0.0,0.0,0.0,1.0386372804641724,21.700000762939453,9385.2,1426.2270833333332,17047.075,1130.3041666666666,20990.572340425533,12874.658333333333,503.9170212765957,145.1625,356.15000000000003,22.08333333333333,18317.5625,5312.145833333333,-5721.033333333333,15085.783333333333,180269.3911111111,84324.61666666667,551.3291666666667,7997.444444444444,78.94893617021276,47.13409090909091,115724.58222222222,9532.5375,2317.8541666666665,11365.741666666669,51155.56382978724,60.45625
2025-01-08,14.225000381469728,3.651000022888184,13.813965232212858,783.1577,3330.2444444444445,92.889342,0.0,979.570885,16.470457,0.0,3606.1410395,0.0,742.232913,31.97299031,16.4,17.4,6.5,0.0,0.0,0.0,1.034554123878479,19.89999961853028,9817.045833333334,3093.004166666667,21888.4,1130.2833333333333,25418.43829787234,18653.64583333333,597.3531914893616,208.65833333333333,451.0875,22.7,19368.02083333333,5087.066666666667,-5104.462500000001,16999.045833333334,176073.9723404255,87454.24583333333,563.0958333333334,7643.203846153846,36.98723404255319,25.747826086956525,127060.12127659576,8881.633333333333,2496.204166666667,8809.958333333334,39980.231914893615,105.79375
2025-01-09,14.1899995803833,3.700999975204468,13.599867662403051,776.2323,3346.693333333333,90.564957,0.0,984.712305,16.399403,0.0,3649.1437373,0.0,751.694587,20.27199285,17.4,17.0,5.0,0.0,0.0,0.0,1.0314701795578003,19.799999237060547,10207.308333333332,4027.9375,23883.61666666667,1075.6666666666667,27179.972916666666,20095.4875,614.63125,288.45416666666665,535.6291666666667,21.67083333333333,20444.304166666665,5749.141666666666,-4792.091666666666,19898.366666666665,214980.5710526316,85573.13333333333,581.0083333333333,5432.92972972973,50.06875,33.36842105263158,166162.6552631579,9098.0,2648.5750000000003,6122.466666666667,31053.73958333333,120.8375
2025-01-10,14.154999732971191,3.989000082015991,13.58365855432363,769.1,3363.1422222222222,90.51086,0.0,984.919713,16.405582,0.0,3505.0570361,0.0,760.871659,16.6419958,17.4,18.7,5.1,0.0,0.0,0.0,1.0297601222991943,19.280000686645508,10181.791666666666,5076.2375,22563.141666666663,1095.4916666666666,26302.222916666666,18715.783333333333,569.6479166666667,292.75416666666666,472.2125,23.22083333333333,21731.429166666665,5996.179166666666,-3766.7,21147.44583333333,344101.4166666667,85979.41666666667,566.7041666666667,4316.589583333333,85.08749999999999,40.704166666666666,259665.44166666665,9847.495833333332,2664.3,6991.875,34227.29583333333,113.33791666666669
2025-01-13,14.140000343322754,3.934000015258789,14.49022639711001,745.7851,3379.591111111111,104.950953,0.0,972.529117,16.435275,0.0,3878.6930468,0.0,778.177662,17.62901006,21.5,14.7,11.6,0.0,0.0,0.0,1.0244431495666504,17.479999542236328,9739.991666666669,1165.89375,24542.729166666668,1128.6916666666666,32747.75208333333,20481.0125,740.2083333333334,238.9333333333333,250.91666666666663,22.870833333333334,20513.975,7534.358333333334,-2832.208333333333,16574.958333333332,358256.3541666667,86603.47499999999,555.1541666666667,3817.491666666667,96.91041666666666,36.77916666666667,274769.9875,15204.6125,2542.6625,8076.95,30681.158333333336,128.95125
2025-01-14,14.135000228881836,3.9679999351501465,14.124350964416411,736.2443,3396.04,81.702118,0.0,964.822293,16.475718,0.0,3818.4944749,0.0,817.262929,9.9029889,19.5,12.8,11.8,0.0,0.0,0.0,1.026525378227234,17.149999618530273,9645.395833333334,-161.55416666666667,24334.845833333336,1130.9291666666666,35617.54583333333,20411.504166666666,985.7395833333334,172.22916666666666,161.10416666666666,49.84166666666666,20335.716666666667,6610.741666666666,-3900.0625,18102.704166666663,367521.37916666665,86838.3125,572.4625,4213.608333333334,79.71875,37.4875,279731.85000000003,15078.808333333334,2439.8625,10524.658333333333,31366.735416666663,126.89666666666666
2025-01-15,14.128999710083008,4.083000183105469,14.19938744321709,727.0225,3412.488888888889,66.687112,0.0,971.094641,16.452274,0.0,3718.653583,0.0,794.0260040000001,6.411003900000001,15.3,9.4,14.5,0.0,0.0,0.0,1.030683517456055,18.32999992370605,10049.658333333333,2431.1583333333333,27009.3125,1293.7208333333333,42982.03125,22586.670833333334,712.5104166666666,467.0833333333333,214.625,49.06666666666666,21016.170833333334,8478.887499999999,-3125.6041666666665,18217.454166666663,361245.9708333334,88362.54166666667,609.9958333333333,4397.352083333333,83.38333333333334,28.854166666666668,308473.5833333333,11653.108333333332,2455.9875,2123.275,19904.291666666668,222.9333333333333
2025-01-16,13.744999885559082,4.257999897003174,13.95262347466355,717.9908,3428.9377777777777,57.131493,0.0,961.783861,16.425927,0.0,3742.8117838,0.0,794.750033,21.58199429,15.9,10.6,12.0,0.0,0.0,0.0,1.0295268297195437,18.690000534057617,9743.779166666667,1374.1291666666666,26049.55833333333,1164.7708333333333,41428.73125,20402.858333333334,472.4979166666667,175.97916666666666,181.8625,49.075,19642.275,7052.075,-3729.6,15285.241666666669,358705.8625,88664.4375,595.1666666666666,4195.739583333333,95.82708333333332,31.525,291893.25833333336,11971.958333333334,2488.9333333333334,6054.241666666666,24966.2625,147.79375000000002
2025-01-17,13.779999732971191,3.947999954223633,14.156727412130506,708.3038,3445.3866666666668,54.609453,0.0,949.608003,16.427413,0.0,3727.4471431,0.0,790.512322,9.13099842,18.4,12.7,10.5,0.0,0.0,0.0,1.0301949977874756,21.64999961853028,9781.45,1251.5854166666666,25395.566666666666,1320.7458333333334,40046.35,20624.9875,589.6083333333333,163.19166666666666,191.65416666666667,49.71666666666667,19940.9,8487.520833333334,-3002.3250000000003,17194.858333333334,358402.95,88817.11666666665,594.4166666666666,4256.477083333333,97.37083333333334,31.48333333333333,294236.325,13238.958333333334,2537.4625,5412.525000000001,23322.285416666666,146.58583333333334
2025-01-21,14.40999984741211,3.75600004196167,15.278882895403862,670.1575,3461.8355555555554,52.433729,0.0,964.708074,10.98374,0.0,3899.1819229,0.0,834.278177,7.55500594,19.7,15.7,8.9,0.0,0.0,0.0,1.0420682430267334,21.770000457763672,10685.545833333334,3081.308333333333,27082.6375,1240.9125,45260.29791666666,23377.6125,717.9875000000001,506.9125,394.9958333333333,49.4625,19310.920833333334,7828.087500000001,-4381.9,21010.0125,360401.2958333333,88128.80833333333,638.9208333333333,4869.4875,40.177083333333336,27.64583333333333,313216.44166666665,9813.8875,2202.179166666667,6909.900000000001,15299.622916666667,168.47625
2025-01-22,14.114999771118164,3.9600000381469727,14.857430472495018,661.0187,3478.2844444444445,58.467489,0.0,974.316146,10.964699,0.0,3897.7740511,0.0,902.521653,0.0,18.4,14.8,9.3,0.0,0.0,0.0,1.040593504905701,21.51000022888184,10298.0625,4079.5770833333336,26602.941666666666,1253.2958333333331,40145.1,23727.225,641.2854166666667,387.7291666666667,447.7458333333333,48.62916666666666,19311.916666666668,6297.1375,-3888.304166666667,21973.88333333333,351523.3125,88004.33333333333,631.1583333333333,4933.641666666666,22.379166666666663,30.266666666666666,298218.0,10088.15,2117.975,3095.6041666666665,20075.00625,160.85291666666666
2025-01-23,13.975000381469728,3.944999933242798,14.987640462580044,654.326,3494.733333333333,59.17558,0.0,980.155572,11.007175,0.0,3871.9031197,0.0,881.886868,17.003999699999998,16.3,13.4,4.699999999999999,0.0,0.0,0.0,1.0410159826278689,30.020000457763672,9762.104166666666,4127.7,23437.904166666664,1136.85,28067.3625,18858.0,522.2416666666667,286.08750000000003,396.20416666666665,47.8375,18871.5375,4629.129166666667,-4393.316666666667,20594.766666666663,346536.075,87585.62083333333,616.8375,4772.197916666667,93.47291666666666,39.775,258957.3958333333,10821.675,2052.804166666667,11986.7375,32804.90625,102.07458333333334
2025-01-24,14.109999656677246,4.026999950408936,15.172825124480733,648.7325,3511.182222222222,62.60097,0.0,982.128343,10.969403,0.0,3892.1705703,0.0,869.553426,15.87300869,13.8,9.1,5.800000000000001,0.0,0.0,0.0,1.041601538658142,45.310001373291016,9400.791666666666,2888.6083333333336,17836.875,1190.3291666666669,23316.354166666668,14319.7875,493.13958333333335,248.5125,249.86666666666667,47.458333333333336,18384.804166666665,4091.4875,-5756.425,18438.9125,339032.95416666666,87297.18333333333,568.8708333333333,4593.2375,72.6375,46.47083333333333,229065.02916666667,12324.120833333334,2023.7458333333327,14380.758333333331,41829.302083333336,78.48333333333333
2025-01-27,14.020000457763672,3.697000026702881,14.683458991251843,636.1765,3527.631111111111,59.582789,0.0,989.889018,16.371776,0.0,3750.7187133,0.0,837.739202,17.16699751,10.5,10.4,5.1,0.0,0.0,0.0,1.0467586517333984,46.97999954223633,9233.925,3133.6395833333336,16354.6625,1247.8625,20167.17659574468,12236.529166666667,557.4425531914893,269.43333333333334,261.7333333333333,46.84166666666667,18397.58333333333,4658.224999999999,-8059.512500000001,16389.891666666666,329780.2166666667,76331.15833333334,591.9166666666666,5030.104255319149,69.96808510638297,52.2875,204112.74166666667,11786.979166666666,2111.108333333333,14808.920833333332,50724.60425531914,61.70583333333334
2025-01-28,13.984999656677246,3.470999956130981,14.762683789706433,631.7825,3544.08,50.343717,0.0,992.58016,16.405616,0.0,3751.292597,0.0,791.761931,22.56900901,11.1,9.6,4.0,0.0,0.0,0.0,1.0445064306259155,52.33000183105469,9514.5875,4350.941666666667,21736.116666666665,1129.8,19905.38333333333,14869.8125,492.9479166666667,200.1708333333333,241.9416666666667,47.4625,20424.904166666667,5501.033333333333,-6144.462500000001,19274.554166666665,332850.31666666665,78639.59166666666,598.6458333333334,4884.25625,75.45625,48.06666666666666,224660.45,11889.683333333334,2116.9333333333334,14117.729166666666,41246.925,106.82416666666668
2025-01-29,14.295000076293944,3.5350000858306885,15.636240050596523,627.1476,3560.528888888889,52.754084,0.0,990.286858,16.393542,0.0,3713.6698534,0.0,820.569722,24.23799973,12.5,12.0,7.300000000000001,0.0,0.0,0.0,1.04290509223938,33.619998931884766,9780.716666666667,4698.845833333334,20685.795833333334,1092.2416666666666,22071.7125,14905.195833333331,615.3166666666667,162.16666666666666,284.65416666666664,47.3,21377.58333333333,5770.724999999999,-5989.741666666666,19612.604166666668,334580.92916666664,83498.59999999999,605.8666666666667,4615.629166666667,75.13125000000001,44.97916666666666,237240.61666666667,12354.954166666668,2224.0625,9324.154166666664,38034.7,108.33041666666666
2025-01-30,14.225000381469728,3.046999931335449,15.804697550213724,621.2845,3576.9777777777776,52.284977,0.0,987.385704,16.412135,0.0,3807.9538027,0.0,837.760998,5.43299589,12.8,13.4,9.5,0.0,0.0,0.0,1.0425245761871338,40.720001220703125,9764.4875,4184.389583333334,23495.041666666668,1104.675,27896.610416666663,18904.625,546.9645833333333,142.40416666666667,263.7666666666667,48.1125,21466.30833333333,5403.2,-4358.879166666667,18707.908333333333,334979.42916666664,85288.77916666666,604.5124999999999,3848.902083333333,69.88125000000001,39.1625,255844.8916666667,15273.679166666669,2167.766666666667,8529.725,27874.975,132.68125
2025-01-31,14.4399995803833,3.0439999103546143,16.2227418236574,614.9951,3593.4266666666667,54.85645,0.0,990.269482,16.410993,0.0,3800.939159,0.0,855.8361669999999,20.91399389,14.0,12.8,8.4,0.0,0.0,0.0,1.0397279262542725,37.560001373291016,9954.891666666666,4618.60625,24671.1625,1133.9375,31022.93125,20200.175,517.7666666666667,159.70416666666668,300.0708333333333,48.45,22754.9625,6291.175,-4421.3625,19096.670833333334,335850.7625,85320.94166666667,664.5833333333334,4279.852083333333,63.5,35.5625,269933.7708333333,17368.6875,2232.425,5264.079166666666,21855.86875,141.72291666666666
2025-02-03,14.404999732971191,3.351999998092652,16.15679103197463,596.4551,3609.8755555555554,74.764005,0.0,998.766182,16.406814,0.0,3811.0256937,0.0,894.614824,23.42198147,17.7,13.9,8.4,0.0,0.0,0.0,1.024779200553894,30.88999938964844,9817.445833333331,2617.1479166666663,26549.016666666663,1252.3416666666667,36264.125,21240.64583333333,450.3458333333333,282.84583333333336,380.76666666666665,20.129166666666663,21942.475,7487.866666666666,-3035.741666666667,23298.220833333336,343230.6583333333,84090.11666666667,626.4708333333333,5328.589583333333,96.89583333333331,30.275,295724.8,19782.4375,2379.983333333333,3510.754166666667,12713.7375,154.62708333333333
2025-02-04,14.494999885559082,3.253000020980835,15.753792503800712,588.7587,3626.3244444444445,63.715519,0.0,992.665879,16.388874,0.0,3626.4176024,0.0,938.87085,16.59700026,18.6,9.8,9.5,0.0,0.0,0.0,1.0327378511428833,30.1200008392334,9701.791666666666,2298.8541666666665,25751.191666666666,1050.8208333333334,35411.45319148936,21323.795833333334,543.4787234042553,320.5125,283.05,21.725,21601.2,6931.120833333333,-3284.616666666667,21991.55,352034.99583333335,82794.68333333333,601.2125,4664.046808510638,87.76595744680851,34.079166666666666,286456.3416666667,20347.24583333333,2560.1375000000003,11675.091666666667,17517.28510638298,141.62208333333334
2025-02-05,14.43000030517578,3.359999895095825,16.245650654734483,580.9442,3642.773333333333,61.282587,0.0,991.0659,10.917235,0.0,2469.4534935,0.0,927.4923,52.06400741,17.6,12.1,10.3,0.0,0.0,0.0,1.0372798442840576,32.63999938964844,9239.725,1922.9291666666668,25128.83333333333,1034.15,34590.84375,21886.74583333333,575.7958333333333,367.5125,223.9583333333333,23.570833333333336,20172.375,6704.366666666666,-3928.4375,19306.679166666665,348488.8125,82558.35833333334,584.3666666666667,4455.09375,68.37083333333334,35.2125,276309.4083333333,21020.37083333333,2538.2458333333334,6155.795833333334,22720.45833333333,142.61625
2025-02-06,14.515000343322754,3.407999992370605,16.613922258284912,573.5181,3659.222222222222,53.127722,0.0,987.746083,11.021711,0.0,3811.9609063,0.0,904.829199,77.41998695000001,14.9,14.1,10.3,0.0,0.0,0.0,1.0400848388671875,29.64999961853028,9506.091666666667,2978.4791666666665,25541.4625,998.0541666666668,36892.70625,23296.0625,507.56666666666666,401.3083333333333,337.2083333333333,22.9,20261.858333333334,6772.212500000001,-2618.554166666667,19556.02083333333,347714.7375,81589.02500000001,623.35,4786.110416666666,79.32708333333333,32.8125,284342.7916666667,18046.9,2574.8416666666667,6631.212500000001,19674.68333333333,149.77124999999998
2025-02-07,14.725000381469728,3.309000015258789,16.961423725055923,567.0671,3675.671111111111,52.580527,0.0,986.409527,10.911925,0.0,3848.8127464,0.0,929.03014,79.45818422,16.1,14.6,9.6,0.0,0.0,0.0,1.0385725498199463,33.81999969482422,9363.416666666666,3632.741666666667,23348.0125,1208.9708333333333,25710.78125,19652.479166666668,455.5208333333333,354.2916666666667,266.28333333333336,23.075,19731.8375,4689.05,-4701.020833333333,20994.25833333333,350338.60000000003,80790.85833333332,565.1625,5259.83125,77.23958333333333,44.270833333333336,246772.0,13971.158333333333,2609.7625000000003,15289.729166666666,37408.39791666667,119.31375
2025-02-10,14.789999961853027,3.444000005722046,17.540326330192013,549.5508,3692.12,78.803383,0.0,984.593093,5.486188,0.0,3868.495445,0.0,901.316812,95.78671672,18.0,14.4,8.5,0.0,0.0,0.0,1.0311616659164429,30.56999969482422,9835.504166666668,2765.210416666667,22731.841666666664,1168.4208333333331,30021.01063829788,20899.2,521.2085106382979,417.0083333333334,378.82916666666665,23.0875,19627.375,6187.170833333334,-2704.733333333333,21319.225,343859.29583333334,81564.34583333334,630.1,5238.195744680851,76.24255319148936,38.72083333333333,263079.8125,17671.412500000002,2610.15,13821.7625,25463.35106382979,120.12166666666668
2025-02-11,14.890000343322754,3.5190000534057617,17.44073609166366,542.1501,3708.568888888889,78.227873,0.0,985.869285,5.475506,0.0,3727.7800165,0.0,907.853849,100.8424381,18.6,14.3,8.7,0.0,0.0,0.0,1.0301525592803955,28.450000762939453,9783.1375,2669.1291666666666,22100.8625,1193.5208333333333,33376.887500000004,22230.18333333333,522.1145833333334,432.01666666666665,300.2,22.854166666666668,19329.254166666666,6150.4375,-3437.775,21990.725,350887.8208333333,81517.52916666666,632.6625,4551.964583333333,79.61458333333333,38.47083333333333,269265.075,17039.516666666666,2561.295833333333,8706.9625,28268.41458333333,122.16625
2025-02-12,14.920000076293944,3.565000057220459,16.908659383221977,534.5067,3725.0177777777776,73.273255,0.0,1001.500187,5.459581,0.0,3654.7077302,0.0,907.861338,111.77488354,20.5,13.6,6.9,0.0,0.0,0.0,1.0364949703216553,26.46999931335449,10089.733333333334,3514.3250000000003,24112.5,1295.1708333333331,37213.34375,23733.954166666663,526.9250000000001,608.65,397.7291666666667,22.225,19539.20833333333,6575.1125,-3751.6375,22492.691666666666,348867.97500000003,82163.2625,619.6833333333333,4578.1875,84.20416666666667,33.666666666666664,285588.63333333336,15096.433333333334,2550.920833333333,8115.629166666667,20455.1,154.79125
2025-02-13,14.9350004196167,3.628000020980835,15.649807433427211,526.7548,3741.4666666666667,76.170873,0.0,993.721619,10.908143,0.0,3553.8142323,0.0,907.285817,144.42704095,19.5,14.6,6.9,0.0,0.0,0.0,1.039198637008667,24.84000015258789,10390.416666666666,3691.7395833333335,24738.70833333333,1439.1333333333332,39152.20208333333,24348.954166666663,588.6687499999999,682.0666666666667,402.0291666666667,22.77083333333333,19961.675,7394.479166666667,-3440.7125,24733.033333333336,348216.325,82926.14166666666,655.35,5020.45,85.17708333333333,30.504166666666663,298580.0208333333,14042.741666666669,2617.304166666667,6431.583333333333,15112.202083333332,172.07666666666668
2025-02-14,14.949999809265137,3.724999904632568,15.540737037077603,518.7511,3757.9155555555553,64.863881,0.0,995.976186,10.933928,0.0,3657.099544,0.0,908.921137,119.46262785,18.5,15.5,6.6,0.0,0.0,0.0,1.0461673736572266,25.14999961853028,10536.083333333334,1824.6375,24387.408333333336,1428.8083333333334,39285.525,23325.33333333333,526.6333333333333,702.1999999999999,444.2,23.825,20467.70833333333,6705.358333333334,-4274.479166666667,23793.654166666664,343392.1666666667,83525.35416666667,693.6875,5123.841666666666,86.89791666666667,30.59583333333333,294927.12916666665,16032.779166666667,2552.329166666667,2435.429166666667,15468.852083333331,178.98083333333332
2025-02-18,14.550000190734863,4.006999969482422,15.12419040576679,488.8154,3774.3644444444444,0.0,0.0,995.898034,16.378386,0.0,3765.2268449,0.0,927.837419,119.71872233,25.4,15.6,9.3,0.0,0.0,0.0,1.048536777496338,24.700000762939453,10066.7125,2169.54375,26145.954166666663,1317.6666666666667,33037.09375,21602.95,522.96875,524.125,289.125,23.59583333333333,18116.004166666666,5876.345833333333,-3970.9583333333335,19802.9125,350194.2916666667,82767.325,623.0749999999999,5811.904166666667,98.55208333333331,35.6375,274265.925,24525.50833333333,2395.391666666667,6387.829166666666,23178.9875,131.27083333333334
2025-02-19,14.114999771118164,4.28000020980835,14.77955963131709,481.3207,3790.813333333333,0.0,0.0,992.056992,16.382718,0.0,3689.0899146,0.0,927.126674,140.67644392,24.5,13.5,8.7,0.0,0.0,0.0,1.044833779335022,24.600000381469727,10241.554166666669,3339.99375,24426.858333333334,1254.0125,30735.029787234045,21019.1625,540.0468085106384,557.8916666666667,399.6833333333333,23.816666666666663,18189.24583333333,5849.941666666667,-4606.991666666667,21899.454166666663,347580.47500000003,82384.58750000001,629.7916666666666,5692.346808510638,95.4063829787234,38.704166666666666,264665.8541666667,25963.02083333333,2409.3541666666665,10534.220833333333,24264.797872340427,110.06416666666668
2025-02-20,14.25,4.151999950408936,14.505726819048762,475.1908,3807.262222222222,0.0,0.0,991.723089,16.348361,0.0,3733.7079829,0.0,904.580132,125.05887055,21.4,7.0,6.800000000000001,0.0,0.0,0.0,1.0421009063720703,22.68000030517578,9943.2125,2582.927083333333,23462.025,1363.5416666666667,26495.46875,19380.979166666668,493.1875,541.3333333333334,287.5,22.65833333333333,16948.212499999998,5613.529166666667,-4552.341666666666,18251.775,340801.7125,80313.97916666667,668.8375,4780.047916666666,101.31458333333336,41.954166666666666,244298.56666666665,25157.6625,2457.0958333333333,14340.916666666666,29163.10208333333,94.505
2025-02-21,14.175000190734863,4.234000205993652,14.52444400352219,470.9645,3823.7111111111108,0.0,0.0,978.306887,16.396577,0.0,3695.3409478,0.0,891.154477,152.79640061,15.9,5.300000000000001,8.2,0.0,0.0,0.0,1.050056219100952,23.63999938964844,9714.583333333334,2085.0729166666665,21479.9625,1216.4833333333331,21882.11458333333,14617.2,490.9458333333334,238.17916666666667,214.13333333333333,22.1625,15137.475,3894.2333333333336,-6303.175,13755.2,327308.2375,78853.32916666666,602.5,4944.216666666666,99.08958333333334,46.34583333333333,215601.65,22384.720833333336,2485.1,14856.104166666666,37760.864583333336,89.77666666666666
2025-02-24,14.335000038146973,3.99399995803833,14.473185805654298,462.4161,3840.16,53.797643,0.0,997.196729,16.360926,0.0,3699.2494197,0.0,882.6717140000001,154.42562336999998,12.2,7.5,7.1,0.0,0.0,0.0,1.0474823713302612,24.76000022888184,9571.333333333334,1304.69375,22033.979166666668,958.9416666666666,24406.55208333333,14803.858333333332,396.3375,280.74583333333334,193.16666666666663,22.075,15185.75,4057.379166666667,-5805.025000000001,13853.220833333333,161443.43541666667,77349.25,538.4333333333333,4621.395833333333,91.55,70.6625,108892.43958333333,19768.716666666667,2547.9,15350.908333333333,34991.16458333334,91.8725
2025-02-25,13.854999542236328,4.173999786376953,13.579818955959116,458.2085,3856.608888888889,63.656372,0.0,990.887707,16.375998,0.0,3763.4069235,0.0,857.195839,162.20457557,9.8,9.9,5.9,0.0,0.0,0.0,1.0461344718933103,23.549999237060547,9735.091666666667,2530.141666666667,26454.966666666664,931.0416666666666,31555.475,18860.3375,513.30625,261.85,236.8625,21.29583333333333,16355.025,6074.079166666666,-4137.683333333333,17497.533333333333,162688.96875,79723.28333333334,581.7375000000001,4467.683333333333,77.71458333333334,50.8125,129423.89166666666,18120.02083333333,2735.9833333333336,4343.6875,22033.21875,141.10583333333332
2025-02-26,13.489999771118164,3.9059998989105225,12.749829568588504,453.7938,3873.0577777777776,51.704149,0.0,985.196502,16.337077,0.0,3807.0585965,0.0,864.102941,162.14924605,12.2,12.5,5.9,0.0,0.0,0.0,1.0524100065231323,22.479999542236328,9685.445833333331,3456.6895833333333,26749.95,843.4416666666666,32508.4,19859.866666666665,458.1354166666667,404.3875,238.3958333333333,20.633333333333333,17544.083333333332,6108.1375,-4761.037499999999,20003.504166666666,163946.44375,80103.00416666667,675.8333333333334,5180.583333333333,79.91458333333334,54.645833333333336,132763.39375000002,20484.39583333333,2659.55,4626.491666666667,18627.60208333333,134.79875
2025-02-27,13.984999656677246,3.934000015258789,13.811862867194597,448.9954,3889.5066666666667,47.45809,0.0,974.14682,16.333077,0.0,3750.2538547,0.0,829.5497399999999,175.42587908,12.0,12.4,7.300000000000001,0.0,0.0,0.0,1.0488777160644531,21.89999961853028,9878.825,1522.9416666666666,26452.05,951.375,33263.379166666666,19489.304166666665,551.4375,337.37916666666666,269.8125,21.8125,18381.6,5975.766666666666,-3251.379166666667,21480.9875,164664.88333333333,81020.49583333333,637.7916666666666,5021.66875,48.28125,27.610416666666666,137719.47708333333,20262.52083333333,2637.0416666666665,5304.25,14162.01875,126.615
2025-02-28,13.850000381469728,3.8340001106262207,13.502685419240343,438.9787,3905.9555555555553,40.606456,0.0,981.812637,16.405348,0.0,3732.6016083,0.0,859.123076,169.64159809,14.6,13.3,7.300000000000001,0.0,0.0,0.0,1.039511799812317,18.38999938964844,10004.6875,3075.65625,26488.1625,898.0333333333333,32644.097916666666,19380.625,797.3895833333332,313.78333333333336,347.37083333333334,22.075,18252.741666666665,5970.416666666667,-2906.7041666666664,19717.066666666666,162347.82499999998,80429.07083333333,698.1458333333334,5288.372916666666,76.25416666666666,53.0625,134908.06666666668,20119.441666666666,2698.5,3487.475,15636.289583333331,129.30291666666668
2025-03-03,13.96500015258789,4.122000217437744,13.799568466200142,431.3648,3922.4044444444444,91.837931,0.0,965.052782,10.916164,0.0,3763.4602826,0.0,880.967433,153.82431521,12.6,13.7,7.9,0.0,0.0,0.0,1.0413846969604492,18.21999931335449,9678.270833333334,1746.9708333333335,20965.045833333334,1198.4083333333333,23800.072916666668,15020.970833333333,798.0500000000001,158.54166666666666,195.3958333333333,21.008333333333333,15602.875,6938.354166666667,-3741.804166666667,14833.5875,160068.61041666666,76833.03749999999,665.375,4730.747916666666,81.10416666666667,56.114583333333336,111504.06458333333,30645.295833333334,2543.5041666666666,7775.425,29354.189583333336,106.99041666666666
2025-03-04,13.829999923706056,4.349999904632568,13.356438455296225,427.7832,3938.853333333333,92.391712,0.0,971.032558,21.762407,0.0,3779.6270973,0.0,916.197603,162.71747003,13.3,12.7,8.5,0.0,0.0,0.0,1.0485037565231323,18.6200008392334,9640.15,874.0,20346.25,752.5166666666668,24110.48125,14498.654166666667,698.5375,145.15416666666667,205.97916666666663,21.0,15804.708333333334,6497.025000000001,-4455.962500000001,16102.75,160635.38333333333,77615.65833333334,619.9916666666667,4856.566666666667,94.79375,79.13541666666667,112336.35625,33485.637500000004,2455.7875,7892.666666666667,27609.877083333336,106.47666666666667
2025-03-05,13.729999542236328,4.449999809265137,12.928054710591333,424.9037,3955.302222222222,93.863111,0.0,968.11466,21.802346,0.0,3715.2464978,0.0,826.40884,162.67770382,11.3,11.6,7.800000000000001,0.0,0.0,0.0,1.062699317932129,17.829999923706055,9399.325,82.41458333333338,17436.991666666665,748.6041666666666,21619.05208333333,12893.629166666666,681.05625,143.03333333333333,205.05416666666667,21.34166666666667,15561.895833333334,6140.683333333333,-4780.8,14972.05,159712.35624999998,77282.125,697.3541666666666,4909.579166666666,100.31666666666666,90.27083333333331,105190.72916666669,34072.23333333333,2382.204166666667,9420.925,32775.04583333333,78.2975
2025-03-06,13.6899995803833,4.302000045776367,12.098431357998985,422.754,3971.7511111111107,103.318938,0.0,967.09671,27.29091,0.0,3706.6672243,0.0,831.15076,127.82950741,10.4,8.6,7.4,0.0,0.0,0.0,1.0794938802719116,17.239999771118164,9596.0,2192.958333333333,18844.791666666668,753.2541666666666,20784.55,14005.6625,717.3729166666667,144.20000000000002,224.27916666666667,20.929166666666667,15547.970833333333,6103.658333333333,-6002.370833333333,15897.820833333331,158729.99574468084,76325.0,678.7624999999999,4914.883333333333,96.47083333333336,83.26170212765958,107380.15744680852,36296.32916666667,2087.958333333333,7806.816666666667,28255.69375,90.08458333333334
2025-03-07,13.760000228881836,4.39900016784668,12.637902534782766,420.9982,3988.2,94.90623,0.0,955.94192,27.304443,0.0,3799.3590414,0.0,830.44606,132.54262273,9.6,5.800000000000001,6.9,0.0,0.0,0.0,1.0787951946258545,18.13999938964844,9621.075,2330.6625,20298.45,724.0916666666667,22406.71875,14381.0,702.2520833333333,264.6083333333333,300.875,21.016666666666666,15305.291666666666,6159.3875,-5835.400000000001,16593.908333333333,151506.84375,75645.73333333334,700.4541666666668,5244.991666666667,53.09166666666667,34.447916666666664,109470.12083333332,33582.27916666667,2253.0291666666667,4715.241666666667,22887.952083333334,105.43874999999998
2025-03-10,13.760000228881836,4.491000175476074,13.124383552846195,418.3344,4096.9,79.17873,0.0,863.356417,76.365531,0.0,3745.4536851,0.0,799.082613,98.16608542,10.5,8.8,2.9000000000000004,0.0,0.0,0.0,1.086059331893921,18.09000015258789,9769.125,3008.86875,19486.14583333333,772.0500000000001,25562.127659574468,15206.7875,687.3957446808511,296.3208333333333,350.5291666666667,20.7125,16581.245833333334,6520.474999999999,-3946.316666666667,20614.766666666663,157263.53043478262,77118.46250000001,706.1875,5536.54255319149,77.77234042553192,57.45333333333333,124611.49347826088,28305.43333333333,2727.8708333333334,2655.5916666666667,16180.017021276595,113.1725
2025-03-11,13.6899995803833,4.453000068664551,13.56831562915056,415.2955,4268.3,50.568458,0.0,944.406702,76.486416,0.0,3725.7166041,0.0,845.141147,87.42000682,13.2,11.5,3.4000000000000004,0.0,0.0,0.0,1.0839403867721558,20.8700008392334,9940.583333333334,3054.097916666667,22132.3,750.4916666666667,29285.51875,17513.270833333332,641.8000000000001,309.68333333333334,405.75416666666666,21.025,17336.033333333333,6414.183333333333,-4146.395833333333,20870.27083333333,155895.40416666667,76119.83333333333,718.1,5089.45625,65.77916666666667,43.09375,126947.14583333331,23562.0375,2698.0125000000003,5043.925,14645.275,125.18666666666668
2025-03-12,13.6850004196167,4.084000110626221,13.516043030095789,411.4892,4260.1,51.256475,0.0,947.533639,70.961131,0.0,3676.3710825,0.0,812.574558,92.32794057,12.8,13.6,4.4,0.0,0.0,0.0,1.0914170742034912,20.280000686645508,10303.175,2706.0583333333334,23558.9375,757.5333333333333,32248.32083333333,17715.524999999998,719.0500000000001,425.7833333333333,437.9083333333333,20.925,18480.029166666667,6343.925,-3857.775,22182.39583333333,162269.39574468083,76381.15000000001,685.875,5409.547916666666,82.14791666666666,62.748936170212765,136084.23191489364,19028.81666666667,2680.208333333333,2520.679166666667,14886.83125,125.15375
2025-03-13,13.664999961853027,4.111000061035156,13.424672862388322,407.403,4236.5,47.340818,0.0,946.488676,81.930661,0.0,3885.7836083,0.0,814.5632599999999,82.5030733,13.7,14.3,4.6,0.0,0.0,0.0,1.0886249542236328,22.290000915527344,10509.8625,3530.9083333333333,23968.24583333333,923.575,30760.95833333333,17728.1375,698.05625,339.80833333333334,442.2166666666667,20.20833333333333,19354.55833333333,6677.0625,-3116.054166666667,22037.854166666668,161151.65625,77107.72499999999,749.5875,5272.5,47.60208333333333,31.51875,132427.55625,19053.291666666668,2633.7541666666666,4906.658333333334,16744.122916666667,125.16458333333333
2025-03-14,13.644000053405762,4.104000091552734,13.455014163735484,403.8625,4181.0,50.825504,0.0,957.046367,81.938905,0.0,3839.6967956,0.0,795.866713,68.18100003,13.7,14.4,2.1,0.0,0.0,0.0,1.085564136505127,18.959999084472656,10298.904166666667,3846.064583333333,23730.854166666668,1101.5375,28937.18333333333,17615.633333333335,683.2708333333334,312.2958333333333,432.7708333333333,20.695833333333333,19731.720833333333,5980.954166666666,-4042.783333333333,19343.545833333334,162016.77291666667,78292.88333333333,722.1208333333334,5768.182978723404,45.67916666666667,31.48125,128660.98125,23112.454166666663,2695.65,4727.608333333334,19435.74583333333,121.36208333333332
2025-03-17,13.18000030517578,4.01800012588501,13.154479502380209,395.917,4642.1,86.455258,0.0,935.008371,71.208813,0.0,3808.3912919,0.0,827.7518210000001,81.22499129,15.6,12.2,8.6,0.0,0.0,0.0,1.0881274938583374,19.309999465942383,9718.216666666667,3747.1395833333336,19697.95833333333,939.3208333333332,21687.88333333333,14075.216666666667,720.3458333333333,262.0083333333333,320.32916666666665,23.15,18818.375,7192.837500000001,-4234.787499999999,17026.079166666666,316295.3458333333,76576.01666666666,714.5208333333334,5571.20625,62.96875,44.49583333333334,222524.975,33052.86666666666,2510.508333333333,6592.025000000001,27246.37083333333,99.69833333333334
2025-03-18,13.104999542236328,4.052000045776367,13.042527649585066,392.6969,4674.5,88.431357,0.0,952.980754,71.189243,0.0,3610.3680382,0.0,836.037957,78.55007593,16.4,12.3,8.5,0.0,0.0,0.0,1.091917634010315,19.18000030517578,9565.045833333334,3755.26875,19372.629166666666,945.1041666666666,21221.345833333333,15585.491666666669,584.6708333333333,202.94583333333333,244.99166666666667,23.245833333333334,17941.483333333334,6154.708333333333,-5699.783333333333,14876.6375,316559.05416666664,74465.5625,683.0458333333332,5660.306250000001,77.73125,46.09583333333333,214258.9375,37688.84583333333,2478.8875000000003,5173.295833333334,30045.74166666667,90.77333333333333
2025-03-19,13.755000114440918,4.247000217437744,13.900388529691954,390.0038,4519.1,93.030032,0.0,922.254498,60.343191,0.0,3621.0738826,0.0,825.785471,76.50096778,14.4,9.5,9.5,0.0,0.0,0.0,1.093948245048523,18.56999969482422,9346.45,2915.63125,20447.829166666663,887.2583333333333,23417.20425531915,15688.875,595.7234042553191,221.9333333333333,251.28333333333333,22.7875,17106.462499999998,5879.599999999999,-6230.016666666666,14975.508333333331,308202.37916666665,73433.13333333333,646.9875000000001,5638.346808510638,50.48085106382978,43.925,215487.675,41122.2625,2372.545833333333,1918.3041666666668,25455.774468085103,104.79916666666666
2025-03-20,13.529999732971191,3.974999904632568,13.705446036375816,388.3117,4437.1,96.700532,0.0,919.717078,60.47655,0.0,3694.2324517,0.0,785.54171,61.19308121,11.5,5.6,8.0,0.0,0.0,0.0,1.0911908149719238,18.36000061035156,9770.104166666666,3473.116666666667,21162.941666666666,972.4708333333332,22931.1625,15701.229166666666,675.8916666666667,350.2208333333333,364.1833333333333,19.891666666666666,17319.841666666667,6404.854166666667,-6384.900000000001,18011.883333333335,302765.575,72556.10833333334,709.65,5467.870833333333,72.38958333333333,42.25,221181.3333333333,38503.175,2208.65,2106.1625,20793.435416666667,108.62833333333332
2025-03-21,13.385000228881836,3.9800000190734863,13.556559135494112,387.9263,4443.2,87.74849,0.0,918.760693,38.476079,0.0,3673.9434052,0.0,826.0914419999999,72.20098721,9.3,4.9,5.9,0.0,0.0,0.0,1.0856702327728271,17.690000534057617,9637.2875,2709.422916666667,16435.7375,1012.6083333333332,18888.55833333333,11723.520833333334,663.6979166666666,356.4291666666666,359.9833333333333,19.5375,17273.524999999998,5621.920833333334,-6447.995833333333,17259.154166666667,297651.70416666666,69348.89166666668,668.6708333333333,5629.791666666667,91.27291666666667,48.88333333333333,196666.2458333333,34457.887500000004,2476.054166666667,9132.154166666667,29091.37083333333,69.43458333333334
2025-03-24,13.385000228881836,3.9140000343322754,13.575825524715798,387.7575,4371.9,80.017777,0.0,906.177052,27.413999,0.0,3700.3636763,0.0,823.322085,77.70399765,7.9,8.7,3.6,0.0,0.0,0.0,1.083576202392578,17.610000610351562,9600.975,3411.46875,22410.029166666664,1075.8708333333334,26030.997916666664,16414.5875,638.94375,238.05,289.8333333333333,22.17083333333333,18317.52083333333,6921.1375,-3805.404166666666,15530.775,198026.3333333333,74780.51666666666,635.2166666666667,6079.565789473684,64.94375000000001,46.672222222222224,157315.27500000002,27548.733333333334,2660.925,1606.9708333333335,16003.120833333334,129.53416666666666
2025-03-25,13.149999618530272,3.839999914169312,13.157747249904922,386.5285,4566.9,85.726206,0.0,913.988586,43.754022,0.0,3770.6250108,0.0,828.285488,75.28296596999999,9.3,7.9,5.1,0.0,0.0,0.0,1.0803569555282593,18.479999542236328,9553.1625,3692.372916666666,22176.05,1010.1,24251.98125,15464.541666666666,696.1895833333333,218.8083333333333,295.95,22.09583333333333,18376.204166666663,5395.483333333334,-5092.8,17638.458333333332,200998.35555555555,75111.3,643.675,6345.431428571429,50.90625,32.0,153418.575,30306.391666666663,2657.108333333333,6124.933333333333,17548.645833333332,111.73625
2025-03-26,13.199999809265137,3.861000061035156,12.921588024472982,385.3977,4556.5,90.531022,0.0,917.898886,49.298409,0.0,3821.9953583,0.0,823.847908,63.28943536,10.2,6.0,5.1,0.0,0.0,0.0,1.0787487030029297,16.770000457763672,9563.091666666667,3495.20625,23349.0625,981.2125,25474.99782608696,16265.775,739.8934782608695,303.4291666666667,351.9916666666666,22.35833333333333,18935.845833333333,6095.6125,-3953.825,18609.029166666667,154217.56170212766,74792.00416666667,625.1583333333333,7583.355555555556,78.69130434782609,54.99777777777778,120615.66382978724,26011.254166666666,2640.025,4084.7125,18646.68043478261,114.69666666666666
2025-03-27,13.175000190734863,3.950000047683716,12.971699865420412,384.8585,4597.6,86.848756,0.0,907.154705,49.296552,0.0,3749.0255769,0.0,826.891689,86.73428006,11.7,7.9,6.199999999999999,0.0,0.0,0.0,1.0742061138153076,17.15999984741211,9209.2375,3628.960416666667,22998.795833333334,990.4791666666666,21429.02340425532,14544.108333333332,653.2659574468086,246.9375,176.27916666666667,22.64583333333333,18403.075,5740.391666666666,-5233.370833333333,15785.441666666666,150877.36666666667,73431.25,633.5083333333333,9447.326923076924,96.06170212765956,89.83191489361703,109079.68541666667,34025.7875,2442.820833333333,6721.25,21879.98723404256,98.34666666666668
2025-03-28,13.085000038146973,4.065000057220459,12.848191060495584,384.9156,4564.2,86.917438,0.0,890.086286,76.615883,0.0,3808.9335174,0.0,800.565424,75.37328129,10.4,7.9,7.199999999999999,0.0,0.0,0.0,1.080100178718567,16.950000762939453,8996.120833333332,2250.208333333333,20526.9875,1126.2333333333331,17785.144680851066,12136.583333333334,625.7531914893617,143.85833333333332,150.225,21.90833333333333,18153.0625,5773.575,-6400.270833333333,14027.470833333333,147217.01458333334,73534.58333333333,608.0875,7710.413793103448,95.52553191489362,83.58510638297872,100711.56875,37136.80416666667,2455.9416666666666,7300.658333333333,24803.453191489363,89.32666666666667
2025-03-31,13.074999809265137,4.11899995803833,12.900826435940433,387.5468,4627.5,63.868953,0.0,915.511975,65.562999,0.0,3766.0502856,0.0,811.356563,64.7600254,10.8,7.4,5.5,0.0,0.0,0.0,1.082391619682312,17.260000228881836,9311.491666666669,3945.345833333333,19782.941666666666,1185.4458333333334,18473.282978723404,13134.85,710.0170212765958,442.82916666666665,243.49166666666667,21.72083333333333,19892.70833333333,5894.091666666667,-5315.354166666667,17990.720833333333,144506.39375000002,69490.64583333333,638.3625000000001,9859.11153846154,63.334042553191495,44.99574468085107,104800.96875,32780.395833333336,2471.425,4496.454166666666,21515.22978723404,107.22583333333334
2025-04-01,13.225000381469728,3.950999975204468,13.460184585659745,387.6555,4611.2,45.09394,0.0,954.444375,54.819868,0.0,3765.2433615,0.0,787.4111800000001,76.18376758,10.1,8.8,7.1,0.0,0.0,0.0,1.0818880796432495,18.020000457763672,9054.079166666666,4190.8125,18911.00833333333,1246.9458333333334,16716.160416666666,12111.7,700.9562500000001,359.1791666666666,193.8125,20.89583333333333,19630.295833333334,5914.3625,-5038.554166666667,15559.275,147058.38541666666,69338.58333333333,691.5500000000001,9732.944444444443,97.17916666666667,87.13541666666667,101261.6125,36020.28333333333,2476.1625,4335.224999999999,25619.01875,91.65291666666668
2025-04-02,13.1850004196167,4.054999828338623,13.056121093133852,388.625,4795.9,10.140443,0.0,955.504624,54.993592,0.0,3504.0157958,0.0,782.524805,78.48145061,9.7,6.9,5.199999999999999,0.0,0.0,0.0,1.0795987844467163,20.81999969482422,8835.041666666666,3130.8541666666665,15312.425,1388.8708333333334,14904.395652173913,9204.1125,707.2478260869566,255.725,177.73749999999998,19.9125,18497.74583333333,5579.525000000001,-6138.729166666667,13773.891666666668,146780.57916666666,69173.16249999999,631.0625,10302.43076923077,85.9108695652174,62.50869565217391,92930.39375,36776.629166666666,2413.6166666666663,8399.466666666667,32621.35652173913,61.57416666666666
2025-04-03,13.079999923706056,4.138000011444092,12.533808080468948,389.3909,4354.7,0.0,0.0,954.724372,60.177626,0.0,2977.8062309,0.0,772.37858,63.76070764,7.699999999999999,4.800000000000001,4.1,0.0,0.0,0.0,1.090869426727295,19.11000061035156,8851.595833333333,3177.6729166666664,17220.729166666668,1400.7125,16442.917391304345,10210.479166666666,634.4695652173913,227.2875,179.625,19.604166666666668,17938.729166666668,6316.0625,-6245.099999999999,12859.483333333332,144121.67708333334,68669.72916666667,607.2125,10359.923076923076,89.35652173913043,72.74347826086957,95498.51041666669,40753.90833333333,2440.829166666667,5744.079166666666,26477.39782608696,80.72333333333333
2025-04-04,12.914999961853027,3.836999893188477,11.782043942080124,390.9952,4405.3,0.0,0.0,951.391227,60.345644,0.0,3329.6469260000003,0.0,781.4966870000001,73.06494674,5.5,3.2,4.5,0.0,0.0,0.0,1.1043744087219238,21.600000381469727,8815.383333333333,2752.133333333333,17892.533333333333,1329.0208333333333,16497.436170212764,10444.195833333331,687.3595744680852,130.15833333333333,216.3958333333333,21.041666666666668,18077.39583333333,6693.958333333333,-6421.820833333334,13350.479166666666,141240.13333333333,66395.93333333333,633.7791666666667,9674.803703703705,96.47659574468084,84.58936170212766,95148.40208333332,42480.941666666666,2527.0583333333334,5182.162499999999,22733.80425531915,89.93416666666667
2025-04-07,12.774999618530272,3.6549999713897705,11.911727898565294,395.4131,4490.4,0.0,0.0,926.356833,43.869705,0.0,3552.8556833,0.0,845.211832,65.54704533,10.8,8.7,6.9,0.0,0.0,0.0,1.098454475402832,20.13999938964844,9338.254166666668,2134.516666666667,17711.208333333332,1329.6916666666666,18834.931914893616,14647.391666666668,674.7978723404256,146.1,269.45416666666665,23.179166666666664,18332.85,6783.1875,-6236.845833333334,18527.20833333333,143022.95833333334,66574.05,696.275,10046.151851851851,42.47872340425532,29.87659574468085,103936.42708333331,44999.520833333336,2599.4041666666667,2944.6083333333336,15436.044680851064,96.59291666666668
2025-04-08,12.770000457763672,3.4649999141693115,11.590693337895754,395.1625,4206.1,0.0,0.0,912.138345,65.658696,0.0,3480.3648429,0.0,819.687819,79.88628761,9.8,8.1,7.1,0.0,0.0,0.0,1.0915361642837524,20.6200008392334,9332.6375,2661.733333333333,18135.866666666665,1280.5833333333333,20746.144680851063,15439.5625,733.1170212765958,212.9583333333333,263.84583333333336,22.5125,17734.366666666665,6584.912499999999,-5344.0625,16728.600000000002,144726.45833333334,68606.22083333334,658.15,10596.7,35.35106382978724,26.055319148936167,107395.01458333334,46035.36666666667,2553.3166666666666,1611.025,13795.66595744681,99.50541666666668
2025-04-09,12.6850004196167,3.815999984741211,10.834338516772297,395.2436,4092.2,0.0,0.0,934.713689,54.834754,0.0,3653.6138223,0.0,834.767216,99.68442044,8.7,9.0,6.300000000000001,0.0,0.0,0.0,1.0980443954467771,19.82999992370605,9407.758333333331,2880.83125,18162.829166666663,1155.775,19497.23404255319,14540.220833333333,722.6829787234042,269.7083333333333,255.025,22.2375,17031.270833333332,5785.891666666666,-5213.620833333333,12969.866666666669,145149.37708333333,67988.04583333334,678.7041666666667,9665.723076923075,36.18510638297872,27.66595744680851,100969.875,41925.49583333333,2681.266666666667,6714.55,20282.01489361702,90.78875
2025-04-10,12.604999542236328,3.556999921798706,10.686606458002515,395.6622,4410.3,0.0,0.0,912.37915,38.46438,0.0,3868.0564012,0.0,805.563624,95.4840689,9.2,7.4,4.9,0.0,0.0,0.0,1.0952062606811523,17.479999542236328,9397.2875,2302.258333333333,15938.720833333333,1226.775,18032.842553191487,14149.4625,668.9744680851064,275.2708333333333,310.15833333333336,20.529166666666665,17080.620833333334,5995.974999999999,-5491.337500000001,15515.708333333334,146189.8125,67152.18333333333,680.0458333333333,8749.45185185185,42.54255319148936,31.353191489361706,98400.66875,41928.32083333334,2797.4166666666665,5528.383333333334,24572.727659574462,83.17375
2025-04-11,12.545000076293944,3.5269999504089355,11.041062351730297,396.7421,4443.7,0.0,0.0,912.947885,43.846735,0.0,3707.4651409,0.0,801.407414,110.86768109,8.3,3.6999999999999993,4.0,0.0,0.0,0.0,1.1257838010787964,16.760000228881836,9328.145833333334,1990.5229166666668,14662.7375,1263.3833333333334,17103.871739130434,12117.916666666666,680.3326086956522,289.21666666666664,314.7083333333333,20.070833333333333,17742.858333333334,6461.5125,-5818.754166666667,16851.416666666668,143832.25833333333,67198.96250000001,716.8874999999999,9238.04074074074,46.56739130434782,34.982608695652175,96433.20625,39129.15,2650.508333333333,4601.654166666666,26643.81739130435,68.22208333333333
2025-04-14,12.520000457763672,3.325000047683716,11.469139946929726,404.5132,4367.7,0.0,0.0,915.771326,16.446845,0.0,3646.8958668,0.0,815.797147,124.31053549,2.2,6.699999999999999,0.6000000000000014,0.0,0.0,0.0,1.1343141794204712,16.59000015258789,9191.333333333334,3815.1354166666665,17916.733333333334,1338.5833333333333,18252.24255319149,12787.029166666667,482.8829787234043,261.77916666666664,181.09166666666667,18.354166666666668,18627.63333333333,5488.508333333334,-5748.908333333333,13992.9125,139556.09583333333,68790.15416666666,573.6666666666666,9648.530769230769,64.87021276595745,49.265957446808514,100636.325,33606.55416666666,2767.379166666667,3176.5291666666667,20965.014893617023,97.15208333333334
2025-04-15,12.461999893188477,3.3289999961853027,11.435052023874483,406.3802,4014.6,0.0,0.0,925.784957,16.458303,0.0,3788.8605288,0.0,804.06013,119.13322875,1.3999999999999986,5.300000000000001,0.6000000000000014,0.0,0.0,0.0,1.1339668035507202,16.31999969482422,8565.112500000001,4112.404166666666,16065.5375,1236.9958333333334,15149.5,11834.420833333332,513.3312500000001,370.6583333333333,176.44583333333333,18.78333333333333,19673.575,4772.954166666666,-6314.433333333333,15031.708333333334,143216.23333333334,65763.89583333333,598.4333333333333,8390.784615384615,74.25416666666668,57.29166666666666,92508.68125,31178.39583333333,2753.883333333333,8557.699999999999,30839.50625,71.03833333333334
2025-04-16,11.859999656677246,3.246999979019165,11.687187641259223,407.8477,4080.4,0.0,0.0,907.333725,49.532359,0.0,3870.2236591,0.0,749.556495,114.36617608,0.0,6.9,0.6000000000000014,0.0,0.0,0.0,1.1292672157287598,16.729999542236328,9015.091666666667,3123.066666666667,16901.408333333333,1196.5958333333333,16304.782978723406,12617.845833333333,616.7127659574468,399.45416666666665,130.95416666666668,16.4875,20575.416666666668,5662.516666666666,-5718.216666666667,15797.116666666669,142243.32708333334,65410.90833333333,571.875,6878.015384615384,82.14468085106384,66.43191489361702,98618.97083333333,36109.2375,2834.5375,4955.3125,23583.40212765957,89.69916666666666
2025-04-17,12.085000038146973,3.244999885559082,11.910181259114406,409.5272,4313.6,0.0,0.0,920.26782,38.397337,0.0,3856.9377,0.0,750.090481,115.84626108,0.0,6.300000000000001,3.3000000000000007,0.0,0.0,0.0,1.1396790742874146,16.829999923706055,9157.875,4303.733333333334,16912.083333333332,1302.0583333333334,16168.244680851063,12802.570833333331,781.6361702127659,438.5958333333333,116.225,20.04583333333333,22380.19583333333,5875.829166666666,-5248.145833333333,16752.741666666665,141237.13333333333,63936.458333333336,714.8125,6865.665384615384,49.37021276595745,35.12340425531915,99636.59583333333,31097.75,2868.6541666666667,2706.9708333333333,25223.674468085104,98.45833333333331
2025-04-22,11.770000457763672,3.006999969482422,11.554618933613058,424.0409,4584.4,13.199824,0.0,909.669807,10.975012,0.0,3821.2337548,0.0,747.154762,113.57430229000002,4.5,6.1,0.6000000000000014,0.0,0.0,0.0,1.1512778997421265,16.639999389648438,9840.245833333332,5197.881249999999,16113.954166666668,1354.0458333333331,18225.691489361703,12825.2375,553.563829787234,416.3666666666666,149.9375,18.629166666666663,22677.77083333333,7417.270833333333,-5123.158333333334,20244.104166666668,134791.8125,60960.325,738.1916666666666,9040.984615384616,78.32340425531915,75.68085106382979,103638.06041666667,40919.191666666666,2791.7166666666667,1078.1291666666666,10371.14680851064,113.52166666666666
2025-04-23,11.65999984741211,3.0220000743865967,11.364560191091858,426.2672,4551.0,54.859759,0.0,910.501238,27.467698,0.0,3830.6865785,0.0,727.786025,115.69220305,5.1,7.9,1.6999999999999993,0.0,0.0,0.0,1.1351252794265747,16.3799991607666,9702.5625,4396.529166666666,17251.2375,1323.9541666666669,19166.8125,13326.116666666669,648.5979166666667,401.37916666666666,155.43333333333334,19.604166666666668,22348.32083333333,5480.904166666667,-5942.974999999999,18081.27083333333,138584.14375,61790.37916666667,636.9083333333333,7874.653571428571,57.91041666666666,45.00625,103736.38125,40866.5375,2882.441666666667,3208.945833333333,12810.01875,108.49041666666666
2025-04-24,11.505000114440918,2.930000066757202,11.146073510999438,428.3297,4391.4,47.243401,0.0,909.397199,27.652022,0.0,3735.951557,0.0,745.150264,103.40520421,5.1,7.0,2.0,0.0,0.0,0.0,1.132733702659607,17.790000915527344,9995.266666666666,5177.26875,17767.170833333334,1215.5666666666668,17234.391666666666,13166.7,665.6666666666666,439.4583333333333,182.0458333333333,21.766666666666666,23232.033333333336,6025.166666666667,-4472.179166666667,18841.004166666666,140376.82083333333,61982.32083333333,744.3916666666668,7887.914814814815,81.02916666666667,69.20416666666667,104184.24583333332,35432.0,2761.866666666667,5940.620833333333,15506.254166666666,96.44125
2025-04-25,11.270000457763672,2.937000036239624,10.809310629068014,430.8176,4405.1,49.74458,0.0,912.269937,39.682085,0.0,3669.1971946,0.0,746.578946,104.08456499,6.800000000000001,7.4,2.7,0.0,0.0,0.0,1.1371906995773315,16.809999465942383,10129.795833333334,4885.960416666667,16195.554166666669,1235.0416666666667,15076.927659574469,11940.404166666667,489.15319148936175,146.05416666666667,162.88750000000002,22.10833333333333,23359.375,6955.525000000001,-4984.087500000001,17419.2,135330.16041666668,61458.1625,647.85,9139.442307692309,75.93404255319149,65.78510638297873,99738.86666666664,39464.833333333336,2477.6833333333334,1722.4375,15316.748936170212,89.28583333333334
2025-04-28,11.279999732971191,3.1700000762939453,10.770665133300142,440.0703,4113.2,59.73708,0.0,919.77828,109.938898,0.0,3784.9109738,0.0,744.5632860000001,100.16585797,3.9,0.8000000000000007,1.5,0.0,0.0,0.0,1.1343141794204712,15.9399995803833,9333.454166666666,3492.816666666667,15115.416666666666,1392.5166666666669,14561.178723404257,9004.416666666666,717.7765957446809,0.0,131.2875,18.129166666666663,20696.2,6200.383333333332,-5213.825,13961.7625,128718.74583333332,56637.175,609.1416666666667,10636.123076923075,60.02765957446809,45.44468085106383,90685.18541666667,47493.44583333333,2327.420833333333,2046.483333333333,13545.8,75.69791666666667
2025-04-29,11.21500015258789,3.385999917984009,10.652100713709489,443.0158,4513.9,44.843784,0.0,890.2870599999999,88.2852,0.0,3822.5779773,0.0,736.481626,104.74815085,2.1,1.1000000000000014,0.8000000000000007,0.0,0.0,0.0,1.1409143209457395,15.779999732971191,8918.5,3332.2312500000003,15541.3625,1274.0458333333331,17578.61489361702,8861.929166666667,652.5787234042554,19.016666666666666,150.92916666666667,15.7,20989.741666666665,6004.333333333333,-6344.654166666667,16220.558333333334,133259.90625,54616.025,625.1458333333334,10937.073076923078,49.4468085106383,37.208510638297874,93124.375,46056.35833333334,2359.3250000000003,2776.879166666667,16053.35319148936,73.51541666666667
2025-04-30,11.21500015258789,3.325999975204468,10.78742137166517,446.4413,4363.5,57.422963,0.0,832.524028,88.31659,0.0,3921.1849556,0.0,744.675358,104.80673331,1.1999999999999993,0.1999999999999993,0.0,0.0,0.0,0.0,1.1389262676239014,16.399999618530273,8996.445833333333,3661.06875,15225.266666666668,1253.8333333333333,15079.134042553193,8366.9125,630.0851063829788,104.0375,194.7,13.933333333333332,21550.295833333334,6665.420833333334,-6172.75,16523.3,132143.68541666667,57223.395833333336,640.6541666666667,10002.585714285717,49.83404255319149,37.0404255319149,92467.94791666669,48011.54166666666,2548.304166666667,2221.5041666666666,14868.982978723405,75.13708333333334
2025-05-01,11.260000228881836,3.4790000915527344,10.670696499783263,451.022,4374.8,81.32261,0.0,879.8881860000001,77.345435,0.0,3899.8830243,0.0,784.895526,145.20530371,0.0,0.0,0.0,0.0,0.0,0.0,1.1324899196624756,17.200000762939453,8403.074999999999,2847.58125,10276.2875,1254.6791666666666,11050.422916666668,6198.375,606.84375,0.0,173.4125,12.958333333333334,19813.8,5516.05,-6549.4375,13243.929166666669,111905.75416666668,52101.90833333333,556.1166666666667,9564.873076923075,53.85208333333333,39.68333333333333,75322.05416666667,46073.5625,2492.1375000000003,1598.3583333333331,12747.739583333334,44.03916666666667
2025-05-02,11.260000228881836,3.630000114440918,10.951511620688386,455.519,4511.5,70.046664,0.0,884.28648,77.139213,0.0,3825.5219205,0.0,778.921467,148.92097047,0.0,0.0,0.0,0.0,0.0,0.0,1.1296498775482178,17.3799991607666,8446.433333333332,2364.0416666666665,8044.8125,1199.8375,11735.604166666666,5699.6875,586.0458333333333,68.74166666666666,187.72916666666663,12.433333333333332,20193.916666666668,6254.95,-5981.175,11485.8625,121357.79375,55800.45,586.9291666666667,8574.840740740741,56.98541666666667,42.50625,76179.43125000001,43110.93333333333,2576.7791666666667,3802.2041666666655,21721.791666666668,63.79583333333333
2025-05-05,11.260000228881836,3.549999952316284,10.928313442116032,467.9978,4654.0,60.85944,0.0,895.362752,44.111086,0.0,3145.836026,0.0,803.391259,147.13531302,9.0,8.6,0.0,0.0,0.0,0.0,1.1323232650756836,17.15999984741211,8778.820833333333,4474.185416666666,13491.383333333331,1296.45,13361.70625,7205.083333333333,619.46875,144.99166666666667,165.875,18.479166666666668,24088.608333333334,5284.845833333334,-3539.1666666666665,15169.420833333332,134228.75625,55958.475,625.3249999999999,9752.551851851851,42.425,33.90208333333333,87985.0125,36212.40416666667,2586.741666666667,7935.316666666667,24169.879166666666,88.37083333333334
2025-05-06,11.3149995803833,3.463000059127808,11.5199410620364,470.5036,4705.0,61.601374,0.0,901.76783,16.535731,0.0,3212.9393814,0.0,828.7876200000001,149.20313201,8.7,7.9,0.6999999999999993,0.0,0.0,0.0,1.1313369274139404,16.520000457763672,8680.795833333334,3870.275,13730.791666666666,1225.7666666666669,15485.527659574467,7795.979166666667,620.5787234042554,146.79583333333332,193.8083333333333,16.479166666666668,25207.86666666667,5510.279166666667,-3843.15,16397.504166666666,137318.10833333334,59050.78333333333,609.4416666666667,8645.45,43.725531914893615,33.58085106382978,92441.37708333333,41746.4625,2495.991666666667,8037.408333333333,20410.00638297872,91.41375
2025-05-07,11.40999984741211,3.621000051498413,11.479386636313512,472.8021,4726.8,67.918993,0.0,903.105875,16.475041,0.0,3285.3645097,0.0,813.002092,151.66940366,6.800000000000001,6.800000000000001,1.8999999999999984,0.0,0.0,0.0,1.1342755556106567,16.40999984741211,9124.429166666669,3116.5750000000003,15356.025,1277.3208333333334,16059.264583333332,7867.829166666666,604.3791666666667,157.95000000000002,194.92916666666667,17.570833333333333,25021.816666666666,6473.020833333333,-4216.6375,18185.575,137925.19583333333,62239.84583333333,604.7416666666667,8286.025806451613,43.50416666666666,32.25833333333333,98850.72291666668,43154.2,2493.0416666666665,4304.666666666667,15345.04375,99.255
2025-05-08,11.449999809265137,3.5920000076293945,11.71080367332797,473.9098,4642.0,74.364162,0.0,927.458611,11.009507,0.0,3241.0175997,0.0,841.135145,155.98938954000002,6.5,6.1,2.1,0.0,0.0,0.0,1.1306205987930298,16.649999618530273,9234.866666666669,3852.6979166666665,15374.275,1222.9333333333334,16592.720833333333,7953.933333333333,644.7291666666666,166.1875,185.20416666666665,18.491666666666667,24444.7875,6613.308333333333,-3903.216666666666,18784.52083333333,134819.775,63560.95416666666,596.525,10913.673076923076,41.04375,30.70208333333333,101214.9125,40901.93333333333,2571.5,3864.595833333333,11221.595833333333,103.64791666666667
2025-05-09,11.46500015258789,3.795000076293945,11.388050672713792,476.5988,4520.8,75.698637,0.0,928.998505,33.05794,0.0,3586.8398313,0.0,827.707697,155.73684676,4.699999999999999,5.199999999999999,2.2,0.0,0.0,0.0,1.122422695159912,16.5,9089.075,3526.75625,14349.045833333332,1253.9375,15675.78125,7716.608333333334,607.61875,155.87916666666666,195.2708333333333,18.775,23790.19583333333,6655.204166666666,-4311.583333333333,17956.125,134596.11041666666,63996.76666666666,693.1999999999999,11433.176923076922,48.05,34.79375,98317.75416666668,47111.87916666667,2489.145833333333,4035.8625,10704.483333333334,81.50166666666667
2025-05-12,11.4399995803833,3.6459999084472656,11.647631077750386,487.7306,4175.8,69.531986,0.0,928.465069,22.002322,0.0,3452.7934307,0.0,787.136967,163.32598019,5.5,0.0,0.3999999999999986,0.0,0.0,0.0,1.12296462059021,15.369999885559082,8341.695833333333,2898.61875,11243.833333333334,1340.3375,14402.558333333334,6746.5625,510.5104166666667,140.99166666666667,154.025,16.241666666666667,22377.30416666667,6484.095833333333,-4916.779166666666,17129.81666666667,132949.2875,64186.49166666667,621.7333333333333,10354.566666666666,62.65208333333334,39.57291666666666,91404.91875,50892.56666666667,2436.8,6559.183333333333,12818.508333333331,70.0775
2025-05-13,11.460000038146973,3.6470000743865967,11.623690376080658,490.6674,4290.9,70.720297,0.0,927.744926,22.008274,0.0,3354.5685975,0.0,785.136911,146.63434921,3.5,0.1999999999999993,0.3999999999999986,0.0,0.0,0.0,1.1095577478408811,15.390000343322754,8425.716666666667,3437.272916666667,13930.85,1299.9291666666666,16116.270833333334,7002.9375,467.325,147.65,138.00416666666666,16.804166666666667,22409.675,7435.625,-3894.6625,14312.841666666667,135449.30625,64776.84166666667,605.4708333333333,10922.28846153846,84.23333333333333,52.33541666666667,96104.69583333336,50467.73333333334,2483.2583333333337,4889.483333333334,11666.01875,80.40666666666667
2025-05-14,11.475000381469728,3.492000102996826,11.489782919982002,493.8821,4224.8,71.018624,0.0,928.314724,27.457846,0.0,3401.4534329000003,0.0,805.072363,161.52108512,1.3000000000000007,2.1,0.1000000000000014,0.0,0.0,0.0,1.1185556650161743,14.93000030517578,8456.533333333333,2295.539583333333,12356.095833333333,1144.8541666666667,15530.289361702127,7049.05,483.6340425531915,148.42083333333332,152.1125,16.629166666666666,21643.75,6037.325,-4769.370833333333,12274.629166666666,135670.4375,63480.2125,589.7125,10277.473076923075,63.04255319148936,44.80425531914894,89688.47083333333,50293.4625,2489.8083333333334,6069.266666666666,18179.34680851064,68.55916666666667
2025-05-15,11.498000144958496,3.361999988555908,11.56667742678836,496.6239,3899.5,74.800806,0.0,929.484931,27.605654,0.0,3243.8075207,0.0,770.582499,159.33850189999998,6.0,5.800000000000001,0.0,0.0,0.0,0.0,1.1181930303573608,15.029999732971191,8413.558333333332,1856.76875,12238.316666666666,1095.7916666666667,13127.772916666669,7044.474999999999,482.21875,152.0625,156.06666666666666,16.195833333333333,21488.1625,5583.008333333334,-4538.020833333333,12252.070833333331,136078.22916666666,60620.175,573.6708333333333,9837.907692307692,56.59375,41.59166666666666,84784.04791666666,44344.525,2530.6125,8060.204166666666,25091.829166666663,66.02958333333333
2025-05-16,11.895000457763672,3.3340001106262207,11.53254162570266,499.3776,3980.7,62.42336,0.0,934.250502,38.546176,0.0,3397.6458317,0.0,805.45074,152.79807614,6.0,4.800000000000001,1.0,0.0,0.0,0.0,1.1192693710327148,15.979999542236328,8550.766666666666,2335.4125,11854.904166666667,1097.7916666666667,12595.6875,6955.766666666666,475.50625,137.60416666666666,151.80416666666667,18.120833333333334,21453.729166666668,6101.875,-4990.5875,13889.204166666668,134268.36250000002,60002.8625,673.0583333333333,8810.628571428571,52.98333333333333,39.2,84551.91041666667,44368.49166666667,2490.3708333333334,6812.216666666667,24126.08958333333,73.54958333333333
2025-05-19,11.96500015258789,3.11299991607666,11.549875779732032,508.4645,3882.2,71.584749,0.0,928.933582,21.837193,0.0,3351.254912,0.0,814.1938680000001,162.67389034,5.5,3.4000000000000004,0.0,0.0,0.0,0.0,1.1187559366226196,15.479999542236328,8688.237500000001,3495.59375,14761.375,1279.2458333333334,14780.73125,8617.395833333334,482.92291666666665,109.03333333333336,106.24166666666667,13.575,20752.58333333333,6661.879166666667,-4339.825,12991.983333333332,132050.77916666667,60447.25833333333,606.65,10192.12962962963,70.37708333333333,57.30833333333334,91558.02083333331,46538.5125,2527.4416666666666,3395.6583333333333,15525.675,95.86375
2025-05-20,12.515000343322754,3.427000045776367,12.17470708160046,511.0729,4015.7,63.365162,0.0,921.976106,54.981478,0.0,3332.2461557,0.0,819.7311520000001,159.47930309999998,1.8000000000000007,1.8999999999999984,0.0,0.0,0.0,0.0,1.123342990875244,16.719999313354492,8443.004166666668,2860.9979166666667,14397.75,1121.5416666666667,17113.556249999998,8268.4625,375.3083333333333,8.75,75.97916666666667,15.366666666666667,20941.6625,6097.1125,-6053.4875,10999.795833333332,134753.85624999998,60195.96666666667,544.1083333333333,7456.883783783784,46.42083333333333,33.74791666666667,92272.1875,49241.10416666666,2476.8125,4506.625,15607.810416666667,90.69666666666669
2025-05-21,12.479999542236328,3.368000030517578,12.115362938777457,512.5248,4141.2,39.812875,0.0,896.179611,54.878141,0.0,1863.3513394,0.0,834.4504529999999,168.25138282,1.0,3.0,0.0,0.0,0.0,0.0,1.128795504570007,20.3799991607666,8056.966666666667,1715.1416666666669,13274.1375,1157.7333333333331,14702.008333333331,7544.933333333333,424.3145833333333,38.66666666666666,55.44583333333333,16.8,21785.0625,5815.041666666667,-5222.2625,13947.1625,137124.59791666668,61393.29583333334,613.0166666666667,7708.753125,70.08749999999999,53.61041666666667,89261.90625,46058.9375,2624.8166666666666,8141.679166666668,20762.3875,70.37083333333334
2025-05-22,12.350000381469728,3.253000020980835,12.073758524419164,514.6294,4201.8,0.0,0.0,904.620074,33.056639,0.0,2641.6931901,0.0,816.791156,159.31506423000002,6.199999999999999,6.1,0.0,0.0,0.0,0.0,1.133118748664856,17.520000457763672,8155.366666666666,1635.55625,13227.604166666666,1202.9208333333331,13838.4125,7288.837500000001,498.75,38.71666666666667,50.10833333333333,16.095833333333335,22413.0875,5468.150000000001,-5841.579166666666,11377.466666666667,138635.07499999998,60241.39166666666,614.0916666666667,9469.611111111111,45.22083333333333,34.891666666666666,85349.17916666667,39829.80416666667,2700.5375,8975.475,28883.25625,61.52583333333333
2025-05-23,12.484999656677246,3.3340001106262207,12.05226238910016,517.1379,4228.5,9.335908,0.0,917.577668,32.957949,0.0,3064.5368345,0.0,824.562435,163.49757804,8.9,5.199999999999999,0.5,0.0,0.0,0.0,1.1281843185424805,17.850000381469727,8715.645833333334,2627.7375,12644.966666666667,1129.9291666666666,13545.377083333333,7088.662499999999,487.5395833333334,40.06666666666667,50.36666666666667,16.820833333333333,23957.595833333336,5220.795833333334,-6160.658333333333,12334.3,136142.48750000002,58951.54166666666,677.4875,9780.834615384616,56.08125,45.74375,86122.14375,46696.9125,2714.116666666667,7892.8625,22725.452083333334,82.54958333333333
2025-05-27,12.494999885559082,3.3980000019073486,12.351765934295573,530.8541,4509.4,0.0,0.0,870.3175590000001,38.335618,0.0,3061.9161201,0.0,817.020618,156.61602901,2.2,2.6,0.0,0.0,0.0,0.0,1.1388484239578247,16.56999969482422,8348.933333333332,1426.5729166666667,11551.208333333334,1171.15,13257.627083333333,6767.616666666666,489.8395833333333,147.12916666666666,35.34166666666667,18.629166666666663,22643.6375,5666.3875,-5780.1375,10548.854166666666,136793.96041666667,57036.44166666667,687.5708333333333,4702.54375,47.73333333333333,36.93333333333333,81899.64375,44641.43333333333,2604.2625000000003,11557.15,26795.033333333336,61.13916666666666
2025-05-28,12.46500015258789,3.2039999961853027,12.190038486391668,534.1083,4472.4,0.0,0.0,905.764602,38.428925,0.0,3132.8912492,0.0,822.176189,153.93277853,1.8000000000000007,1.0,0.0,0.0,0.0,0.0,1.1337097883224487,15.149999618530272,8324.833333333334,4225.335416666667,12853.358333333332,1063.675,13870.327083333332,7279.3125,483.7729166666666,163.20000000000002,43.6875,18.3875,22721.6,7276.1125,-5410.308333333333,12365.279166666667,136660.23541666666,58182.24166666667,564.4875000000001,4866.664583333333,57.25833333333333,42.19375,86811.275,41973.72083333333,2712.616666666667,5535.974999999999,26094.108333333334,86.20958333333334
2025-05-29,12.295000076293944,3.5220000743865967,11.575434484733735,538.1239,4360.2,0.0,0.0,905.421538,32.959852,0.0,3323.8583065000003,0.0,835.9823369999999,168.47746753,3.6999999999999993,0.0,0.0,0.0,0.0,1.1999999999999993,1.123368263244629,16.25,8155.954166666666,341.81041666666664,9751.1625,1124.1791666666666,11359.58125,6122.629166666667,499.0625,142.17083333333332,76.72500000000001,69.0,23127.825,6327.974999999999,-7014.912499999999,14046.891666666668,126691.17291666666,60389.07916666666,534.8375,4005.727083333333,85.80416666666667,75.45416666666667,81281.34791666667,45498.333333333336,2693.125,8964.2125,18178.55208333333,51.17291666666667
2025-05-30,12.154999732971191,3.447000026702881,11.41439266071423,542.3016,4330.2,0.0,0.0,906.443164,32.918977,0.0,3335.4207687,0.0,838.103453,171.6588717,0.0,0.0,0.0,0.0,0.0,0.6000000000000014,1.1378376483917236,14.729999542236328,8191.583333333333,1633.44375,9959.641666666666,1130.05,11229.779166666667,5931.566666666667,503.2,135.32916666666668,87.7375,570.1875,23565.470833333336,6617.691666666667,-6923.75,13465.829166666668,130132.17708333331,61939.86666666667,563.7416666666667,4629.306250000001,69.66875,53.61875,81902.67916666667,49497.2,2577.0958333333333,8918.050000000001,19021.877083333333,53.8475
2025-06-02,12.300000190734863,3.694000005722046,11.651123148339249,558.1412,4085.9,0.0,0.0,918.392522,32.984864,0.0,3271.2834387,0.0,813.016266,130.31156696,0.0,1.3000000000000007,0.0,0.0,0.0,2.2,1.1353315114974976,14.489999771118164,7951.520833333333,3583.504166666667,13494.479166666666,1172.0125,12778.954166666668,6697.787499999999,485.5020833333333,154.44583333333333,86.46249999999999,617.2666666666667,23325.8375,6690.054166666666,-5049.258333333333,12059.975,131500.93541666667,62779.80833333333,642.3041666666667,5042.370833333333,81.77083333333333,77.73541666666667,89750.72916666667,44091.2,2664.2916666666665,4658.629166666667,17375.297916666666,89.71833333333332
2025-06-03,12.329999923706056,3.721999883651733,12.033499545225302,561.933,4222.8,0.0,0.0,956.927366,33.066042,0.0,3334.7805528,0.0,807.7417800000001,137.90096730000002,0.0,3.6,0.0,0.0,0.0,2.2,1.1453442573547363,14.829999923706056,7960.616666666666,802.6729166666665,11997.483333333332,1177.6,14344.127083333333,7336.837500000001,486.98541666666665,150.80416666666667,77.53333333333333,621.8916666666667,24363.63333333333,5351.233333333333,-5535.099999999999,13116.083333333334,136782.58125000002,62245.67083333334,656.225,5008.047916666666,77.95625,64.10625,92369.21458333332,47805.12083333333,2448.458333333333,9903.1,15559.2375,68.38666666666667
2025-06-04,12.369999885559082,3.7160000801086426,11.894964152389877,565.749,4190.0,26.653887,0.0,956.924201,32.98808,0.0,3395.5094698000003,0.0,836.8757089999999,138.22410481,0.0,3.5,0.0,0.0,0.0,2.6000000000000014,1.1384464502334597,15.09000015258789,7902.683333333333,1599.25625,11788.0375,1116.5416666666667,15343.541666666666,7365.087500000001,528.48125,146.2125,82.04166666666667,621.6333333333333,25417.358333333334,5288.316666666667,-5268.854166666667,12538.558333333334,138713.6625,63543.77916666667,671.4333333333333,4566.804166666667,75.625,56.66458333333333,92803.91875,44498.32916666666,2532.483333333333,8851.9625,19234.59375,85.11999999999999
2025-06-05,12.414999961853027,3.677000045776367,12.182956227440792,568.9069,4298.2,54.255996,0.0,957.975673,32.992151,0.0,2913.6463781,0.0,853.2786739999999,138.29734646999998,0.0,4.0,0.0,0.0,0.0,2.8999999999999986,1.1422044038772583,14.989999771118164,7983.150000000001,4027.425,11392.441666666666,1166.5916666666667,15774.9125,7294.8,531.4625,152.0625,45.6375,606.2333333333333,25293.15,5590.283333333333,-5355.433333333333,12568.333333333334,138802.24375,60362.90833333333,627.6666666666666,4497.954166666666,58.88125,40.93541666666667,90416.27708333332,43381.72083333333,2769.0166666666664,9822.125,21784.045833333334,78.15958333333333
2025-06-06,12.44499969482422,3.783999919891357,12.169195721922032,573.0248,4612.9,68.024806,0.0,976.754144,27.394656,0.0,3050.9728774,0.0,891.3208070000001,138.17817359,0.0,3.1,0.0,0.0,0.0,2.7,1.1453834772109983,15.56999969482422,7921.170833333334,2925.81875,8535.358333333334,1187.8833333333334,14248.127083333333,6436.683333333333,522.2729166666667,133.125,34.35,608.1083333333333,24863.579166666663,5169.054166666667,-6389.462500000001,13342.45,137233.23333333334,58094.95416666666,717.9333333333334,4827.672916666666,55.04791666666667,40.0875,82813.04375,46179.04583333334,2769.520833333333,10158.683333333332,26251.329166666663,49.82916666666667
2025-06-09,12.4399995803833,3.634999990463257,11.904343182651717,587.3371,4735.6,73.477661,0.0,918.425733,16.472266,0.0,3190.0496545,0.0,852.388737,145.39734948,4.199999999999999,2.7,0.0,0.0,0.0,3.2,1.1407841444015503,15.6899995803833,7704.833333333333,2881.5,7924.408333333333,1178.2833333333333,13199.585416666669,5213.483333333334,651.0354166666667,147.0,88.08749999999999,607.5500000000001,23993.954166666663,6084.025000000001,-6380.4375,12724.8625,125917.16041666668,58288.2875,638.9458333333333,4393.506249999999,79.86041666666667,68.54791666666667,80290.90416666666,49126.175,2830.2208333333333,5696.341666666667,18214.99583333333,39.80166666666667
2025-06-10,12.40999984741211,3.532999992370605,11.601546112458587,591.0686,4731.7,74.34717,0.0,915.774735,16.433693,0.0,3111.0584356,0.0,381.589228,154.74975278,3.3000000000000007,0.3999999999999986,0.0,0.0,0.0,3.0,1.1428048610687256,16.600000381469727,7770.775000000001,2290.775,9269.533333333333,1189.4125,15836.439583333333,6235.716666666667,705.4104166666666,146.025,87.40416666666665,591.6333333333333,23357.1,5387.466666666666,-4965.479166666667,15410.970833333333,138059.19166666668,62843.5625,645.4,4231.51875,55.525,41.075,89127.37916666667,44673.9125,2525.775,11010.425,21089.62916666667,53.275416666666665
2025-06-11,12.44499969482422,3.506999969482422,12.038496101931845,594.7098,4916.6,85.695126,0.0,916.357311,10.959992,0.0,3178.3391603,0.0,372.181273,152.84308055,2.2,0.5,0.0,0.0,0.0,4.5,1.143746018409729,14.220000267028809,8089.7375,4034.36875,10172.8375,1062.8375,18151.189583333333,7424.154166666667,651.25625,153.45000000000002,86.17083333333333,589.5166666666667,22611.920833333334,5605.716666666667,-5045.175,13848.9125,140055.50625,63789.34166666667,687.5875,5034.264583333334,76.50208333333333,57.35416666666666,93989.84583333333,51990.05416666667,2506.5416666666665,4454.224999999999,17843.529166666667,73.11375
2025-06-12,12.460000038146973,3.492000102996826,12.203198980894635,598.197,4638.9,88.25047,0.0,921.766358,11.024045,0.0,3167.3682374,0.0,370.598871,147.55672499000002,1.3999999999999986,0.0,0.0,0.0,0.0,6.300000000000001,1.1509333848953247,14.789999961853027,8148.145833333333,2076.0645833333333,9545.741666666669,1118.4416666666668,17096.772916666665,7570.504166666667,594.9645833333333,106.43333333333334,80.47083333333333,588.0666666666667,21462.4875,6161.3,-5659.599999999999,13473.720833333333,140456.00416666668,62947.975,587.4125,5498.239583333333,75.60416666666667,55.9375,91401.70416666666,57974.75833333333,2496.333333333333,5972.895833333333,17080.479166666668,56.98583333333334
2025-06-13,12.503999710083008,3.5810000896453857,12.88335480925819,601.2336,4454.1,94.86755,0.0,914.583386,16.462485,0.0,2395.229773,0.0,345.212439,155.33672538,0.0,0.0,0.0,0.0,0.8000000000000007,7.199999999999999,1.1600254774093628,14.619999885559082,8131.608333333334,4312.033333333334,9338.825,1117.7958333333331,16994.54375,6774.408333333333,635.9562500000001,103.50833333333333,77.60833333333333,604.3249999999999,21422.25,6294.675,-5639.716666666667,12988.879166666666,140064.04583333334,64189.70416666667,603.5541666666667,6212.739473684211,71.92083333333333,59.177083333333336,89402.1125,58609.15833333333,2506.0125000000003,6273.758333333334,18220.479166666668,52.912083333333335
2025-06-16,13.585000038146973,3.747999906539917,12.839029309780145,613.1742,4337.9,93.959742,0.0,970.726091,16.44668,0.0,2885.2421448,0.0,599.30834,154.36425812000002,0.0,0.0,0.0,0.0,0.0,7.300000000000001,1.1556684970855713,14.850000381469728,8086.337500000001,4373.729166666667,13325.6875,1073.9625,17374.497916666667,8320.945833333333,619.8583333333333,127.7625,87.90416666666665,601.8833333333333,21201.50833333333,5534.179166666666,-4928.458333333333,12408.441666666666,140301.35,65106.875,542.4499999999999,8005.717857142858,90.69791666666669,85.625,94462.18333333332,50705.0375,2511.545833333333,4224.154166666666,18374.57083333333,81.3
2025-06-17,14.005000114440918,3.8510000705718994,13.308083874983089,616.7316,4319.6,89.268495,0.0,906.055441,16.499226,0.0,2588.6815552000003,0.0,844.798677,147.21086044999998,0.0,0.0,0.0,0.0,0.0,3.3999999999999986,1.1551345586776731,14.43000030517578,8061.25,3142.5770833333336,14358.995833333334,1125.1041666666667,19127.62553191489,8512.362500000001,630.4617021276596,132.45833333333334,84.23333333333333,602.7208333333333,20940.979166666668,5803.650000000001,-4404.758333333333,13195.8875,142157.05625,65694.90416666666,633.1833333333333,7450.816129032258,68.1531914893617,50.82553191489361,97836.62916666668,57073.60833333334,2487.75,4554.766666666666,13793.60425531915,85.37666666666667
2025-06-18,13.880000114440918,3.989000082015991,13.021621509769597,620.5082,4430.3,91.080686,0.0,907.704178,16.483101,0.0,3185.7018877,0.0,846.922246,151.21870844,0.0,0.0,0.0,0.3000000000000007,0.8000000000000007,2.5,1.1482638120651243,15.359999656677246,7885.329166666666,3849.329166666667,13936.133333333331,1117.1291666666666,19873.32978723404,8715.15,672.0404255319149,131.975,77.625,600.2333333333333,19811.191666666666,6686.995833333333,-4387.033333333334,13278.875,143106.34375,65490.30833333333,614.3041666666667,7920.745161290322,46.255319148936174,32.60208333333333,98433.00833333336,57375.083333333336,2408.170833333333,3487.445833333333,14242.0625,79.77458333333333
2025-06-20,14.255000114440918,3.846999883651733,13.810273781448847,628.224,4074.8,90.183719,0.0,922.532649,21.906827,0.0,3190.7936613,0.0,876.578385,167.73232521,0.0,0.0,0.0,0.0,1.3999999999999986,5.899999999999999,1.1512778997421265,16.350000381469727,7751.804166666666,4415.041666666667,9435.329166666666,1183.2291666666667,18846.9375,8369.091666666667,641.3541666666666,0.0,51.59583333333333,605.75,18842.654166666667,6567.483333333334,-5466.679166666666,13465.266666666668,136885.38958333334,62524.145833333336,605.4375,8699.082142857142,65.72500000000001,50.39791666666667,91962.90625,60712.20416666666,1969.9583333333333,2298.633333333333,13417.06875,87.67583333333333
2025-06-23,14.460000038146973,3.697999954223633,13.65879122226823,641.762,4246.9,87.568624,0.0,920.437172,10.979974,0.0,3394.5279459000003,0.0,878.707192,164.54149804999997,0.0,0.0,0.0,1.0,0.0,5.5,1.1500862836837769,15.300000190734863,7635.145833333333,-1362.6416666666669,8007.537499999999,1140.2125,16215.10625,6780.270833333333,623.3666666666667,0.0,29.066666666666663,593.8666666666667,16983.316666666666,5637.6125,-5020.475,12068.091666666667,143035.41666666666,63739.63333333333,570.275,8175.192857142857,77.89166666666667,60.44583333333333,85590.96666666666,47368.48333333334,2259.5125000000003,9185.725,29167.35208333333,39.14458333333334
2025-06-24,13.520000457763672,3.5369999408721924,12.107268464644068,645.3566,4051.3,84.649969,0.0,903.388609,10.956836,0.0,3218.8182286,0.0,857.072701,169.33808093,0.1000000000000014,0.0,0.0,0.0,0.0,5.600000000000001,1.1599044799804688,15.18000030517578,7616.141666666666,1785.29375,9628.2625,1198.6666666666667,17319.743749999998,7359.820833333334,674.40625,0.0,37.60833333333333,601.0124999999999,17271.791666666668,5267.729166666667,-5064.8,12263.675,144839.38333333333,65219.75,628.2458333333333,6869.41724137931,69.31458333333333,54.13333333333333,87162.82291666667,48881.74583333333,2228.2,10058.7875,28206.2875,47.32791666666666
2025-06-25,13.539999961853027,3.4059998989105225,12.048213624756825,648.3348,3970.2,77.664452,0.0,882.955845,10.993253,0.0,3480.1146576,0.0,877.986845,167.93822958,0.0,0.0,0.0,0.0,0.0,6.699999999999999,1.161224365234375,15.109999656677246,7982.454166666666,3980.004166666667,13659.245833333334,1136.8166666666666,21675.80833333333,8402.316666666668,742.9375,0.0,38.141666666666666,598.2833333333333,17176.245833333334,6405.275000000001,-5185.904166666666,13250.025,148217.83541666667,66044.30416666667,620.8416666666666,7858.8,55.38541666666666,38.94791666666666,98210.81666666668,54701.520833333336,2282.6625,3679.3375,20816.58125,83.52791666666667
2025-06-26,13.324999809265137,3.260999917984009,11.65087022476293,651.2044,3968.9,76.612389,0.0,878.312739,11.006114,0.0,3649.5886004,0.0,875.874793,157.74285243999998,0.0,0.0,0.0,0.0,0.0,6.600000000000001,1.1683744192123413,15.039999961853027,7986.445833333332,3001.285416666667,15524.754166666666,1107.5875,22060.70625,8290.925000000001,728.3854166666666,0.0,39.55416666666667,597.8208333333333,17577.537500000002,5609.400000000001,-4599.004166666667,15410.491666666669,149265.06666666668,66173.03333333334,615.0791666666667,7180.192857142857,83.39791666666666,71.53541666666666,100424.41666666669,52340.54583333334,2362.8083333333334,6890.037499999999,19225.366666666665,88.6875
2025-06-27,13.19499969482422,3.739000082015991,11.338227024388624,655.1932,4144.7,75.192045,0.0,870.84573,11.021576,0.0,3507.4954606,0.0,902.3276,166.82496242000002,0.0,0.0,0.0,0.0,0.0,8.0,1.1692214012145996,15.350000381469728,7876.629166666667,1863.46875,14912.579166666668,1129.2958333333331,20804.16458333333,7594.933333333333,793.2583333333333,0.0,35.041666666666664,598.4625,17919.066666666666,5630.458333333333,-4363.650000000001,14279.9,148140.96041666667,66348.35833333334,657.5375,6945.355172413792,106.06666666666666,92.63125,97511.45208333334,47003.53333333333,2447.6041666666665,8814.091666666667,22720.69583333333,82.06125
2025-06-30,13.125,3.4560000896453857,11.307436996066365,667.9449,4220.6,51.741503,0.0,915.927603,10.985218,0.0,3605.9337335,0.0,904.048871,163.72703779,0.0,0.0,0.0,0.0,3.6999999999999993,8.8,1.1727453470230105,14.710000038146973,7674.008333333334,3146.802083333333,14770.475,1199.9333333333334,25627.38333333333,8317.583333333334,720.1687499999999,0.0,31.816666666666663,595.1291666666667,15736.9375,7079.179166666666,-3699.633333333333,13243.629166666666,149514.48333333334,64498.625,626.7583333333333,8898.267857142857,76.23125,52.177083333333336,103691.39583333331,60280.42083333334,2349.079166666667,2281.35,14542.204166666668,103.2075
2025-07-01,13.104999542236328,3.414999961853028,11.639658087601712,670.7453,4095.7,57.875596,0.0,850.842098,11.003102,0.0,3560.3996599,0.0,914.788235,187.4560525,0.0,0.0,0.0,2.3999999999999986,6.199999999999999,9.0,1.178717017173767,14.760000228881836,7599.604166666667,4027.172916666667,16930.850000000002,1257.0625,29428.46458333333,9792.45,919.0604166666668,0.0,31.450000000000003,576.0083333333333,16282.016666666668,6465.391666666666,-4283.162499999999,14305.366666666669,152738.44583333333,65185.95,622.7833333333333,8636.844827586207,59.29166666666666,31.704166666666666,111311.525,60035.17916666667,2323.275,3245.5750000000003,9786.55,139.00708333333333
2025-07-02,13.164999961853027,3.48799991607666,11.622504697284713,674.0766,4111.7,57.202138,0.0,844.800291,21.974377,0.0,3624.185262,0.0,878.236337,197.3179978,0.0,0.0,0.0,7.699999999999999,0.0,10.200000000000005,1.180553913116455,15.6899995803833,7404.816666666667,3627.3895833333336,16585.6125,1273.7125,32062.33658536585,9124.104166666666,1035.4268292682927,0.0,33.00416666666667,588.9541666666667,16371.1875,5202.070833333333,-4221.845833333334,14723.158333333333,153365.3,66010.43333333333,611.1041666666666,8646.266666666666,73.09583333333333,39.26041666666666,108182.39791666664,56670.39166666667,2390.804166666667,4363.291666666667,14666.0625,101.49541666666666
2025-07-03,13.15999984741211,3.4089999198913574,11.627667632654555,676.9345,4041.2,58.830045,0.0,825.846321,5.501659,0.0,3681.2204209,0.0,862.2284629999999,197.91636928,0.0,0.0,0.0,1.3999999999999986,0.0,10.4,1.18002450466156,16.360000610351562,7543.408333333333,2881.558333333333,14716.0375,1058.5458333333331,26747.83409090909,8897.579166666666,821.4204545454545,0.0,35.208333333333336,597.1208333333333,15817.379166666666,5324.55,-4265.712500000001,12698.995833333334,152273.48333333334,66058.125,610.4499999999999,8532.13448275862,100.01063829787236,84.5127659574468,100351.75,52187.208333333336,2409.8875,5519.195833333334,23559.34680851064,88.625
2025-07-07,13.095000267028809,3.4119999408721924,11.608490155451523,691.1066,3925.7,55.186462,0.0,841.447488,11.002307,0.0,3747.5821491,0.0,894.0734229999999,195.07937825,0.0,1.5,0.0,0.0,0.0,4.300000000000001,1.178078293800354,15.699999809265137,7589.120833333333,3109.95625,17423.058333333334,1068.4125,18811.70625,8985.179166666667,722.0604166666667,0.0,24.729166666666668,560.6208333333333,16865.508333333335,4726.970833333334,-5235.8625,14623.575,143889.48750000002,67301.91249999999,634.8874999999999,8193.328571428572,96.12083333333334,75.95416666666667,98384.76041666669,43648.86666666666,2363.0333333333333,8373.9125,19493.3375,98.74291666666666
2025-07-08,13.114999771118164,3.3399999141693115,11.77059286729435,698.4266,4111.5,52.832754,0.0,825.3755120000001,10.977015,0.0,3711.9858259,0.0,850.279033,204.810026,0.1999999999999993,0.6000000000000014,0.0,0.0,0.0,4.399999999999999,1.1736538410186768,15.449999809265137,7411.425,3644.3229166666665,17098.5,1040.425,17786.402083333334,8450.379166666668,693.9854166666668,0.0,17.520833333333332,12.8,18579.9375,4139.591666666666,-5809.554166666668,13736.583333333334,144210.0,68580.925,605.0375,8137.571428571428,61.958333333333336,38.8875,95858.725,45411.74583333333,2365.8458333333333,7077.179166666666,22106.810416666664,89.48208333333334
2025-07-09,13.114999771118164,3.21399998664856,11.78779395286842,698.1407,4227.7,51.417389,0.0,853.946291,10.96729,0.0,3651.1405945,0.0,839.882712,196.44882257,0.6000000000000014,0.0,0.0,0.0,0.0,1.8999999999999984,1.1724566221237185,16.100000381469727,7540.212500000001,4340.85625,17184.774999999998,1050.525,19135.36458333333,8110.570833333334,731.8958333333334,0.0,14.933333333333332,12.741666666666667,19056.20833333333,6080.020833333333,-4441.766666666666,15596.004166666666,142676.40416666667,70280.35416666667,497.35,8681.567857142856,54.58541666666667,35.74583333333333,101210.00625,47084.125,2300.516666666667,1578.1708333333331,17135.245833333334,92.325
2025-07-10,13.125,3.336999893188477,12.092180542793674,702.056,4306.2,54.102292,0.0,871.114411,32.961702,0.0,3680.7281557,0.0,846.183313,191.14831957,0.3000000000000007,0.0,0.0,0.0,1.8000000000000007,1.6999999999999993,1.17311692237854,16.639999389648438,7562.391666666666,2799.3375,16042.370833333334,1203.5083333333334,19669.06875,8652.766666666666,736.6020833333333,35.84583333333333,17.266666666666666,11.704166666666666,17763.591666666667,5791.204166666666,-4449.158333333334,14926.833333333334,141028.87916666668,70334.96666666666,498.85,6839.142424242425,49.87708333333333,31.25,100230.83958333332,53248.05,2301.554166666667,1662.5166666666669,13342.745833333334,90.73333333333332
2025-07-11,13.114999771118164,3.313999891281128,12.19699568468062,705.7032,3946.7,52.935199,0.0,854.086728,43.826402,0.0,3739.963653,0.0,871.570408,200.48352362,0.8999999999999986,0.0,0.0,0.0,3.3999999999999986,2.8999999999999986,1.1702749729156494,16.18000030517578,7591.5125,4514.889583333334,15176.95,1177.5041666666666,19155.264583333334,8056.825,820.3375,57.65833333333333,15.154166666666669,12.6375,16591.704166666666,5996.941666666667,-4578.587500000001,13594.6875,140178.44375,70341.625,505.0583333333333,7545.175862068966,71.38541666666667,48.12291666666667,97420.54166666669,49604.99583333333,2407.2875,3512.05,16199.379166666666,88.40291666666667
2025-07-14,13.114999771118164,3.4660000801086426,12.138844620793316,718.0468,3749.3,42.673186,0.0,822.1575399999999,5.517249,0.0,3645.7502841,0.0,866.7635720000001,196.17252264,0.0,0.0,0.0,0.0,0.0,2.8000000000000007,1.1682106256484983,16.739999771118164,7817.079166666666,3108.8375,18115.5625,1198.8041666666666,18774.970833333333,9567.7375,736.9979166666667,94.425,17.537499999999998,11.445833333333333,16068.825,4995.420833333334,-5178.166666666667,14375.854166666666,137457.11250000002,67790.0125,479.3625,7590.5,91.8875,70.80624999999999,96824.50833333336,50228.5125,2649.1375000000003,3912.7041666666655,13561.997916666667,98.10208333333333
2025-07-15,13.104999542236328,3.5230000019073486,11.777421689306996,721.2713,4006.4,45.184109,0.0,828.019873,5.488608,0.0,3580.7667797,0.0,908.734666,195.10765762,0.0,0.0,0.0,0.0,0.0,5.600000000000001,1.1666297912597656,15.289999961853027,7676.8125,3829.175,18408.716666666667,1172.3458333333333,18974.922916666663,8931.520833333334,754.6770833333334,45.5375,18.52083333333333,11.258333333333333,16222.795833333332,4605.191666666667,-5055.666666666667,15177.179166666669,142910.875,69461.09166666666,480.2625,7995.953571428572,74.96458333333334,47.06458333333333,97973.18958333333,49154.083333333336,2609.2375,7628.591666666667,16546.358333333334,90.09375
2025-07-16,12.404999732971191,3.5510001182556152,11.84178430235916,723.6439,4055.5,41.34859,0.0,852.459194,10.964152,0.0,3026.7220187,0.0,891.785796,189.72319144,0.6999999999999993,0.0,0.0,0.0,0.0,6.800000000000001,1.160739183425903,16.1200008392334,7875.441666666667,4615.039583333333,18990.58333333333,1209.9375,21349.40208333333,9845.141666666666,842.5020833333333,0.0,14.516666666666666,12.4,15690.325,6043.712500000001,-4271.375,14700.716666666667,144711.06458333333,69128.875,487.0541666666666,7265.296428571428,66.14791666666666,35.09583333333333,102551.34166666667,47809.55,2685.9375,4562.45,15973.727083333331,96.18666666666668
2025-07-17,12.18000030517578,3.5420000553131104,11.733628634477483,726.3195,3979.3,41.068,0.0,877.9869209999999,10.960762,0.0,3057.4787618,0.0,852.2854050000001,188.68015944,1.3000000000000007,0.0,0.0,0.0,0.0,6.199999999999999,1.1635754108428955,16.280000686645508,7972.0,4423.685416666666,19377.675,1174.0458333333331,23263.510416666668,10982.741666666669,832.2375000000001,0.0,15.220833333333331,13.6,16989.016666666666,5408.404166666666,-4278.908333333334,14920.741666666669,145414.22916666666,68890.78333333334,484.75,7461.513793103448,86.84791666666666,61.94166666666666,105446.22708333336,47601.18333333333,2592.5958333333333,3522.120833333333,14406.35,92.77291666666667
2025-07-18,12.0,3.565000057220459,11.436755891780257,729.5904,3902.9,44.352535,0.0,839.2026579999999,11.02783,0.0,3549.5795286,0.0,860.5879170000001,193.13888272,0.0,0.0,0.0,0.0,1.6000000000000014,5.699999999999999,1.161548137664795,16.290000915527344,8081.025000000001,4240.483333333334,18984.129166666666,1150.425,22824.560416666664,11661.216666666667,746.8729166666667,0.0,14.704166666666666,12.658333333333331,17286.820833333335,5992.816666666667,-4084.9,14800.883333333331,141906.04791666666,68811.72083333334,492.3125,7482.931034482759,61.895833333333336,35.99166666666667,106694.48333333334,51033.95416666666,2565.6916666666666,634.1833333333333,9377.489583333334,101.22541666666666
2025-07-21,11.979999542236328,3.325000047683716,11.303162819814862,741.1396,3703.6,36.345968,0.0,799.299437,11.018425,0.0,3546.4371171000003,0.0,864.669349,200.30332538,0.0,0.0,0.0,0.0,0.0,7.100000000000001,1.163074612617493,16.6299991607666,7745.741666666666,5999.829166666666,17902.841666666667,1177.6916666666666,20430.191666666666,10735.1125,865.1479166666667,0.0,14.433333333333335,11.116666666666667,16868.045833333334,5103.416666666667,-4038.620833333333,15195.120833333334,141146.24583333332,62396.42083333334,480.07916666666665,7285.024137931034,89.94791666666667,57.79375,99062.36041666666,44179.94166666667,2486.083333333333,4548.033333333334,17719.90625,100.77916666666664
2025-07-22,12.06999969482422,3.252000093460083,11.348706567300036,744.4957,3873.1,43.228854,0.0,806.411338,10.962192,0.0,3591.4014536,0.0,918.833346,189.70825856,0.0,0.0,0.0,0.0,0.0,6.399999999999999,1.1694538593292236,16.649999618530273,7838.404166666667,3960.1666666666665,15829.9,1214.7666666666669,20135.81666666667,9680.020833333334,875.7979166666668,0.0,19.8875,10.0625,17312.320833333335,5859.479166666667,-4914.345833333334,15210.529166666667,142911.97083333333,66056.25416666667,483.73333333333335,7523.196428571428,67.41875,37.1375,97257.83333333331,46999.9125,2566.508333333333,5102.529166666666,19602.916666666668,77.84458333333333
2025-07-23,11.93000030517578,3.07699990272522,11.24715713852637,747.7495,3841.6,45.850625,0.0,820.892701,16.450838,0.0,3617.4836321,0.0,945.795499,188.8221542,0.3999999999999986,0.0,0.0,0.0,0.0,5.699999999999999,1.1739156246185305,16.3700008392334,7965.2,4439.060416666666,16710.95,1175.4083333333333,22033.497916666664,10011.658333333333,915.3708333333334,0.0,56.6125,10.158333333333331,16749.633333333335,5536.854166666667,-3862.558333333333,15897.883333333331,143599.29583333334,67804.375,482.0083333333334,6819.489655172414,75.11458333333333,40.17083333333333,101492.41666666669,43891.78333333333,2501.4875,4856.7,17732.639583333334,79.28333333333333
2025-07-24,11.880000114440918,3.094000101089477,11.16622723356311,750.5542,3829.0,43.001483,0.0,813.326902,16.454628,0.0,3603.3055145,0.0,940.722943,188.5308428,0.0,0.0,0.0,0.0,0.0,6.199999999999999,1.1774264574050903,17.239999771118164,7824.479166666667,4893.377083333334,19852.6125,1204.5291666666667,24352.97173913044,11462.925,942.5739130434785,0.0,51.49166666666667,11.125,16858.541666666668,5092.641666666666,-4084.6708333333336,15433.3125,142636.89583333334,68136.075,486.0083333333334,7691.939285714287,55.27826086956522,29.33478260869565,107882.29583333334,43311.05,2536.483333333333,2257.05,12491.0,103.50833333333333
2025-07-25,11.875,3.109999895095825,11.197612219204288,753.7458,3681.2,39.864798,0.0,815.806257,16.471959,0.0,3590.5190302,0.0,903.22806,195.30703528,0.0,0.0,0.0,0.0,0.0,7.800000000000001,1.1756131649017334,16.299999237060547,7847.191666666667,4862.185416666666,18931.725,1267.0625,22175.947916666668,10541.8375,855.9916666666667,4.795833333333333,63.125,10.791666666666666,16908.958333333332,5073.662499999999,-4627.695833333333,14540.645833333334,140135.24166666667,67556.8625,485.8041666666666,6392.810714285713,73.79791666666667,38.39791666666667,103738.91041666668,43782.10416666666,2536.070833333333,3017.9125,12996.327083333332,97.11666666666667
2025-07-28,11.925000190734863,2.98799991607666,11.33609795652288,766.4301,3667.7,0.0,0.0,889.909067,21.894678,0.0,3773.2366185,0.0,931.833359,186.9841101,0.0,0.0,0.0,0.0,0.0,1.5,1.1756821870803833,16.43000030517578,7986.662499999999,4524.595833333334,14140.679166666669,1297.175,15567.08125,6792.900000000001,800.4145833333333,52.4375,67.24166666666666,10.004166666666666,18998.979166666668,4004.5166666666655,-5074.316666666667,13831.266666666668,139068.914893617,67336.1875,462.8666666666666,7715.335714285714,68.44375000000001,38.37234042553192,91835.66382978724,40730.875,2609.391666666667,5510.320833333334,23132.1625,93.36083333333332
2025-07-29,12.0,3.0810000896453857,11.590979405661704,770.4294,3731.8,0.0,0.0,890.49549,16.438283,0.0,3792.4216308,0.0,928.202061,189.47885311,0.8999999999999986,0.0,0.0,0.0,0.0,1.3000000000000007,1.1596757173538208,21.65999984741211,8013.275000000001,4111.245833333333,12947.554166666669,1273.95,14578.816666666666,7109.6875,785.65625,51.47916666666666,72.82916666666667,10.366666666666667,17556.825,5481.029166666666,-5816.875,11435.091666666667,137030.59791666668,67138.98333333334,459.3083333333333,7355.35172413793,84.87291666666667,53.06875,86023.82708333334,44266.895833333336,2550.766666666667,7684.841666666667,25030.9,77.54375
2025-07-30,12.039999961853027,3.0450000762939453,11.69211531409094,774.3315,3599.3,0.0,0.0,903.313011,16.588182,0.0,3776.5189197,0.0,941.947008,191.92405548,0.8000000000000007,0.0,0.0,0.0,0.0,2.1000000000000014,1.1550945043563845,19.030000686645508,7766.204166666666,3549.08125,13881.958333333334,1188.1833333333334,16136.708333333334,6119.474999999999,765.5124999999999,50.925,96.99583333333334,11.483333333333334,18294.204166666663,5610.875,-4780.741666666667,13926.983333333332,137016.41041666668,68648.95,469.4666666666667,8145.857142857143,78.56666666666666,42.28125,91591.31041666667,45543.10416666666,2556.983333333333,9102.329166666666,18102.375,75.33749999999999
2025-07-31,12.039999961853027,3.1059999465942383,11.817591221258034,777.6828,3258.6,0.0,0.0,892.701091,16.533046,0.0,3822.4075217,0.0,935.906647,201.55266501,1.6000000000000014,0.0,0.0,0.0,0.0,3.5,1.1429355144500732,20.809999465942383,7800.166666666667,4339.114583333333,14638.641666666668,1238.55,15785.204166666665,6791.466666666667,704.0375,3.8125,88.51666666666667,11.2,18358.104166666668,5545.270833333333,-4701.2125,15178.566666666666,142346.12826086956,69503.04583333334,469.0583333333333,6533.1033333333335,82.07916666666667,47.85,97816.47173913044,43195.816666666666,2551.7000000000003,5730.75,18237.13333333333,86.88916666666667
2025-08-01,12.0,3.0829999446868896,11.374188447256826,781.3814,3326.0,0.0,0.0,941.642267,10.97979,0.0,3863.6282934,0.0,908.419898,207.975729,0.8000000000000007,1.5,0.0,0.0,0.0,3.3999999999999986,1.142374038696289,20.63999938964844,8006.554166666666,5109.425,14397.891666666668,1249.6041666666667,15315.397916666669,6956.916666666667,705.7645833333332,0.0,99.83333333333331,13.508333333333333,18110.916666666668,5772.745833333333,-4607.5375,14762.975,133806.58958333332,69392.59999999999,474.7708333333333,7621.028571428571,70.57916666666667,38.91041666666667,94307.76666666666,44687.6125,2612.9375,5086.5875,14611.70625,93.22958333333334
2025-08-04,12.005000114440918,2.931999921798706,11.642033280660703,793.9788,3102.3,33.692295,0.0,968.420221,5.484151,0.0,3871.1269926,0.0,877.966488,188.03504562,0.3999999999999986,0.0,0.0,0.0,0.0,2.7,1.158668041229248,25.309999465942383,8027.3625,1650.61875,9605.179166666669,1173.3041666666666,12823.235416666668,5503.454166666666,803.0187500000001,0.0,53.19166666666666,12.620833333333332,17839.337499999998,5685.629166666667,-5393.783333333334,12586.533333333333,132403.09791666668,66110.12083333333,460.6375,7496.867857142856,107.14166666666668,118.46458333333334,83265.59791666667,44507.25833333333,2446.829166666667,8975.983333333334,22395.872916666664,58.69625
2025-08-05,11.989999771118164,3.009999990463257,11.68122899601792,797.7614,3133.2,47.39405,0.0,973.426805,5.469491,0.0,3917.2313945,0.0,867.52982,179.42695513,0.1000000000000014,0.8999999999999986,0.0,0.0,0.0,4.899999999999999,1.1584129333496094,20.780000686645508,7812.733333333334,-1229.7708333333333,9109.383333333331,1268.4541666666669,12610.114583333334,5503.220833333333,709.0375,0.0,58.86666666666667,11.883333333333333,16588.766666666666,5763.804166666666,-6366.120833333333,9746.6875,136756.95319148936,64456.57916666666,456.3875,8176.710714285714,95.19583333333334,68.4063829787234,80395.38510638298,43970.8875,2476.758333333333,11225.608333333332,27601.485416666663,40.13958333333333
2025-08-06,11.93000030517578,3.07699990272522,11.286293814518157,801.4235,3180.7,56.770761,0.0,970.429522,10.973104,0.0,3872.7104923,0.0,848.0101480000001,171.10359394,1.8000000000000007,0.8999999999999986,0.0,0.0,0.0,4.800000000000001,1.1579166650772097,18.229999542236328,7949.400000000001,2701.714583333333,9444.125,1160.3166666666666,15249.995833333334,6981.0125,827.6770833333334,0.0,62.59583333333333,13.1375,16668.620833333334,6773.579166666666,-5105.1125,11132.254166666666,133719.4375,68209.92916666667,462.9125,7702.596428571429,92.9625,73.32291666666667,85474.72291666667,49233.02916666667,2420.329166666667,6675.895833333333,20290.25625,64.42791666666666
2025-08-07,11.9399995803833,3.066999912261963,11.263570750725354,804.99,3144.6,56.249052,0.0,988.117249,5.502447,0.0,3883.8990808,0.0,827.040405,182.70877008,0.0,0.0,0.0,0.0,0.0,5.699999999999999,1.1663167476654053,17.8700008392334,7978.591666666667,1810.4479166666667,11023.2,1174.2916666666667,15385.058333333332,7205.537499999999,648.3979166666667,0.6333333333333334,62.17916666666667,12.945833333333333,16651.754166666666,6427.8125,-5715.641666666666,12824.2625,139329.5695652174,68873.3625,465.875,7806.25,92.71458333333334,60.94347826086957,92831.13695652172,52923.67083333334,2416.5333333333333,6231.708333333333,15006.491666666669,71.32416666666667
2025-08-08,11.93000030517578,2.990000009536743,11.10376838971754,808.5427,3019.8,63.953859,0.0,943.147508,5.51421,0.0,3912.0363407,0.0,818.854821,188.45390368,0.0,0.0,0.0,0.0,0.0,7.0,1.1676650047302246,18.600000381469727,7989.745833333333,2607.2125,12374.804166666669,1150.975,15782.497916666667,7862.325,723.1875,3.095833333333333,72.52916666666667,12.145833333333334,16607.695833333335,6635.133333333334,-5125.445833333333,13665.4875,136211.1170212766,70306.40833333334,467.92083333333335,7110.731034482759,101.0375,87.43191489361702,93888.25531914894,50469.25,2486.2208333333333,3224.8916666666664,14611.135416666666,76.95208333333333
2025-08-11,11.9350004196167,2.9539999961853027,11.26526379488755,820.9914,3408.5,0.0,0.0,906.68841,5.51472,0.0,3753.4981372,0.0,849.260842,186.5740458,0.0,0.0,0.0,0.0,0.8000000000000007,9.6,1.1647952795028689,17.299999237060547,8009.349999999999,3372.1416666666664,12569.508333333331,1214.3208333333334,19404.75833333333,7184.275000000001,810.6458333333334,0.0,113.2375,11.325,15225.291666666666,6827.804166666666,-5382.650000000001,13599.5,137931.14680851065,66880.77500000001,461.65,9181.582142857142,61.03541666666666,33.47872340425532,94739.09361702128,57278.93333333333,2478.204166666667,2136.241666666667,12590.091666666667,84.09833333333333
2025-08-12,11.925000190734863,2.808000087738037,11.035824752238964,823.9587,3278.4,0.0,0.0,896.786923,5.516853,0.0,3500.6242931,0.0,865.5328400000001,184.85178592,0.0,0.0,0.0,0.0,2.7,10.0,1.1618449687957764,16.3700008392334,8117.545833333334,3029.647916666667,14323.95,1181.9625,21457.27234042553,9555.575,904.3595744680852,0.0,115.16666666666669,12.325,15191.170833333332,6757.654166666667,-4237.433333333333,14527.616666666669,138543.44791666666,66963.09583333334,460.8541666666667,8854.466666666667,57.68510638297872,30.80851063829787,97708.60833333334,53002.708333333336,2394.3625,2356.2125,13435.287234042553,85.08
2025-08-13,11.93000030517578,2.828000068664551,11.156861180205578,826.6932,3257.1,0.0,0.0,914.620752,5.496606,0.0,3603.1357787,0.0,869.590103,185.83938914,0.0,0.0,0.0,1.8000000000000007,0.1999999999999993,9.7,1.1677058935165403,15.789999961853027,8253.883333333333,3299.3125,14845.445833333331,1180.3041666666666,22576.36458333333,10753.0,938.4666666666668,0.0,119.37916666666666,11.025,15424.8125,5994.191666666667,-4231.333333333333,15397.670833333332,139998.9,67462.64166666666,465.275,8571.379310344828,50.0125,28.37291666666667,101979.02083333331,52103.78333333333,2484.1,2232.7875,10851.589583333332,100.01458333333332
2025-08-14,11.90999984741211,2.8410000801086426,11.033531309735784,829.5619,3186.6,0.0,0.0,908.7989,5.47785,0.0,3603.2321149,0.0,883.245418,184.14747646,0.0,0.0,0.0,3.5,0.0,9.2,1.171289324760437,16.420000076293945,8111.75,3576.0020833333333,14956.8125,1195.2041666666669,23006.89583333333,10972.266666666668,871.2854166666666,0.0,117.64166666666668,12.5,14752.370833333334,5896.920833333334,-4451.879166666667,14438.104166666666,142656.4404255319,67657.95833333333,469.8666666666666,7973.4655172413795,36.625,23.84042553191489,104211.30638297871,51902.583333333336,2445.208333333333,2926.4833333333336,10230.225,105.41416666666667
2025-08-15,11.892999649047852,2.91599988937378,10.596509482531973,833.0921,2878.7,0.0,0.0,913.17859,5.479241,0.0,3571.0846498,0.0,870.0006759999999,184.10917679,0.0,0.0,0.0,4.399999999999999,1.1000000000000014,7.800000000000001,1.1651345491409302,16.920000076293945,7872.0125,2974.4479166666665,11348.425,1240.6458333333333,17740.9875,8082.783333333333,797.5916666666667,0.0,114.6625,12.0875,13376.341666666667,5463.066666666667,-6191.099999999999,10284.345833333333,128985.675,63760.65833333333,459.375,7843.158620689655,56.70625,32.456250000000004,84139.97499999999,51373.84583333333,2415.9958333333334,4626.645833333333,16845.447916666668,73.13375
2025-08-18,10.93000030517578,2.890000104904175,10.72943679789372,843.7771,3550.5,0.0,0.0,912.2134,5.471067,0.0,3463.919104,0.0,895.0658569999999,185.33592773,0.0,0.0,0.0,0.0,0.0,5.100000000000001,1.1706587076187134,16.90999984741211,8138.2,3614.560416666666,14878.083333333334,1260.7791666666667,20998.425,9927.5,734.4854166666668,0.0166666666666666,18.42083333333333,15.0625,13424.3625,6520.983333333334,-4371.179166666667,13204.345833333333,134751.32916666666,66889.30833333333,475.9666666666667,8420.610714285714,77.03750000000001,42.91458333333333,97110.02291666664,48627.708333333336,2378.766666666667,1922.7625,12366.060416666667,92.2275
2025-08-19,10.914999961853027,2.7660000324249268,10.678991986478458,847.0535,3347.7,0.0,0.0,900.99553,5.4895,0.0,3466.9710393,0.0,878.454205,184.46218892,0.0,0.0,0.0,0.0,0.0,4.800000000000001,1.1668338775634766,17.440000534057617,8014.875,2806.31875,15125.308333333334,1192.0166666666669,19583.78125,9781.0625,829.19375,0.0166666666666666,23.6875,15.991666666666667,12899.55,5627.787499999999,-5384.3625,10505.029166666667,139086.66170212766,67447.2375,475.95,8456.63448275862,62.88541666666666,33.08297872340426,95711.1659574468,49611.075,2431.958333333333,5752.150000000001,14794.9125,82.18083333333334
2025-08-20,11.109999656677246,2.752000093460083,10.887059981672705,850.11,3265.3,0.0,0.0,832.198583,5.479251,0.0,3466.7428977,0.0,827.922241,185.377953,0.0,0.6999999999999993,0.0,0.0,0.0,5.300000000000001,1.164252758026123,17.170000076293945,8167.2,3223.895833333333,15898.775,1192.9875,18258.14375,9841.5875,830.3625000000001,0.0,67.63333333333334,16.166666666666668,13475.3125,5176.883333333333,-5006.325,13065.354166666666,135120.78333333333,67687.62916666667,475.9666666666667,7935.650000000001,45.74166666666667,27.38958333333333,94264.05833333332,43714.85416666666,2391.2791666666667,6719.845833333333,15639.370833333334,90.83916666666666
2025-08-21,11.4399995803833,2.825999975204468,11.329040549455422,853.2998,3249.8,0.0,0.0,833.300081,5.639901,0.0,3427.232141,0.0,912.380115,180.3653073,0.3000000000000007,1.1999999999999993,0.0,0.0,0.0,4.0,1.165175199508667,19.0,8327.166666666666,3553.427083333333,15172.2375,1306.1166666666666,16718.185416666667,10135.304166666669,702.6354166666666,0.0125,76.12083333333334,17.041666666666668,14826.3625,5014.929166666667,-5379.154166666666,13969.0875,138303.17872340427,67455.99583333333,475.8958333333333,7806.151724137931,37.43541666666667,26.459574468085105,94142.4085106383,42558.17916666667,2446.704166666667,8336.583333333334,17793.65625,92.03541666666666
2025-08-22,11.550000190734863,2.697999954223633,11.426877279841456,856.3328,3263.6,0.0,0.0,867.2157460000001,5.575677,0.0,3336.0761441,0.0,871.689337,180.97477668,2.4000000000000004,0.6000000000000014,0.0,0.0,0.0,2.2,1.16130530834198,18.010000228881836,8281.979166666666,3901.164583333333,12484.5875,1263.7208333333333,15486.1,8229.733333333334,671.5854166666667,0.0041666666666666,119.38333333333333,17.775000000000002,16188.991666666669,5914.108333333334,-5781.816666666667,14241.55,136147.15744680853,67013.57916666668,477.0125,6287.474999999999,37.15416666666667,27.27659574468085,89731.9744680851,42588.80833333333,2446.204166666667,8478.466666666667,19915.02083333333,74.24374999999999
2025-08-25,11.550000190734863,2.696000099182129,11.590857957107833,866.4489,3375.4,0.0,0.0,892.1421929999999,10.996354,0.0,3506.9157679,0.0,896.8224769999999,173.64499255,3.4000000000000004,0.0,0.0,0.0,0.0,3.2,1.1709601879119873,19.5,8211.858333333334,2418.4604166666663,14326.9625,1187.8041666666666,19321.854166666668,9477.7375,778.775,0.0041666666666666,79.07083333333334,15.904166666666669,13733.983333333332,6466.4375,-4541.995833333333,13209.883333333331,137765.7340425532,69582.49166666667,468.44166666666666,7751.310344827586,108.59583333333336,86.53404255319148,98126.67446808513,46562.60833333334,2403.958333333333,2559.4166666666665,14270.39375,90.0875
2025-08-26,11.489999771118164,2.7170000076293945,11.393707969579673,868.9304,3443.1,0.0,0.0,893.610657,5.530955,0.0,3297.1555095,0.0,906.015103,177.94727712000002,2.5,0.0,0.0,0.0,0.0,3.899999999999999,1.1618449687957764,19.07999992370605,8272.1375,3012.55,15748.279166666667,1195.1416666666669,21831.516666666663,10973.3375,810.53125,0.0375,132.15833333333333,14.166666666666666,14048.55,6046.729166666667,-4120.308333333333,14402.629166666666,141415.1744680851,68991.34166666666,497.675,7617.320689655173,94.66041666666666,63.96595744680851,102483.58723404254,47758.75416666667,2402.9041666666667,5212.904166666666,11641.841666666667,98.96958333333332
2025-08-27,11.3100004196167,2.867000102996826,11.104175463557658,871.0767,3310.8,0.0,0.0,866.7806370000001,5.503128,0.0,3084.2593934,0.0,889.0495070000001,177.39209696,0.0,0.0,0.0,0.0,0.0,4.399999999999999,1.1639411449432373,17.600000381469727,8072.620833333333,2825.5125000000003,15666.970833333333,1192.2875,23377.0,11237.6125,736.5229166666667,0.0,106.85416666666669,13.695833333333333,14378.370833333334,5885.258333333332,-4327.870833333333,14571.795833333332,140510.48333333334,70418.44166666667,507.8875,7794.103448275862,100.125,66.87708333333333,103087.50833333336,41311.645833333336,2450.320833333333,4178.241666666667,14678.033333333333,104.72291666666666
2025-08-28,11.204999923706056,2.944000005722046,10.773673576671865,873.3465,3079.3,0.0,0.0,868.477895,5.482587,0.0,2975.3965315,0.0,898.438451,177.75406020000003,0.0,0.8999999999999986,0.0,0.0,0.0,6.800000000000001,1.1647952795028689,17.280000686645508,8172.066666666667,3785.925,16276.529166666667,1241.6916666666666,22289.17708333333,12019.358333333332,396.9083333333333,0.0,79.85833333333333,14.691666666666668,14951.233333333332,4761.0125,-4647.070833333333,13862.945833333331,146366.02608695652,69900.7625,516.7041666666667,7379.29,95.90208333333334,70.36086956521739,107663.93695652176,35427.775,2448.025,3754.1,17543.402083333334,115.02666666666666
2025-08-29,11.21500015258789,2.996999979019165,10.826327552133415,876.0092,3444.4,66.166318,0.0,903.990506,5.487372,0.0,2843.3583131,0.0,912.80885,178.88261628,0.0,1.5,0.0,0.0,0.0,2.3999999999999986,1.1681560277938845,17.510000228881836,8218.737500000001,4460.102083333333,15267.920833333332,1268.6083333333331,17792.939583333333,9941.958333333334,357.14166666666665,0.0,84.82083333333334,15.8375,16587.575,4766.991666666667,-5432.620833333333,13552.454166666668,137236.90416666667,67413.42083333334,521.125,7360.255172413793,97.91875,67.12916666666666,94593.50208333333,38663.38333333334,2454.7875,6629.333333333333,19997.05625,94.57208333333334
2025-09-02,11.244999885559082,3.009000062942505,10.909671001582648,890.2405,3689.8,67.387069,0.0,886.3367840000001,10.934622,0.0,2665.4122872,0.0,906.075757,206.7805521,0.6000000000000014,2.3000000000000007,0.0,0.0,0.0,0.8000000000000007,1.1715912818908691,19.82999992370605,8529.295833333334,4036.539583333333,15777.458333333334,1333.9333333333334,18966.885416666668,9915.4,372.00625,0.0,125.69583333333333,18.725,15485.066666666666,6541.762500000001,-5096.116666666667,12905.0375,139806.32708333334,67187.47083333334,494.00416666666666,8137.420689655173,60.13125,41.05833333333333,98724.13125,38424.82916666667,2355.5708333333337,7145.95,18296.814583333333,122.2075
2025-09-03,11.225000381469728,3.063999891281128,10.951232655312635,892.8834,3830.3,65.610708,0.0,818.323701,10.937614,0.0,2633.9102117,0.0,910.398916,207.3818795,0.0,0.3000000000000007,0.0,0.0,0.0,0.0,1.163602590560913,22.3799991607666,8139.470833333334,3204.9,12423.104166666666,1193.975,15421.7875,8996.141666666666,371.82916666666665,55.24583333333334,111.7375,66.37916666666666,14710.3125,5493.179166666666,-6279.712500000001,11617.420833333332,144850.53191489365,65562.9875,475.375,6925.4366666666665,60.20208333333334,38.93191489361702,88233.75531914894,41958.24583333333,2296.4708333333333,13547.970833333333,27689.422916666663,59.47916666666666
2025-09-04,11.244999885559082,3.0739998817443848,11.076741973134917,895.5008,3887.8,65.092593,0.0,829.820239,5.478504,0.0,2679.9741578,0.0,907.810584,214.6897129,0.0,1.8999999999999984,0.0,0.0,0.0,0.1999999999999993,1.16604483127594,24.690000534057617,8200.9375,3649.404166666666,13032.304166666669,1220.1458333333333,17856.95,9667.470833333333,458.9500000000001,130.7,101.8875,608.8291666666667,14764.441666666668,6846.658333333333,-5757.0,10197.875,141459.7125,67959.02083333333,479.25416666666666,7208.790625,67.98541666666667,42.5,93021.39375,42845.254166666666,2323.775,10941.2375,21545.07083333333,93.52833333333332
2025-09-05,11.300000190734863,3.0480000972747803,10.922036175470822,897.9175,3925.3,68.128773,0.0,776.646657,5.477585,0.0,2762.9110828,0.0,900.0366260000001,217.1765416,0.1000000000000014,2.2,0.0,0.0,0.0,1.1999999999999993,1.165691375732422,23.65999984741211,8706.558333333332,4955.927083333333,16145.541666666666,1118.5791666666669,18541.560416666667,11230.8875,716.8083333333334,117.05,115.53333333333336,620.4458333333333,15430.8875,7071.704166666666,-4620.316666666667,13332.904166666667,144153.6891304348,70505.33333333333,482.85,6550.823529411765,64.67291666666667,41.19565217391305,104562.16304347826,41427.23333333333,2339.65,3794.4375,15343.089583333334,100.77
2025-09-08,11.345000267028809,3.0899999141693115,11.350650575483035,905.8998,3859.9,72.11927,0.0,747.289456,10.961672,0.0,2749.1728831,0.0,899.0231289999999,216.2658727,1.1000000000000014,1.6000000000000014,0.0,0.0,0.0,2.2,1.1713168621063232,26.420000076293945,9035.579166666666,5700.085416666666,16779.858333333334,1231.4291666666666,19856.20833333333,10716.295833333334,359.48125,118.84166666666664,117.42083333333332,615.4291666666667,15035.595833333333,6950.55,-4063.066666666667,15414.908333333333,140655.8574468085,71940.15416666666,509.32916666666665,6583.6900000000005,78.61041666666667,53.4595744680851,106464.75957446807,38773.51666666667,2253.420833333333,4156.379166666667,12018.8125,126.12791666666668
2025-09-09,11.329999923706056,3.117000102996826,11.359009994525596,907.2578,3990.0,69.155303,0.0,753.841115,10.956095,0.0,2655.9968116,0.0,887.217463,217.0047544,0.0,2.4000000000000004,0.0,0.0,0.0,3.3000000000000007,1.1769136190414429,23.43000030517578,8738.829166666666,4927.979166666667,18718.57083333333,1226.875,23734.454166666663,12484.220833333333,383.48125,122.33333333333331,66.08749999999999,612.9375,15446.05,6489.654166666667,-4468.595833333334,15220.816666666666,143801.3510638298,70319.47916666667,522.8333333333334,6083.696428571428,94.79791666666668,78.05531914893616,112503.02978723405,36120.816666666666,2248.9708333333333,2292.079166666667,11461.09375,141.92125
2025-09-10,11.335000038146973,3.0290000438690186,11.36044829468519,908.6674,3821.6,13.155763,0.0,766.9973600000001,10.95647,0.0,2734.9690496,0.0,931.457337,208.2369911,0.0,2.4000000000000004,0.0,0.0,0.0,0.1999999999999993,1.1702749729156494,20.520000457763672,8524.875,4191.383333333333,18709.129166666666,1169.6333333333334,20693.347916666666,11172.9625,378.4916666666666,117.8625,70.3,614.5500000000001,15735.725,5076.279166666666,-4970.654166666666,13554.995833333334,141372.375,68450.3,512.5333333333333,7786.55,96.05625,62.79375,103927.97083333333,30109.07083333333,2223.141666666667,5697.520833333333,19541.10208333333,124.24291666666666
2025-09-11,11.345000267028809,2.934000015258789,11.087050328049417,910.0601,3801.4,0.0,0.0,804.295749,5.474334,0.0,2529.9084561,0.0,918.111493,220.5679945,0.8999999999999986,3.6999999999999993,0.0,0.0,0.0,0.3999999999999986,1.1703435182571411,18.559999465942383,8026.900000000001,1334.4854166666669,13794.958333333334,1262.2833333333333,15342.508333333331,7560.591666666667,370.75416666666666,112.55416666666667,62.2375,617.3874999999999,15717.441666666666,4847.020833333333,-6338.754166666667,9781.2875,143406.08936170212,65616.72499999999,482.0625,7704.435714285713,98.45833333333331,66.54893617021277,88078.67021276595,36081.37083333333,2186.0666666666666,12678.7,29811.860416666663,67.71583333333334
2025-09-12,11.354999542236328,2.940999984741211,11.233303657422471,912.0313,3845.3,0.0,0.0,802.9773620000001,5.483495,0.0,2444.5251303,0.0,943.930546,217.0702417,2.6,4.1,0.0,0.0,0.0,0.6000000000000014,1.1734747886657717,17.190000534057617,8147.283333333333,497.35625,11205.954166666668,1288.0166666666669,16338.625,7455.8625,373.2104166666666,131.98749999999998,68.7,621.4541666666667,15310.2625,6609.070833333334,-5586.841666666667,10304.716666666667,141590.8170212766,64839.0375,486.45,8006.742857142856,90.98958333333331,56.54680851063829,89227.76595744681,39551.26666666667,2205.9125,12740.725,25140.37083333333,57.98791666666667
2025-09-15,11.359999656677246,3.0429999828338623,11.050808858467574,920.1172,4068.4,0.0,0.0,802.054608,11.021458,0.0,2649.6297474000003,0.0,939.104148,213.4269197,1.8999999999999984,2.3000000000000007,0.0,0.0,0.0,0.8999999999999986,1.1726491451263428,16.350000381469727,7753.979166666667,-389.27291666666673,7694.870833333333,1306.3041666666666,15411.858333333332,6841.633333333332,341.4458333333334,120.79583333333332,58.25833333333333,600.5875,13872.966666666667,5010.195833333333,-6657.579166666666,9988.191666666668,141738.45744680852,60659.91666666666,472.0375,7491.423333333334,100.18333333333334,76.29787234042553,78475.3085106383,38442.958333333336,2125.8125,13594.379166666666,35935.927083333336,7.832083333333333
2025-09-16,11.449999809265137,3.102999925613404,11.146243936706378,921.7775,3973.7,0.0,0.0,657.709795,10.969817,0.0,2599.8416976,0.0,864.391891,212.999163,2.4000000000000004,3.3000000000000007,0.0,0.0,0.0,1.8000000000000007,1.1763737201690674,17.239999771118164,7888.745833333333,94.89791666666665,8246.595833333333,1183.2916666666667,17771.024999999998,6776.1875,417.3645833333333,104.05833333333334,90.7875,586.3625000000001,14276.316666666666,5574.604166666667,-5468.704166666666,12162.3125,148655.46956521738,65016.59166666667,483.2708333333333,7175.989285714286,73.30624999999999,53.50217391304348,87670.87391304347,36206.316666666666,2101.7541666666666,12637.133333333331,34051.48125,25.12125
2025-09-17,11.479999542236328,3.0999999046325684,11.273315048722898,923.119,4356.5,0.0,0.0,303.517,10.962766,0.0,2575.2223035,0.0,792.9317169999999,210.6652578,3.8000000000000007,2.0,0.0,0.0,0.0,2.8999999999999986,1.1871408224105835,16.59000015258789,8260.104166666666,3212.472916666667,10552.975,1233.9291666666666,18752.516666666663,7927.170833333334,532.4770833333333,94.05416666666667,67.31666666666666,599.1333333333333,15143.691666666666,6228.637500000001,-5258.337500000001,13490.833333333334,148535.25869565218,69028.7375,523.6041666666666,6726.657142857142,91.89375,85.26086956521739,95351.47826086955,37744.6625,2206.179166666667,13131.016666666668,25553.99583333333,73.97166666666666
2025-09-18,11.524999618530272,2.938999891281128,11.421500283616032,924.7272,4359.6,0.0,0.0,304.28952,10.983951,0.0,2629.1033717,0.0,848.817074,207.2432724,1.1000000000000014,0.0,0.0,0.0,0.0,2.0,1.1826341152191162,16.079999923706055,8251.15,1456.6458333333333,10862.329166666666,1276.2208333333333,18389.3875,7458.041666666667,455.0604166666666,95.0,86.66666666666667,603.6374999999999,14277.295833333332,6016.970833333333,-5660.520833333333,13477.566666666666,145109.22978723404,68053.18333333333,532.3041666666667,7062.964285714285,81.81875000000001,60.08297872340426,92674.56808510638,39217.41666666666,2226.895833333333,13839.55,24822.83125,67.61125
2025-09-19,11.364999771118164,2.888000011444092,11.164877688568453,926.3952,4154.6,0.0,0.0,430.368163,10.96975,0.0,2611.4517025,0.0,879.2649289999999,207.2206423,0.0,0.0,0.0,0.0,0.0,2.8000000000000007,1.1791062355041504,15.779999732971191,8458.6875,2640.991666666667,12535.029166666667,1167.1875,19215.139583333334,8368.508333333333,492.6666666666667,84.02916666666667,118.25416666666666,610.75,14516.5875,6245.3125,-4674.345833333334,13584.0125,139779.72083333333,67164.36666666667,540.3583333333333,8100.921428571428,58.45208333333333,40.29583333333333,94356.28958333332,42297.575,2264.6833333333334,8649.487500000001,19949.889583333334,97.25583333333331
2025-09-22,11.270000457763672,2.805999994277954,10.954028781661648,933.0575,4027.4,0.0,0.0,393.153031,10.970377,0.0,3074.6553769,0.0,916.693283,215.0902627,5.1,6.6,0.0,0.0,0.0,1.3999999999999986,1.173695087432861,15.40999984741211,8506.629166666668,4017.633333333333,16183.6625,1210.1416666666669,18054.385416666668,9708.379166666668,481.1520833333333,0.0,109.8625,604.6583333333333,14342.941666666666,4589.191666666667,-5731.404166666667,8690.020833333334,137729.65625,66480.64583333333,482.12916666666666,4589.122916666666,45.01041666666666,29.016666666666666,91744.64375,30256.0,2290.1875,12294.295833333332,24709.85,97.81666666666666
2025-09-23,11.354999542236328,2.852999925613404,11.159491843587722,933.8856,4104.5,0.0,0.0,463.675721,16.503443,0.0,3414.2119056,0.0,936.338206,213.833809,7.1,6.5,0.0,0.0,0.0,0.0,1.1801080703735352,16.65999984741211,8847.5,4307.066666666667,17966.075,1212.275,21152.8125,11679.033333333333,498.4645833333333,0.0,127.97916666666669,602.9499999999999,14333.633333333331,4890.083333333333,-4657.891666666666,9289.129166666668,140791.58958333332,68751.0625,480.8416666666667,4525.872916666666,52.95,31.41875,99710.85,33169.74166666667,2255.2875,5497.266666666666,21747.233333333334,102.52041666666668
2025-09-24,11.220000267028809,2.8580000400543213,11.046802231260603,934.6222,4041.4,0.0,0.0,471.201299,33.061316,0.0,3209.1319251,0.0,927.610923,212.9795867,7.199999999999999,4.800000000000001,0.0,0.0,0.0,0.0,1.181446552276611,16.93000030517578,8917.3375,3885.9625,15637.779166666667,1127.9041666666667,17672.425,9022.7875,436.42291666666665,0.0,143.92083333333332,606.8916666666667,14966.116666666669,5005.320833333333,-4510.1375,11465.575,142608.61875,71774.5125,507.7833333333333,4999.779166666666,80.12916666666666,46.91666666666666,95460.3125,30697.63333333333,2288.8,8340.825,27629.08541666667,78.2725
2025-09-25,11.279999732971191,2.9040000438690186,11.17189486350537,935.336,3906.6,0.0,0.0,486.082003,49.451608,0.0,3373.7829099,0.0,934.805541,211.8981855,6.9,4.6,0.0,0.0,0.0,0.0,1.1744670867919922,15.770000457763672,8938.191666666668,4192.181250000001,14873.4625,1201.2166666666667,17508.279166666667,8329.579166666666,485.8875,0.0,147.54166666666666,604.225,16087.083333333334,6089.462500000001,-4274.558333333333,12702.1625,143966.48750000002,74176.99166666667,517.9,4839.135416666667,98.73125,68.14375,97584.10416666669,29353.30833333333,2273.8625,11290.054166666669,26060.69583333333,82.24916666666667
2025-09-26,11.295000076293944,2.8350000381469727,11.176355222253074,936.3198,4204.5,0.0,0.0,486.554132,43.913456,0.0,3533.4203936,0.0,920.048898,210.3978486,5.9,5.199999999999999,0.0,0.0,0.0,0.0,1.166275978088379,14.850000381469728,9138.720833333333,5028.064583333334,15859.070833333331,1175.5041666666666,21630.90208333333,8826.470833333333,409.54583333333335,15.2875,125.50833333333333,600.2291666666666,16788.945833333335,6478.675,-4040.1125,15126.579166666668,142541.20625,75367.35833333334,531.1166666666667,4083.00625,103.72291666666666,101.725,105207.00416666668,28457.775,2303.5666666666666,9430.529166666667,18390.041666666668,95.57625
2025-09-29,11.199999809265137,3.2669999599456787,11.00134528283784,941.0451,4052.0,52.421938,0.0,578.5014639999999,21.947363,0.0,3592.5196383,0.0,952.007587,210.934837,6.800000000000001,4.800000000000001,0.0,0.0,0.0,0.0,1.170823097229004,15.739999771118164,9068.995833333332,3724.6770833333335,18908.52083333333,1179.7791666666667,21701.45625,12029.604166666666,565.4895833333334,130.95000000000002,83.0,602.0500000000001,14346.420833333332,5760.295833333334,-4976.287499999999,11966.65,141519.7085106383,73651.47499999999,505.9625,4498.839583333333,78.33541666666666,49.68936170212766,107322.61489361704,32985.34166666667,2693.070833333333,2703.516666666667,15645.3625,131.39125
2025-09-30,11.050000190734863,3.302999973297119,10.800010567551556,940.0239,4262.4,48.242402,0.0,565.3160829999999,32.859864,0.0,3257.3246727,0.0,942.420278,209.9033987,8.6,4.300000000000001,0.0,0.0,0.0,0.0,1.1731443405151367,16.5,9272.370833333332,3167.5770833333336,20120.275,1411.925,25423.1625,14301.525,677.1541666666667,170.9,118.7,606.0791666666667,14589.629166666666,6391.787499999999,-4484.375,14516.0,142571.1,74180.39166666668,521.1166666666667,4500.789583333333,87.68958333333335,68.68124999999999,113638.55625,31368.533333333336,2671.829166666667,2204.4708333333333,12146.025,125.99533333333332
2025-10-01,11.045000076293944,3.4760000705718994,10.777925838020582,942.5355,3801.9,54.145856,0.0,799.6460529999999,27.373453,0.0,3134.1275078,0.0,927.69912,208.3402285,9.3,4.9,0.0,0.0,0.0,0.0,1.1735849380493164,16.479999542236328,9423.7875,3093.26875,19745.783333333333,1245.6666666666667,25067.38333333333,13313.766666666668,609.9250000000001,152.74166666666667,120.47916666666669,607.4416666666667,14370.55,5760.5125,-4772.983333333334,13660.316666666666,142340.68541666667,72684.35416666667,538.2083333333334,6405.302631578948,102.175,88.88333333333333,109568.075,34946.075000000004,2793.8,2738.1666666666665,13930.485416666668,116.61145833333336
2025-10-02,11.024999618530272,3.441999912261963,10.817550423521936,942.028,3773.2,46.479181,0.0,835.1012969999999,27.379392,0.0,3531.3641547,0.0,950.14637,211.3553718,9.4,3.5,2.2,0.0,0.0,0.0,1.1734058856964111,17.6200008392334,9347.666666666666,2677.93125,18541.38333333333,1223.7208333333333,21319.064583333333,10765.65,720.40625,138.59166666666667,154.91666666666666,613.9041666666667,13796.675,5637.55,-4353.333333333333,12300.979166666666,142578.63958333334,72741.34999999999,528.9791666666666,8082.321428571428,106.06458333333336,74.50625000000001,101118.61041666666,37493.13333333334,2822.5750000000003,6662.695833333334,19382.125,102.04031249999998
2025-10-03,11.039999961853027,3.3239998817443848,10.803464947961736,942.7987,4261.8,57.962049,0.0,829.9128679999999,38.225519,0.0,3655.4328228,0.0,942.07448,204.8211671,9.8,1.8000000000000007,4.1,0.0,0.0,0.0,1.1725116968154907,16.8700008392334,8746.445833333333,698.6374999999999,10761.0,1300.8916666666669,15921.745833333334,8609.541666666666,632.7104166666667,96.81666666666666,124.09166666666664,614.7041666666667,13523.875,5565.974999999999,-4657.879166666667,11058.883333333331,138659.82291666666,70077.91666666667,501.23333333333335,7099.603571428571,104.86041666666668,84.39791666666666,85195.19583333333,33452.145833333336,2826.2791666666667,13598.6125,29939.254166666666,59.99645833333333
2025-10-06,11.130000114440918,3.3570001125335693,11.367836058840764,945.8675,4408.6,85.671753,0.0,750.130067,54.673719,0.0,3552.7326557,0.0,964.963506,210.3461591,6.0,4.1,2.8000000000000007,0.0,0.0,0.0,1.171248197555542,14.90999984741211,8789.116666666667,2175.65625,15314.079166666668,1246.9166666666667,21979.970833333336,10438.529166666667,750.7041666666668,305.43333333333334,237.82916666666665,588.9583333333334,14455.654166666667,6387.695833333334,-4235.854166666667,15605.029166666667,147351.64680851065,68833.3875,542.2916666666666,7200.971428571429,108.22916666666669,87.64255319148936,103553.22127659577,24635.075,2856.6583333333333,7220.445833333334,26979.685416666664,92.9853125
2025-10-07,11.135000228881836,3.497999906539917,11.410322207410973,945.6054,4422.4,66.62263,0.0,824.72335,32.653236,0.0,3550.3115398,0.0,972.644205,211.1663143,6.300000000000001,3.9,2.4000000000000004,0.0,0.0,0.0,1.171028733253479,14.079999923706056,8708.083333333334,1492.595833333333,22022.095833333336,1305.2166666666667,28526.39583333333,13264.4375,590.06875,297.62083333333334,212.72083333333333,589.1541666666667,15309.720833333333,6160.570833333334,-3854.825,13966.670833333332,145124.6625,68416.14583333333,531.1999999999999,7777.760714285714,75.61874999999999,52.60833333333333,114155.54166666669,25729.00833333333,2936.8250000000003,4882.216666666666,15663.520833333334,137.4415625
2025-10-08,11.114999771118164,3.3329999446868896,11.169564558324412,945.2086,4238.1,66.142248,0.0,828.7882569999999,16.465601,0.0,3571.3153152,0.0,962.712195,205.6381461,4.0,4.300000000000001,1.1000000000000014,0.0,0.0,0.0,1.1654603481292725,14.0,8800.379166666668,1499.79375,22470.83333333333,1356.2291666666667,28010.077083333334,13601.529166666667,710.24375,198.3875,176.17916666666667,583.5458333333333,15226.266666666668,5877.179166666668,-3814.283333333333,14235.504166666666,144733.40208333332,68832.925,522.5291666666667,7423.896428571429,93.45208333333332,54.47708333333333,114308.22708333336,27043.95833333333,3027.0875,3334.8375,15235.7875,117.90489583333334
2025-10-09,11.079999923706056,3.2690000534057617,11.032979286867812,945.1386,4243.7,67.218629,0.0,826.309346,27.349619,0.0,3533.6384418,0.0,962.830427,206.1460302,5.1,5.699999999999999,0.0,0.0,0.0,0.0,1.1631964445114136,13.470000267028809,8879.216666666667,2745.70625,21759.279166666667,1234.5583333333334,26961.23958333333,13451.241666666669,616.0666666666667,242.0875,186.29166666666663,598.0583333333333,14251.1,4948.545833333333,-4107.016666666666,11954.8375,145684.19375,68993.40416666666,531.5833333333334,7585.660714285715,96.63125,54.11875,109136.36041666666,24928.800000000003,3019.125,6910.183333333333,20628.329166666663,104.20927083333332
2025-10-10,11.0600004196167,3.1059999465942383,10.905406342090185,945.7986,4363.1,68.041005,0.0,872.0787009999999,60.249501,0.0,3555.0834602,0.0,951.526397,205.372989,4.6,4.1,0.0,0.0,0.0,0.0,1.156644344329834,13.600000381469728,8499.891666666666,2839.302083333333,17905.508333333335,1383.6333333333332,23202.53958333333,11760.2875,802.8375,216.9583333333333,185.22916666666663,91.80416666666667,13600.604166666666,4959.304166666667,-4281.966666666666,10386.8125,147153.71063829787,69238.57083333333,518.7208333333333,6998.825,58.12708333333333,31.493617021276595,102352.02127659574,25730.425,3035.883333333333,8010.941666666667,27002.36458333333,96.77677083333332
2025-10-13,11.039999961853027,3.118000030517578,10.702984294004304,948.2454,4176.4,81.184303,0.0,880.370122,60.326935,0.0,3607.9945214,0.0,829.398788,201.97942497,6.9,4.300000000000001,0.0,0.0,0.0,0.0,1.160240888595581,14.199999809265137,9401.6125,2332.0645833333333,21454.641666666663,1261.5666666666666,31461.34680851064,15346.520833333334,886.1404255319148,149.57916666666668,286.65416666666664,593.775,13705.079166666668,6554.829166666666,-3573.958333333333,15016.316666666666,142254.90833333333,66201.9375,503.98333333333335,7713.575,29.310638297872337,18.84468085106383,116457.80833333332,26794.416666666668,3125.458333333333,3093.6625,11083.976595744682,140.2371875
2025-10-14,11.029999732971191,3.0280001163482666,10.78069315381406,947.5837,4512.4,89.832723,0.0,870.056464,60.328231,0.0,3657.820553,0.0,825.7307089999999,193.12031332,8.2,5.6,0.0,0.0,0.0,0.0,1.1566845178604126,14.329999923706056,9521.858333333334,1485.3395833333334,22290.816666666666,1313.3125,35569.823913043474,16738.758333333335,861.3782608695652,222.84166666666667,404.07916666666665,612.8874999999999,14042.383333333331,6002.741666666666,-4272.595833333334,15511.808333333334,148452.57234042554,66831.58750000001,513.6666666666666,8604.735714285714,17.72826086956522,16.045652173913044,124665.94255319147,26413.608333333334,2974.05,4400.308333333333,8226.91304347826,156.7671875
2025-10-15,11.015999794006348,3.0160000324249268,10.822215138158358,946.3455,4358.1,77.417705,0.0,874.714623,60.414983,0.0,3659.5520762,0.0,853.089621,193.13441595,6.9,6.4,0.0,0.0,0.0,0.0,1.1602274179458618,14.949999809265137,9756.791666666666,1259.79375,23436.529166666664,1213.9458333333334,34810.62340425532,16598.100000000002,888.4042553191489,156.45833333333334,329.08750000000003,618.0208333333334,13392.6625,5653.75,-3991.216666666666,12973.179166666669,146887.91666666666,68913.65833333334,503.69166666666666,8306.942857142856,19.19148936170213,16.208510638297874,120696.85625,23945.7875,3003.2666666666664,6165.837500000001,11372.16595744681,143.50145833333332
2025-10-16,11.199999809265137,2.937999963760376,11.051719581050902,944.9809,4456.0,74.438511,0.0,875.405042,60.471921,0.0,3322.6715021,0.0,876.3227649999999,216.1416225,6.699999999999999,5.699999999999999,0.8000000000000007,0.0,0.0,0.0,1.1646324396133425,14.510000228881836,9580.3,2489.6041666666665,22676.141666666663,1204.3833333333334,30988.533333333336,14977.358333333332,868.0854166666667,183.075,240.7125,623.5833333333334,12791.970833333333,5407.6375,-3914.245833333333,12261.245833333332,148065.38125,69730.33333333333,507.5583333333333,8481.9,20.5625,18.07708333333333,114843.5,22739.8125,2926.395833333333,9090.95,17306.49375,100.10479166666666
2025-10-17,11.145000457763672,3.007999897003174,10.9095697051561,944.4181,4613.1,106.446186,0.0,877.222707,60.319873,0.0,3451.4360283,0.0,947.182099,207.3076444,7.5,5.199999999999999,0.1000000000000014,0.0,0.0,0.0,1.1699601411819458,14.899999618530272,9960.491666666669,2439.020833333333,22170.658333333336,1267.8916666666669,30624.510416666668,16007.041666666666,783.9166666666666,307.9791666666667,400.5916666666667,610.1791666666667,13648.3625,5004.125,-3314.5125000000003,15096.325,146810.41458333333,69504.90000000001,540.0666666666667,7750.153571428571,54.73541666666667,29.90625,116001.89375,23206.629166666666,2900.6041666666665,6933.037499999999,15738.7,104.73958333333331
2025-10-20,11.050000190734863,3.3970000743865967,10.843963734483262,945.3056,4171.9,94.059098,0.0,948.38999,60.3104,0.0,3546.1495159,0.0,956.537866,110.74849034,10.2,4.800000000000001,1.1999999999999993,0.0,0.0,0.0,1.165745735168457,14.75,8905.241666666667,2473.2541666666666,13855.633333333331,1223.8625,20117.675,10169.891666666666,641.5708333333333,153.93333333333334,281.925,622.5708333333333,11771.795833333332,4902.816666666667,-5791.9375,13269.654166666667,146065.38125,67538.06666666667,507.2458333333333,7577.557142857143,51.13125,31.910416666666663,91219.32083333336,22487.325,3050.129166666667,16062.058333333334,35571.375,81.06760416666667
2025-10-21,11.21500015258789,3.4739999771118164,10.98917076527696,945.19,4105.7,86.810554,0.0,1048.215511,60.220908,0.0,3588.3305852000003,0.0,957.967396,105.1647457,6.4,5.199999999999999,1.0,0.0,0.0,0.0,1.164442539215088,15.380000114440918,8590.266666666666,2051.2,14321.3875,1291.7,21602.88333333333,10231.033333333333,787.0333333333333,166.69583333333333,178.04999999999998,615.7125,12055.283333333333,5106.795833333334,-5290.379166666667,10986.5,152151.77659574468,69802.77500000001,505.1833333333333,7702.932142857143,97.80625,63.8531914893617,94648.17659574468,18390.204166666663,2962.6666666666665,14198.291666666666,40025.441666666666,70.72520833333333
2025-10-22,11.154999732971191,3.450000047683716,10.800737659678417,945.2323,4196.8,73.674002,0.0,980.815372,60.473458,0.0,3604.9464765,0.0,953.932346,103.3799369,5.800000000000001,6.6,1.3000000000000007,0.0,0.0,0.0,1.160038948059082,15.449999809265137,9122.495833333332,1682.69375,20394.18333333333,1296.5541666666666,26758.422916666663,13879.654166666667,845.4187499999999,145.07500000000002,226.40416666666667,266.77500000000003,13116.583333333334,5795.295833333334,-4707.5625,10406.420833333334,148182.88958333334,68815.09999999999,505.175,6776.6392857142855,53.68125,30.65,107036.79166666669,17930.845833333333,2988.929166666667,7178.541666666667,28591.39583333333,126.1028125
2025-10-23,11.265000343322754,3.344000101089477,11.041654515122806,945.644,4113.9,72.357234,0.0,1120.223108,60.292695,0.0,3581.2813711,0.0,945.563758,161.72965274,5.5,8.2,0.0,0.0,0.0,0.0,1.1608469486236572,14.489999771118164,8804.091666666667,3174.004166666667,14150.708333333334,1131.05,18404.70869565217,9527.8875,785.8891304347826,160.63750000000002,192.9,18.779166666666665,14264.558333333334,3582.7666666666664,-5833.670833333334,13873.9,209215.8794117647,64364.95,494.3375,7958.955555555555,82.17142857142858,61.42352941176471,122711.8794117647,17533.075,2956.6041666666665,13203.704166666668,62988.10571428572,74.94114583333334
2025-10-24,11.204999923706056,3.303999900817871,10.901621730566768,945.7411,4260.4,69.221387,0.0,991.991406,60.329347,0.0,3464.2036909,0.0,945.602156,170.08748149000002,7.199999999999999,9.4,1.1000000000000014,0.0,0.0,0.0,1.1618045568466189,15.119999885559082,8616.720833333333,-59.424999999999976,10124.825,1264.1833333333334,15601.670833333335,8422.225,686.1770833333334,154.0375,222.0,19.508333333333333,16121.6625,5966.3125,-5235.154166666666,14261.404166666667,293960.42083333334,67293.6875,506.4125,8233.32142857143,88.31,56.63333333333333,168258.75833333333,21754.18333333333,2953.0458333333336,13818.729166666666,54305.315,31.516041666666663
2025-10-27,11.119999885559082,3.441999912261963,10.704430895067532,945.6729,4272.2,82.297698,0.0,1193.349185,60.287699,0.0,3604.0098823,0.0,954.580315,205.023312,11.0,6.9,3.1,0.0,0.0,0.0,1.1631693840026855,15.979999542236328,9182.720833333333,2074.2854166666666,10994.658333333333,1228.5208333333333,17486.539583333335,9038.345833333333,492.14166666666665,245.825,172.70000000000002,17.275000000000002,15586.295833333332,6662.3125,-4989.970833333334,15323.129166666666,296472.99166666664,66437.47083333334,505.275,8070.307142857143,91.49166666666667,53.60416666666666,180557.5833333333,20335.229166666668,2951.5375,14015.766666666668,41131.3125,70.18354166666667
2025-10-28,11.149999618530272,3.345000028610229,10.754990366012436,945.6908,4382.2,92.736618,0.0,995.859807,38.388661,0.0,3706.6748853,0.0,956.621784,206.0582791,9.6,5.6,3.3000000000000007,0.0,0.0,0.0,1.165175199508667,16.75,9219.379166666668,1262.9520833333331,11783.654166666667,1164.0708333333334,19839.125,9460.083333333334,623.3895833333333,295.1,183.5375,17.020833333333332,16358.404166666667,5210.729166666667,-4776.358333333334,15825.654166666667,299226.20416666666,69563.27083333333,519.2833333333333,8348.375,93.1657894736842,50.30833333333334,192293.2458333333,19832.954166666663,2941.2291666666665,13835.141666666668,37022.583333333336,67.286875
2025-10-29,11.21500015258789,3.375999927520752,10.888760115745937,945.2471,4661.8,93.324998,0.0,979.190733,49.390649,0.0,3272.1748424,0.0,958.412477,198.18485051,7.800000000000001,7.0,1.8000000000000007,0.0,0.0,0.0,1.1657865047454834,15.84000015258789,9438.375,2739.5020833333333,15653.075,1085.5083333333334,23884.25,10267.0375,582.5130434782608,296.7333333333333,228.6291666666667,18.075,16769.270833333332,5843.458333333333,-3508.9041666666667,16870.304166666665,298149.2,72221.7375,528.5958333333333,7226.528571428571,81.8060606060606,44.375,211308.75833333333,20453.158333333333,2986.8875000000003,12629.608333333332,28334.445652173912,88.40395833333334
2025-10-30,11.130000114440918,3.9560000896453857,10.558642191019873,945.5364,4711.2,87.25726,0.0,988.271864,60.214068,0.0,3696.8493541,0.0,955.598219,199.9399173,7.699999999999999,8.7,0.0,0.0,0.0,0.0,1.1603351831436155,15.859999656677246,8948.375,2298.025,14751.079166666668,1080.5666666666666,23128.96136363636,10274.0375,623.725,211.275,177.1291666666667,18.3,16770.195833333335,4862.191666666667,-4784.599999999999,15006.975,298120.05833333335,73067.32083333333,522.8041666666667,7881.266666666667,86.46764705882353,47.28333333333333,199279.81666666665,21018.44583333333,3091.754166666667,10639.241666666669,37147.04772727272,69.93145833333334
2025-10-31,11.0,4.124000072479248,10.5556365103344,945.82,4634.2,89.176203,0.0,1032.32567,60.308443,0.0,3644.9012657,0.0,958.095287,211.3027569,10.1,3.5,0.0,0.0,0.0,0.0,1.157246708869934,20.09000015258789,9376.454166666666,421.175,16730.795833333334,1174.8833333333334,20846.816666666666,10842.129166666668,747.9812499999999,154.4,202.67916666666667,19.883333333333333,17012.270833333332,4138.416666666667,-4930.495833333333,15579.720833333333,289055.9,70297.66666666667,537.2791666666667,7193.342857142858,95.86041666666668,44.66666666666666,203751.725,19829.75416666667,3162.0333333333333,13047.370833333334,26539.07083333333,91.86677083333336
2025-11-03,11.149999618530272,4.265999794006348,10.724255268539306,948.0577,4437.8,35.713164,0.0,859.657139,60.076634,0.0,3672.4955378,0.0,884.680374,193.61586834,8.4,5.199999999999999,0.3000000000000007,0.0,0.0,0.0,1.152804255485535,16.899999618530273,8964.495833333332,339.31666666666666,15596.941666666666,1234.5166666666669,19463.479166666668,11448.333333333334,737.7666666666668,167.64166666666668,165.53333333333333,16.474999999999998,18213.904166666667,5244.229166666667,-5307.641666666667,14519.266666666668,293921.2791666667,72127.66666666667,504.3541666666667,7592.957142857143,108.15208333333334,46.645833333333336,199693.81666666665,21834.4125,3090.4625,13709.258333333331,29880.25833333333,75.54833333333333
2025-11-04,11.1899995803833,4.3429999351501465,10.98943922642406,948.0877,4326.6,0.0,0.0,858.217455,81.862805,0.0,3788.7057329,0.0,910.57817,193.40008502,7.5,3.6,3.8000000000000007,0.0,0.0,0.0,1.1519144773483276,15.640000343322754,8675.308333333332,431.1354166666667,16963.854166666668,1253.9708333333333,19790.84893617021,12192.095833333333,810.8851063829787,138.45416666666668,150.39166666666668,18.320833333333333,17218.158333333333,4402.758333333333,-5478.474999999999,10549.391666666666,298957.8958333333,70674.87083333333,509.45416666666665,8010.882142857144,64.67234042553191,48.68333333333334,191884.35416666663,23791.88333333333,3038.7958333333336,15775.033333333333,34602.174468085104,76.08677083333333
2025-11-05,11.15999984741211,4.23199987411499,10.710972734913266,947.4576,4309.2,0.0,0.0,868.8933870000001,60.053225,0.0,3783.0434168,0.0,925.973413,196.33360345,8.5,2.5,5.4,0.0,0.0,0.0,1.1485539674758911,16.09000015258789,8807.195833333333,1531.4041666666665,18813.991666666665,1332.7208333333333,21410.4125,12710.020833333334,795.34375,138.82500000000002,153.55416666666667,18.59583333333333,16911.733333333334,3810.870833333334,-5400.270833333333,10069.404166666667,298303.425,71231.55,515.0416666666666,7637.596428571429,47.57916666666667,46.5125,197866.6125,21573.125,3143.054166666667,13087.841666666667,32950.83541666667,94.09604166666666
2025-11-06,11.154999732971191,4.35699987411499,10.630126841374636,945.9339,4406.1,0.0,0.0,868.541628,60.038895,0.0,3770.7801605,0.0,935.839868,197.24715569,9.6,3.0,5.5,0.0,0.0,0.0,1.1496764421463013,16.149999618530273,9554.3125,1879.9854166666669,21018.45,1262.85,26416.314583333336,14807.220833333333,805.2229166666666,159.60833333333332,162.06666666666666,45.85,17158.4875,4308.641666666666,-4700.8,14154.891666666668,298914.60000000003,74882.10833333334,521.2375000000001,6613.732142857143,76.27916666666667,39.34583333333333,224538.0583333333,21083.533333333333,3165.058333333333,4119.8125,24807.53958333333,106.07739583333334
2025-11-07,11.130000114440918,4.315000057220459,10.5611652398102,944.2237,4615.5,0.0,0.0,909.118833,60.080695,0.0,3736.5540181,0.0,913.146718,198.09487757,10.5,4.699999999999999,5.199999999999999,0.0,0.0,0.0,1.1549211740493774,16.350000381469727,9931.595833333333,1723.1708333333331,21990.05,1257.0833333333333,30859.79361702128,15591.404166666667,606.5787234042554,160.60416666666666,202.72916666666663,592.9416666666667,17708.845833333333,6089.179166666668,-2593.4958333333334,17140.795833333334,300490.425,76327.59166666666,572.8249999999999,6272.214285714285,78.8936170212766,33.891666666666666,246059.19166666665,18563.68333333333,3215.758333333333,2431.15,17339.26595744681,111.06927083333332
2025-11-10,11.149999618530272,4.3379998207092285,10.5123046107738,940.8306,4615.5,0.0,0.0,921.424727,60.347409,0.0,3787.6239566,0.0,938.183555,193.69062342,10.3,6.1,5.699999999999999,0.0,0.0,0.0,1.1543878316879272,16.350000381469727,10360.933333333332,2866.960416666667,22522.654166666664,1258.5666666666666,33105.73170731707,15179.1375,685.809756097561,314.6125,326.4791666666667,19.45,17039.570833333335,6373.954166666666,-3256.495833333333,17077.129166666666,297186.2083333333,75355.1125,556.0500000000001,7153.974074074074,58.829268292682926,34.43333333333333,241063.2333333333,16678.270833333332,3224.9125,9824.141666666666,17483.89024390244,109.6471875
2025-11-11,11.130000114440918,4.565000057220459,10.534954718980822,939.863,4582.4,0.0,0.0,924.973867,60.333251,0.0,3917.9371536,0.0,935.108368,215.160251,11.5,5.800000000000001,6.300000000000001,0.0,0.0,0.0,1.1557220220565796,16.8799991607666,10129.470833333333,3017.46875,20456.0375,1239.575,50044.45,13202.220833333333,870.15,316.31666666666666,231.1125,19.929166666666667,15549.3125,4707.320833333333,-4944.883333333333,15022.108333333332,293612.99166666664,72340.5625,567.1458333333334,8528.704166666666,41.1625,40.54583333333333,217162.84166666667,18614.066666666666,3115.7166666666667,13111.808333333334,44724.25833333333,96.54510416666666
2025-11-12,11.135000228881836,4.5329999923706055,10.505150036397932,938.9399,4429.1,0.0,0.0,907.327698,38.38174,0.0,3885.2727355,0.0,929.408114,202.18594339,10.4,3.6,6.1,0.0,0.0,0.0,1.1587486267089844,17.440000534057617,9318.383333333331,1312.44375,17502.304166666665,1272.7666666666669,45730.82083333333,12847.033333333333,904.2333333333332,171.225,133.56666666666666,20.42083333333333,14340.625,4680.354166666667,-5512.7375,11390.104166666666,302883.78750000003,71196.57916666666,511.0958333333333,9064.075,46.8625,47.12916666666666,196944.175,19490.375,3030.320833333333,14821.475,71627.75,78.57125
2025-11-13,11.130000114440918,4.645999908447266,10.34803119307246,937.6918,4210.3,0.0,0.0,908.34592,49.461937,0.0,3885.1645067,0.0,939.495154,199.58969178,7.199999999999999,3.6,5.6,0.0,0.0,0.0,1.159218668937683,16.34000015258789,9368.508333333331,386.3020833333333,14887.045833333332,1233.7583333333334,49272.9375,12215.804166666669,895.2958333333332,115.64166666666668,134.69166666666666,19.695833333333333,14220.6375,4089.1083333333336,-5312.0,11256.279166666667,302981.2916666667,73440.36666666667,503.8958333333333,7540.841666666667,46.30416666666667,46.35416666666666,199818.9625,15364.4125,2953.4541666666664,10410.075,77387.83333333333,72.57645833333333
2025-11-14,11.126999855041504,4.565999984741211,10.653543051284196,936.8021,4216.3,0.0,0.0,847.7290209999999,60.376586,0.0,3876.3280211,0.0,921.11457,198.70884423,8.2,5.0,5.1,0.0,0.0,0.0,1.1631964445114136,18.0,10175.575,1672.525,19971.20833333333,1298.4,36859.22777777778,14867.820833333331,822.6194444444444,161.0375,230.05,19.558333333333334,15230.945833333331,4689.020833333333,-3971.4375,13589.508333333331,302180.60000000003,73825.47499999999,540.2208333333333,5428.636111111111,84.53611111111111,39.21666666666666,224612.9958333333,12896.770833333334,3088.1041666666665,7753.420833333334,38322.59166666667,105.85541666666668
2025-11-17,11.399999618530272,4.361000061035156,10.695513356456296,932.1093,4581.0,100.036967,0.0,829.652664,60.450644,0.0,3759.3299388,0.0,886.6022829999999,196.39789516,14.7,12.4,1.0,0.0,0.0,0.0,1.161534547805786,18.63999938964844,10464.070833333331,2127.083333333333,20489.033333333333,1260.475,26899.274468085103,15096.633333333331,780.4978723404256,188.09166666666667,407.625,20.441666666666663,17893.404166666667,5778.712500000001,-4145.270833333333,19065.766666666663,310575.11666666664,77700.65000000001,589.7833333333334,4810.704255319149,54.234042553191486,40.22083333333333,235183.975,13112.379166666666,3037.4666666666667,14340.1,24575.27872340426,94.57260416666666
2025-11-18,11.529999732971191,4.370999813079834,10.76646097469964,926.8668,4553.5,98.529046,0.0,843.8738000000001,60.549322,0.0,3524.3064574,0.0,938.380777,190.71079068,15.1,14.8,3.8000000000000007,0.0,0.0,0.0,1.159057378768921,21.770000457763672,10747.995833333332,1514.0833333333333,20921.283333333333,1172.475,31276.53125,16473.075,748.6374999999999,183.27916666666667,366.8458333333333,20.5375,18775.35,5677.341666666666,-4173.1375,18742.82083333333,326593.87083333335,78080.79166666667,598.4,4497.054166666667,103.23333333333332,39.55416666666667,248283.22916666663,17418.929166666665,3018.1125,9416.679166666669,26218.716666666664,102.0690625
2025-11-19,11.539999961853027,4.550000190734863,10.501806699250242,921.5243,4599.2,100.809196,0.0,845.871155,54.855502,0.0,3737.907301,0.0,946.253434,190.39295874,15.1,14.5,7.300000000000001,0.0,0.0,0.0,1.1581177711486816,20.3700008392334,10845.879166666668,472.64166666666665,22359.475,1132.6291666666666,34472.120833333334,17153.241666666665,716.5395833333333,325.3208333333333,380.2125,19.854166666666668,18424.27083333333,6011.483333333334,-3676.3958333333335,19979.891666666663,335662.0625,77653.30416666667,601.6750000000001,5844.9857142857145,89.78541666666666,36.97916666666666,262801.1458333333,15540.979166666666,2962.195833333333,9785.091666666667,24083.233333333334,102.66979166666664
2025-11-20,11.704999923706056,4.473999977111816,10.539158491000295,915.1674,4663.7,97.508506,0.0,854.473176,43.929006,0.0,3736.44818,0.0,923.979398,196.40586203,16.1,16.8,5.300000000000001,0.0,0.0,0.0,1.154068112373352,17.360000610351562,10860.404166666667,-55.71458333333339,22352.720833333336,1164.2291666666667,37221.47083333333,18611.420833333334,748.7083333333334,310.52500000000003,405.675,20.445833333333333,18316.1375,7004.145833333333,-4283.633333333333,19769.545833333334,343204.4791666667,78302.30833333333,609.2458333333333,7054.503571428571,63.44791666666666,35.46666666666667,272758.6375,14805.445833333331,2945.475,7080.795833333334,24457.060416666664,126.4415625
2025-11-21,11.46500015258789,4.579999923706055,10.208691738033108,908.2727,4418.1,82.426121,0.0,1019.910903,43.981327,0.0,3759.051415,0.0,954.032022,201.1702117,19.3,15.6,6.300000000000001,0.0,0.0,0.0,1.1534557342529297,17.790000915527344,10877.8875,1538.3708333333334,22794.6625,1228.0375,39202.28333333333,19840.066666666666,782.5645833333333,328.6625,409.4791666666667,22.14583333333333,18338.741666666665,7379.179166666666,-4254.670833333334,20314.925,345792.7916666667,78607.64583333333,609.6041666666666,7424.75,75.86458333333333,33.954166666666666,279791.9875,16710.408333333333,2926.054166666667,4597.495833333333,22692.845833333336,146.51114583333333
2025-11-24,11.25,4.548999786376953,10.032735787373758,891.6433,4403.2,100.402904,0.0,1016.942778,44.164613,0.0,3764.5552893,0.0,947.137899,188.86021743000003,18.1,12.4,7.199999999999999,0.0,0.0,0.0,1.1507612466812134,17.649999618530273,10262.541666666666,1628.5375,20473.275,1247.0958333333333,31515.08958333333,20126.2375,748.9041666666667,369.6875,399.8208333333334,22.729166666666668,17802.649999999998,5575.104166666667,-5125.2375,18925.979166666668,340349.0416666667,81671.59166666666,592.0291666666667,7453.486206896552,98.40625,38.61666666666667,259492.85,8472.858333333334,2995.175,9633.3875,31827.697916666668,133.54708333333335
2025-11-25,11.130000114440918,4.423999786376953,9.92171376459359,885.2277,4282.3,93.481016,0.0,1004.08792,43.917676,0.0,3702.9360656,0.0,948.325097,187.92752132,16.6,12.9,5.4,0.0,0.0,0.0,1.1520073413848877,20.81999969482422,10318.154166666667,1313.3041666666666,22369.17916666667,1258.1375,35217.191666666666,22593.029166666664,818.6083333333332,403.8333333333333,484.4166666666667,21.579166666666666,19697.8,6368.779166666666,-6077.429166666666,19177.5125,342977.73333333334,80684.35833333334,597.1041666666666,7768.910714285715,57.72916666666666,35.979166666666664,271090.60833333334,12093.429166666669,2986.254166666667,10402.904166666667,24848.83541666667,220.18177083333333
2025-11-26,11.114999771118164,4.558000087738037,9.954166288254964,878.5321,4255.9,89.16388,0.0,956.945096,38.476636,0.0,3738.0778752,0.0,940.848262,209.4007162,16.7,14.5,8.7,0.0,0.0,0.0,1.156483769416809,20.600000381469727,10188.166666666666,374.9354166666667,22649.666666666668,1151.3458333333333,38276.88125,20837.554166666665,990.4270833333334,410.92083333333335,258.2291666666667,22.704166666666666,20280.108333333334,7886.829166666666,-4168.941666666667,19045.266666666663,346899.7625,81743.14166666666,542.8541666666666,6865.474999999999,95.39791666666667,33.979166666666664,281097.3875,13972.5375,2918.0916666666667,3184.7833333333333,24833.4375,161.3965625
2025-11-28,11.09000015258789,4.849999904632568,9.79697901867584,867.2126,4357.2,94.115228,0.0,941.968762,16.461007,0.0,3786.7207393,0.0,954.667452,186.6136419,13.2,7.300000000000001,9.9,0.0,0.0,0.0,1.1599851846694946,19.6200008392334,9387.979166666666,-737.5749999999999,18756.425,1139.5583333333334,29285.64791666667,15308.191666666666,746.3375,144.26250000000002,172.0041666666667,23.84583333333333,19611.5375,7695.029166666667,-2882.7791666666667,16782.179166666665,342623.5625,80418.87916666667,508.5291666666667,7906.142857142857,105.04375,42.74166666666667,244166.7083333333,14941.029166666667,2531.2833333333333,14593.55,35103.9375,85.91864583333334
2025-12-01,11.0649995803833,4.921000003814697,9.597730679415529,854.0887,4360.2,100.726636,0.0,790.218907,21.870046,0.0,3867.8351263,0.0,952.879569,203.3796426,14.5,8.0,8.9,0.0,0.0,0.0,1.1601465940475464,20.229999542236328,9947.45,1640.7479166666665,18942.45,1199.4041666666667,29974.48125,15337.9625,749.5395833333333,177.6,204.8125,23.27083333333333,19055.45,6531.720833333333,-4161.995833333333,20146.50833333333,340265.10000000003,81656.24166666667,569.8083333333333,8242.12258064516,63.82916666666667,41.77916666666667,249377.59583333333,15526.691666666668,3020.3416666666667,16185.7875,29744.135416666668,92.505625
2025-12-02,11.0,4.840000152587891,9.542640361357437,848.0658,4325.6,111.640189,0.0,919.565962,10.938828,0.0,3707.7739004,0.0,935.189307,203.7537398,17.1,9.2,7.699999999999999,0.0,0.0,0.0,1.1607661247253418,19.09000015258789,10201.929166666669,1093.6104166666669,21450.25,1326.0875,35371.08541666667,17298.491666666665,739.0916666666667,254.59583333333333,200.40416666666667,23.84166666666667,19655.24583333333,6738.508333333334,-3590.1416666666664,18530.9375,345874.15,81254.61666666667,545.4166666666666,8565.142857142857,102.09375,38.49583333333333,264529.575,10700.75,2929.333333333333,12535.979166666666,29545.127083333336,101.4140625
2025-12-03,10.984999656677246,4.994999885559082,9.612447983064053,841.2033,4175.3,111.632914,0.0,933.414841,10.949193,0.0,3587.6664373000003,0.0,935.484509,204.32513,16.1,11.7,9.8,0.0,0.0,0.0,1.1627906560897827,21.01000022888184,10606.458333333334,2067.864583333333,24811.295833333334,1341.3583333333331,41008.25,19471.55,744.5541666666667,325.75416666666666,179.41666666666666,23.954166666666666,20150.5625,7744.316666666667,-3762.566666666667,19170.87083333333,343015.29583333334,82815.59583333334,528.0458333333332,7336.476666666666,90.11875,30.441666666666663,290465.04583333334,11360.983333333332,3040.6875,3815.616666666667,19104.76875,165.0796875
2025-12-04,10.899999618530272,5.063000202178955,9.26235038351518,834.9909,4041.3,105.632053,0.0,930.410625,10.92877,0.0,3668.4154756,0.0,934.814382,208.396144,16.3,11.4,9.3,0.0,0.0,0.0,1.1666841506958008,19.549999237060547,10443.8125,2662.020833333333,24536.608333333334,1312.8583333333331,38253.13333333333,18401.07083333333,766.2833333333333,354.76666666666665,296.21250000000003,23.125,19528.2,6165.883333333334,-5035.625,20433.2375,343489.47500000003,81915.74583333333,579.5,6733.825806451613,66.9875,34.170833333333334,278501.4791666667,7389.429166666666,3110.429166666667,8471.708333333334,24734.283333333336,124.79270833333334
2025-12-05,10.880000114440918,5.289000034332275,9.304002829144588,829.1842,4079.5,90.997875,0.0,926.368238,21.819872,0.0,3830.8421299,0.0,935.039115,209.1278466,14.8,13.4,8.5,0.0,0.0,0.0,1.1642799377441406,17.93000030517578,10800.670833333334,1744.93125,24794.3125,1342.7458333333334,37322.958333333336,17759.358333333334,755.15,282.3833333333333,315.2416666666667,23.104166666666668,19609.004166666666,6537.862499999999,-3818.470833333333,20275.629166666666,340410.125,83184.70833333333,593.7875,7494.803448275861,97.06875,33.1625,280736.80833333335,8146.587500000001,3131.679166666667,6099.7375,23231.39583333333,132.7170833333333
2025-12-08,10.864999771118164,4.912000179290772,9.167188591823718,820.2888,3858.6,77.508091,0.0,654.021137,16.460394,0.0,3890.7598487,0.0,923.204652,190.73848513,8.2,6.0,9.3,0.0,0.0,0.0,1.164022445678711,18.6299991607666,10099.4875,1190.7479166666667,16359.579166666668,1324.2041666666669,21208.191666666666,11268.895833333334,746.7895833333333,153.45416666666668,249.475,19.529166666666665,18109.529166666667,4554.658333333334,-5799.683333333333,16977.3,310160.23333333334,81116.99583333333,556.1666666666666,7568.403571428571,110.47708333333333,48.82083333333333,206744.00833333333,13178.2375,3056.6625,16311.795833333332,37523.55833333333,72.90302083333333
2025-12-09,10.850000381469728,4.573999881744385,9.379004226033455,817.2467,4129.5,73.999555,0.0,778.396109,5.476551,0.0,3900.5973202,0.0,936.028934,196.21231713,7.1,4.699999999999999,9.2,0.0,0.0,0.0,1.1641442775726318,19.86000061035156,10351.291666666666,2358.9979166666667,18434.241666666665,1229.3833333333334,28024.47708333333,13066.354166666666,733.9458333333333,158.04166666666666,267.9125,21.97083333333333,19157.70833333333,5609.491666666666,-5240.954166666666,18345.154166666667,325954.44583333336,81098.39166666666,580.7125,8525.853571428572,111.10833333333332,42.21666666666667,239247.275,13245.904166666667,3113.7791666666667,14955.170833333332,30005.13333333333,90.33260416666668
2025-12-10,10.774999618530272,4.59499979019165,9.066130592158045,813.9344,4666.4,79.374615,0.0,926.927277,5.468194,0.0,3852.6209515,0.0,935.397242,191.65873002,7.9,7.1,10.0,0.0,0.0,0.0,1.1628313064575195,21.440000534057617,10048.604166666666,417.34583333333336,18040.783333333333,1209.2041666666669,31229.029166666664,12934.729166666666,741.5541666666667,151.88750000000002,248.8,22.179166666666664,19189.216666666667,7076.4375,-3027.4875,18933.15,321512.3333333333,73945.2625,574.5375,8894.214285714286,107.07708333333332,40.075,243488.8333333333,9998.758333333331,3087.6416666666664,15366.329166666668,27015.40833333333,79.7565625
2025-12-11,10.744999885559082,4.230999946594238,9.192609031116492,809.4842,4663.2,82.983894,0.0,755.991548,10.928922,0.0,3892.7250776,0.0,937.214582,205.1421403,9.4,8.7,10.2,0.0,0.0,0.0,1.1701242923736572,23.56999969482422,10027.204166666666,697.3000000000001,19058.3625,1212.0208333333333,33787.325000000004,12875.55,731.225,134.61666666666667,312.64166666666665,22.375,19629.74583333333,5833.241666666666,-3370.2875,21021.77083333333,335125.55416666664,83586.05416666667,581.025,8425.046428571428,94.05208333333331,38.36666666666667,259791.675,12392.583333333334,3186.929166666667,13292.075,25319.58541666667,94.8640625
2025-12-12,10.699999809265137,4.11299991607666,9.525041768386828,804.3106,4602.2,87.770385,0.0,750.353519,16.417902,0.0,3907.3042532,0.0,936.028808,207.295759,13.5,7.699999999999999,11.0,0.0,0.0,0.0,1.1739431619644165,21.14999961853028,10537.4,2387.3250000000003,20914.4375,1206.3041666666666,40547.38085106383,15897.975,722.4553191489362,184.61666666666667,380.48333333333335,23.504166666666663,19637.55,7018.4375,-1781.525,21887.279166666664,330027.9375,82404.97083333334,587.0416666666666,7887.546428571428,101.04468085106384,30.495833333333334,283897.7,10327.141666666666,3170.5791666666664,5950.8125,15770.42978723404,113.79770833333332
2025-12-15,10.661999702453612,4.01200008392334,9.43448902147423,791.2735,4470.6,78.859837,0.0,905.115354,16.427661,0.0,3901.9136727,0.0,936.798385,203.58970775,13.8,7.5,8.8,0.0,0.0,0.0,1.1737639904022217,23.75,9984.054166666669,1521.3416666666665,17901.229166666668,1228.1458333333333,33040.222916666666,14875.4625,422.375,158.20416666666668,262.6083333333333,23.570833333333336,17396.629166666666,6809.5125,-3594.5125000000003,19362.4875,334470.2625,80434.65416666666,506.7458333333333,7926.503571428571,64.27708333333334,40.3875,249053.6083333333,11413.604166666666,3039.554166666667,14674.541666666666,29795.185416666664,87.743125
2025-12-16,9.454999923706056,3.885999917984009,9.220410191515404,784.2598,4819.3,87.627694,0.0,919.716752,16.413192,0.0,3840.9314114,0.0,935.806868,203.43239689,15.5,8.3,6.4,0.0,0.0,0.0,1.1754610538482666,29.489999771118164,10362.945833333331,2913.05625,21216.50833333333,1193.1875,40187.99791666667,17926.516666666666,429.59375,239.85,264.75416666666666,23.7375,18230.925,7622.845833333333,-2818.7000000000003,21496.125,337098.8875,80194.9375,553.5,7724.128571428571,91.19166666666666,32.725,279850.7083333333,8772.554166666667,3021.525,5789.3,21657.58333333333,107.09166666666664
2025-12-17,9.53499984741211,4.02400016784668,9.420605996920273,778.7355,4835.9,96.798614,0.0,948.058357,16.376612,0.0,3885.8957804,0.0,935.50489,201.63362651,17.4,11.7,4.300000000000001,0.0,0.0,0.0,1.1749500036239624,25.5,10270.483333333334,1696.8937500000002,20823.0625,1056.8166666666668,40997.989583333336,18481.88333333333,380.1895833333333,233.725,194.27916666666667,22.95833333333333,18428.033333333333,6214.9875,-2567.0041666666666,20651.7,335131.93333333335,81412.01666666666,529.0333333333333,7642.839285714285,102.19791666666669,31.570833333333336,280789.6125,11734.958333333334,2906.3375,5946.4875,18937.91875,105.92802083333332
2025-12-18,9.55500030517578,3.9079999923706055,9.516377612981596,775.3372,4718.6,97.555428,0.0,912.583014,16.350613,0.0,3893.1325993,0.0,928.574683,198.45970278,12.8,7.0,5.300000000000001,0.0,0.0,0.0,1.1742326021194458,24.93000030517578,9607.354166666666,1442.06875,15876.670833333332,1086.3583333333331,29211.610416666663,12029.079166666668,380.525,221.5,187.59166666666667,47.59583333333334,16636.379166666666,4908.8875,-6556.204166666666,14603.641666666668,331447.05833333335,81406.5125,514.7791666666667,8890.75,104.80416666666667,45.833333333333336,222168.7958333333,13623.958333333334,2883.991666666667,16723.404166666667,39944.74375,71.39322916666667
2025-12-19,9.675000190734863,3.983999967575073,9.677798555783609,771.4063,4869.4,87.976477,0.0,774.03754,10.94639,0.0,3922.8661636,0.0,915.917134,198.16400287,11.3,9.3,6.1,0.0,0.0,0.0,1.1725666522979736,24.229999542236328,9686.283333333333,-448.06875,16029.304166666669,1161.5916666666667,34429.495833333334,11755.8375,405.8541666666667,194.9833333333333,189.9,593.9916666666667,17221.75,5749.441666666667,-3213.4500000000003,15892.4375,319752.1041666667,83632.89583333333,514.2125,6661.379310344828,102.42083333333332,39.21666666666667,240934.8375,8529.320833333333,2948.133333333333,12245.7125,29588.98958333333,73.19427083333333
2025-12-22,9.59000015258789,3.964999914169312,9.500644739618364,759.6671,4286.2,97.56203,0.0,784.01554,16.380605,0.0,3829.8636562,0.0,928.094351,203.4859899,14.9,8.8,7.800000000000001,0.0,0.0,0.0,1.1708093881607056,27.290000915527344,10097.570833333331,2932.88125,16615.645833333332,1231.5958333333333,29161.810416666664,11909.85,558.9375,178.2875,394.5875,23.48333333333333,17134.595833333333,6448.3125,-4397.629166666667,20555.77083333333,314412.57916666666,85429.25833333333,575.725,7531.953571428572,57.96041666666667,39.5875,240930.325,8115.383333333334,3024.6625,13097.458333333334,26281.29375,85.6378125
2025-12-23,9.630000114440918,4.4079999923706055,9.56311122487522,755.0847,4267.0,91.372112,0.0,782.4587859999999,16.398235,0.0,3827.9559714,0.0,921.797892,197.6279394,16.2,11.1,5.9,0.0,0.0,0.0,1.1765950918197632,27.190000534057617,10042.9125,2419.9875,15071.179166666669,1200.7875,27597.86666666667,10654.229166666666,526.2104166666667,176.0375,300.05833333333334,23.120833333333334,17584.779166666667,5351.204166666666,-2983.4208333333336,20336.929166666665,319949.7291666667,85043.26666666666,567.75,9627.228571428572,47.15416666666667,42.85833333333333,233262.2625,5871.141666666666,2932.8,15836.504166666666,32576.03333333333,74.2315625
2025-12-24,9.729999542236328,4.242000102996826,9.712630343876864,750.3407,3786.9,94.570287,0.0,665.5992779999999,16.396808,0.0,3871.3507621,0.0,930.571865,200.38006955000003,20.6,13.0,8.1,0.0,0.0,0.0,1.179551362991333,23.51000022888184,9763.095833333333,-107.99999999999994,10205.591666666667,1267.9625,20361.825,9538.4125,496.1791666666666,165.17083333333332,218.8583333333333,23.329166666666666,15435.833333333334,3081.2000000000003,-7104.529166666667,14039.1375,298127.5416666667,84579.075,572.125,9032.028571428573,73.91666666666667,50.55833333333334,188602.79166666663,10128.395833333334,2876.570833333333,14633.066666666666,42631.48125,69.50822916666667
2025-12-26,9.720000267028809,4.366000175476074,9.70427308704587,738.1811,4067.5,86.218721,0.0,689.5789139999999,16.392214,0.0,3871.8599433,0.0,915.376557,200.03182885,22.6,13.8,9.2,0.0,0.0,0.0,1.1785364151000977,22.3700008392334,9536.866666666669,-534.3645833333334,13392.983333333332,1267.6833333333334,28076.8375,9871.829166666666,438.6895833333333,0.0,171.36249999999998,23.21666666666667,15782.516666666668,5955.5625,-1644.7333333333331,15762.329166666668,287231.69583333336,86934.47499999999,558.6791666666667,7995.085714285714,74.60833333333333,36.9125,224087.53333333333,14202.1375,2883.679166666667,5556.412499999999,21993.2875,97.51770833333336
2025-12-29,9.6899995803833,4.686999797821045,9.845349665821766,721.1907,4081.7,92.499076,0.0,742.996849,16.374608,0.0,3916.834316,0.0,917.794814,197.00066919,16.3,13.1,12.5,0.0,0.0,0.0,1.177273869514465,25.09000015258789,9623.504166666668,-442.0,15132.145833333334,1203.4833333333331,31645.247916666664,10961.345833333333,834.1833333333334,0.0,162.80416666666667,24.1,15054.091666666667,6003.3875,-2051.545833333333,16438.537500000002,318895.4708333333,87244.325,544.5458333333333,7152.357142857143,38.86875,39.96666666666667,234419.0375,15748.0125,2908.7041666666664,12362.483333333332,28252.29375,93.84760416666668
2025-12-30,9.56999969482422,3.971999883651733,9.58047315565493,714.5191,4208.9,80.884203,0.0,752.268354,16.39926,0.0,3445.7009866000003,0.0,951.720536,196.98623673,18.3,13.5,11.1,0.0,0.0,0.0,1.1772878170013428,24.059999465942383,10048.841666666664,212.7125000000001,14146.333333333334,1222.9875,27997.42708333333,10192.008333333331,859.2958333333332,0.0,256.87083333333334,23.60833333333333,14765.879166666666,5402.216666666666,-2966.129166666667,18410.975,322220.5833333333,87653.09583333333,565.5625,7490.179310344828,41.01875,43.41666666666666,227452.6708333333,16659.6375,2967.6416666666664,12170.004166666666,33037.50208333333,88.18583333333333
2025-12-31,9.604999542236328,3.686000108718872,9.695647410819369,707.9809,4563.4,86.86229,0.0,823.5499990000001,16.423241,0.0,3814.1657759,0.0,934.451983,201.96079072,18.1,17.3,12.1,0.0,0.0,0.0,1.1747292280197144,26.780000686645508,10418.5,-272.44791666666663,13634.666666666666,1263.7666666666669,27600.314583333336,11544.433333333334,866.5270833333334,0.0,460.2791666666667,24.0,14343.591666666667,4271.945833333333,-2170.9708333333333,20195.291666666668,315812.64166666666,87841.71250000001,579.6416666666667,8470.453571428572,60.99166666666667,42.00416666666667,230186.6083333333,14234.708333333334,2948.9125,12172.125,29837.8125,86.07187499999999
2026-01-02,9.699999809265137,3.618000030517578,9.98858547316509,696.5524,3920.6,89.593889,0.0,942.127611,16.493674,0.0,3898.0487317,0.0,899.7804819999999,228.98089119,16.7,16.2,8.0,0.0,0.0,0.0,1.175046682357788,26.14999961853028,9786.479166666666,-2584.827083333333,10336.291666666666,1267.3458333333333,22840.252083333336,11161.479166666666,801.2520833333333,0.0,452.0583333333333,22.8875,13084.741666666669,5016.041666666667,-3923.075,17418.408333333333,321486.0833333333,80595.25,543.625,8121.257142857144,88.45625,48.625,207504.60416666663,9258.141666666666,2769.5,13833.941666666666,45815.2875,57.62729166666667
2026-01-05,9.539999961853027,3.5230000019073486,9.39906785458142,672.7386,4457.4,89.290833,0.0,973.398648,16.382303,0.0,3805.9440549,0.0,880.837638,228.23078726,21.3,19.3,6.0,0.0,0.0,0.0,1.1704667806625366,26.950000762939453,10429.195833333331,-1546.03125,21418.920833333334,1437.8625,41614.05833333333,15527.425,1279.4604166666666,385.8708333333333,655.0208333333334,23.704166666666666,16013.154166666667,9255.729166666666,-2825.254166666667,22292.12083333333,354024.60000000003,84445.60416666667,581.5,6980.09,54.44583333333333,32.141666666666666,291334.3541666667,10812.7,2765.175,6996.099999999999,22632.00625,134.92166666666665
2026-01-06,9.574999809265137,3.3499999046325684,9.638397954846171,663.0624,4179.1,95.888333,0.0,975.891708,16.402982,0.0,3828.4885153,0.0,880.400781,222.4994027,23.5,19.1,9.5,0.0,0.0,0.0,1.1714951992034912,25.32999992370605,10337.045833333334,-636.5458333333332,22521.079166666663,1353.2208333333333,42006.50625,17225.445833333335,1109.45,501.14166666666665,568.3083333333333,22.33333333333333,15914.1125,7845.520833333333,-5132.849999999999,22036.61666666667,350724.3208333333,84690.54166666667,559.4916666666667,7713.885714285714,82.91458333333334,32.145833333333336,287922.25416666665,11958.0375,2873.433333333333,7046.8,22426.93333333333,126.9784375
2026-01-07,9.604999542236328,3.525000095367432,9.857937229653364,652.8195,4437.5,109.467778,0.0,962.810743,16.42183,0.0,3804.2840226,0.0,876.1651119999999,220.21277137,24.2,15.1,13.4,0.0,0.0,0.0,1.1688251495361328,27.440000534057617,10022.320833333331,-533.3104166666667,21379.470833333333,1174.1625,41230.270833333336,17660.375,899.84375,498.4666666666667,460.76666666666665,22.42083333333333,15809.7,6826.5125,-3811.7708333333335,21301.904166666667,379592.0541666667,85755.27083333333,516.5083333333333,7727.84,51.77916666666667,38.6125,282165.875,11220.716666666667,2772.8291666666664,16156.075,35222.775,98.98385416666667
2026-01-08,9.55500030517578,3.407000064849853,9.479346042394514,642.5818,4312.8,107.535833,0.0,943.914993,21.962933,0.0,3710.6122003,0.0,893.7873920000001,220.36639881,25.6,14.5,14.5,0.0,0.0,0.0,1.1676785945892334,31.049999237060547,10061.666666666666,1368.8895833333331,23193.595833333336,1271.1333333333334,42057.3375,19854.00833333333,973.6645833333332,497.60833333333335,548.2666666666667,23.229166666666668,16104.7375,8748.554166666667,-3044.0916666666667,21382.775,377505.74583333335,85402.90416666666,512.975,7694.260714285715,38.27291666666667,36.78333333333333,288942.1583333333,9556.725,2759.6375000000003,8455.3125,35360.583333333336,153.90770833333332
2026-01-09,9.5649995803833,3.1689999103546143,9.694615160033411,633.9911,3909.2,100.356111,0.0,956.532159,10.923163,0.0,3817.8554109,0.0,907.376047,220.5868445,25.0,14.2,6.1,0.0,0.0,0.0,1.1657865047454834,30.61000061035156,9876.775,1646.4770833333332,16578.945833333335,1261.75,30329.9625,16742.3875,770.9541666666668,279.7,612.6041666666666,21.78333333333333,15729.079166666668,4773.045833333334,-5587.174999999999,20009.795833333334,372119.12916666665,83321.76666666666,516.2791666666667,7970.542857142857,41.91458333333333,48.77916666666667,238533.88333333333,10003.0125,2732.2666666666664,14209.520833333334,54753.625,78.443125
2026-01-12,9.609999656677246,3.4089999198913574,10.303954520052503,607.6028,4464.5,103.626944,0.0,957.503931,11.574476,0.0,3743.8121296,0.0,919.94115,232.6210774,25.1,8.0,14.0,0.0,0.0,0.0,1.1623716354370115,25.25,10280.1375,445.38125,22488.20833333333,1210.2583333333334,38021.23541666667,18763.345833333333,492.1895833333333,574.6833333333333,488.5416666666667,22.67083333333333,16096.829166666668,7711.095833333333,-3909.125,22015.3,371113.2083333333,83313.79166666667,570.775,7592.456666666667,78.34375,38.87916666666667,277940.10000000003,12135.404166666667,2811.4375,15484.875,33221.01666666667,104.47635416666668
2026-01-13,9.609999656677246,3.4189999103546143,10.761864373355332,599.6731,4706.2,101.939722,0.0,954.91341,5.498607,0.0,3680.6231398,0.0,897.348863,223.3848125,17.3,8.5,8.6,0.0,0.0,0.0,1.1666978597640991,24.540000915527344,10264.2125,2254.70625,23272.33333333333,1178.5791666666669,40530.3625,19683.666666666668,492.01458333333335,551.9125,535.75,21.566666666666663,17183.129166666666,6522.925,-4287.570833333333,22181.3,362361.0625,83412.47916666667,566.0416666666666,7734.364285714286,62.520833333333336,36.3875,282782.3875,10429.645833333334,2885.508333333333,11913.670833333332,28859.03958333333,105.76083333333334
2026-01-14,9.595000267028809,3.119999885559082,10.85532610530876,592.6439,5097.9,103.970278,0.0,965.965058,5.463856,0.0,3709.1509752,0.0,919.551852,233.30573947,15.1,13.6,6.199999999999999,0.0,0.0,0.0,1.164252758026123,23.8700008392334,10268.808333333332,1454.6625,23157.666666666668,1131.3833333333334,42943.72708333334,19745.49583333333,593.2270833333333,302.3208333333333,432.45416666666665,21.554166666666664,17708.754166666666,7252.412499999999,-3460.8875000000003,20670.8625,357201.99583333335,83426.94166666667,578.1958333333333,6986.306896551724,84.74166666666666,33.90833333333333,287586.075,11797.2375,3030.625,7531.05,25687.9625,118.76614583333333
2026-01-15,9.609999656677246,3.128000020980835,11.317961176580836,586.4279,4929.2,100.918611,0.0,961.681219,5.460642,0.0,3728.6361571,0.0,919.952156,207.92477545000003,15.8,9.7,6.1,0.0,0.0,0.0,1.1646324396133425,24.170000076293945,10159.9875,3078.0104166666665,22019.408333333336,977.45,38420.45416666667,17163.170833333334,704.0458333333332,392.9916666666666,434.2625,22.02083333333333,16571.524999999998,5383.558333333333,-4662.275000000001,19987.37083333333,353664.3416666666,82001.09999999999,575.4708333333333,7937.967857142858,73.60000000000001,38.43333333333333,266421.9166666667,12753.329166666665,2894.958333333333,14159.783333333333,30491.375,100.64958333333334
2026-01-16,11.154999732971191,3.102999925613404,12.547732600332232,580.6842,4985.2,107.142222,0.0,957.373569,5.463149,0.0,3751.4495716,0.0,919.720489,211.7941282,14.8,11.3,9.4,0.0,0.0,0.0,1.1609008312225342,25.780000686645508,9766.229166666666,1367.3895833333331,22152.2,992.3083333333334,41738.40625,18081.075,881.9020833333334,341.80833333333334,352.85,22.370833333333334,16597.125,6061.2375,-4269.379166666667,19060.8375,349824.85833333334,81143.20833333333,554.8833333333333,7182.079310344827,61.44166666666666,35.84583333333333,272789.9625,12930.604166666666,2586.9333333333334,9617.745833333332,27441.825,110.71208333333334
2026-01-20,10.80500030517578,3.9070000648498535,12.241905532740876,551.883,4068.0,123.6025,0.0,960.797625,10.910899,0.0,3706.871723,0.0,900.098287,222.1956099,19.8,9.2,7.6,0.0,0.0,0.0,1.1639139652252195,19.489999771118164,10699.316666666668,-651.9958333333333,24052.55,1024.0666666666666,41128.24166666667,20235.2375,847.8625000000001,433.85,502.95416666666665,23.229166666666668,16792.370833333334,6881.9875,-4592.2375,22052.775,364053.5958333334,82116.74166666667,595.2791666666667,7677.982142857143,88.94375000000001,34.67916666666667,289039.75833333336,19577.75833333333,2942.2166666666667,6528.55,25068.45,155.60468749999998
2026-01-21,11.335000038146973,4.875,13.476734164779945,543.5855,4262.9,125.344722,0.0,953.691266,10.99159,0.0,3680.3408393,0.0,883.104231,208.1652245,21.3,9.9,10.3,0.0,0.0,0.0,1.1727865934371948,19.229999542236328,10659.041666666666,2350.3708333333334,23932.77083333333,919.6333333333332,36476.17083333333,20337.295833333334,899.8541666666666,425.825,466.14166666666665,23.10833333333333,16447.529166666667,6658.616666666666,-4609.045833333334,21608.229166666668,367435.55,82278.57916666666,605.5958333333333,8213.607142857143,87.23958333333333,39.07083333333333,274167.50833333336,14707.883333333331,2919.241666666667,14530.25,32513.879166666666,116.63479166666669
2026-01-22,11.220000267028809,5.045000076293945,13.027403576785012,534.9317,4463.7,114.956667,0.0,979.597808,10.939768,0.0,3707.0634435,0.0,894.9007139999999,212.4207123,22.0,9.2,9.8,0.0,0.0,0.0,1.1672970056533811,19.1200008392334,10674.091666666667,1345.8,24252.88333333333,896.2666666666668,37861.489583333336,18911.9375,969.94375,354.68333333333334,512.275,23.1625,16470.879166666666,7160.116666666666,-4550.8875,21190.05,366802.8416666666,81615.77916666666,596.5458333333333,8638.546428571428,70.18541666666667,38.425,276356.6458333333,14352.866666666669,2762.475,15334.8625,30674.139583333334,105.4928125
2026-01-23,11.28499984741211,5.275000095367432,13.793753475057892,526.7837,3940.2,106.929167,0.0,971.130259,10.939836,0.0,3686.3518267,0.0,911.854725,196.49509378,23.8,10.8,9.2,0.0,0.0,0.0,1.1754610538482666,18.36000061035156,10726.395833333334,1994.8291666666669,24043.85,1015.3291666666668,36833.910416666666,19404.766666666663,506.01458333333335,371.1166666666666,572.1041666666666,22.84583333333333,16821.345833333333,6417.895833333333,-4813.016666666666,21715.075,363384.2,82804.17083333334,581.8458333333333,8095.478571428571,87.75,39.44166666666667,271103.7375,13493.333333333334,2798.5291666666667,15375.1125,32208.08333333333,110.3728125
2026-01-26,11.225000381469728,6.800000190734863,13.593434266677072,504.9772,4316.7,101.442222,0.0,940.7319,10.956392,0.0,3728.2714756,0.0,910.919785,206.8091032,18.7,12.9,10.2,0.0,0.0,0.0,1.1858457326889038,18.170000076293945,10640.179166666669,-617.5729166666666,26325.016666666663,1145.6208333333334,40657.004255319145,19162.3125,527.968085106383,441.6041666666667,598.775,20.33333333333333,17579.75,7677.204166666666,-3348.5791666666664,22970.42916666667,360224.4916666667,85413.59166666666,588.4,7081.567857142857,91.19574468085106,34.975,288070.0833333333,8414.820833333333,2985.0375,10267.104166666666,27900.655319148937,141.928125
2026-01-27,11.350000381469728,6.953999996185303,13.491923247488264,497.3464,4294.7,107.563889,0.0,937.835606,5.453654,0.0,3718.3770645,0.0,916.093292,186.50758019,18.8,11.1,10.6,0.0,0.0,0.0,1.1876484155654907,17.940000534057617,10545.504166666668,-106.89791666666667,25007.8375,1122.4458333333334,37847.17916666667,20208.241666666665,510.92291666666665,440.4083333333333,616.1041666666666,20.2125,17958.020833333332,6455.191666666667,-4953.995833333333,22806.220833333336,362134.625,84833.475,588.6291666666667,7868.314285714286,94.10208333333333,37.37083333333333,279999.1583333333,11258.495833333334,2965.0875,14941.045833333332,28633.6375,130.05229166666666
2026-01-28,11.289999961853027,7.460000038146973,13.68750283070715,489.5725,4404.9,107.539722,0.0,954.536309,5.459501,0.0,3630.5992049,0.0,922.47315,186.04961203,18.5,12.9,6.5,0.0,0.0,0.0,1.2017642259597778,17.479999542236328,10459.8125,960.5875,24361.2375,1229.6583333333333,41021.57291666666,20589.595833333333,510.4083333333333,462.9041666666667,611.2333333333333,21.383333333333336,19107.358333333334,7922.349999999999,-4665.854166666667,23209.670833333334,363783.26666666666,85439.20416666666,590.3625000000001,6972.071428571428,87.59375,35.69583333333333,288999.62916666665,9683.245833333332,2953.7208333333333,11563.283333333333,27267.03125,136.789375
2026-01-29,11.46500015258789,3.9179999828338623,14.08160143439228,481.6663,4188.1,111.107778,0.0,955.225867,5.477994,0.0,3734.3738958,0.0,928.093572,191.68613826,19.3,13.9,8.4,0.0,0.0,0.0,1.1977769136428833,18.8700008392334,10484.566666666668,-345.54375,24221.5,1221.15,41812.22340425532,21244.3375,777.1553191489362,425.5375,622.6416666666667,22.4625,19501.025,7434.9375,-4284.829166666666,23540.58333333333,367820.69166666665,82659.6125,598.9583333333334,6904.358620689655,93.17234042553191,35.38333333333333,293750.1125,7509.329166666666,2895.429166666667,12284.5375,28371.6,132.67375
2026-01-30,11.524999618530272,4.354000091552734,13.77707235343524,474.6302,4053.5,109.082778,0.0,963.008364,5.47697,0.0,3757.2680202,0.0,914.441643,183.82533352,20.7,10.8,9.7,0.0,0.0,0.0,1.19657301902771,19.5,10420.404166666667,313.61041666666665,22888.625,1073.6041666666667,36069.81914893617,19386.2125,916.6340425531916,581.725,666.475,47.6125,18483.054166666665,5477.504166666667,-4254.045833333334,22371.641666666663,358985.6458333333,82496.12916666667,602.8833333333333,7811.964285714285,89.89787234042552,40.3,267553.10000000003,11329.329166666668,2792.5125000000003,15875.783333333333,33334.18297872341,113.1
2026-02-02,11.149999618530272,3.236999988555908,11.788408793346864,455.5248,4367.0,114.879722,0.0,971.939911,10.945517,0.0,3859.1294809,0.0,932.861207,209.2803026,26.7,11.2,10.8,0.0,0.0,0.0,1.1849182844161987,18.920000076293945,11077.291666666666,654.2416666666667,20470.595833333333,1082.9875,33413.520833333336,20068.9375,621.3458333333333,492.7083333333333,627.7208333333333,22.804166666666664,17660.9875,6174.0625,-4219.075,22990.783333333336,359989.25416666665,81100.04166666667,589.4166666666666,10198.8125,82.97500000000001,43.10833333333333,258717.5791666667,13423.783333333333,2789.7333333333336,15755.691666666666,36561.07708333333,107.41520833333334
2026-02-03,11.130000114440918,3.311000108718872,11.36300593093795,447.6683,3836.4,106.548889,0.0,982.130206,10.935582,0.0,3844.896458,0.0,927.772494,211.1685089,25.0,13.3,5.4,0.0,0.0,0.0,1.1798714399337769,19.309999465942383,11047.4,-609.0416666666666,19048.18333333333,1061.2416666666666,35118.491111111114,19409.875,678.1822222222222,537.9833333333333,620.7875,22.34583333333333,18250.0,6069.533333333333,-5080.691666666667,23765.4,366104.9666666666,82599.14166666666,587.9208333333333,10446.020833333334,96.36444444444444,44.72916666666666,257794.05416666667,13809.591666666667,2773.270833333333,16278.045833333332,42341.28666666667,98.61291666666666
2026-02-04,11.100000381469728,3.4649999141693115,11.60177354908082,439.9291,3889.4,102.686111,0.0,981.057407,10.948907,0.0,3787.5555761,0.0,921.093494,211.0786917,23.8,11.7,6.199999999999999,0.0,0.0,0.0,1.1816140413284302,18.709999084472656,11271.925,-1335.0583333333334,22681.99166666667,1011.8208333333332,33761.589583333334,20167.7375,630.0437499999999,460.1041666666667,625.7416666666667,19.654166666666665,18480.158333333333,6311.6875,-4712.625,23261.3875,364003.6708333333,83107.82083333333,586.1583333333333,9680.983333333334,92.79583333333332,42.2375,265483.6125,9990.829166666666,2849.0750000000003,14327.670833333332,37582.145833333336,102.75854166666666
2026-02-05,11.079999923706056,3.509000062942505,11.66847261085736,432.9572,4128.8,99.330556,0.0,964.650332,11.033076,0.0,3792.2860895,0.0,923.029622,227.0049641,21.5,10.7,7.1,0.0,0.0,0.0,1.180163860321045,18.020000457763672,11167.625,-1875.127083333333,23207.18333333333,976.1,33152.93541666667,20732.791666666668,852.8937500000001,341.87083333333334,556.0541666666667,20.4375,17860.004166666666,6459.695833333334,-5549.224999999999,23734.13333333333,356425.9,82709.21250000001,565.3958333333334,9405.233333333334,99.41875,41.266666666666666,264740.82916666666,11921.566666666666,2837.8125,16449.191666666666,32377.779166666664,110.91729166666666
2026-02-06,11.104999542236328,3.421999931335449,12.321197991987034,426.9671,4185.6,95.6525,0.0,975.153091,10.955537,0.0,3700.5983755,0.0,927.320602,226.4422974,17.8,9.3,4.800000000000001,0.0,0.0,0.0,1.177786946296692,17.829999923706055,11273.9125,-1392.0416666666667,23041.55833333333,1064.5166666666669,33434.8125,20928.858333333334,751.4645833333334,539.275,573.4625,46.3,18131.4375,6607.95,-4841.341666666666,23751.44583333333,344943.74583333335,81653.44583333333,591.3041666666667,8502.266666666666,93.51666666666668,38.30416666666667,267934.60000000003,12752.75,2859.9375,12859.0875,26259.86458333333,121.97427083333334
2026-02-09,11.045000076293944,3.138000011444092,11.609506939485334,412.7173,4427.1,119.338611,0.0,978.133514,32.971462,0.0,3774.1010691,0.0,927.542106,223.8972099,17.8,9.9,7.0,0.0,0.0,0.0,1.182578206062317,18.809999465942383,11114.883333333331,-2147.6854166666667,23227.283333333336,1128.5041666666666,37543.10416666666,20243.9125,550.0083333333333,481.5541666666666,548.275,600.6374999999999,18410.75,8554.516666666666,-3086.620833333333,25197.658333333336,342229.69166666665,81811.34583333334,588.6291666666667,9191.495833333332,54.4375,34.1625,282634.8416666667,12352.979166666666,2822.3583333333336,8193.520833333334,19709.6875,139.60791666666668
2026-02-10,11.015000343322754,3.115000009536743,11.11068293498951,406.9948,4320.2,108.561389,0.0,964.301817,32.875034,0.0,3756.6591074,0.0,885.285014,226.6413921,16.6,9.0,7.6,0.0,0.0,0.0,1.1904053688049316,16.889999389648438,10685.479166666666,-2443.975,23919.7625,1172.3166666666666,37271.11276595745,20105.89583333333,720.3404255319149,733.475,579.9250000000001,613.8458333333334,18628.329166666663,6558.158333333333,-4377.558333333333,23994.979166666668,343983.4375,81395.425,594.8791666666667,8927.458333333334,78.81489361702128,36.32083333333333,274624.7625,12591.85,2832.758333333333,6775.520833333333,25896.4,116.51760416666669
2026-02-11,11.010000228881836,3.1589999198913574,11.209065712621692,402.1776,4029.9,109.265833,0.0,970.123128,27.50211,0.0,3728.8995773,0.0,934.513253,226.1837064,13.9,8.0,6.300000000000001,0.0,0.0,0.0,1.1889617443084717,16.989999771118164,10561.016666666666,-2019.1979166666667,22830.3875,1134.6125,33075.85,18468.38333333333,679.4895833333334,495.76666666666665,525.7833333333333,608.6666666666666,18365.066666666666,5424.608333333333,-4961.0125,22236.691666666666,339930.025,77290.95,591.7083333333334,8387.475,80.175,40.74166666666667,255086.2333333333,10968.525,2883.208333333333,10704.55,31928.5125,112.17822916666668
2026-02-12,11.005000114440918,3.2170000076293945,11.484138000386602,397.6345,4066.9,105.822222,0.0,991.924338,21.924359,0.0,3649.3870171,0.0,922.2947,226.331379,12.8,10.0,7.0,0.0,0.0,0.0,1.1876062154769895,18.290000915527344,10384.25,-1530.86875,21898.0375,1085.4291666666666,32596.1,16762.3,750.4227272727272,437.8416666666667,579.2416666666667,611.1166666666667,18905.233333333334,4386.154166666666,-5721.404166666667,21719.55,337443.05,78459.075,592.85,8565.520833333334,87.53636363636363,44.01666666666667,242495.15,13225.25,2770.1375000000003,13414.9375,37752.056818181816,104.36375
2026-02-13,10.993000030517578,3.243000030517578,11.304941591735744,392.7498,4192.8,106.036944,0.0,991.55106,21.900366,0.0,3701.5348733,0.0,920.788504,227.8587158,17.0,11.8,6.9,0.0,0.0,0.0,1.1868449449539185,17.3799991607666,10375.2625,-2366.3104166666667,21980.075,1048.8083333333334,31157.24375,16998.304166666665,746.1625,474.62916666666666,558.5166666666667,613.4125,19266.75833333333,7478.325,-4090.1125,22080.6,337379.2916666667,82344.86666666667,587.1541666666667,8900.004166666668,77.56041666666667,39.9125,257592.67916666667,14562.229166666666,2857.5875,10359.879166666668,27837.29375,107.38802083333331
2026-02-17,9.960000038146973,3.0309998989105225,10.357188629705467,371.3612,4539.6,119.636111,0.0,977.407362,21.949821,0.0,3559.9139118000003,0.0,867.630989,227.6528971,20.5,13.9,7.0,0.0,0.0,0.0,1.184988498687744,17.079999923706055,10322.316666666668,-1972.1875,23664.783333333336,1035.5083333333334,29051.65319148936,18360.89583333333,755.6702127659574,296.8625,374.3125,614.7083333333334,20603.304166666665,7559.5625,-4101.7625,21730.3625,344298.17916666664,80620.5,543.2041666666667,10360.795833333334,71.54042553191489,43.00833333333333,251782.65,17865.225000000002,2855.85,10377.2,33214.84680851064,97.93864583333334
2026-02-18,10.395000457763672,3.010999917984009,10.935174724439335,365.2517,4559.8,121.500556,0.0,982.273053,16.451614,0.0,3588.9782631,0.0,870.9335540000001,227.3284171,20.2,14.0,8.2,0.0,0.0,0.0,1.185185194015503,17.190000534057617,10523.770833333334,-1108.10625,24110.8125,911.1916666666666,33165.14666666667,18703.795833333334,779.7111111111111,339.77500000000003,456.9458333333334,610.7541666666667,21159.654166666667,7149.329166666666,-5081.516666666666,23967.9375,346708.60833333334,80491.24583333333,579.5791666666667,10698.495833333332,93.09777777777776,40.85,263065.92916666664,21334.704166666663,2935.4666666666667,8691.779166666667,29225.29333333333,113.659375
2026-02-19,10.779999732971191,2.996000051498413,11.582568557398789,359.5198,4699.0,114.274167,0.0,966.385037,16.604975,0.0,3539.0602462,0.0,866.967765,226.2461617,22.3,12.6,5.800000000000001,0.0,0.0,0.0,1.1788839101791382,18.3799991607666,10602.583333333334,83.37708333333337,23540.27083333333,971.4458333333332,33922.4525,16541.7625,871.8149999999999,617.1291666666667,537.9958333333333,605.3958333333334,21318.391666666663,5968.041666666667,-4022.2958333333336,23734.954166666663,349188.2291666667,79777.50833333333,585.1666666666666,11400.904166666667,68.8225,43.80833333333334,254810.0375,18554.766666666663,2866.5875,13036.5875,37959.2625,93.03427083333334
2026-02-20,10.65999984741211,3.046999931335449,11.047879693468406,355.0132,4679.9,112.478333,0.0,988.073799,11.057882,0.0,3488.8862462,0.0,928.137408,224.46781835,21.7,10.4,8.2,0.0,0.0,0.0,1.1769136190414429,17.989999771118164,10364.341666666667,-839.3083333333334,20591.5,1032.85,26052.31777777778,14594.720833333333,730.1977777777778,279.4375,422.6583333333333,608.4208333333333,22145.425,6174.875,-3555.975,21553.57083333333,344615.9041666667,80760.00416666667,554.5124999999999,9568.745833333332,95.14222222222222,47.60416666666666,236896.55416666667,23136.74166666667,2912.3250000000003,14811.045833333332,37768.17111111111,85.59802083333334
2026-02-23,10.725000381469728,2.984999895095825,11.041825650947455,349.6367,4793.5,94.638889,0.0,992.080139,10.951455,0.0,3577.4473999,0.0,922.295724,229.7441333,11.0,7.6,7.5,0.0,0.0,0.0,1.1834739446640017,17.8700008392334,10370.6375,-1343.0375,13808.020833333334,1170.9291666666666,21046.678723404257,8649.554166666667,524.7085106382979,260.5708333333333,484.9375,592.9291666666667,22634.295833333334,6275.8875,-5339.287499999999,23137.4375,319480.5916666667,77658.02916666666,573.7458333333333,10791.995833333332,93.33829787234042,51.35833333333333,214218.44583333333,23806.80833333333,2937.9166666666665,15955.333333333334,33911.39361702128,69.60083333333334
2026-02-24,10.520000457763672,2.914999961853028,10.677714789462213,346.7547,4903.4,87.246667,0.0,987.584681,10.975927,0.0,3588.3006998,0.0,900.220253,227.1754334,12.3,5.800000000000001,5.199999999999999,0.0,0.0,0.0,1.1793843507766724,17.260000228881836,10897.4625,412.25208333333336,22546.92916666667,1183.5166666666669,31340.39791666667,15282.470833333333,556.9812499999999,275.0375,480.775,605.7083333333334,22466.27083333333,7482.370833333333,-3545.8291666666664,24328.37083333333,321314.42083333334,77070.97916666667,572.975,8250.254166666668,94.99791666666664,36.891666666666666,263679.525,23722.941666666666,2988.833333333333,4129.770833333333,15485.502083333333,115.20135416666666
2026-02-25,10.595000267028809,2.969000101089477,10.715738535061895,344.9971,5180.7,91.785833,0.0,974.803197,10.928458,0.0,3642.3734913,0.0,912.228404,227.8838518,13.4,5.800000000000001,5.0,0.0,0.0,0.0,1.1775233745574951,18.43000030517578,10734.7375,157.70625,20943.2,1197.6291666666666,27195.95833333333,12560.766666666668,524.8229166666666,265.33750000000003,382.82916666666665,601.9875000000001,23372.875,6871.095833333334,-4217.695833333333,21887.725,322855.25,77790.48333333334,553.8583333333333,10100.8,77.80208333333333,41.075,248227.72916666663,30835.1875,2966.7208333333333,9160.504166666668,17664.897916666665,93.0015625
2026-02-26,10.604999542236328,2.82699990272522,11.158611842679584,343.8723,5001.2,84.588333,0.0,987.018807,11.024318,0.0,3567.5847143,0.0,907.489772,225.2887726,10.9,6.9,5.5,0.0,0.0,0.0,1.181516408920288,17.81999969482422,10455.8,76.91874999999999,15702.504166666666,1125.7166666666667,20984.825531914896,8923.708333333334,533.0340425531915,25.04583333333333,289.15000000000003,622.6541666666667,22997.0,5561.45,-5535.4875,21028.225,316787.37916666665,76533.875,552.7333333333333,10449.0875,115.2808510638298,49.9125,215418.47083333333,34302.29583333333,2907.2291666666665,14716.275,27385.2170212766,75.99885416666667
2026-02-27,10.725000381469728,2.858999967575073,11.055482484604973,343.3812,5100.8,82.835833,0.0,985.807454,10.94578,0.0,3530.0991734,0.0,916.61069,231.6195469,7.1,6.699999999999999,6.800000000000001,0.0,0.0,0.0,1.1803030967712402,18.059999465942383,10582.675,1004.65625,13732.2875,1135.0333333333333,20726.68125,8184.179166666666,602.9020833333333,9.254166666666666,256.37916666666666,624.775,23298.575,6358.695833333334,-5462.7625,20797.066666666666,310981.75416666665,73979.84999999999,585.5333333333333,9625.491666666669,80.83749999999999,50.725,210471.9875,33648.42916666667,3041.520833333333,14350.5625,26426.733333333334,65.95802083333334
2026-03-02,13.364999771118164,2.9600000381469727,15.338981656917523,341.494,5086.4,76.921389,0.0,1007.861633,11.068664,0.0,3603.249712,0.0,874.740259,244.1525745,11.1,6.9,5.800000000000001,0.0,0.0,0.0,1.1759449243545532,17.440000534057617,9614.479166666666,88.52916666666674,17453.854166666668,1249.2875,24410.058695652173,11020.879166666666,692.2239130434782,10.841666666666669,355.9833333333333,627.4250000000001,22186.720833333336,6984.308333333333,-5027.441666666667,21449.57083333333,309400.92083333334,71497.5,585.3208333333333,9135.582142857142,79.65,45.625,224368.2875,34063.05416666667,3034.7333333333336,11511.7875,20946.839130434782,93.8621875
2026-03-03,15.770000457763672,3.053999900817871,18.61210552195126,339.9485,5165.7,84.955,0.0,993.604465,11.073356,0.0,3578.5776046,0.0,906.272095,241.5937785,10.8,8.7,5.1,0.0,0.0,0.0,1.169727444648743,16.760000228881836,9404.9,2194.65625,20101.966666666667,1216.2541666666666,26748.45957446809,12652.433333333334,624.0212765957447,98.85833333333332,225.90833333333333,616.8000000000001,21789.8375,8202.800000000001,-3845.7041666666655,19396.6875,311835.1041666667,71954.01666666666,510.75,8139.142857142857,53.10212765957447,42.93333333333334,230725.25,35325.4125,2986.2291666666665,5735.962500000001,20612.548936170213,108.18895833333332
2026-03-04,15.104999542236328,2.9170000553131104,16.597135590524758,338.1372,4983.8,43.263611,0.0,991.46699,11.026396,0.0,3544.1942179,0.0,921.125177,234.03307375000003,12.1,9.6,5.199999999999999,0.0,0.0,0.0,1.161224365234375,16.700000762939453,9439.4375,2739.4395833333333,22074.74583333333,1169.0916666666667,26334.93191489362,13991.966666666667,578.468085106383,142.78333333333333,201.8125,629.275,22153.55,8573.179166666667,-4807.120833333333,19043.679166666665,311109.5,72805.59166666666,505.4625,8009.435714285714,78.27446808510639,41.34583333333333,235226.65,34973.941666666666,2963.3458333333333,3225.5125000000003,19594.07021276596,146.8778125
2026-03-05,15.494999885559082,3.003000020980835,17.300308783274804,337.3323,4764.7,40.479167,0.0,993.053025,11.010463,0.0,3702.2830663,0.0,929.010952,235.662244,13.5,6.5,4.6,0.0,0.0,0.0,1.1635618209838867,16.59000015258789,9507.275,2888.7208333333333,21548.87083333333,1208.7375,22140.525,14070.516666666668,587.5333333333333,239.8791666666667,269.6083333333333,627.4291666666667,21937.079166666663,7210.958333333333,-4015.245833333333,22325.954166666663,310148.6041666667,73785.07916666666,547.9916666666667,8714.378571428571,75.5,43.46666666666667,231102.3333333333,35206.950000000004,2990.75,5025.345833333334,19759.38125,110.34010416666666
2026-03-06,15.710000038146973,3.186000108718872,18.162267002342592,336.1935,4703.9,44.045556,0.0,1006.158885,10.998356,0.0,3710.2793904,0.0,928.531296,233.49943601,11.5,8.8,5.300000000000001,0.0,0.0,0.0,1.1608065366744995,17.010000228881836,9484.541666666666,2400.397916666667,20822.691666666666,1180.45,23045.46041666667,15566.979166666666,639.4,224.42916666666667,191.32083333333333,609.9416666666667,21726.49583333333,7806.591666666667,-4686.6375,20036.55,307047.60000000003,74142.41666666667,519.2916666666666,7612.192857142857,60.73333333333333,41.99166666666667,231480.94583333333,33351.666666666664,3064.4041666666667,2124.083333333333,20257.475,125.0921875
2026-03-09,16.229999542236328,3.119999885559082,19.06572625156765,334.7405,4888.0,37.876111,0.0,1018.569314,10.993793,0.0,3778.1026896,0.0,928.67694,212.25882476,9.5,8.3,5.800000000000001,0.0,0.0,0.0,1.152325987815857,16.290000915527344,9691.320833333331,2779.8,21308.729166666668,1157.4,28048.459523809524,14058.841666666667,628.8595238095238,172.0625,293.01666666666665,618.0083333333333,20736.879166666666,8114.287499999999,-3262.883333333333,22967.20833333333,299488.3416666667,73701.91666666667,563.9416666666667,8217.988461538462,69.92619047619048,40.10833333333333,234889.7041666667,36448.77916666667,3090.9541666666664,786.2333333333332,15919.29523809524,136.80791666666667
2026-03-10,15.920000076293944,3.0199999809265137,16.136448823080183,334.4125,4708.8,29.847778,0.0,1013.073773,21.956784,0.0,3600.2140097,0.0,949.865906,210.45933432,9.2,8.0,5.4,0.0,0.0,0.0,1.161723494529724,15.739999771118164,9394.279166666667,1983.091666666667,21926.925,1211.4666666666667,25526.004347826085,14646.904166666667,582.9978260869566,139.80833333333334,190.7625,615.4291666666667,20386.783333333333,7219.474999999999,-3466.333333333333,21348.8375,306400.1458333333,74534.37083333333,527.9291666666667,6858.392857142857,92.69347826086955,40.9875,233938.16666666663,34854.708333333336,3063.2208333333333,3765.033333333333,18206.591304347825,137.64645833333333
2026-03-11,15.979999542236328,3.2090001106262207,17.011642233813845,334.1502,4596.3,16.792222,0.0,1003.589657,21.981403,0.0,3749.9324872,0.0,950.237841,210.34238551,7.0,7.800000000000001,5.300000000000001,0.0,0.0,0.0,1.1611299514770508,15.31999969482422,9042.6125,-1875.2625,16977.274999999998,1156.0083333333334,21298.2170212766,10371.35,493.9744680851064,129.28333333333333,234.71666666666667,618.1166666666667,19431.6,6126.445833333334,-6486.191666666667,18844.20833333333,311181.8375,72063.83333333333,524.85,7682.775000000001,98.60425531914892,50.645833333333336,202776.99166666667,32932.520833333336,2960.2958333333336,14459.054166666669,31705.646808510635,79.92166666666667
2026-03-12,16.09000015258789,3.2330000400543213,17.209940765041054,333.2505,4447.1,15.780278,0.0,1008.621999,22.025629,0.0,3855.6212796,0.0,933.641133,213.11438473,8.5,8.4,6.199999999999999,0.0,0.0,0.0,1.1543211936950684,16.049999237060547,8870.4,-1171.2708333333333,14561.129166666666,1165.3416666666667,20581.767391304347,9944.979166666666,487.16521739130434,123.10833333333332,179.275,623.8125,19157.404166666667,6350.516666666666,-6109.466666666667,15595.9625,311220.03750000003,72367.51666666666,514.1083333333333,9333.103571428572,98.0108695652174,51.93333333333334,194801.2625,37521.46666666667,2913.525,14798.625,33993.33260869565,65.1334375
2026-03-13,16.184999465942383,3.13100004196167,16.922869678556353,332.5572,4478.2,24.3825,0.0,1012.271101,22.001761,0.0,3843.8230338,0.0,928.657766,209.99633102,8.2,10.3,6.699999999999999,0.0,0.0,0.0,1.1521666049957275,15.770000457763672,8472.091666666665,-1672.2708333333333,13075.604166666666,1069.4333333333334,18414.64255319149,9985.379166666668,639.4446808510638,0.0,199.8083333333333,626.0958333333333,18723.904166666667,5777.383333333334,-7032.454166666666,12928.179166666669,309101.9875,69688.21666666666,511.65,7506.896428571429,95.0191489361702,56.00833333333333,178266.77083333334,35907.166666666664,2804.6,13045.225,42249.78510638298,52.88052083333333
2026-03-16,19.27499961853028,3.0230000019073486,17.05446192091529,330.5595,4613.9,25.418611,0.0,1004.156504,21.861717,0.0,3849.9642366,0.0,924.643388,201.84491965,13.1,9.7,4.4,0.0,0.0,0.0,1.1435105800628662,16.059999465942383,9215.395833333334,-1281.2854166666666,18005.416666666668,799.6083333333332,18701.32340425532,13308.645833333334,552.3510638297872,122.93333333333334,186.29166666666663,622.1791666666667,18826.575,6550.8875,-5784.3,18031.62083333333,308634.3125,72718.05833333333,508.4041666666666,9467.003703703704,98.9276595744681,50.4375,201971.275,32166.016666666663,2807.05,11353.8875,32836.676595744684,76.8103125
2026-03-17,19.40999984741211,3.032999992370605,17.37704399723977,328.8633,4490.5,30.029167,0.0,976.095026,5.469858,0.0,3814.1826529,0.0,881.254294,202.00608383,12.9,6.9,5.300000000000001,0.0,0.0,0.0,1.1499539613723757,15.399999618530272,9511.308333333332,-448.0416666666666,22512.9,774.2291666666666,21297.982608695653,16839.95,566.4,154.29166666666666,186.225,624.1958333333333,19196.079166666663,6549.691666666667,-4844.991666666666,17102.070833333335,304250.57916666666,72357.34999999999,513.7375000000001,7765.051851851852,95.83695652173913,45.55,213911.88333333333,35669.2625,2767.504166666667,8871.75,24478.232608695653,125.16270833333334
2026-03-18,20.174999237060547,3.065000057220459,18.48684478288797,327.4323,4227.0,24.726111,0.0,1011.945158,7.098764,0.0,3574.1356226,0.0,826.964979,201.21621733,11.7,6.199999999999999,7.800000000000001,0.0,0.0,0.0,1.153948187828064,21.51000022888184,9400.4625,890.0020833333333,19982.420833333334,766.3708333333334,20673.31304347826,14010.641666666665,620.6478260869565,152.49583333333334,227.6875,630.3416666666667,18871.7125,4885.104166666667,-6869.570833333334,13192.8375,306421.7375,70783.28333333334,511.8833333333334,9458.3,47.96521739130435,50.43333333333334,195316.24166666667,40744.754166666666,2390.4791666666665,7884.375,32684.465217391305,89.715625
2026-03-19,22.350000381469727,3.16599988937378,20.782547610520503,326.2009,4040.4,27.247222,0.0,1016.954661,5.459769,0.0,3604.4110476,0.0,914.942791,197.20406812,10.5,7.800000000000001,6.1,0.0,0.0,0.0,1.1464471817016602,18.920000076293945,9591.208333333334,1207.6541666666667,21819.39583333333,768.1333333333333,19506.6625,15813.5625,657.9354166666667,163.56666666666666,233.0375,614.7333333333333,18358.666666666668,5761.216666666667,-6164.545833333334,14868.9875,302093.70416666666,71094.24166666667,507.4166666666667,8650.992857142857,59.63333333333333,46.45416666666667,206401.84166666667,41829.49583333333,2465.116666666667,3478.9500000000003,25326.916666666668,115.22427083333334
2026-03-20,21.70499992370605,3.095000028610229,20.106335629559183,325.7925,4200.5,29.076944,0.0,1016.205051,5.484385,0.0,3542.3208172,0.0,923.740341,197.21161072,10.6,9.7,5.800000000000001,0.0,0.0,0.0,1.157755732536316,19.8700008392334,9864.725,2519.7000000000003,24127.729166666668,756.0833333333334,20140.44347826087,16715.866666666665,695.4847826086956,155.50833333333333,250.28333333333333,616.025,19095.44583333333,7511.075,-4615.966666666666,18700.7,299835.55416666664,72986.42083333334,546.8958333333334,8881.0,65.3695652173913,42.3375,222273.97916666663,38113.6375,2955.35,2829.616666666667,19199.55652173913,142.97583333333333
2026-03-23,21.0,2.8910000324249268,19.20470286473011,324.7242,4156.6,73.899444,0.0,1012.111134,24.596817,0.0,3651.1163068,0.0,942.422841,196.3073226,9.4,8.8,7.9,0.0,0.0,0.0,1.1560158729553225,22.21999931335449,9841.075,1259.825,22496.545833333334,972.7291666666666,22848.264583333334,16957.595833333333,771.4729166666666,124.325,189.0375,626.9541666666667,17821.8625,8233.237500000001,-4736.808333333333,14011.566666666666,297900.87083333335,72243.40416666666,510.5333333333333,7883.678571428572,89.23541666666667,40.10416666666666,221586.15,43038.879166666666,2938.495833333333,948.6208333333334,16641.212499999998,142.32666666666668
2026-03-24,20.52499961853028,2.943000078201294,18.383953898540973,325.0724,4470.4,73.159167,0.0,1055.706269,32.941796,0.0,3626.8989357,0.0,928.681777,198.3042786,8.0,7.5,7.0,0.0,0.0,0.0,1.1607122421264648,19.440000534057617,8950.129166666668,-2239.8791666666666,16043.975,957.0416666666666,15580.122916666667,12024.129166666666,579.8354166666667,0.0,177.9625,625.4666666666667,17054.037500000002,6084.633333333334,-6167.141666666666,13867.079166666668,303251.88333333336,71985.20833333333,514.1875,8416.94642857143,91.60416666666669,53.65,181296.6,40114.24166666667,2769.3375,13633.425,34488.691666666666,71.00552083333334
2026-03-25,19.989999771118164,2.95199990272522,17.978913700273395,324.9293,4384.2,68.694722,0.0,1057.74966,27.296582,0.0,3689.3281576,0.0,937.137105,198.33072232,8.1,11.0,6.699999999999999,0.0,0.0,0.0,1.16146719455719,17.68000030517578,8926.925000000001,-2120.1520833333334,13238.470833333333,824.5375,13693.066666666668,10458.679166666669,597.1895833333333,0.0,210.6708333333333,623.8249999999999,15968.0125,5350.2875,-7487.533333333333,14647.320833333331,310129.37083333335,71095.74166666667,524.0791666666667,8407.117857142857,91.24166666666667,58.5875,169994.25833333333,33901.1125,2477.458333333333,16563.425,45216.86875,41.76104166666666
2026-03-26,20.4950008392334,2.999000072479248,18.7105123995777,323.2825,4305.8,70.868333,0.0,1050.822161,5.489139,0.0,3796.1127758,0.0,924.754303,197.55189097,13.6,12.2,8.1,0.0,0.0,0.0,1.1561496257781982,16.200000762939453,9259.5,355.26875,18907.529166666667,814.6541666666667,18991.756818181817,13203.470833333333,697.4318181818181,0.0,129.42916666666667,631.1333333333333,16118.529166666667,5252.4875,-6516.1375,14311.141666666668,319377.4083333333,73873.77500000001,533.5583333333333,9845.234615384616,69.23409090909091,52.65833333333333,192924.95,34309.9375,2340.3,14180.479166666666,42777.09090909091,92.305
2026-03-27,20.395000457763672,3.095000028610229,18.3158429287314,321.5738,4366.8,71.148333,0.0,1029.271439,5.457188,0.0,3751.6910417,0.0,936.63111,198.07953098,14.6,9.2,9.6,0.0,0.0,0.0,1.1535090208053589,16.40999984741211,9343.316666666668,731.2854166666666,21518.88333333333,850.4458333333333,17325.160416666666,14424.545833333332,618.8583333333333,0.0,102.87083333333334,633.0333333333334,17268.304166666665,6568.104166666667,-5488.5,17342.166666666668,313547.45,73906.3625,549.0666666666667,9127.621428571429,92.06875,48.84166666666667,205786.5791666667,41291.725,2528.983333333333,9908.2875,28763.422916666663,117.515
2026-03-30,20.530000686645508,2.88700008392334,18.46198271100452,319.6875,4950.3,70.518056,0.0,1046.163901,5.455947,0.0,3736.0471009,0.0,920.087369,198.22844815,12.8,8.9,6.9,0.0,0.0,0.0,1.149200677871704,18.440000534057617,9353.225,-2312.4208333333336,15039.758333333331,1004.7125,16503.225531914894,13343.666666666666,621.704255319149,152.79583333333332,110.225,629.75,15805.3875,6186.916666666667,-6397.633333333334,15650.770833333334,310209.19583333336,71199.4375,529.7875,9641.353571428572,88.72340425531915,54.32083333333333,184981.7375,35948.7125,2763.1666666666665,13801.108333333332,38880.27659574468,66.79197916666666
2026-03-31,20.1299991607666,2.884000062942505,17.04793127810913,313.7922,4741.8,65.340992,0.0,977.788667,5.487143,0.0,3726.6725323,0.0,919.967656,188.6555094,13.0,6.6,7.6,0.0,0.0,0.0,1.1460003852844238,16.399999618530273,9574.2,971.3916666666668,19805.491666666665,950.4791666666666,22412.482978723405,16907.7,638.3723404255319,179.51250000000002,175.5375,631.5791666666667,17024.912500000002,6058.816666666667,-5556.995833333333,17719.745833333334,311102.99583333335,73730.87916666667,581.7708333333334,8726.466666666667,78.68936170212766,45.40416666666667,216285.8958333333,35062.90416666667,2907.4375,6201.55,27613.86170212766,120.45604166666668
2026-04-01,19.82999992370605,2.819000005722046,16.11637107280312,315.9275,4412.4,50.837778,0.0,958.679254,5.461037,0.0,3710.7312109,0.0,827.730605,8.2822265,12.6,6.800000000000001,7.0,0.0,0.0,0.0,1.1574207544326782,17.280000686645508,9022.529166666667,257.9208333333333,20601.75,928.7458333333334,25478.5,16668.995833333334,1169.2208333333333,147.7875,156.72916666666666,614.9291666666667,17187.629166666666,6219.5125,-5222.45,13668.875,308431.5208333333,73216.87916666667,531.9208333333333,8360.146428571428,85.23958333333333,42.1375,220032.7083333333,39383.03333333333,2979.5750000000003,1918.15,23971.5375,143.01270833333334
2026-04-02,19.96500015258789,2.799999952316284,16.999960720253124,315.5612,4446.7,47.658056,0.0,940.04953,5.462213,0.0,3756.2773132,0.0,807.1578830000001,8.37885201,11.8,9.5,6.4,0.0,0.0,0.0,1.159057378768921,19.489999771118164,9152.0125,819.7895833333332,19272.25833333333,869.3333333333334,22982.6,15936.416666666666,1188.3875,151.05416666666667,170.64166666666668,616.7624999999999,17386.945833333335,6107.454166666666,-5521.420833333334,17722.287500000002,302737.0958333333,72114.73333333334,577.1791666666667,6937.111111111111,80.79130434782608,45.09583333333333,211975.06666666665,39331.004166666666,2992.5125000000003,6404.270833333333,23916.40652173913,114.42739583333334
2026-04-06,19.96500015258789,2.811000108718872,16.881777776379504,323.6776,4258.4,56.825278,0.0,979.796432,5.487011,0.0,3793.5829137,0.0,773.394567,10.96632589,9.3,8.6,1.1000000000000014,0.0,0.0,0.0,1.150999665260315,18.88999938964844,8014.791666666667,426.4958333333334,7991.233333333334,1021.1125,22315.908333333336,7858.983333333334,1190.6583333333333,0.0,140.94166666666666,620.3208333333333,16685.850000000002,4899.729166666667,-7959.174999999999,8797.104166666666,242533.1083333333,61214.12916666667,510.6833333333333,8239.066666666666,55.61666666666667,59.1375,135259.85,43339.475,2622.920833333333,6153.712500000001,30099.11276595745,11.472083333333332
2026-04-07,19.864999771118164,2.869999885559082,18.01098994226181,325.3924,4570.6,55.965833,0.0,979.699193,5.461717,0.0,3778.7731129,0.0,771.9416100000001,2.5716448,11.0,5.0,2.1,0.0,0.0,0.0,1.1541212797164917,18.40999984741211,8758.908333333333,-1028.4416666666666,13327.75,993.9875,17133.16153846154,11274.225,1206.4666666666667,0.0,155.67083333333332,599.9416666666667,18447.545833333334,7080.650000000001,-6620.466666666667,13849.925,278907.4583333333,64486.145833333336,528.3833333333333,9485.762962962965,52.11666666666667,52.95,174044.29583333334,50479.64166666666,2736.4375,5188.341666666666,25990.554347826088,89.95885416666665
2026-04-08,19.489999771118164,2.7239999771118164,15.516272319172955,327.2148,4638.5,49.995833,0.0,971.037598,5.458891,0.0,3802.936837,0.0,786.2139609999999,0.0,11.3,0.3000000000000007,1.6999999999999993,0.0,0.0,0.0,1.1686612367630005,17.649999618530273,9233.8875,1296.79375,15318.779166666667,1018.7083333333334,16094.706382978722,13093.170833333332,1338.9125,0.0,226.95,610.8916666666667,19647.2875,7557.2,-5384.354166666667,16527.55,283238.75,67812.675,570.225,9438.742857142855,48.41666666666666,48.85,192168.09166666667,51605.60833333334,2743.645833333333,5070.170833333334,17802.67021276596,86.82854166666668
2026-04-09,19.4950008392334,2.6700000762939453,15.778749588575955,328.829,4588.9,37.052222,0.0,981.010499,5.469551,0.0,3652.8395264,0.0,798.3436300000001,0.0,12.2,2.7,1.8000000000000007,0.0,0.0,0.0,1.16593599319458,16.450000762939453,9380.95,430.42291666666665,14924.4625,993.0875,15998.8,11878.408333333333,1114.5458333333331,5.554166666666667,187.8875,622.775,19556.02083333333,6242.395833333333,-6110.866666666666,13037.5125,285558.5208333333,66040.9875,582.9666666666667,8775.603703703704,79.13225806451612,52.4875,179329.17500000002,51477.30416666667,2802.804166666667,10019.166666666666,23314.06808510638,79.76447916666667
2026-04-10,19.420000076293945,2.6480000019073486,14.952610441652398,330.3688,4507.9,55.026389,0.0,971.101218,5.478226,0.0,3614.0281989,0.0,806.780251,0.0,13.3,8.7,1.6000000000000014,0.0,0.0,0.0,1.1691256761550903,16.59000015258789,9729.320833333331,925.69375,16497.916666666668,989.8125,18017.03541666667,14066.391666666668,1021.15,145.3125,193.4416666666667,621.9833333333333,19453.4875,7288.441666666667,-4978.929166666667,15273.8875,284464.10000000003,64646.36666666667,601.8625000000001,8688.185714285715,111.55625,47.06666666666666,197380.8125,42280.34166666667,2807.3,7477.904166666667,19217.635416666668,123.45885416666664
2026-04-13,19.440000534057617,2.627000093460083,15.881557275368936,334.3719,4432.8,49.891944,0.0,978.740436,5.578808,0.0,3612.1506843,0.0,778.051386,9.0134955,7.6,8.7,0.0,0.0,0.0,0.0,1.1675150394439695,16.149999618530273,9512.2875,2957.2520833333333,15126.983333333332,1078.4041666666667,22853.72608695652,12386.391666666668,1390.7708333333333,185.7541666666667,192.84166666666667,614.4625,20331.158333333333,6698.220833333333,-3796.8958333333335,15178.6625,286487.6541666667,67050.85833333334,583.5541666666667,6822.328571428572,72.62173913043478,43.61666666666667,208302.55416666667,31336.441666666666,2893.020833333333,3231.3916666666664,22969.604347826087,127.44322916666664
2026-04-14,19.350000381469727,2.5989999771118164,14.957696875316818,334.4621,4452.8,48.241111,0.0,1017.964396,0.0,0.0,3895.9755738,0.0,797.548292,9.27765868,7.0,6.6,0.8999999999999986,0.0,0.0,0.0,1.176885962486267,15.56999969482422,9268.320833333331,1126.4520833333331,18409.483333333334,960.6708333333332,24826.347916666666,12636.8625,1418.3875,159.3125,153.0875,596.4166666666666,20066.191666666666,6007.366666666666,-4923.037499999999,14869.229166666666,290181.0916666667,65623.23333333334,582.8208333333333,8569.464285714286,95.8125,41.94166666666667,214396.8125,38346.9125,2919.3250000000003,3523.0916666666667,17402.222916666666,138.43447916666668
2026-04-15,19.19799995422364,2.609999895095825,14.316639179092702,335.2257,4382.5,55.441944,0.0,1022.764352,0.0,0.0,3753.9123581,0.0,795.728822,9.50875893,7.6,3.9,1.6000000000000014,0.0,0.0,0.0,1.179940938949585,16.1299991607666,9207.2375,-429.1208333333333,18866.054166666665,866.5,22773.258695652174,11927.645833333334,1163.7333333333331,197.69583333333333,151.14166666666668,603.6125000000001,20023.045833333334,6098.625,-5009.983333333334,15658.225,285228.7166666667,64531.78333333333,592.4916666666667,9007.207142857142,93.81304347826088,43.15,208273.6416666667,46356.09583333333,2909.3125,5869.816666666667,13278.441304347827,116.261875
2026-04-16,16.1299991607666,2.6470000743865967,14.682541829030464,337.0742,4561.5,49.948611,0.0,1050.60541,0.0,0.0,3622.4767723,0.0,733.011928,9.62978496,4.199999999999999,4.6,0.8999999999999986,0.0,0.0,0.0,1.1809163093566897,16.899999618530273,9267.195833333331,787.0041666666666,17123.241666666665,955.5416666666666,21150.821276595743,13002.745833333334,1104.675,200.075,139.45000000000002,612.9875000000001,19961.579166666663,6333.4375,-5412.0,15805.704166666668,280989.23333333334,65955.81666666667,583.6541666666667,8910.914814814816,98.26595744680851,43.3875,205611.74166666667,48302.6625,2919.2916666666665,4962.858333333334,11746.61489361702,111.9196875
2026-04-17,15.0,2.674000024795532,13.388175975747012,339.5579,4554.0,44.393611,0.0,1059.685212,0.0,0.0,3285.9986561,0.0,721.374601,9.3808594,3.8000000000000007,4.199999999999999,0.0,0.0,0.0,0.0,1.178272724151611,15.84000015258789,9093.0125,619.0791666666668,15365.820833333331,1021.7041666666668,18504.777777777777,12280.1,1241.8791666666666,145.0375,112.99166666666667,611.3333333333334,19889.0625,6493.891666666666,-5700.754166666667,15844.895833333334,274527.2166666667,67620.95,588.475,7832.621428571429,94.92222222222222,45.78333333333333,194774.41666666663,54693.55,3049.4875,2193.8250000000003,12651.357777777775,104.2253125
2026-04-20,15.234999656677246,2.688999891281128,13.865104586009966,347.283,4414.1,65.297222,0.0,1061.56723,0.0,0.0,3337.6781093,0.0,694.0851230000001,0.78797498,10.8,7.9,0.0,0.0,0.0,0.0,1.174122333526611,15.029999732971191,8887.770833333334,3655.654166666666,13066.475,1140.55,14627.197916666666,10416.591666666664,1447.6666666666667,145.74166666666667,163.46666666666667,606.2666666666667,18976.08333333333,6746.045833333334,-6170.104166666667,13853.1625,276760.6541666667,65999.76666666666,561.1166666666667,7941.935714285714,61.33125,51.125,178324.37916666665,48033.95416666666,2890.691666666667,7751.25,21439.18125,97.30020833333332
2026-04-21,15.8100004196167,2.697000026702881,14.482161870929184,348.2595,4171.0,59.848611,0.0,1014.77475,0.0,0.0,2772.4246047,0.0,707.599251,11.37474765,10.3,8.1,0.0,0.0,0.0,0.0,1.1784392595291138,17.15999984741211,8901.9125,1235.5958333333333,14346.5625,1122.0833333333333,14982.675,10181.804166666669,1319.6041666666667,129.73749999999998,138.77083333333334,613.4541666666667,18536.6375,5673.966666666667,-6081.733333333334,12350.958333333334,281579.825,65311.07083333333,528.5708333333333,10344.307407407408,88.26052631578948,51.05416666666667,179125.9125,47814.53333333333,2878.3875000000003,7124.120833333333,24202.4625,83.13635416666666
2026-04-22,16.125,2.7219998836517334,14.990793324165578,349.6034,4243.0,50.415278,0.0,1009.121235,0.0,0.0,3236.0831667,0.0,743.564709,6.318215009999999,8.7,6.5,1.8000000000000007,0.0,0.0,0.0,1.174425721168518,16.5,8563.866666666667,2021.9166666666667,12976.525,1174.3458333333333,14916.220833333333,9811.804166666669,1308.7041666666669,0.0,107.2625,609.2333333333333,17873.5625,6165.866666666666,-6011.379166666667,9960.229166666666,280970.9166666667,63839.68333333333,506.6875,9489.214814814814,89.51081081081081,52.93333333333334,170031.93333333332,53676.78333333333,2758.1666666666665,6965.479166666667,25592.235416666663,78.10635416666666
2026-04-23,16.389999389648438,2.614000082015991,15.265880029801338,350.6093,3772.4,52.330556,0.0,1009.529037,0.0,0.0,3421.144956,0.0,737.0725150000001,0.0,7.9,5.9,3.4000000000000004,0.0,0.0,0.0,1.1706037521362305,15.670000076293944,8553.7875,3055.2791666666667,11463.016666666668,1169.7958333333331,11946.408333333333,8946.566666666668,1258.9833333333331,0.0,125.35833333333332,612.9541666666667,17151.783333333333,5908.470833333333,-6471.7625,10852.391666666666,277546.72500000003,65069.59583333333,510.3333333333333,8975.432142857144,99.16458333333333,56.725,158478.7,54731.03333333333,2741.645833333333,8564.025,28219.725,64.413125
2026-04-24,16.549999237060547,2.5230000019073486,15.361973782609198,353.8971,4389.4,56.332222,0.0,1046.75881,0.0,0.0,3356.926269,0.0,780.715694,0.00703789,8.0,6.5,3.6,0.0,0.0,0.0,1.16838800907135,16.729999542236328,8507.979166666666,3701.54375,11853.145833333334,1144.175,13188.85625,9065.858333333334,1008.7416666666668,0.0,163.51250000000002,611.4708333333333,17655.770833333332,8028.191666666667,-5803.991666666666,12605.766666666668,273410.17916666664,66158.61666666667,526.5791666666667,8952.257142857143,75.3,53.083333333333336,168622.9125,54628.69583333333,2775.054166666667,7721.283333333333,21371.616666666665,75.84239583333333
2026-04-27,16.55500030517578,2.549999952316284,15.317881352839434,362.7179,4543.6,48.594722,0.0,1076.100985,5.47688,0.0,3435.3177165,0.0,765.839834,8.03938053,7.6,3.5,0.6999999999999993,0.0,0.0,0.0,1.1706448793411257,18.770000457763672,8986.354166666666,3455.208333333333,13301.9125,989.5458333333332,15472.61875,10749.7125,1508.5166666666669,0.0,165.15,619.1999999999999,17009.241666666665,6896.349999999999,-6433.333333333333,11394.983333333332,267980.725,67145.20833333333,523.2541666666667,8579.432142857144,51.06875,48.52916666666667,176229.30000000002,58413.525,2891.7666666666664,1886.7875,15815.254166666666,97.8584375
2026-04-28,16.479999542236328,2.559000015258789,14.978688335677385,365.6033,4458.4,47.769444,0.0,1082.566252,5.462772,0.0,3388.150788,0.0,762.899947,8.112173049999999,8.0,5.699999999999999,0.0,0.0,0.0,0.0,1.1723467111587524,18.64999961853028,8504.775,2060.5958333333333,12831.366666666669,925.775,13902.834782608696,9974.633333333331,1379.2333333333331,0.0,92.18333333333334,617.5583333333333,17298.925,5864.358333333334,-6674.212500000001,12848.204166666668,275317.82916666666,65866.74583333333,531.2291666666666,9926.892857142857,56.91304347826087,53.975,166624.67916666667,54681.57916666667,2792.929166666667,8489.166666666666,23838.47173913044,69.61885416666667
2026-04-29,16.96500015258789,2.6470000743865967,16.090729954776137,368.5278,4406.6,46.855278,0.0,1092.951472,5.469614,0.0,3520.3737612,0.0,767.993029,27.31113625,8.6,4.800000000000001,0.0,0.0,0.0,0.0,1.171783447265625,17.049999237060547,8539.216666666667,2027.1625,12924.0125,1125.275,13189.308333333334,9232.329166666666,1381.55,0.0,105.63333333333333,622.6625,17875.066666666666,6957.708333333333,-6757.150000000001,14331.283333333333,277503.2083333333,64934.12916666667,573.1291666666667,10299.896428571428,85.67083333333333,53.07083333333333,172358.07083333333,53172.07916666666,2867.5291666666667,7340.770833333333,22583.93125,65.58677083333333
2026-04-30,16.905000686645508,2.7669999599456787,15.748660747951346,371.3954,4411.5,46.979509,0.0,1074.724804,21.886756,0.0,3273.3104044,0.0,773.615956,9.66506115,5.800000000000001,2.3000000000000007,0.8999999999999986,0.0,0.0,0.0,1.168470025062561,16.639999389648438,8388.512499999999,256.1458333333333,11518.925,1042.4833333333331,12637.129787234042,8047.595833333333,1229.972,0.0,79.25416666666666,612.2875,17663.216666666667,7605.533333333333,-7697.620833333333,13077.879166666666,271513.39166666666,63033.17083333334,562.9041666666667,10073.517857142857,84.72978723404256,53.97916666666666,165224.38333333333,56496.8,2924.2125,7283.2375,22013.074468085106,72.47322916666667
2026-05-01,16.864999771118164,2.7799999713897705,15.732537626309211,374.9697,4218.6,52.947222,0.0,1011.139904,21.80126,0.0,3183.8174861,0.0,784.509328,10.38602669,1.8999999999999984,0.3999999999999986,2.5,0.0,0.0,0.0,1.172910451889038,18.700000762939453,8114.912499999999,1957.79375,7982.104166666667,1098.7416666666666,10357.14680851064,6599.3125,524.5063829787234,0.0,110.22083333333336,622.5416666666666,15769.579166666668,6670.954166666666,-9352.545833333334,10188.416666666666,228065.02916666667,59427.5375,496.6125,8809.092857142858,56.34255319148936,55.77916666666667,137188.65,51644.56666666667,2607.8125,4623.229166666667,17779.417021276597,-1.6274999999999993
2026-05-04,16.864999771118164,2.867000102996826,16.546163427497348,385.9921,4499.5,52.122778,0.0,1007.990858,32.798068,0.0,3250.6176937,0.0,792.550572,9.83958808,0.0,4.1,1.1000000000000014,0.0,0.0,0.0,1.1726628541946411,18.57999992370605,8970.120833333332,2318.3375,13937.8125,1085.2083333333333,17776.579166666666,11552.391666666668,614.2583333333333,0.0,160.5,592.3333333333334,18034.920833333334,7562.333333333333,-4398.837500000001,16053.795833333332,268602.8458333333,62582.41666666666,540.4416666666667,6812.564285714286,55.22708333333333,46.25833333333333,188397.6375,48036.94166666667,2749.370833333333,3084.1625,14651.010416666666,132.38770833333334
2026-05-05,17.03499984741211,2.7880001068115234,16.080187839874466,388.0596,4315.9,55.914722,0.0,1009.698528,27.265272,0.0,3216.5205077,0.0,792.146689,16.55911527,2.4000000000000004,4.5,1.1999999999999993,0.0,0.0,0.0,1.1691941022872925,,8633.191666666668,1515.5104166666667,16856.329166666666,1170.3958333333333,20516.15,12844.4625,552.1666666666666,0.0,160.62916666666666,583.7875,18761.70833333333,6964.1375,-4313.9375,14679.783333333333,276326.31666666665,61127.89166666666,505.9458333333334,7392.210714285714,60.37083333333334,44.1,197179.1875,42673.3,2487.820833333333,4733.3125,16042.10625,127.75979166666669
2026-05-06,16.850000381469727,2.7300000190734863,15.074617194924432,389.6876,4081.3,58.477222,0.0,1005.457532,48.945694,0.0,3094.8713377,0.0,793.614556,9.69867976,6.699999999999999,7.1,0.3000000000000007,0.0,0.0,0.0,1.1715774536132812,,9193.65,1827.439583333333,16877.341666666667,1044.725,20544.776086956525,12740.391666666668,644.1608695652175,108.9125,178.3375,586.0833333333334,19225.7625,5635.0125,-4752.7625,16463.508333333335,277962.75,61568.78333333333,535.7375000000001,7281.3,45.32608695652174,47.07083333333333,192996.69166666665,43980.42083333334,2866.683333333333,7475.591666666667,16849.764583333334,122.75177083333334
2026-05-07,16.84000015258789,2.7690000534057617,14.997943506250069,391.057,4057.3,54.617222,0.0,1053.250296,38.174183,0.0,3123.6543351,0.0,826.882201,16.70625215,9.3,6.699999999999999,0.0,0.0,0.0,0.0,1.1747430562973022,,9387.708333333334,1484.9166666666667,17669.912500000002,1061.7291666666667,22416.808510638297,12851.875,688.1531914893617,111.46666666666664,193.39166666666665,589.1041666666666,19729.204166666663,7136.912499999999,-4239.620833333333,18152.920833333334,276208.5416666667,61466.63333333333,554.875,8694.840740740741,63.878723404255325,41.54166666666666,209961.19166666665,43064.6,2905.995833333333,1375.2416666666668,11329.397872340423,136.41791666666668
2026-05-08,16.8700008392334,2.756999969482422,15.177820302144342,393.7888,4181.8,40.446389,0.0,1049.8134260000002,49.440888,0.0,3309.6060391,0.0,795.830356,9.62030606,8.1,4.6,0.1000000000000014,0.0,0.0,0.0,1.1731581687927246,,9251.116666666669,2174.8625,16991.766666666666,1088.8041666666666,19033.20625,11775.320833333331,664.4875000000001,167.09583333333333,161.0375,584.0041666666667,18683.4625,5930.095833333333,-5883.854166666667,15698.495833333334,264876.86666666664,58790.86666666667,552.8958333333334,8235.125,49.21875,45.333333333333336,189246.6625,48525.4625,2802.2666666666664,2351.483333333333,12488.385416666666,113.81770833333331
2026-05-11,16.94499969482422,2.9100000858306885,15.946943351379634,402.9882,4025.3,55.193889,0.0,1059.951294,16.343643,0.0,3283.061584,0.0,840.650086,16.91262927,5.6,9.2,0.0,0.0,0.0,0.0,1.176885962486267,,8999.058333333332,863.1124999999998,14813.945833333331,1024.4375,15040.597872340424,9842.841666666667,422.3276595744681,140.6,137.82916666666668,531.8416666666667,17902.370833333334,5785.529166666667,-5473.220833333333,15915.708333333334,270208.23333333334,58058.85,535.3333333333334,8861.942857142856,72.1191489361702,52.3,171895.55833333332,42409.925,2698.85,9331.8625,23498.504166666666,117.72395833333331
2026-05-12,16.985000610351562,2.8429999351501465,16.11767725308866,404.6256,3999.6,59.524167,0.0,1057.025394,10.916672,0.0,3281.6774699,0.0,847.444439,0.0387368,10.0,7.4,0.0,0.0,0.0,0.0,1.177994966506958,,8920.362500000001,1444.7354166666669,13414.725,1071.5333333333333,13102.954166666668,9580.25,502.9083333333333,130.05416666666667,123.9375,526.1,19286.079166666663,6776.095833333333,-5777.150000000001,16119.591666666667,274717.85000000003,58779.03333333333,568.9,8724.760714285714,98.05416666666666,56.075,165917.38333333333,45471.8875,2430.3125,10331.933333333332,27015.67708333333,94.39729166666666
2026-05-13,17.020000457763672,2.864000082015991,16.1379448601107,405.9983,4090.6,51.775556,0.0,1058.673087,2.825787,0.0,3301.3585913,0.0,858.786202,7.36498818,9.2,7.699999999999999,1.3999999999999986,0.0,0.0,0.0,1.1735436916351318,,9060.183333333332,2415.9791666666665,14429.320833333331,948.5791666666668,15770.975,10908.495833333332,575.2916666666666,163.20416666666668,88.60000000000001,560.85,19018.0125,6643.191666666667,-6138.054166666666,14179.695833333331,274186.30833333335,58507.81666666667,551.6750000000001,7724.082142857143,100.99583333333334,53.07916666666667,171945.5375,44880.162500000006,2719.6541666666667,5012.004166666667,26758.83333333333,114.86697916666668
2026-05-14,17.065000534057617,2.8940000534057617,16.36366776494058,407.6901,4065.3,52.664167,0.0,1065.877306,2.751377,0.0,3299.6748091,0.0,854.653521,0.0,9.0,9.1,1.5,0.0,0.0,0.0,1.1716049909591677,,8790.520833333334,1795.8020833333333,12852.295833333332,1090.0416666666667,14631.142553191488,10121.483333333334,566.3382978723405,134.24166666666667,90.90833333333336,579.6,18215.6125,5440.345833333334,-7903.5625,10745.570833333331,258334.9541666667,58121.72916666666,525.8125,7563.114285714286,96.9276595744681,54.7,156227.35416666666,47967.47916666666,2809.875,6083.5125,25041.84255319149,95.56145833333332
2026-05-15,17.104999542236328,2.9600000381469727,17.146880998515876,409.5015,3940.1,55.825556,0.0,1067.581409,2.742869,0.0,3302.6372123,0.0,842.879402,30.52176943,7.9,7.800000000000001,2.0,0.0,0.0,0.0,1.166208028793335,,8695.766666666666,1712.6520833333334,13920.241666666669,995.5458333333332,15480.472916666666,10210.308333333332,532.6729166666667,170.52083333333334,108.3,587.5166666666667,19388.7375,5883.416666666667,-6853.400000000001,14183.5,265320.25,58662.7625,571.6208333333333,8138.342857142858,67.87708333333333,51.54166666666666,171467.375,46630.85833333334,2878.9083333333333,9042.583333333334,19290.025,109.08135416666666
2026-05-18,18.959999084472656,3.0239999294281006,17.105031282513252,416.0537,3987.5,55.913611,0.0,962.464611,2.738999,0.0,3162.0876968,0.0,845.126184,8.332858009999999,4.4,6.699999999999999,1.6000000000000014,0.0,0.0,0.0,1.161440134048462,,9074.05,2734.1729166666664,16392.2,1112.7541666666666,17722.866666666665,11501.4375,452.14375,171.9958333333333,129.06666666666666,583.5583333333334,19025.6375,7295.254166666667,-4719.779166666666,16534.416666666668,268715.5291666667,61710.31666666667,567.3666666666667,7599.95,58.97083333333333,45.72083333333333,190984.09166666667,51622.65833333333,2884.3625,2942.025,11822.045833333332,140.17885416666667
2026-05-19,19.614999771118164,3.114000082015991,17.699974294391126,417.7208,3608.6,52.898611,0.0,992.540038,10.928541,0.0,3187.0805324,0.0,865.416113,10.04507758,3.1,4.0,0.3000000000000007,0.0,0.0,0.0,1.1655147075653076,,9042.4,1010.2333333333336,16199.5625,1130.0333333333333,16319.666666666666,11261.441666666666,444.4020833333333,146.59583333333333,73.66666666666667,572.1,18064.2125,5602.2,-5741.983333333334,13532.4875,272575.57916666666,61283.7875,549.7125,7699.417857142857,81.625,48.708333333333336,180939.0791666667,53354.520833333336,2845.8291666666664,7761.1375,15518.252083333333,125.95895833333331
2026-05-20,18.905000686645508,3.003999948501587,16.813658171614115,419.0714,3885.0,56.463056,0.0,1041.187695,16.432574,0.0,1985.1842713,0.0,861.91561,10.16968943,1.1000000000000014,2.7,0.0,0.0,0.0,0.0,1.1607122421264648,,8423.416666666666,2428.2895833333337,15906.35,992.0,14620.004347826089,10631.3,430.5782608695652,195.47083333333333,67.96249999999999,575.3875,17919.404166666667,6286.7625,-6510.604166666667,13617.575,273860.3333333333,62877.97916666666,548.1708333333333,8659.525925925926,84.6804347826087,50.89166666666667,175391.40833333333,50374.98333333334,2812.566666666667,11124.920833333332,19594.834782608697,109.57822916666667
2026-05-21,18.920000076293945,3.0179998874664307,16.83425410529894,421.273,3667.2,53.743333,0.0,1042.983761,16.482845,0.0,2574.1210016,0.0,857.34215,17.31755751,1.5,0.8999999999999986,0.0,0.0,0.0,0.0,1.1625338792800903,,8243.120833333332,4058.83125,16251.845833333333,980.8708333333334,14804.260416666666,9879.991666666669,446.4041666666667,184.53333333333333,68.72083333333333,585.75,17954.279166666667,7180.900000000001,-6563.254166666667,14924.5125,270636.1375,63186.7625,572.475,8397.439285714285,93.60625,48.8875,180288.7875,55992.84583333333,2869.4666666666667,4285.216666666666,15469.272916666669,110.25489583333332
2026-05-22,18.809999465942383,2.907000064849853,16.58125665563546,424.5506,3709.9,53.716944,0.0,1040.506711,16.518163,0.0,2843.5231222,0.0,867.269994,11.08783047,0.0,0.0,0.0,0.0,0.0,0.5,1.1621150970458984,,8501.454166666666,3745.902083333333,14731.558333333334,1047.2666666666669,14884.3625,9516.841666666667,424.57708333333335,181.60416666666663,76.55416666666666,605.5416666666666,18048.045833333334,6689.5,-7228.420833333334,14615.516666666668,267246.42916666664,62332.3625,542.6833333333333,8810.153571428573,86.77916666666665,48.75416666666666,178431.4833333333,61691.625,2859.2625000000003,2082.270833333333,12859.85625,105.74625
2026-05-26,18.424999237060547,2.8940000534057617,16.191373213223095,439.7547,3819.2,55.136111,0.0,1060.943365,5.475508,0.0,3336.87084,0.0,857.046601,20.9796129,0.0,0.0,0.0,0.6999999999999993,6.300000000000001,3.3999999999999986,1.1637378931045532,,8015.508333333334,2535.9020833333334,10257.220833333333,1045.9833333333331,16601.070833333335,8635.666666666666,567.7854166666667,0.0,105.35833333333332,580.5833333333334,18959.004166666666,7086.070833333334,-6749.491666666666,11522.108333333332,274341.425,60482.57916666666,499.70416666666665,8513.357142857143,60.64166666666667,52.04583333333333,169645.37083333332,66369.84583333334,2309.866666666667,4921.912499999999,16847.90625,97.8803125
2026-05-27,18.23500061035156,3.039999961853028,15.82944103711097,443.2318,3876.1,52.438333,0.0,1060.149223,5.471263,0.0,3391.0761493,0.0,864.608298,9.84789076,0.0,0.0,0.0,0.0,0.6999999999999993,4.5,1.1636837720870972,,8383.991666666667,2137.647916666667,10301.225,1110.1,16487.82765957447,8054.566666666667,535.1872340425532,0.0,60.37083333333334,580.5416666666666,19336.516666666663,6257.962500000001,-6491.954166666666,10501.0,280519.10833333334,60056.72083333333,492.775,8601.478571428572,83.66382978723404,54.69583333333333,165136.41666666666,65807.7,2320.5958333333333,7625.662499999999,21735.08936170213,84.0525
2026-05-28,18.334999084472656,3.2850000858306885,15.97666929320423,446.4538,3623.0,56.037222,0.0,1060.055373,5.491284,0.0,3412.2346865,0.0,875.774782,17.13118427,1.8999999999999984,0.0,0.0,0.0,1.6000000000000014,4.699999999999999,1.16179096698761,,8733.045833333334,2376.64375,11456.020833333334,1126.0875,18322.540425531915,8641.75,570.8829787234042,0.0,61.12083333333334,583.5416666666666,19643.004166666666,7568.445833333334,-6319.358333333334,11398.358333333332,279926.69583333336,60302.28333333333,502.6875,9288.12962962963,92.66595744680852,50.59166666666667,177937.6708333333,68847.17916666667,2317.645833333333,2753.3625,15960.8,122.98052083333332
2026-05-29,18.299999237060547,3.289999961853028,15.710498067284954,450.1806,3645.0,50.981944,0.0,1059.214311,16.424938,0.0,3250.9934672,0.0,881.4878980000001,9.96454874,0.0,0.0,0.0,0.0,0.6000000000000014,2.3000000000000007,1.1652837991714478,,8958.579166666666,3459.5770833333336,12384.458333333334,1133.4625,17690.23125,8284.170833333334,563.2666666666667,6.575,64.6875,586.8666666666667,19670.5625,6731.45,-6466.520833333333,13502.670833333332,276922.5833333333,60132.825,530.1083333333333,7504.217857142858,85.33749999999999,50.97083333333333,177364.52083333334,67443.67916666667,2218.3375,4777.458333333333,14048.3875,102.28135416666667
2026-06-01,18.684999465942383,3.178999900817871,16.759806162903605,461.7603,3372.8,57.728333,0.0,1027.045939,16.654459,0.0,3141.4339411,0.0,826.685338,9.21479291,0.3000000000000007,0.1999999999999993,0.0,0.0,0.0,2.1000000000000014,1.164890170097351,,8570.020833333334,4048.39375,14136.325,877.5458333333332,17693.81304347826,9571.225,348.045652173913,18.89583333333333,88.32916666666667,596.6208333333333,19159.766666666663,7757.5125,-5458.8625,14520.7,266149.3375,61797.520833333336,553.4958333333333,7592.164285714286,70.15217391304348,46.47083333333333,184567.8958333333,58343.04583333334,2444.3375,2550.5916666666667,11013.0,152.05322916666668
2026-06-02,18.61000061035156,3.1670000553131104,16.23477271495198,464.7251,3368.8,55.374722,0.0,1006.054577,11.125974,0.0,3303.3309678,0.0,345.43098,9.27274454,0.0,1.8000000000000007,0.0,0.0,0.0,2.0,1.1635483503341677,,8694.645833333334,3510.145833333333,14224.2125,866.4916666666667,15730.167391304349,9490.333333333334,334.9826086956522,16.191666666666666,81.53750000000001,595.1875,19218.99583333333,4901.162499999999,-5904.495833333333,13516.454166666668,271113.49583333335,61236.00833333333,559.6458333333334,6447.175,69.99565217391304,51.6125,172683.37916666668,53218.18333333333,2566.945833333333,7074.454166666666,20115.130434782608,120.12114583333332
2026-06-03,18.815000534057617,3.21399998664856,16.644258357738742,467.2208,3065.0,53.089722,0.0,985.193127,11.079166,0.0,3310.2603584,0.0,345.234898,9.33276735,0.0,2.9000000000000004,0.0,0.0,0.0,0.3999999999999986,1.1622096300125122,,8175.041666666667,4094.808333333334,12936.895833333334,868.525,12911.204347826088,8697.370833333332,206.04130434782607,20.6,55.9,591.3583333333332,19885.345833333333,5602.525000000001,-6596.558333333333,12923.2875,274152.97500000003,58567.89166666666,550.3625000000001,8096.351851851852,93.22173913043478,56.020833333333336,162120.55000000002,49762.70416666666,2569.8791666666666,11409.170833333332,26948.14565217392,99.86489583333334
2026-06-04,18.76499938964844,3.3359999656677246,16.58798540787168,470.3495,3385.0,54.960278,0.0,992.910818,11.012436,0.0,3473.0752556,0.0,345.415727,9.24487563,0.0,3.2,0.0,0.0,0.0,0.3999999999999986,1.160941243171692,,7862.291666666667,1485.9041666666665,8165.470833333333,975.5666666666666,12267.789130434783,5570.804166666666,205.5760869565217,18.83333333333333,56.97083333333333,586.6083333333332,19359.2,4474.5,-8208.170833333334,9859.5125,264770.76666666666,58907.825,527.3375,7763.425,95.7608695652174,61.4875,140019.01249999998,46771.825,2514.1375000000003,15292.533333333333,33146.06304347826,61.2765625
2026-06-05,18.77499961853028,3.2290000915527344,16.50548081395068,473.384,3519.5,47.482778,0.0,993.693819,10.988056,0.0,3512.9253734,0.0,345.636798,8.972156380000001,0.8999999999999986,3.4000000000000004,0.0,0.0,0.0,0.0,1.1612648963928225,,7973.970833333333,3392.8291666666664,11397.120833333334,919.0208333333334,15341.793333333331,7246.720833333333,231.11111111111111,21.025,66.4375,599.8208333333333,20108.33333333333,7096.495833333333,-6303.020833333333,10941.708333333334,264223.37916666665,61009.88333333333,547.6291666666667,7762.564285714286,77.73111111111112,51.6625,167583.2125,51406.80833333333,2553.1041666666665,6956.891666666666,20629.12444444445,105.58270833333334
2026-06-08,18.895000457763672,3.1470000743865967,16.826637306528145,484.7056,3869.2,66.659722,0.0,993.253281,5.520989,0.0,3735.4511056,0.0,584.54895,9.91871916,0.0,3.6999999999999993,0.0,0.0,0.0,3.3999999999999986,1.1522595882415771,,8219.529166666667,3983.383333333333,13179.733333333332,933.3166666666666,16221.366666666669,9717.291666666666,222.32916666666665,134.11249999999998,85.925,600.275,17674.458333333332,5851.020833333333,-5258.037499999999,13926.875,271418.17916666664,63243.52916666667,534.7666666666667,6930.378571428571,83.46458333333334,48.3,179767.84166666667,58956.225,2590.8875000000003,5723.0125,13775.00625,123.27197916666668
2026-06-09,18.88500022888184,3.140000104904175,16.469586992278558,488.1108,3542.2,53.234444,0.0,989.857685,16.554323,0.0,3778.9591647,0.0,691.996082,9.93810485,0.0,4.699999999999999,0.0,0.0,0.0,2.8000000000000007,1.1528440713882446,,8194.358333333334,3681.2375,13475.379166666666,961.6125,15059.55652173913,8763.104166666666,365.83043478260873,88.26666666666667,67.88333333333334,606.15,17732.733333333334,4611.858333333333,-5774.895833333333,12725.254166666666,277316.7166666667,63328.35416666666,531.6875,9069.555555555557,85.30217391304348,53.21666666666667,168756.975,51750.083333333336,2579.4041666666667,10945.695833333331,24235.73043478261,96.48489583333333
2026-06-10,18.915000915527344,3.184999942779541,16.900377931311642,491.0684,3537.2,53.073611,0.0,980.711688,11.030297,0.0,3416.0218777,0.0,841.030677,9.77193136,2.4000000000000004,5.4,0.0,0.0,0.0,2.8000000000000007,1.1535356044769287,,7941.041666666667,3519.475,15038.166666666666,1097.4583333333333,22863.758823529413,10182.6625,479.55,89.52916666666665,86.82916666666667,615.2458333333333,19050.466666666667,4567.054166666667,-5344.95,10589.466666666667,277297.17916666664,64986.35416666666,525.4250000000001,9073.944,85.12093023255815,48.15416666666667,182024.65833333333,49757.98333333334,2554.75,6227.412499999999,21154.89777777778,123.85916666666668
2026-06-11,18.920000076293945,3.086999893188477,16.799678647398096,493.8149,3567.8,55.843056,0.0,984.089601,16.467743,0.0,3052.2132398,0.0,881.454565,6.309000000000001e-05,2.9000000000000004,5.199999999999999,0.0,0.0,0.0,1.8999999999999984,1.1535621881484983,,7948.745833333333,4125.289583333333,13808.370833333334,1097.3458333333333,19075.47567567568,9229.404166666667,503.1891891891892,88.75833333333333,68.67916666666666,621.8583333333332,20644.55,4316.704166666666,-5948.7375,13051.908333333333,276115.1583333333,63862.39166666666,530.9625,8293.738461538462,91.66363636363636,50.88333333333333,177647.62083333335,53857.16666666666,2539.8,5221.2375,20134.416666666668,109.75875
2026-06-12,18.854999542236328,3.119999885559082,15.86875315891244,497.5088,3535.8,56.384722,0.0,1005.142393,16.476875,0.0,3390.641205,0.0,843.099433,0.0,3.2,0.8000000000000007,0.0,0.0,0.0,2.8000000000000007,1.157594919204712,,8086.95,1815.9625,12509.608333333332,1143.5625,16053.166666666666,8101.104166666667,607.86,84.0,65.02916666666667,622.6083333333332,20077.670833333334,5685.212500000001,-5342.904166666666,13278.091666666667,275685.9666666667,61539.69166666667,516.9875000000001,9009.104166666666,81.72702702702703,55.74166666666667,164283.42083333334,45797.2125,2482.5625,10101.770833333334,28728.87021276596,95.05385416666668
2026-06-15,18.78300094604492,3.1470000743865967,14.455221961732526,509.5248,3924.4,50.067222,0.0,981.023432,16.467988,0.0,3431.5297336,0.0,853.526349,8.53533666,3.6,0.6000000000000014,0.0,0.0,0.0,3.0,1.1603081226348877,,8050.083333333333,4246.849999999999,8742.570833333333,1206.0666666666666,17060.11219512195,7204.133333333334,602.3853658536585,8.512500000000001,114.79583333333332,607.3166666666666,18955.00833333333,7066.733333333334,-5230.604166666667,14205.1625,274118.8333333333,62175.56666666667,505.76666666666665,7109.25,65.32790697674419,55.12083333333334,164260.09583333333,57382.72916666666,2510.579166666667,7982.8625,22491.21041666667,76.17322916666667
2026-06-16,15.9399995803833,3.239000082015991,14.193383841441298,512.5431,3967.8,51.451944,0.0,985.755791,21.951892,0.0,3377.7361341,0.0,833.7245170000001,19.58677844,2.6,0.0,0.0,0.0,0.0,3.3999999999999986,1.1594202518463137,,8078.479166666667,3855.7,13563.9625,1202.3041666666666,21280.09361702128,8529.85,513.3127659574468,7.5,105.875,602.4166666666666,18684.866666666665,6425.708333333333,-4740.587500000001,14295.0625,279212.26666666666,65803.92083333334,518.7583333333333,8274.814814814816,49.83191489361702,45.54583333333333,193265.86666666667,57613.95,2463.554166666667,2713.875,13206.821276595743,114.5990625
2026-06-17,15.81999969482422,3.1449999809265137,14.26234371519744,515.5257,3960.8,51.015278,0.0,993.505372,16.461741,0.0,3295.2112406,0.0,854.552274,8.97942569,0.1000000000000014,0.0,0.0,0.0,0.0,4.899999999999999,1.1609952449798584,,8190.170833333334,3140.745833333333,13485.025,1122.0291666666667,22150.689583333336,9913.379166666668,465.5708333333334,7.5,77.00416666666666,587.9833333333332,18628.27083333333,5772.145833333333,-4683.266666666666,12082.020833333334,285200.74166666664,67752.27083333333,506.2083333333333,6988.667857142857,86.24583333333334,45.395833333333336,193839.21666666667,60981.91666666666,2476.8625,6329.3625,12423.904166666667,116.97739583333332
2026-06-18,15.3149995803833,3.2330000400543213,13.66683007334992,518.4775,3670.3,52.877778,0.0,976.506185,11.066024,0.0,3442.7058811,0.0,854.6377640000001,9.40589612,0.0,0.0,0.0,1.5,0.0,6.100000000000001,1.150734782218933,,8108.908333333334,2752.583333333333,14137.8375,1070.9041666666667,23320.49583333333,10672.145833333334,638.6229166666667,18.604166666666668,53.8875,588.5666666666666,18419.816666666666,5817.816666666667,-5173.241666666667,14248.608333333332,288860.10833333334,67922.6875,523.5666666666667,8247.078571428572,67.33125,44.41666666666666,200583.2083333333,65025.73333333333,2421.545833333333,1557.0916666666665,11112.372916666667,140.67458333333337
2026-06-22,15.859999656677246,3.253000020980835,14.072121589229557,531.4506,3534.6,52.731944,0.0,957.579332,10.977393,0.0,3876.3329621,0.0,826.54246,19.90939598,0.0,0.0,0.0,0.0,0.8999999999999986,7.5,1.146276354789734,,7881.183333333333,2394.141666666667,14495.895833333334,1165.5833333333333,23852.479166666668,9789.366666666669,864.7979166666668,0.0,72.58333333333333,570.3166666666666,17419.958333333332,7008.479166666667,-4728.666666666667,10487.2,296849.41250000003,64433.22083333333,495.4875,9007.732142857143,35.608333333333334,45.16666666666666,197760.4875,65359.5875,2494.9041666666667,4551.179166666667,14638.8,125.6146875
2026-06-23,15.739999771118164,3.1470000743865967,14.070916437142992,534.0103,3609.6,48.501111,0.0,928.346818,5.576316,0.0,3805.6471068,0.0,851.017597,9.26928802,0.0,0.0,0.0,0.0,3.8000000000000007,7.199999999999999,1.1427135467529297,,7938.858333333334,2405.0333333333333,16255.8625,1245.3875,29036.780851063828,11832.433333333334,952.0553191489362,2.4458333333333333,76.70833333333333,554.8166666666666,17875.608333333334,7574.2,-4625.929166666667,15744.7625,303817.39166666666,61698.31666666667,494.8541666666667,8665.625925925926,40.27872340425532,41.625,217950.19166666665,65677.14583333333,2435.358333333333,1075.0375,9840.685106382978,177.25635416666668
2026-06-24,15.550000190734863,3.220999956130981,13.632771596690096,536.5965,3515.9,46.574722,0.0,935.514395,5.491821,0.0,3830.8504835,0.0,857.626208,9.15803774,0.0,0.0,0.0,3.1000000000000014,6.199999999999999,6.100000000000001,1.1379542350769043,,8169.375,3549.08125,16555.204166666666,1194.6666666666667,28990.77291666667,12508.620833333334,1029.78125,22.891666666666666,82.8,577.1916666666666,17960.1875,7557.666666666667,-5504.5,15811.408333333333,304779.9166666667,62620.0375,509.3041666666666,8316.242857142857,32.49791666666667,41.67083333333333,218918.62916666665,66511.6125,2436.1666666666665,1915.4958333333327,8765.266666666666,207.1315625
2026-06-25,15.385000228881836,3.3429999351501465,13.445695938192012,539.6072,3650.9,51.000556,0.0,944.170611,5.491696,0.0,3846.8129185,0.0,826.5486599999999,9.2880626,0.0,0.0,0.0,6.600000000000001,4.0,6.899999999999999,1.1354217529296875,,8063.333333333333,2270.9854166666664,16025.891666666668,1056.0375,28493.13695652174,12183.533333333333,985.7456521739132,23.075,68.02083333333333,577.275,17180.908333333333,6523.087500000001,-5504.908333333333,13898.570833333331,309790.07083333336,62259.55416666667,504.4958333333333,8831.222222222223,59.89782608695653,44.075,211142.3875,67928.28333333334,2461.05,5087.045833333334,13560.660869565218,131.49552083333333
2026-06-26,15.524999618530272,3.2309999465942383,13.58009466183407,542.8892,3655.3,53.349167,0.0,943.867059,2.750735,0.0,3799.7325737,0.0,848.7628649999999,9.27336545,0.0,0.0,0.0,5.600000000000001,8.2,7.100000000000001,1.1361699104309082,,7923.383333333334,2138.5979166666666,16050.945833333331,1224.6083333333331,27806.334782608694,12261.2875,919.8652173913044,23.245833333333334,60.925,568.9416666666666,16616.620833333334,6828.233333333334,-5441.483333333334,13270.2625,306053.8875,62037.31666666667,516.7541666666667,8102.577777777778,67.38260869565217,44.208333333333336,207642.47083333333,69874.4625,2405.829166666667,4715.270833333333,12672.034782608696,134.32770833333333
2026-06-29,15.81999969482422,3.180999994277954,14.203675022569396,552.7856,3513.3,28.862778,0.0,934.50134,5.489488,0.0,3883.4815879,0.0,850.236709,9.34741627,0.0,0.0,0.0,2.5,0.0,9.2,1.1385631561279297,,7901.287499999999,3688.660416666667,15971.216666666667,1164.8333333333333,27292.454166666663,13673.0125,839.4604166666667,21.4,67.39583333333333,563.9,16342.183333333334,6802.758333333334,-4760.279166666666,12501.020833333334,296695.6125,59684.1375,502.01666666666665,3051.8,70.07291666666667,43.37916666666666,204314.5166666667,60312.30833333333,2318.5750000000003,1901.5541666666668,15330.7125,143.20510416666667
2026-06-30,16.049999237060547,3.275000095367432,14.543355334379282,555.3326,3650.1,29.646027,0.0,923.979239,5.489649,0.0,3904.3609894,0.0,862.2794289999999,9.47754589,0.0,0.0,0.0,1.5,0.0,8.899999999999999,1.1422044038772583,,7895.604166666667,3626.8875,17683.5625,1343.2375,31037.614893617018,14130.154166666667,820.3234042553191,19.15833333333333,60.60416666666666,569.8833333333333,16535.029166666667,6904.008333333332,-4278.037499999999,11811.35,300604.525,60369.05,502.14166666666665,3217.222222222222,61.110638297872335,40.525,214180.60416666663,60739.77916666667,2318.5333333333333,1045.6375,12791.004255319149,187.66458333333333
2026-07-01,16.024999618530273,3.220000028610229,14.30978937882134,557.1355,3008.9,39.615556,0.0,891.025901,5.506959,0.0,3840.8661838,0.0,857.386122,16.46333137,0.0,0.0,0.0,0.0,0.0,7.899999999999999,1.1413310766220093,,7425.666666666667,3869.402083333333,17362.570833333335,1314.9541666666669,27743.538297872343,14608.304166666669,877.5276595744682,18.0625,54.8,566.0333333333334,16855.541666666668,5392.116666666667,-4582.724999999999,14517.833333333334,288041.0208333333,62216.7,503.2875,3012.785714285714,71.77872340425532,43.44583333333333,201003.3916666667,54443.55,2458.4125,1760.5458333333331,16081.265957446809,150.94770833333334
2026-07-02,16.079999923706055,3.196000099182129,14.677670831923129,559.7934,2696.8,45.674444,0.0,917.012117,5.502959,0.0,3756.0076147,0.0,860.8663469999999,16.149809519999998,0.0,0.0,0.0,0.0,0.0,4.300000000000001,1.13779878616333,,7623.470833333333,-539.88125,11457.054166666669,1283.8666666666666,19419.272916666665,9902.891666666666,847.9166666666666,15.433333333333332,22.8625,572.7416666666667,16595.941666666666,4329.849999999999,-6966.425,13191.879166666666,291015.5916666667,61968.083333333336,492.81666666666666,2927.957142857143,81.32083333333334,53.14166666666667,173450.86666666667,56898.1625,2654.7000000000003,9793.520833333334,25693.610416666663,68.0878125
2026-07-06,16.065000534057617,3.244999885559082,14.79361320414326,572.9222,2915.8,57.665833,0.0,965.5028,5.495151,0.0,3754.8694469,0.0,811.001057,18.705554,1.0,0.0,0.0,0.0,3.1000000000000014,6.399999999999999,1.1437721252441406,,7630.808333333333,2350.15625,10063.833333333334,1233.9041666666667,20121.338297872346,7187.195833333334,873.6574468085107,0.0,0.0,597.0916666666666,13681.454166666668,6811.104166666667,-5400.925,10341.7125,286068.575,69794.85833333334,478.1791666666666,2999.8857142857146,88.14893617021276,50.4375,172632.69583333333,57496.70416666667,2707.0416666666665,10336.233333333334,23613.497872340424,97.68302083333332
2026-07-07,16.174999237060547,3.265000104904175,15.618764712493508,575.8139,3045.6,54.667222,0.0,943.640159,5.474769,0.0,3768.0400115,0.0,829.438711,18.62603929,0.0,0.0,0.0,0.0,3.6000000000000014,6.0,1.144177794456482,,7825.016666666666,2804.4833333333336,11804.216666666667,1113.95,21328.485416666663,7213.6375,813.6395833333332,0.0,0.0,595.0458333333333,14067.995833333334,6312.575,-5182.366666666667,12221.783333333333,293734.8083333333,69240.53749999999,492.1125,3077.375,78.33541666666666,51.62916666666666,175908.53333333333,55285.91666666666,2696.4083333333333,8756.495833333332,27166.266666666663,72.59958333333334
2026-07-08,16.510000228881836,3.211999893188477,16.384451863260946,578.234,3014.7,49.377222,0.0,940.65419,5.476412,0.0,3703.4295011,0.0,854.356144,16.14093153,1.0,0.0,0.0,0.0,5.0,5.699999999999999,1.140380859375,,7978.8625,4059.0625,13039.179166666669,1080.5125,25142.189361702127,9202.6375,832.4021276595745,2.4166666666666665,0.0,593.7833333333334,13401.254166666666,6524.091666666667,-4432.599999999999,11492.0625,296615.7833333333,69708.2625,491.8333333333333,3192.348148148148,43.37872340425532,47.375,188493.7458333333,60673.1875,2710.833333333333,5175.775000000001,21664.736170212764,100.73947916666668
2026-07-09,16.575000762939453,3.01200008392334,16.772194139066112,580.6054,3222.0,45.753333,0.0,933.638658,5.486903,0.0,3526.2836817,0.0,869.4255009999999,16.0121291,0.0,0.0,0.0,0.0,6.300000000000001,6.0,1.1422044038772583,,8182.483333333334,4677.710416666667,14594.104166666666,1056.5,26732.33125,10545.079166666666,821.1729166666668,12.1625,0.1791666666666666,600.2833333333334,13860.0375,5954.058333333333,-5261.224999999999,12640.266666666668,294008.4875,68796.375,493.4583333333333,3045.5,33.4125,44.1375,198707.05,65387.23333333334,2714.4666666666667,2929.770833333333,13532.441666666666,125.1903125
2026-07-10,16.520000457763672,2.940000057220459,16.30399615907838,583.2003,3079.0,47.241409,0.0,921.488149,5.485556,0.0,3744.892541,0.0,870.885007,16.20312017,0.0,0.0,0.0,0.0,4.100000000000001,7.199999999999999,1.1433405876159668,,7885.295833333334,4540.083333333333,15529.9875,1086.8583333333331,25910.85625,10649.929166666669,949.3791666666666,15.5875,0.0875,597.6583333333334,13836.216666666667,6575.087500000001,-5566.341666666667,13316.391666666668,288348.79583333334,65155.6125,498.7375,3009.467857142857,56.53125,43.8875,196304.3291666667,68783.46250000001,2758.775,2606.875,10478.93125,123.56833333333331
2026-07-13,16.530000686645508,2.8970000743865967,17.138443055623448,594.2017,3267.1,41.701667,0.0,906.144971,11.100924,0.0,3779.1247049,0.0,867.5503120000001,16.03157369,0.0,0.0,0.0,1.3999999999999986,0.0,7.5,1.1404459476470947,,7754.608333333334,3055.802083333333,14628.720833333333,1241.9,22967.22708333333,10816.895833333334,866.5208333333334,4.8875,0.2833333333333334,591.4083333333334,12700.683333333334,7126.466666666667,-5472.795833333334,11457.891666666668,286507.60000000003,61503.90833333333,488.1833333333333,3095.975,67.72291666666666,46.775,184348.46666666667,65251.30416666667,2798.458333333333,6940.745833333333,15165.475,119.90739583333334
2026-07-14,16.655000686645508,2.9040000438690186,17.67007532288616,596.9567,3463.9,47.613056,0.0,898.5367490000001,16.580841,0.0,3789.3948627,0.0,855.316298,16.2811627,0.0,0.0,0.0,0.0,0.3000000000000007,8.3,1.1384334564208984,,7666.900000000001,3239.941666666667,15062.345833333333,1173.975,26171.12083333333,12463.675,916.41875,14.729166666666666,0.0,592.325,12953.2125,6265.549999999999,-5212.6125,11243.354166666666,291189.92083333334,62937.07916666666,493.7416666666666,3033.178571428572,59.325,44.24166666666667,194331.4,64369.99166666667,2839.5958333333333,5505.920833333334,13623.266666666665,124.9865625
2026-07-15,16.808000564575195,2.924000024795532,18.19942161307715,599.332,3095.5,42.891389,0.0,895.531926,10.97646,0.0,3832.563905,0.0,865.137583,16.18808232,0.0,0.0,0.0,0.0,0.8999999999999986,8.2,1.1424654722213743,,7787.216666666667,3215.227083333333,16880.508333333335,1082.3,27832.2625,12939.9125,915.1458333333334,14.366666666666667,0.0,586.2833333333334,14048.4625,6801.004166666667,-3885.9791666666665,12588.345833333333,297740.69166666665,63979.57916666666,496.8375,3047.964285714286,49.75833333333333,41.90416666666666,207236.6458333333,61760.59583333333,2718.1541666666667,5237.870833333333,11852.085416666669,137.5603125
2026-07-16,19.924999237060547,2.8580000400543213,18.41729471586398,601.1633,2935.7,49.147778,0.0,893.184832,10.972225,0.0,3812.256728,0.0,854.423164,16.14437912,0.0,0.0,0.0,1.3000000000000007,0.3999999999999986,9.1,1.1470258235931396,,8080.833333333333,3255.7208333333333,18409.18333333333,1120.55,29649.9,13640.175,893.1437500000001,16.3875,0.0,594.4916666666667,14438.45,6681.045833333334,-4205.162499999999,12731.4125,300121.7625,63805.67083333334,493.0208333333333,3152.4892857142854,47.825,40.1375,214312.0583333333,63192.80833333333,2810.258333333333,2752.8416666666667,10030.977083333331,160.14479166666666
2026-07-17,20.98500061035156,2.9110000133514404,19.251647770291235,603.7006,2816.9,36.460278,0.0,897.6695119999999,21.914215,0.0,3736.8967438,0.0,863.092273,16.07968238,0.0,0.0,0.0,1.1999999999999993,0.1000000000000014,9.6,1.1444659233093262,,8286.237500000001,3022.3416666666667,18810.45833333333,1171.9958333333334,27049.077083333334,12928.1125,884.80625,19.629166666666663,0.0,588.7416666666667,14304.3625,6001.754166666667,-4070.3958333333335,12174.191666666666,295407.94166666665,64469.725,494.6791666666666,3060.4857142857145,79.54791666666667,42.1875,205127.2708333333,62167.0625,2816.525,2834.629166666667,12958.86875,139.36
2026-07-20,21.02499961853028,2.859999895095825,19.674193130512613,612.948,2419.5,39.688333,0.0,889.019918,32.931683,0.0,3791.1073712,0.0,878.231303,16.52403381,2.6,0.0,0.0,0.0,0.0,9.3,1.142765760421753,,7741.075,3634.3229166666665,14105.745833333334,1252.3875,21240.691304347827,9138.529166666667,910.6782608695652,4.583333333333333,15.541666666666666,548.0333333333334,13058.279166666667,7196.587500000001,-6436.104166666667,12317.225,281665.49583333335,65787.67083333334,482.4625,2990.621428571428,73.8195652173913,50.06666666666667,173350.78333333333,61597.1125,2798.133333333333,7836.983333333334,20498.732608695653,99.54545454545456
2026-07-21,21.334999084472656,2.865000009536743,19.966001303892416,,2419.5,39.638056,0.0,889.666536,16.45988,0.0,3817.2361939,0.0,863.308889,16.76357986,0.6000000000000014,0.0,0.0,0.0,0.0,9.1,1.1418131589889526,,8425.05,3835.772916666667,14974.1125,1272.6708333333331,23841.14255319149,10539.120833333332,945.5021276595744,11.854166666666666,0.0124999999999999,544.0333333333334,12562.454166666668,6881.825,-5266.900000000001,12739.008333333331,284899.07083333336,64307.10416666666,486.48333333333335,3224.614814814815,83.64042553191489,46.825,184911.27916666667,63352.86666666667,2813.133333333333,4281.083333333333,16819.655319148937,
2026-07-22,22.0,2.924999952316284,20.901522970652472,,2419.5,45.071219,0.0,0.0,0.0,0.0,1611.5549895,0.0,344.318886,10.184505,2.0,0.0,0.0,0.0,0.0,8.3,1.140380859375,,8528.679166666667,3451.9083333333333,14560.258333333331,1224.8166666666666,21332.904166666667,10652.629166666668,898.9,17.058333333333334,0.5208333333333334,572.075,12668.15,5758.033333333333,-5196.541666666667,11460.108333333332,286064.57916666666,64179.0375,489.625,3431.9,82.76666666666667,49.34583333333333,176894.86666666667,57776.9125,2702.070833333333,9210.241666666669,21362.24375,
2026-07-23,21.825000762939453,2.91599988937378,20.70235305250712,,2419.5,0.0,0.0,0.0,0.0,0.0,37.198334057,0.0,43.121438,0.0,1.8000000000000007,0.0,0.0,0.0,0.0,6.600000000000001,1.1411746740341189,,8820.945833333333,3994.0770833333336,15529.008333333331,1163.8791666666666,21570.25625,11782.845833333333,896.6395833333332,17.745833333333334,0.5958333333333333,589.1583333333334,12764.320833333331,5927.004166666667,-5429.454166666666,11953.991666666669,282918.42083333334,66639.27083333333,480.5833333333333,3388.414285714286,65.06666666666666,46.625,184598.925,59142.00833333333,2703.0875,5713.95,16903.46875,
