Date,JKM(USD/mmbtu),HH(USD/mmbtu),TTF(USD/mmbtu),Av_storage(bcm),Berlin_HDD,London_HDD,Rome_HDD,Berlin_CDD,London_CDD,Rome_CDD,USD-EUR,VIX,Biomass,Cross border electricity trading,Fossil brown coal / lignite,Fossil coal-derived gas,Fossil gas,Fossil hard coal,Fossil oil,Fossil oil shale,Fossil peat,Geothermal,Hydro Run-of-River,Hydro pumped storage,Hydro pumped storage consumption,Hydro water reservoir,Load,Nuclear,Other renewables,Others,Renewable share of generation,Renewable share of load,Residual load,Solar,Waste,Wind offshore,Wind onshore,Production(bcm),Electricity(bcm),Total(bcm),Non_power(bcm),Stock_change(bcm),Distribution_loss(bcm),Total_adj(bcm),bcm_BY,bcm_DZ,bcm_LY,bcm_MA,bcm_NO,bcm_RU-Baltic,bcm_TR,bcm_UA,bcm_DE,bcm_ES,Days,LNG_sendout(bcm),CH_RS_net_exports
2015-01-01,8.99428575379508,2.929350030422211,6.783317242202431,71.27325714285715,472.4,414.2,315.8,0.0,0.0,0.0,1.1659787622365083,17.790000915527344,8165.1676075268815,1345.764314516129,34281.741397849466,319.1009408602151,27479.109879032258,34424.006182795696,593.8885080645161,1066.1779569892471,952.025,660.9057795698925,10901.563373655914,2380.6237903225806,-3161.010752688172,16844.34946236559,206354.49274193548,64247.46700268817,397.3018817204301,10571.581607469689,29.05208333333333,25.66323924731183,181589.98091397848,1968.7040322580644,2396.123924731183,2768.3981854838707,20027.40940860215,17.469,5.798,55.776,49.978,-15.741,0.364,56.17347873704264,1.979809523809524,1.3123809523809524,0.5236190476190477,0.9563809523809523,11.564285714285715,0.0,0.031619047619047616,3.537809523809524,0.0,0.0,31,3.5428571428571427,0.8029999999999999
2015-02-01,7.169999949137369,2.754947361193205,7.494766767740529,53.53064761904763,470.7,396.3,284.5,0.0,0.0,0.0,1.1355303823947906,19.920000076293945,8498.351785714285,1448.7319196428573,35011.374404761904,332.5627976190476,29126.92001488095,36816.92827380953,680.612574404762,1149.7611607142858,998.6092261904762,677.2617559523809,10400.822098214285,2079.211086309524,-3493.7456845238094,21931.154166666667,212120.2645833333,58051.90052083333,443.646130952381,10720.96175595238,26.265104166666667,24.465401785714285,188171.76443452385,3260.8292410714284,2367.9693452380952,2329.3380208333333,18358.33645833333,15.724,6.593999999999999,51.439,44.845,-15.736,0.336,51.80648566077286,1.3593333333333333,1.001047619047619,0.5752380952380952,0.5920952380952381,11.151238095238096,0.0,0.047523809523809524,3.1646666666666667,0.0,0.0,28,3.2,0.751
2015-03-01,7.4636110994550915,2.746909098191695,6.948688884228896,35.2886,383.9,357.5,236.7,0.0,0.0,0.0,1.0845803510059009,21.1200008392334,8462.45564516129,1397.2081989247313,33049.321774193544,365.4756720430107,24266.697782258063,32421.612365591394,642.135819892473,735.9427419354838,863.0595430107527,668.8549731182795,10686.967338709675,1891.415456989248,-3764.953629032258,19478.66612903226,195933.1438286433,52803.48655913978,437.9825268817205,10906.022849462364,29.47083333333333,27.28225377487989,170661.28072237474,5294.859610215054,2152.4747311827955,2503.8171370967743,17456.523655913978,13.854,5.542,45.44,39.898,-7.882,0.364,45.76103099009354,2.9956190476190474,1.0928571428571427,0.6771428571428572,0.43466666666666665,9.606857142857143,0.0,0.06847619047619048,3.6862857142857144,0.0,0.0,31,4.325757714285714,0.583
2015-04-01,7.193611145019531,2.5913333211626326,6.999473288396421,26.85222857142857,280.0,260.7,141.2,0.0,0.0,0.0,1.0796655904163013,19.309999465942383,8102.873888888889,1819.6625,29976.13875,312.9893055555556,20709.768819444445,27873.55423611111,671.8030555555556,718.5209722222222,679.0915277777779,680.6641666666667,11666.56472222222,1739.7947916666667,-3374.878472222222,15387.405277777778,176322.13520833335,47907.31736111111,448.97527777777776,9698.1975,28.480694444444445,26.75,152638.7448611111,8054.135486111111,2258.349861111112,1776.31375,13852.941041666663,10.318,4.696,33.304,28.608,0.455,0.3,33.541125551437375,3.592952380952381,1.3722857142857143,0.6954285714285714,0.9096190476190477,8.403809523809525,0.0,0.05276190476190476,3.212190476190476,0.0,0.0,30,3.614704761904762,0.41800000000000004
2015-05-01,7.350666681925456,2.8559500098228456,6.711971176676845,28.54179047619048,145.4,190.4,19.0,0.0,0.0,0.3000000000000007,1.1165892566953386,17.010000228881836,7962.635215053763,3168.5403225806454,27145.074462365592,338.0255376344086,18942.049196290114,20925.54946082152,645.2953355270996,830.2424731182796,637.2815860215054,676.8408602150537,13670.88236157242,1932.579912960252,-3629.597580645161,16942.59180107527,168314.63138440865,44736.94720027198,460.64180107526886,10255.764316452312,37.81711351916096,34.60763080976447,142421.16686827957,8654.325841827185,2209.8763440860216,2435.4408304104386,15220.220485865371,9.427,4.337,26.775,22.438,7.264,0.295,26.96150209089202,4.039142857142857,1.373047619047619,0.6823809523809524,0.7160952380952381,8.941619047619048,0.04780952380952381,0.05342857142857143,3.1889523809523808,0.0,0.0,31,3.6944285714285714,0.35000000000000003
2015-06-01,7.4319443172878685,2.769227266311645,6.734622497030962,39.45303809523809,55.2,80.70000000000002,0.0,0.5,0.0,31.9,1.121451047333804,17.549999237060547,7890.5001388888895,3691.3652777777775,31511.141944444444,331.8118055555555,21019.566062352245,22666.1399497636,579.2000856973995,548.3623611111111,489.51152777777776,646.6841666666667,11987.907693557918,1997.4895803782504,-2934.8747222222223,16755.96,171500.5013888889,45845.06505614657,440.2363888888889,9885.846387411348,32.4970079787234,30.00381944444444,149031.541875,9511.799236111112,2229.6497222222224,1945.9259027777773,11011.234027777777,9.066,4.5440000000000005,23.817,19.273,8.363,0.297,23.984528971440245,3.7773333333333334,1.3351428571428572,0.6799047619047619,0.6291428571428571,8.22704761904762,0.4776190476190476,0.021238095238095236,2.5876190476190475,0.0,0.0,30,3.245076190476191,0.278
2015-07-01,7.645277712080214,2.808090914379467,6.7243990267299525,49.63389523809524,17.499999999999993,35.900000000000006,0.0,25.300000000000004,3.6999999999999993,173.0,1.0998873192331065,19.600000381469727,7832.512634408602,3159.403629032258,34364.48454301075,186.09193548387097,25574.904032258062,23736.594018817203,837.6125,608.9764784946236,402.67513440860216,618.9172043010753,9190.920698924732,1996.6551075268817,-2876.288575268817,15032.328225806452,177118.47251344085,46446.98158602151,437.4657258064516,10539.384274193548,31.24811827956989,28.60114247311828,153232.6237903226,9533.582795698923,2154.4466397849465,2230.9153225806454,12121.348454301076,8.087,6.263999999999999,24.164,17.9,10.409,0.328,24.337466079958475,4.091428571428572,1.2911428571428571,0.6069523809523809,0.9317142857142857,9.634952380952381,0.5476190476190477,0.07314285714285715,2.9395238095238096,0.0,0.0,31,3.2641619047619046,0.262
2015-08-01,7.905312478542328,2.7534762110028947,6.387315363312449,62.28037142857143,0.3000000000000007,38.9,0.0,48.0,0.0,118.2,1.1136188052949452,20.559999465942383,7793.289516129033,2221.792943548387,34402.16142473118,330.4284946236559,22765.29805107527,22047.03642473118,1049.863508064516,731.3752688172043,496.564247311828,660.824865591398,8077.675470430107,1903.0064516129032,-2890.828225806452,14292.359677419356,166639.06391129032,46168.74536290322,438.9924731182796,10180.220900537632,29.53252688172043,27.10719086021505,145513.99307795698,8516.961693548386,2233.824327956989,1951.87748655914,10656.23313172043,8.111,5.94,22.277,16.337,9.756,0.375,22.434448700862536,2.586952380952381,1.1418095238095238,0.5755238095238095,0.9140952380952381,9.845809523809525,0.5475238095238095,0.07361904761904763,2.6947619047619047,0.0,0.0,31,3.3946476190476194,0.256
2015-09-01,7.168529426350313,2.6389047418321883,6.312378915031748,73.88800952380953,99.6,137.1,0.3000000000000007,1.0,0.0,29.9,1.1235178329727866,21.479999542236328,8073.437777777778,2357.179375,35642.20208333333,716.9195833333334,25473.879620271862,24852.452697990542,1080.0788031914894,896.6563888888888,729.4902777777777,684.37875,7629.41394503546,1801.5825768321515,-2912.034722222222,13148.09486111111,173960.03354166666,46216.36490691489,447.5761111111111,11414.393486997637,26.677749704491724,24.80922281323877,152250.249375,6740.153175236407,2450.007777777778,2176.212857565012,12813.198055555556,9.18,5.993,26.418,20.425,8.748,0.303,26.60427144063304,3.735238095238095,1.105047619047619,0.6141904761904762,0.7959047619047619,9.93504761904762,0.36866666666666664,0.062,3.2982857142857145,0.0,0.0,30,3.3906190476190474,0.31300000000000006
2015-10-01,6.86941177704755,2.385045463388616,5.99998698748595,82.1799238095238,280.4,200.4,49.2,0.0,0.0,0.0,1.1229816566814077,22.38999938964844,8401.367607526881,1509.8690860215054,35445.243817204304,987.4564516129032,28123.92617250057,29714.94080444978,993.9480968313886,828.4928763440861,812.7439516129032,685.1922043010752,8307.18191203386,2096.001522820865,-3245.6408602150536,14532.80510752688,182247.3959005376,50082.65652882635,433.3344086021505,6760.435056337223,24.44049845573095,22.713760835303383,163842.38823924732,4127.372889975597,2517.573252688172,2286.17032080124,12376.726832786802,10.836,6.765000000000001,36.201,29.436,1.964,0.349,36.461617707444745,3.7626666666666666,0.9800952380952381,0.592,0.8997142857142857,11.038285714285715,0.023333333333333334,0.045714285714285714,3.658095238095238,0.0,0.0,31,3.8966190476190476,0.463
2015-11-01,7.360624998807907,2.279850006103516,5.412417650622073,83.88940952380952,316.6,238.6,175.0,0.0,0.0,0.0,1.0749225275857108,20.950000762939453,8455.669305555555,1684.958472222222,34659.73083333333,999.4679166666666,30338.138541666667,26407.745277777776,890.1467361111112,829.78125,838.67,682.0758333333334,7476.069375,1997.9077777777777,-3635.3815277777776,13748.61,191586.30423611111,51519.031180555554,435.3466666666666,6351.9795138888885,33.57743055555555,30.761666666666667,164366.4363888889,2944.6682638888888,2352.681944444444,4031.85375,20243.344375,12.219,7.970000000000001,41.847,33.876999999999995,-4.14,0.351,42.144957421593205,3.47,1.1744761904761905,0.49857142857142855,0.39504761904761904,10.923142857142857,0.004952380952380952,0.034095238095238095,3.4078095238095236,0.0,0.0,30,3.4114285714285715,0.6240000000000001
2015-12-01,7.161578906209845,2.043499995361675,4.986258284099801,78.22692380952381,341.5,228.5,294.3,0.0,0.0,0.0,1.0884909318841025,19.88999938964844,8567.41451612903,1046.4967741935484,33995.17352150538,949.4305107526882,28950.36897449096,24346.19909774651,875.8104152367879,782.0330645161291,800.0954301075268,694.3993279569892,7410.081883436284,1960.1896019217568,-4208.922715053764,11760.910752688173,191311.27997311827,55468.86287748798,451.72661290322577,6667.893055078929,37.212274079158085,33.5471516815374,162863.1942876344,2133.620581674674,2196.143817204301,4655.038628174331,21675.269017387323,13.131,8.104,46.904,38.8,-7.28,0.407,47.2451146478293,3.626571428571429,0.9251428571428572,0.40476190476190477,0.8405714285714285,11.061333333333334,0.0018095238095238095,0.06828571428571428,3.4291428571428573,0.0,0.0,31,3.3782095238095233,0.7269999999999999
2016-01-01,6.035999933878581,2.23336840930738,4.430392205246009,70.23741904761904,568.6,383.6,288.0,0.0,0.0,0.0,1.086736031941005,18.850000381469727,8491.75,1077.4291666666668,35518.88978494624,950.2971774193549,34723.02405913979,25886.1563844086,1181.774193548387,1197.287768817204,1032.5389784946235,697.5809139784946,9189.440188172042,2286.656586021505,-4734.339247311827,18150.999193548385,207722.0369623656,57619.61108870968,439.5525537634408,11525.86196236559,32.78622311827957,29.741935483870968,180474.1052419355,2041.2614247311824,2240.945161290322,4065.8789650537633,21140.79193548388,13.156,9.28,58.565,49.285,-17.37,0.402,58.963832874652255,3.5086666666666666,2.0211428571428574,0.4014285714285714,0.7351428571428571,12.174,0.0,0.05152380952380953,3.8234285714285714,0.0,0.0,31,3.513936126984127,0.7810000000000001
2016-02-01,4.941875010728836,1.9294500052928925,4.046715094949614,54.37011428571429,415.7,373.7,207.1,0.0,0.0,0.0,1.109918963341486,16.399999618530273,8550.48577586207,2226.590158045977,32050.92399425288,902.0262931034484,30685.473706896555,24142.543031609195,1084.8836925287355,833.8492816091954,815.5801724137931,694.5989942528736,11683.363864942528,2377.5295977011497,-4167.380459770115,20882.929166666665,206460.72625183416,56137.05028735632,443.2456896551725,10723.801795977011,33.930316091954026,30.85676204450965,176264.0740584495,3429.291954022988,2293.564224137931,3441.827801724138,23302.119612068964,11.805,7.634,49.252,41.618,-10.918,0.346,49.58015076797032,3.3802857142857143,1.5461904761904761,0.4018095238095238,0.618,11.307142857142857,0.0,0.015428571428571429,2.8811428571428572,0.0,0.0,29,3.4142006185355864,0.68
2016-03-01,4.3686842918396,1.8121363683180376,3.992324565017045,43.571714285714286,422.8,380.8,228.3,0.0,0.0,0.0,1.1119846053745437,16.65999984741211,8582.460752688172,3061.187365591398,30763.29798387097,905.3622311827958,31637.27176275452,23404.715788721114,1014.1666823953328,697.0155913978494,759.0268817204301,699.9516129032259,11135.031816231984,2171.236943777168,-3430.565188172043,19375.307123655915,197574.15564516129,54758.39674702585,440.1567204301076,10765.973348490048,29.05743679935941,26.293378231525963,173635.28555107524,5569.950225920842,2291.5709677419354,2271.3103680507893,16120.1608584992,9.738,7.508999999999999,45.892,38.383,-9.14,0.337,46.19192639302784,3.6419047619047618,0.9865714285714285,0.45485714285714285,0.4978095238095238,11.808190476190477,0.0,0.06704761904761905,2.891714285714286,0.0,0.0,31,3.785389333333333,0.628
2016-04-01,4.270937442779541,2.0143809602374123,4.021214572540687,35.75049523809524,278.8,304.5,82.8,0.0,0.0,0.0,1.133916043099903,15.520000457763672,8036.247083333334,2394.755208333333,28906.20611111111,1051.8509722222225,28748.66437204492,17878.64488475177,823.886663711584,814.0041666666667,748.0195833333333,690.9781944444444,12962.8047606383,2157.514598108747,-3278.7806944444446,19541.03138888889,182412.42694444445,48443.05547724586,445.3256944444445,9704.077813238771,32.764892139479905,29.969968971631204,156990.1573611111,7707.853594858156,2190.474027777778,2362.8879122340427,15371.906371158391,10.857,6.76,34.771,28.011,4.476,0.32,34.9926186967793,3.7525714285714287,2.3239047619047617,0.4125714285714286,0.7243809523809523,10.76647619047619,0.0,0.07171428571428572,2.798,0.0,0.0,30,3.743057142857143,0.43600000000000005
2016-05-01,4.546176489661722,2.08342859290895,4.3273163055555415,41.29513333333333,86.7,155.2,46.900000000000006,0.0,0.0,0.0,1.131402546709234,17.219999313354492,7825.468817204301,3566.9279569892474,27279.34287634409,1058.571505376344,25157.851883150302,14439.498635895676,832.5422829444063,660.149059139785,621.8466397849463,685.8336021505377,13755.710100663464,2116.0892959277057,-3543.9224462365587,18065.073655913977,169910.75288978496,43251.69645962022,439.9831989247312,9355.726705845344,35.92493136582018,32.39912491420727,144785.99590053764,9063.636271734156,2255.1501344086023,2335.514500400366,13763.785185026309,11.027,5.52,27.741,22.221,9.893,0.315,27.923230587958606,3.8811428571428572,2.1056190476190477,0.3016190476190476,0.7937142857142857,10.031238095238095,0.0,0.07076190476190476,3.3716190476190477,0.0,0.0,31,3.6173047619047622,0.38099999999999995
2016-06-01,5.007777770360311,2.62381818077781,4.75512113945832,52.5841238095238,14.999999999999998,74.99999999999999,1.400000000000002,9.6,0.0,30.399999999999995,1.124357125975869,20.440000534057617,7643.840416666667,4215.747708333333,28375.060694444444,1031.815,27590.470307328607,17795.318649527188,999.3369887706856,728.5190277777779,429.4909722222222,685.2523611111112,14086.182782210402,2183.337361111111,-2610.6325,16433.66986111111,172798.14229166665,44542.15891991726,442.69277777777774,8411.048439716313,28.88286790780142,26.29423611111111,152011.76131944446,9226.301875,2386.7875,1459.555,10100.52611111111,9.103,6.244,24.087000000000003,17.843000000000004,11.628,0.277,24.24476246211408,3.6806666666666668,2.1965714285714286,0.4459047619047619,0.8496190476190476,9.020666666666667,0.2282857142857143,0.07133333333333333,3.170857142857143,0.0,0.0,30,3.448885714285714,0.29500000000000004
2016-07-01,5.577666664123536,2.7613999605178834,4.61947920059483,64.62707619047619,8.7,28.700000000000003,0.0,13.4,2.900000000000002,118.2,1.1060816163108462,18.76000022888184,7722.854166666666,3476.596639784946,31559.25806451613,842.3095430107527,28623.77055879661,16321.50886238847,1041.8309268474034,981.4581989247312,384.585752688172,666.4346774193548,11909.420694635091,2010.827895504461,-2414.237768817204,13652.850403225806,172918.54791666666,46653.524561027225,450.6411290322581,8809.878816346374,31.73087680164722,28.7109028254404,150249.24153225805,9564.68647477694,2661.141532258064,1890.245671757035,11242.855922557766,9.957,6.971,24.579,17.608,12.667,0.341,24.743580256175747,3.890285714285714,2.126571428571429,0.3975238095238095,0.8657142857142858,9.667809523809524,0.3819047619047619,0.03438095238095238,3.3980952380952383,0.0,0.0,31,4.234952380952381,0.271
2016-08-01,5.646842103255422,2.722347829652869,3.921616865234933,78.61543809523809,17.199999999999996,17.200000000000003,0.0,10.1,2.900000000000002,100.5,1.1206496435662974,20.96999931335449,7725.017338709677,2201.870900537634,31201.66639784946,1054.422177419355,28226.73780608937,14802.270213147258,1025.98821379547,1118.154301075269,521.5498655913979,682.3901881720429,10463.991736349424,2061.2344571227027,-2699.323924731183,12324.968279569892,168030.2182795699,46122.11178143827,438.1638440860215,8231.881654179058,33.38017921146953,30.23363789750629,144041.2745967742,9180.044050274537,2536.716129032258,2188.315824468085,12634.996014927934,9.736,6.175000000000001,23.869,17.694000000000003,9.566,0.305,24.028402286989103,2.633238095238095,2.097047619047619,0.37885714285714284,0.8538095238095238,8.24495238095238,0.4482857142857143,0.06180952380952381,3.098095238095238,0.0,0.0,31,2.8903714285714286,0.269
2016-09-01,5.6006249487400055,2.902904748916626,4.032391516588447,89.08209523809523,24.9,38.3,0.0,7.5,1.3999999999999986,20.300000000000004,1.1213137615810742,19.43000030517578,7522.905416666666,2245.195625,32875.84375,1089.43375,33473.89839539007,19470.887022754137,971.9069606973997,1117.757361111111,681.1716666666667,676.3456944444445,8376.39289893617,1955.08338356974,-2771.068888888889,12426.456527777778,173967.71638888886,45702.4606855792,453.1997222222223,9684.890227541371,29.125889479905435,26.91375,153526.14020833332,7439.189305555556,2655.3531944444444,1942.8959027777776,11059.490555555556,9.827,7.362999999999999,26.799,19.436,5.997,0.304,26.979663464679028,3.563142857142857,1.4078095238095238,0.370952380952381,0.8549523809523809,6.926571428571428,0.44733333333333336,0.059904761904761905,3.2802857142857142,0.0,0.0,30,3.746314285714286,0.28800000000000003
2016-10-01,6.426874995231628,3.064250016212464,5.2047579551051895,95.71897142857144,272.2,206.7,54.0,0.0,0.0,0.0,1.1037062860670543,17.329999923706055,8041.635752688172,616.7065188172044,34359.72809139785,1039.492741935484,38646.586391843965,22250.89801675818,832.5741363532372,1172.9111559139783,884.7380376344086,683.2306451612903,7263.041191946922,2043.59127487989,-3376.6551075268817,12431.23629032258,180411.3034946237,45740.49112331274,457.61397849462367,10377.66715425532,24.93504203843514,23.74966254861588,160906.62997311828,4312.175759265614,2475.0631720430106,2573.0461936627776,12632.38181909174,11.291,8.549,39.005,30.456000000000003,0.515,0.389,39.26614413083585,3.9434285714285715,2.002761904761905,0.40076190476190476,0.6679047619047619,11.912761904761904,0.08638095238095238,0.05904761904761905,3.626190476190476,0.0,0.0,31,3.3559619047619047,0.4779999999999999
2016-11-01,7.098823547363281,2.885550022125244,5.712398762999219,95.7656,422.7,342.1,159.0,0.0,0.0,0.0,1.0804159966382114,18.32999992370605,8276.44875,229.7255555555556,35782.76291666667,979.2286111111111,43624.06998226951,25228.611620991367,1049.470218547641,1236.55125,999.5961111111112,668.5273611111112,9178.675274308767,2155.695154563676,-3962.5208333333335,11925.010416666666,199952.12768764776,49515.77547788827,468.0723611111111,11655.444371081305,25.66229256603968,24.54594414893617,176058.50865248227,2797.010069444444,2457.5354166666666,3151.7503472222224,17934.4975,12.109,8.447,51.011,42.564,-10.864,0.397,51.35096881620754,3.7842857142857143,2.316666666666667,0.4715238095238095,0.8674285714285714,11.23495238095238,0.052571428571428575,0.03990476190476191,3.632761904761905,0.0,0.0,30,3.437295238095238,0.666
2016-12-01,7.814444488949245,3.583714292162941,5.465756584227651,84.24428571428572,476.5,363.1,323.2,0.0,0.0,0.0,1.0542205463756211,16.850000381469727,8541.491129032258,-255.0435483870968,35106.83924731183,984.594758064516,43766.33970344315,24825.15990762984,1015.111898021048,996.5818548387095,886.25,690.1180107526882,7782.730961164493,2343.513417982156,-3796.780779569892,13557.949059139784,202417.69260752687,53177.9184339968,475.9809139784946,12693.291791066118,27.621774193548383,26.35369623655914,178362.44623655913,2268.7971102150536,2607.6790322580646,2887.6897177419355,18898.75987903226,12.9,9.782,58.129000000000005,48.347,-16.68,0.417,58.52424626261033,4.0528571428571425,2.6552380952380954,0.40276190476190477,0.8206666666666667,11.813428571428572,0.056285714285714286,0.07323809523809524,3.728285714285714,0.0,0.0,31,3.4601142857142855,0.8029999999999999
2017-01-01,7.86,3.291200006008148,6.269681113342811,67.22970476190476,605.8,468.6,406.0,0.0,0.0,0.0,1.0621723911978982,17.290000915527344,9397.817607526882,-283.9235887096774,37053.060349462365,996.0719086021504,47212.095999074925,29954.92665561308,1466.6655417251052,1282.9129032258063,911.0389784946236,697.0075268817204,7656.246754299584,2471.2855666795977,-3705.542876344086,17346.0685483871,215574.0253360215,56195.34983481792,489.0459677419354,13304.13681968856,26.213328832323715,26.04744623655914,191315.7663306452,2482.788642473118,2393.9494623655914,2777.615591397849,18997.854301075266,12.379,12.500100000000002,68.1802,55.6801,-23.6489,0.4982,68.55274359474703,3.8106666666666666,2.6053333333333333,0.48095238095238096,0.7642857142857142,13.083047619047619,0.07019047619047619,0.08676190476190476,8.087238095238096,5.145238095238096,0.0,31,3.8671746031746026,0.935
2017-02-01,7.86,2.9067368507385254,6.102717567457964,43.14449523809524,456.7,320.6,219.1,0.0,0.0,0.0,1.0650880992412568,18.549999237060547,9410.861160714285,34.73950892857144,35752.65372023809,890.0328869047619,38055.44380699088,25389.94649347771,1070.7563956433637,1216.547470238095,992.1313988095238,697.3284226190475,9095.566232902736,2143.024512411348,-3984.895535714285,13924.92574404762,205003.32061011903,53867.1603106003,489.5504464285714,12762.862675721884,32.8259181864235,31.496056547619048,175081.49367559524,3584.7909970238097,2523.364732142857,3950.034598214286,22386.99962797619,11.161,9.1267,50.2401,41.1134,-11.1725,0.374,50.51117951320125,3.5441904761904763,2.378761904761905,0.3547619047619048,0.683047619047619,11.34647619047619,0.05885714285714286,0.030952380952380953,6.902761904761904,3.6815238095238096,0.0,28,3.860599283154121,0.66
2017-03-01,7.86,2.9924347504325537,4.949206575911566,30.992828571428568,350.3,273.4,190.5,0.0,0.0,0.0,1.0687780276588772,17.229999542236328,9097.480241935484,1029.6734543010753,33043.08951612903,1002.366129032258,34208.87649416112,17346.906669700496,979.5273972849712,1131.9653225806453,799.4233870967741,692.9211021505375,11521.565137628935,2119.002372044503,-3525.9095430107527,13709.313306451611,191852.2113889842,51341.4468690629,502.84771505376347,10584.915933449713,36.46100639839655,33.86984808470851,161399.0839095745,6585.335992286116,2539.092741935484,3309.4568957456754,20560.927761220195,11.526,8.4434,44.3799,35.9365,-3.7157,0.3698,44.61587313841621,3.6280952380952383,2.597809523809524,0.3618095238095238,0.7258095238095238,12.174666666666667,0.039714285714285716,0.0,6.010095238095238,4.068761904761905,0.0,31,4.681295238095238,0.5509999999999998
2017-04-01,7.86,3.189473691739534,5.036432968773568,27.969304761904763,307.2,250.4,110.6,0.0,0.0,0.0,1.0713409781455994,16.959999084472656,8846.406388888889,1744.1164583333334,30855.755,963.3904166666669,30961.633677600472,14561.841906028369,846.379621749409,974.9566666666668,757.6127777777778,684.185,9455.887799940898,2017.525970744681,-3584.2418055555554,11614.715416666668,176292.4267361111,48172.44272015367,502.5711111111111,9886.939796099292,35.947180851063834,32.81875,147388.465625,8502.596319444445,2642.4859722222222,2587.3783333333336,17813.985069444447,11.394,7.751899999999999,36.8766,29.1247,4.676699999999999,0.3735,37.073465906650334,3.467142857142857,1.8583809523809525,0.3081904761904762,0.5824761904761905,11.446285714285715,0.043333333333333335,0.062380952380952384,6.896190476190476,3.790380952380952,0.0,30,4.804409523809524,0.42400000000000004
2017-05-01,5.502000045776367,3.235636364329945,5.064423365572663,32.7901619047619,131.5,130.9,17.6,1.1000000000000014,0.0,0.1000000000000014,1.1041413752929023,15.34000015258789,8272.366666666667,2892.815188172043,30810.0998655914,808.1049731182795,28088.12331989247,15766.336021505374,829.6020161290322,1154.218010752688,709.7763440860215,670.6572580645161,11837.00497311828,1904.0191532258063,-3153.7250000000004,12109.240322580645,171571.1146119309,45268.30557795699,491.1694892473118,9543.48629032258,34.15215053763441,31.67342856325784,146028.15507749942,9717.922722203157,2515.038440860215,2465.627518016472,13353.203588995651,10.723,7.264899999999999,30.131,22.8661,9.9937,0.3588,30.29155043559339,3.572285714285714,1.7364761904761905,0.43638095238095237,0.5573333333333333,10.590857142857143,0.06952380952380953,0.030285714285714287,7.316666666666666,3.908857142857143,0.0,31,4.8601142857142845,0.36700000000000005
2017-06-01,5.479999932375821,2.993590918454257,4.982472121887061,43.134238095238096,22.7,41.2,0.0,1.3000000000000007,3.900000000000002,80.2,1.122866240414706,14.6899995803833,8096.395972222222,3743.016527777778,29352.004305555554,983.63875,28926.08804315705,15092.165297050056,1064.7580225999588,988.5586111111112,409.2270833333333,670.7994444444445,10992.022404409498,1961.6469969935245,-2838.800972222222,12074.758194444445,173244.43034722222,45370.39459451126,483.7166666666666,9091.5765127454,38.082407685784766,34.975359042553194,144813.97347222222,10355.785135933806,2426.106111111111,2899.3368365839247,15192.839519799054,9.798,7.4588,26.0983,18.6395,10.6819,0.3342,26.239928788653,3.1874285714285713,1.3138095238095238,0.39904761904761904,0.5185714285714286,9.377714285714285,0.054857142857142854,0.054952380952380954,7.009142857142857,3.8155238095238095,0.0,30,4.216466666666666,0.275
2017-07-01,5.555749988555908,2.9551499843597413,5.09852052258998,54.51473333333334,23.9,25.700000000000003,0.0,1.400000000000002,0.0,127.2,1.1520630478858949,15.800000190734863,7963.102016129033,3807.30745967742,30807.665322580644,917.0182795698925,31876.92975434683,15989.914310226492,1193.1120953443149,837.5013440860215,469.8146505376344,676.5501344086022,9508.427499428048,1749.8190173873254,-2299.750940860215,12568.792741935484,172697.47715053766,44482.21802648135,460.1114247311828,8680.6425860787,34.38571980096088,31.100403225806453,147406.77815860216,9781.21619623656,2499.9879032258063,2173.8588037634413,13335.623924731182,10.136,8.2929,27.3014,19.0085,12.4531,0.3379,27.45071371164911,3.331238095238095,1.568,0.39304761904761903,0.454,10.971238095238096,0.09961904761904762,0.064,7.010857142857143,3.9305714285714286,0.0,31,5.134971428571428,0.27300000000000013
2017-08-01,6.002608713896378,2.9051738821941875,5.53806874570852,67.6779142857143,17.999999999999996,49.2,0.0,1.8000000000000007,0.0,169.7,1.1817317423613176,15.449999809265137,6300.963172130372,3293.525739247312,31833.490591397847,1053.459005376344,29194.875061903444,14905.028502384204,1162.637267214377,928.9922043010752,496.633064516129,658.8104838709677,9179.725532759643,1897.3363933915784,-2506.3631720430108,12621.892338709677,169661.38844086023,47284.8530806753,446.4193548387097,8134.098667857173,34.42813844236796,31.378421178118963,145062.250672043,9213.989357314593,2422.9368279569894,2387.7385287266047,13185.28458205617,9.995,7.866300000000001,25.7969,17.930600000000002,14.3481,0.3477,25.93648093829705,2.8865714285714286,1.142095238095238,0.31761904761904763,0.4084761904761905,10.674190476190477,0.21847619047619046,0.05952380952380952,8.271238095238095,4.298190476190476,0.0,31,4.581942857142857,0.261
2017-09-01,7.045750045776368,3.00589998960495,6.0220090471166925,81.94685714285714,118.5,114.5,9.799999999999995,0.0,0.0,4.200000000000003,1.1911359344209944,15.289999961853027,4091.2074124220935,2548.910486111111,32273.03986111111,978.3104166666668,31229.361510304247,17120.45218894542,1063.747395877134,911.1334722222222,451.7566666666667,661.1529166666667,9656.409045671797,1820.904829066568,-2560.1279166666664,13371.24777777778,174601.62348552007,47196.24178004606,450.9977777777778,7729.2079525247855,35.599754769012975,32.94343101225016,149659.84720153667,6944.470878897672,2607.162638888889,2917.6273375054893,15136.38133920729,9.7,8.0899,29.3943,21.3044,8.0291,0.3532,29.55306517978529,3.2656190476190474,1.3267619047619048,0.36304761904761906,0.44761904761904764,10.465047619047619,0.4512380952380952,0.05638095238095238,7.9200952380952385,2.9434285714285715,0.0,30,3.988971428571429,0.33299999999999996
2017-10-01,8.605909087441184,2.912590904669328,6.216795846697631,88.91689523809524,192.3,152.2,51.1,0.0,0.0,0.0,1.176206648349762,14.300000190734863,4230.996998684512,531.0432123655914,31715.80833333333,944.6689516129032,34467.15315145276,17325.139826412717,1007.2036962365592,1038.3029569892474,628.4977150537634,664.1377688172042,7824.490471288035,1912.163746854267,-3271.2513440860216,11463.1686827957,177668.55873655912,45508.07702184855,454.0431451612903,8747.168576984672,40.67496139327385,38.7834219858156,146220.57708333334,5033.903407401052,2445.1008064516127,4884.662920384351,21549.23226521391,11.175,9.6836,36.2916,26.608,4.3842,0.3786,36.48700776493501,3.675904761904762,1.3414285714285714,0.47904761904761906,0.654952380952381,12.038857142857143,0.39076190476190475,0.04590476190476191,6.428571428571429,5.1817142857142855,0.0,31,3.3346761904761903,0.428
2017-11-01,9.427142915271578,3.058857111703782,6.716374790812891,93.60245714285712,364.6,323.9,191.4,0.0,0.0,0.0,1.172959668295724,14.5600004196167,6050.954114049563,-487.8022916666667,34400.09638888889,940.4033333333332,44012.22230731581,24323.1123793047,1071.5367574056163,1060.0572222222222,795.6059722222222,682.1956944444445,8735.642257745898,2281.4442704642674,-3524.33125,13135.462361111113,196359.36354166668,48942.13062884033,464.3847222222222,8361.924249996162,37.19906629619396,36.88231251854922,168800.16993055554,2889.810160037559,2622.604722222222,4099.890367282245,20744.45511542093,11.68,11.6411,51.282,39.6409,-8.463299999999998,0.4053,51.55839527850768,3.6769523809523808,2.4257142857142857,0.432,0.6558095238095238,12.243333333333334,0.04876190476190476,0.07028571428571428,7.454190476190476,5.014380952380952,0.0,30,4.021476190476191,0.685
2017-12-01,10.398750066757202,2.776049995422363,7.125206101434033,83.89829523809524,458.8,398.2,323.7,0.0,0.0,0.0,1.1831899824596586,13.6899995803833,6044.037335563944,230.85719086021504,30469.84435483871,1020.1516129032258,39239.86199954244,22327.654772935253,1016.2069563601008,881.8876344086021,841.3760752688172,691.9814516129032,9762.585934282772,2118.305273392816,-4862.574193548387,13379.4811827957,202440.41478494625,53953.32523735987,462.82594086021504,8241.741613761153,39.832443948753145,37.76969086021505,168813.89758064516,2006.48313172043,2615.998387096774,4528.914717741935,27091.12614247312,10.91,10.851399999999998,58.2446,47.39319999999999,-16.006899999999998,0.4023,58.55731074956463,3.8506666666666667,2.437047619047619,0.34723809523809523,0.6753333333333333,12.227809523809524,0.03457142857142857,0.05971428571428571,7.19952380952381,5.178,0.0,31,3.914590476190476,0.8150000000000002
2018-01-01,10.662619091215587,3.160571438925607,6.6348254771022255,67.7485142857143,463.3,374.1,255.4,0.0,0.0,0.0,1.217702637548032,13.84000015258789,5756.81178537147,2225.279233870968,32566.71465053764,986.771370967742,37934.25933866243,18057.725324209463,986.0320920742444,1103.0823924731185,886.5418010752688,685.3104838709677,11387.22017018044,2347.881248570121,-4594.876747311828,16348.48696236559,208427.9637768817,55924.73186534521,469.0745967741936,8173.039357350322,42.5315981443904,37.544173679289386,174804.1815188172,2378.497276764844,2501.0637096774194,4494.516412459093,26811.38784770921,11.326,9.531,55.888000000000005,46.357000000000006,-15.8305,0.39,56.99366150119874,3.817142857142857,2.434190476190476,0.3161904761904762,0.6460952380952381,12.447809523809523,0.0680952380952381,0.048095238095238094,5.258190476190476,5.178,0.0,31,3.8988309841269837,0.7359999999999998
2018-02-01,9.525263284382069,2.662368423060367,6.688096447883636,51.08128571428572,546.8,425.5,321.1,0.0,0.0,0.0,1.235610842704773,13.90999984741211,6378.887615564842,2966.156473214286,35343.850595238095,1005.4010416666669,40978.51771941489,25134.73887094732,1078.2867891970618,1159.7050595238095,977.028273809524,682.113988095238,10763.954147669709,2363.0786949088147,-3645.090476190476,19205.365773809524,218431.0766369048,56300.555562943264,464.1769345238095,8459.486053064842,37.803881712259376,33.82946428571428,189834.4274553572,4333.653720238095,2418.303571428572,3874.343452380952,20388.655877976187,10.011,9.696,58.894400000000005,49.19840000000001,-21.1587,0.4155,60.08312008311922,3.5365714285714285,2.308190476190476,0.3457142857142857,0.5955238095238096,11.214571428571428,0.04742857142857143,0.03076190476190476,5.2407619047619045,4.676952380952381,0.0,28,3.5072903799283153,0.774
2018-03-01,7.890000048137846,2.6993809654599143,6.6920996146610845,29.57403809523809,517.0,390.4,235.1,0.0,0.0,0.0,1.2334206266836687,13.34000015258789,6345.473920441546,1595.467809139785,31710.040456989245,973.0274193548388,33711.19045269961,23025.65627287806,985.2181322923816,1294.728629032258,883.1389784946236,676.485752688172,11415.742205730954,2543.9246968657058,-4568.510887096774,20978.308602150537,206087.4644489248,52232.35144989705,460.7010752688172,7996.803690517044,41.337292667581785,38.28010752688172,172461.72641129032,5377.121505376344,2265.792607526881,3631.887970430108,24616.73205645161,11.071,8.581100000000001,54.3878,45.806700000000006,-11.4324,0.4188,55.46937826118001,3.9863809523809524,2.609809523809524,0.494952380952381,0.6585714285714286,11.943333333333333,0.05028571428571429,0.026952380952380953,7.239333333333334,5.155142857142857,0.0,31,3.8673119999999996,0.692
2018-04-01,7.501428581419445,2.7242381005060103,6.92784013173687,18.68907619047619,159.4,218.7,70.2,0.0,0.0,0.0,1.2286932581946963,13.039999961853027,6176.9795138888885,1992.6781944444444,26902.05083333333,852.4309722222223,26660.187291666665,12801.001180555557,847.6720138888888,1093.2079166666667,819.5998611111112,676.9923611111111,14495.064236111111,2263.620625,-4739.504861111112,18776.83111111111,178396.71006944444,46609.04583333333,467.50416666666666,6469.462638888888,46.463125,42.34729166666667,147560.89333333334,8541.140972222222,2411.771527777777,3305.834236111112,18988.84354166667,9.993,6.401199999999999,33.0515,26.6503,7.8637,0.3813999999999999,33.68062718550202,3.4665714285714286,1.1818095238095239,0.01380952380952381,0.5583809523809524,11.226095238095239,0.023047619047619046,0.06333333333333334,7.126095238095238,5.012761904761905,0.0,30,4.0289809523809526,0.3550000000000001
2018-05-01,8.579545389522206,2.8293181657791138,7.478624277684963,26.906628571428573,55.9,126.7,24.0,11.400000000000002,0.0,3.599999999999998,1.1832774151926455,13.859999656677246,6099.975829329673,3720.01814516129,27825.41626344086,1057.9268817204302,25019.360848490047,12164.707604095172,954.518953042782,745.5708333333334,612.725940860215,666.5825268817205,14719.794762354151,2108.1252273507207,-3584.198252688172,18401.58064516129,170640.974327957,43476.81968228094,466.5993279569892,6146.291304907344,47.426512811713565,42.69879032258064,143717.4757392473,10438.452688172045,2253.803360215053,2507.9723790322582,13977.07620967742,9.776,6.1792,26.957,20.7778,12.5208,0.3123999999999999,27.48790303505648,3.5533333333333332,1.1498095238095238,0.22038095238095237,0.5248571428571429,10.385904761904762,0.020476190476190478,0.06161904761904762,6.640476190476191,5.174571428571428,0.0,31,4.7668952380952385,0.34199999999999997
2018-06-01,10.055952253795803,2.9425238087063743,7.441961071591995,39.76768571428571,21.8,41.5,0.0,8.100000000000001,0.0,21.5,1.1675765684672763,14.229999542236328,5559.752256205674,3650.676875,30816.69833333333,984.9777777777778,28226.021353427896,12672.83981678487,953.6292686170214,728.2776388888889,485.9547222222222,657.0405555555556,13348.91392434988,1867.3539140070925,-2671.504305555556,15901.270138888887,173116.65729166666,45061.04354314421,466.4184722222223,5974.124760638298,41.939317375886525,38.1625,147367.91604166667,10544.676597222222,1828.0805555555555,2313.132013888889,12890.934375,9.034,6.1397,25.4374,19.2977,12.0532,0.3345,25.948583710810457,3.248285714285714,1.4522857142857142,0.39304761904761903,0.5293333333333333,9.563428571428572,0.05914285714285714,0.026285714285714287,7.378380952380953,5.012190476190476,0.0,30,3.5866952380952393,0.2920000000000001
2018-07-01,9.997857048397972,2.78933334350586,7.604084249427799,52.10379999999999,7.000000000000002,0.1999999999999993,0.0,30.5,12.6,124.0,1.1687707413326611,14.039999961853027,5555.493458304735,3837.733669354839,32458.7686827957,889.855241935484,32644.84198409975,15870.981967799127,1021.3631534545872,852.8923387096773,492.6310483870968,640.6626344086022,10085.23535661176,1603.241367822009,-2054.0270161290323,14103.745564516128,176452.67358870967,46087.65926561428,462.6525537634408,6239.320830473576,37.64991563715397,33.714045698924735,153235.0179435484,11411.60497311828,2390.355107526881,1647.0334005376344,10159.016196236558,9.702,8.208400000000001,25.1261,16.9177,11.7627,0.3527,25.6279527168978,2.766,1.5100952380952382,0.38980952380952383,0.6844761904761905,11.260190476190477,0.30838095238095237,0.06076190476190476,8.896666666666667,2.9737142857142858,0.0,31,3.6500857142857144,0.24299999999999997
2018-08-01,10.685652110887611,2.908086952955826,8.090059945772497,64.58465714285714,6.899999999999999,34.6,0.0,45.5,5.600000000000001,120.2,1.1551749032476677,15.199999809265137,5885.598969057424,3565.65248655914,31032.145967741937,838.392876344086,31308.467192862045,15530.376172500572,1092.3612946122169,994.0935483870968,547.1474462365591,642.7083333333333,8110.224668268132,1612.94609929078,-2450.814247311828,12754.490322580645,172130.25436827957,44408.83434568748,451.2638440860215,6496.462714481811,41.87139098604438,37.76048387096775,146564.24657258065,9641.890188172045,2807.1692204301075,2439.652553763441,13484.459811827955,9.159,8.3474,25.2826,16.935200000000002,12.7585,0.3619,25.79342806128713,3.543904761904762,1.2474285714285713,0.3993333333333333,0.7251428571428571,10.939904761904762,0.37676190476190474,0.06742857142857143,7.716095238095238,5.185238095238096,0.0,31,3.6454666666666666,0.28600000000000003
2018-09-01,11.540263276351126,2.8959999962856897,9.55562982072719,77.9471619047619,68.69999999999999,104.4,1.5,0.3999999999999986,0.0,21.3,1.166071194410324,15.0600004196167,6063.531973995272,2369.341736111111,31301.460000000003,884.0727777777778,28461.8331855792,17805.53719710402,1113.1662012411348,819.0176388888889,702.0795833333334,656.5,7650.54378250591,1780.169358747045,-3234.8504166666667,12236.94125,174817.02072399526,45579.80086288416,463.8018055555556,7057.499361702127,48.56115395981087,44.69400856973995,145892.869178487,8130.306948877069,2794.995277777778,4091.279258274232,16711.320898345155,8.954,7.541499999999999,27.6781,20.1366,9.9653,0.362,28.239139526083694,3.5314285714285716,1.4584761904761905,0.5126666666666667,0.608,9.660761904761905,0.4197142857142857,0.06419047619047619,6.902380952380953,4.99447619047619,0.0,30,3.2809142857142857,0.30099999999999993
2018-10-01,10.91130430802055,3.2079564903093423,8.79973892486517,87.10559047619047,205.4,204.1,17.9,0.0,0.0,0.0,1.149549510167993,16.690000534057617,6535.96662942765,1743.366935483871,30780.77137096774,869.6569892473118,34330.98757677827,18173.22708613092,886.1013999756299,776.3569892473118,810.1014784946236,664.2268817204301,6646.532668066705,1985.1178146106247,-4070.438575268817,11061.87567204301,181371.2694563601,45303.48487325058,475.8412634408602,6785.538486243323,47.88669012911184,43.58998941889728,149942.43194063142,5518.198185483871,2826.721370967742,4266.564919354839,21617.80067204301,9.463,8.7165,36.6213,27.9048,4.3954,0.3273999999999999,37.3446935334819,3.521333333333333,2.2187619047619047,0.5342857142857143,0.6980952380952381,11.38847619047619,0.22723809523809524,0.054952380952380954,6.193428571428571,5.185904761904762,0.0,31,5.993723809523809,0.434
2018-11-01,10.339523814973376,4.0933809507460825,8.268030660122868,91.91725714285715,375.7,286.2,146.6,0.0,0.0,0.0,1.1365526806224475,16.8700008392334,6777.703888888889,1791.7229861111111,32974.37611111111,819.09875,39653.51152777777,21077.36458333333,936.8200694444444,993.9368055555556,858.6804166666666,665.2265277777777,8643.818333333335,2062.5109027777776,-3591.635694444444,15054.049305555556,196934.999375,47605.28,483.84236111111113,7142.637638888889,46.19680555555556,42.49708333333333,167157.96652777778,2825.2064583333336,2822.441388888889,4679.461944444444,22272.364166666663,10.011,10.2716,49.0253,38.7537,-6.139,0.3391,50.00781304767256,3.446857142857143,2.033714285714286,0.4582857142857143,0.7207619047619047,11.026285714285715,0.09390476190476191,0.058666666666666666,6.597904761904762,4.946857142857143,0.0,30,7.018857142857143,0.641
2018-12-01,9.353421110855905,3.896631604746768,7.969668765313313,85.30366666666666,429.6,337.1,286.1,0.0,0.0,0.0,1.1375411294755482,15.420000076293944,6731.308657915808,694.6673387096774,30248.20241935484,982.5229838709676,39147.53369223289,17502.27294669412,929.4173258407689,715.5426075268817,909.3376344086022,678.2206989247312,9311.815642873484,2122.607055021734,-3893.746102150538,15444.032930107527,198803.49308653627,52723.25223633036,489.0056451612903,6583.530219057424,44.95052047586365,43.482082189430336,166981.27719486388,2011.211424731183,2947.733064516129,4708.559475806452,25091.58965053764,10.587,10.1907,53.1017,42.911,-8.278,0.3447,54.16071133771007,3.6214285714285714,2.080380952380952,0.41933333333333334,0.6998095238095238,11.543904761904763,0.09380952380952381,0.108,6.9615238095238094,5.210857142857143,0.0,31,6.5816,0.7470000000000001
2019-01-01,8.3378571555728,3.100333338692075,7.263613743649152,73.93510476190475,522.9,446.1,376.9,0.0,0.0,0.0,1.1425329757773357,16.0,6726.179166666667,615.8686155913978,31262.73252688172,902.2795698924732,49969.98944892473,20695.1999327957,1089.5245967741937,1145.8610215053764,1004.1891129032258,685.3256720430107,8634.457123655915,2119.598588709677,-3748.996639784946,16252.872715053763,214819.27331989247,54433.23709677419,524.9954301075269,5687.893279569892,39.53185483870968,36.57009408602151,181161.28293010755,2552.980241935484,2588.0594086021506,4586.077284946236,26518.92701612904,10.758,10.914251583584765,65.767269,54.85301741641524,-9.5136025,0.353589,66.28072932509814,3.7885714285714287,2.172,0.42838095238095236,0.7483809523809524,12.280857142857142,0.06504761904761905,0.10514285714285715,6.937523809523809,5.1863809523809525,0.0,31,7.537167999999999,0.8480000000000001
2019-02-01,6.85052638304861,2.6825789401405737,6.020399624240964,55.04575238095239,391.7,318.5,263.0,0.0,0.0,0.0,1.1353972136974335,15.609999656677246,6507.918303571429,1232.1378720238097,30838.72247023809,1424.4520833333331,41903.03586309524,16301.170461309524,1053.293675595238,688.5083333333333,866.3784226190476,672.4022321428572,9789.388913690476,1893.0335565476191,-3440.5546130952384,16094.046428571428,206418.22477678573,54625.25989583333,525.7964285714286,5703.933705357143,45.93229166666667,39.48452380952381,172042.81607142856,5355.394270833333,2629.1364583333334,4425.70349702381,24594.313839285714,9.403,8.829234897939216,51.39707,42.56783510206078,-10.749205,0.362478,51.79938881661393,3.405904761904762,1.5506666666666666,0.3964761904761905,0.5479047619047619,10.397238095238095,0.064,0.027523809523809523,5.636952380952381,4.6811428571428575,0.0,28,7.670858322580646,0.7249999999999999
2019-03-01,5.40452378136771,2.8046666781107583,5.180380739826852,44.76580952380952,344.9,293.9,190.0,0.0,0.0,0.0,1.1309846015203566,15.65999984741211,6445.687836021505,747.0843413978495,25334.789784946235,1272.0870967741937,34428.18790322581,11144.66001344086,979.9819892473118,588.6861559139785,777.0250000000001,675.5799731182796,10462.992204301074,1852.8468413978487,-3637.736424731183,13915.03951612903,192478.61653225805,50576.905241935485,528.574865591398,5788.945698924731,52.89126344086021,46.49012096774193,151762.45456989246,6998.517137096775,2477.036693548387,5122.452956989247,28595.187701612904,10.080302,8.489414386424821,46.90978,38.42036561357518,-0.959285,0.371367,47.27227494450925,3.705238095238095,0.975047619047619,0.4820952380952381,0.42457142857142854,11.407238095238096,0.005333333333333333,0.0,6.59752380952381,5.176095238095238,0.0,31,9.448304,0.5809999999999998
2019-04-01,5.045714310237339,2.603095213572184,4.919939882835874,42.47940952380952,222.9,262.4,135.8,0.0,0.0,0.0,1.1234920783476396,13.970000267028809,5947.71625,840.5838194444444,25862.643333333333,1239.8205555555555,33972.87125,10553.076805555556,868.7639583333333,561.72875,717.7831944444445,683.14625,10567.97277777778,1860.895,-3215.8776388888887,13929.65625,178668.95965277776,48357.82236111111,530.5943055555556,5258.895763888889,48.00333333333333,43.619375,145787.79930555556,9192.078819444445,2551.425694444444,3953.803125,19735.274930555555,9.058,7.461354239639223,36.686605,29.225250760360773,7.919912,0.370693,36.96674930035917,3.0355238095238097,1.2312380952380952,0.5002857142857143,0.5312380952380953,10.237904761904762,0.02495238095238095,0.08714285714285715,7.743142857142857,5.016190476190476,0.0,30,10.057809523809524,0.3890000000000001
2019-05-01,5.173636306415904,2.592409068887884,4.36895955330197,52.42497142857143,166.8,181.2,97.2,0.0,0.0,0.0,1.1189111037687822,14.06999969482422,6171.084991571198,1846.111626344086,24428.135618279568,1115.498252688172,33490.05296972303,9154.6419083855,876.0409443864678,395.9237903225807,531.5944892473118,684.002688172043,12980.353322860366,1700.4844629324011,-3141.3307795698925,14403.742204301074,173988.06725919447,45595.78098048316,507.8037634408602,4984.548837534756,46.95863596139719,43.99811195462799,143299.71363584686,9839.546244268053,2613.796370967742,3292.1338209219857,17392.127985462485,9.434,8.1777643786413,33.258011,25.080246621358697,11.754903,0.370019,33.51540277724622,3.5347619047619045,1.3951428571428572,0.5562857142857143,0.5310476190476191,10.067238095238094,0.28285714285714286,0.07723809523809524,7.86152380952381,5.178857142857143,0.0,31,9.649961904761906,0.3680000000000001
2019-06-01,4.582749962806702,2.3303499937057497,3.586828142072895,64.24202857142856,0.0,79.6,0.3000000000000007,51.10000000000001,0.1000000000000014,88.8,1.1290019631385804,13.020000457763672,5971.412847222222,2459.92,21470.76097222222,1250.98875,35525.20993055555,8684.918819444445,786.6973611111111,194.6926388888889,372.9719444444444,671.8779166666667,13404.95090277778,1866.6609722222224,-2942.6090277777776,15172.693055555555,170625.84375,42777.90555555556,504.71319444444447,4158.842430555555,50.56125,47.65347222222223,141155.85347222222,11479.952430555555,2046.0004166666663,3279.98875,14714.06840277778,8.488,8.110174923697725,26.013858,17.903683076302272,14.133253,0.369345,26.21211909165281,3.0788571428571427,1.1894285714285715,0.4703809523809524,0.5113333333333333,10.088476190476191,0.2867619047619048,0.08561904761904762,7.039047619047619,5.017047619047619,0.0,30,8.11282857142857,0.242
2019-07-01,4.534772764552724,2.303090897473422,3.629799059596731,77.7796761904762,15.800000000000002,13.899999999999997,0.0,29.9,9.5,138.8,1.122681648834892,13.40999984741211,5941.875134408601,3800.212567204301,23589.42930107527,1279.3846774193548,41901.51982526881,9321.455846774194,896.5098790322581,196.75940860215056,275.9326612903226,665.0944892473118,10073.754637096774,1683.4960349462365,-2289.842741935484,14212.677150537636,175214.77983870968,44142.86404569892,498.8200268817204,4102.720228494623,44.54543010752688,42.76700268817204,147701.080577957,10968.962768817204,2018.476747311828,2971.0696236559143,13579.354099462367,8.749,9.344279499799391,28.906602,19.562322500200608,10.236906,0.368671,29.135264229749183,3.0265714285714287,1.1947619047619047,0.46714285714285714,0.4480952380952381,10.129619047619048,0.4093333333333333,0.06438095238095239,7.560952380952381,2.998952380952381,0.0,31,7.755695238095238,0.2600000000000001
2019-08-01,4.471590930765325,2.174272721463984,3.6787105253336008,88.15729523809524,2.200000000000003,21.7,0.0,23.599999999999994,2.099999999999998,141.3,1.1131632165475325,13.619999885559082,6044.883938172044,3753.973454301075,23159.176747311827,969.3440860215052,36782.36619623656,8299.482594086021,1173.2551747311827,311.50416666666666,385.5810483870968,672.6361559139784,8891.848723118279,1744.3907258064514,-2658.497311827957,11544.34126344086,167945.86485215055,44274.00174731183,491.8700268817204,4388.220833333333,51.50396505376344,45.58353494623656,140167.7484543011,10351.419758064516,2486.2943548387098,3683.521774193549,13743.17056451613,8.554,8.047983646296885,26.047242,17.999258353703112,9.918834,0.367997,26.25369149872852,2.5946666666666665,1.1987619047619047,0.5271428571428571,0.44095238095238093,8.829142857142857,0.33161904761904765,0.06419047619047619,5.913714285714286,5.182095238095238,0.0,31,6.990561904761904,0.2469999999999999
2019-09-01,5.264249992370606,2.5195500016212464,4.227773329363616,98.27814285714284,86.39999999999999,78.0,0.0,2.5,0.0,20.200000000000003,1.1013769819622947,15.4399995803833,5857.574930555556,2665.2643055555554,23396.23222222222,1004.8127777777778,38068.73388888888,8613.715416666666,1102.0825,375.4073611111111,695.2018055555556,677.9340277777777,7737.025833333333,1763.6246527777778,-3242.701388888889,11674.781388888889,171764.308125,45197.71708333333,503.3852777777777,4654.087777777778,49.56027777777778,44.33833333333333,140517.62916666668,8190.5225,2462.785972222222,4631.922916666666,18424.235625,8.15,8.571976005073996,29.333591,20.761614994926006,5.453081,0.367323,29.56711954342735,3.3265714285714285,1.1930476190476191,0.44685714285714284,0.30942857142857144,6.4877142857142855,0.3259047619047619,0.04819047619047619,6.3235238095238095,4.8370476190476195,0.0,30,7.0991809523809515,0.326
2019-10-01,6.206956531690515,2.3392608580381973,5.054590073368639,103.18037142857143,204.9,211.8,16.5,0.0,0.0,0.0,1.1048393197681592,15.800000190734863,5986.680309139785,1558.106182795699,24944.50201612904,940.2204301075268,42426.86014784946,10957.878225806451,983.4736559139784,322.6279569892473,848.8084677419355,673.4282258064517,7778.064516129032,1893.009005376344,-3439.5227150537635,12234.56182795699,179462.8623655914,46056.389717741935,513.7092741935484,4656.052755376344,46.74159946236559,42.95288978494623,148394.39791666664,5368.331586021505,2694.162231182796,5366.85315860215,20333.286693548387,8.916,9.554001687032745,38.699592,29.145590312967258,1.726854,0.366649,38.99498428219975,3.6176190476190477,1.1514285714285715,0.5097142857142857,0.6393333333333333,9.850380952380952,0.11866666666666667,0.072,6.438380952380952,5.029333333333334,0.0,31,8.43804761904762,0.4469999999999999
2019-11-01,6.00825002193451,2.63144999742508,5.15599054796498,104.65368571428571,350.5,333.0,119.7,0.0,0.0,0.0,1.105470680055164,15.06999969482422,7250.371041666667,1909.647986111111,27576.31930555556,1105.071527777778,43720.19375,14801.554930555556,1008.924375,434.29041666666666,819.8219444444444,675.7572222222223,11187.905416666666,2179.1965972222224,-3754.841666666666,17446.713333333333,196557.849375,47414.49625,519.8897222222222,4605.348055555555,45.294513888888886,41.26493055555556,164464.92041666666,2688.5597916666666,2808.388472222222,5321.8677777777775,24082.50888888889,9.063688,10.400069278164535,49.499192,39.09912272183547,-3.742252,0.365975,49.87741160334858,3.522,1.1415238095238096,0.49238095238095236,0.7360952380952381,10.327142857142857,0.005523809523809524,0.03495238095238095,7.523428571428571,4.99247619047619,0.0,30,10.833304761904758,0.6519999999999999
2019-12-01,5.490238144284203,2.288238105319796,4.619157068626258,101.36139047619046,430.9,361.6,243.0,0.0,0.0,0.0,1.1109551245515996,14.510000228881836,7398.112836021505,1065.2685483870966,24105.11142473118,1106.2245967741935,36046.57607526882,12156.8749327957,1026.1343413978493,292.596370967742,755.5985215053763,647.7239247311828,12112.744623655914,2563.3728494623656,-4665.737231182796,20654.34771505376,194519.1300403225,49764.17836021505,520.1935483870968,4736.535483870968,56.37016129032258,50.94831989247312,156286.31458333333,2393.885685483871,2905.7073924731185,6946.474596774194,28892.45866935484,9.354,9.873342604931231,54.214968,44.34162539506877,-6.644533999999999,0.3674191875,54.63510158706709,3.6360952380952383,1.6238095238095238,0.46314285714285713,0.7395238095238095,10.896285714285714,0.010476190476190476,0.1061904761904762,7.44,5.160857142857143,0.0,31,10.132085714285713,0.762
2020-01-01,4.631190527053106,2.029952355793544,3.645017895195799,94.75669523809523,431.5,351.4,327.5,0.0,0.0,0.0,1.1111802743828816,15.289999961853027,7131.79016958362,886.2450940860215,25075.6373655914,1118.4842741935483,43329.53216369252,12840.3425660604,1029.009766071837,221.42876344086025,737.299059139785,692.675806451613,10300.44921070693,2312.386898021048,-3777.452553763441,18634.154032258062,203635.01075268816,52444.45827756806,526.5434139784946,4772.107153683368,55.528852093342486,51.3690188172043,164186.6830645161,2952.624865591398,2854.8197580645165,7332.586424731183,29163.114045698923,9.388,11.842615,59.248794,47.406179,-6.681530866666666,0.368863375,59.607446950714746,2.966,1.6906666666666668,0.37552380952380954,0.494,10.469333333333333,0.1636190476190476,0.6065714285714285,1.8974285714285715,5.234952380952381,0.0,31,10.07707746031746,0.7869999999999999
2020-02-01,3.2855263132798043,1.8434210451025712,2.905645438857498,76.71874285714286,354.1,316.5,223.0,0.0,0.0,0.0,1.0910906732082366,15.109999656677246,6600.5981992337165,1794.9128591954022,19949.594827586207,1201.385632183908,35717.005249042144,10730.94134578544,1003.3995689655172,184.2360632183908,731.6474137931035,695.7099137931035,11451.969607279694,2202.238740421456,-4322.993678160919,18136.6926724138,200811.6253591954,49249.33963122605,522.1147988505747,4814.479276819923,65.46479885057471,56.64956896551725,150942.4150862069,4896.538649425287,2478.978735632184,8234.446264367816,36743.18031609196,8.262,9.079694,49.820593,40.740899,-6.718527733333333,0.3703075625,50.115358708317295,2.779238095238095,1.0521904761904761,0.3395238095238095,0.4616190476190476,9.869428571428571,0.16038095238095237,0.40514285714285714,3.388857142857143,4.8486666666666665,0.0,29,9.375484096262161,0.645
2020-03-01,3.1443182013251563,1.7311818112026562,2.723465747676327,65.17701904761904,399.6,345.3,223.8,0.0,0.0,0.0,1.1073086207563227,14.670000076293944,6864.931518817204,3069.219489247312,18995.21962365592,1197.332661290323,33219.314180107525,9593.525873655914,810.7005376344086,205.1681451612903,631.2154569892474,703.3372311827957,11878.109475806452,2255.8538978494626,-4434.86626344086,18498.081048387096,185582.1110215053,44681.38360215053,520.6008064516129,4528.848588709678,62.72762096774194,53.720362903225805,143046.22002688173,7885.607056451613,2542.3361559139785,6615.904704301075,28034.37802419355,8.23,8.701600000000001,47.683111,38.981511,-6.755524599999999,0.37175175,47.96280729291509,2.7624761904761903,0.6234285714285714,0.3933333333333333,0.3536190476190476,10.845428571428572,0.29133333333333333,0.48085714285714287,4.126380952380952,5.178285714285714,0.0,31,9.967060952380953,0.6079999999999999
2020-04-01,2.456428578921727,1.7593333437329246,2.1218044662740434,58.75035238095238,232.3,211.5,122.5,0.0,0.0,0.0,1.087575007568706,14.739999771118164,6520.006111111111,2841.7858333333334,15098.739027777778,1111.1254166666663,24974.31388888889,6264.207083333333,842.8611111111111,91.50041666666668,497.0372222222222,687.7851388888888,10667.510347222222,2286.63236111111,-4977.745555555555,16604.241388888888,155500.9834722222,41032.841527777775,507.4297222222222,4052.940694444444,60.31881944444444,53.24993055555556,120774.96298611112,11581.555277777778,2617.798194444445,4302.2125,18842.25298611111,8.363,6.648042,30.466971,23.818929,-6.792521466666666,0.3731959375,30.645136629917157,2.775809523809524,1.0344761904761905,0.5437142857142857,0.32466666666666666,9.290666666666667,0.2823809523809524,0.3842857142857143,3.9851428571428573,5.017047619047619,0.0,30,10.04687619047619,0.26200000000000007
2020-05-01,2.077749991416931,1.8091500103473663,1.576044784537897,68.21527619047619,170.3,134.9,9.400000000000002,0.0,0.0,5.199999999999999,1.0899938628787087,14.779999732971191,6601.69126344086,3377.2681451612902,14418.85255376344,894.6918010752687,25205.295900537632,5900.153830645161,888.6158602150538,95.08145161290322,329.56129032258065,674.2331989247313,12816.490725806452,2033.851814516129,-4131.26559139785,16284.038440860217,153437.2689516129,37720.81202956989,502.8788978494624,4192.96061827957,61.67399193548387,54.56330645161291,119777.80766129032,12555.875739247313,2676.480241935484,3696.447916666667,17411.23373655914,8.6,6.766979,28.096816,21.329837,-6.829518333333333,0.374640125,28.263691616233505,2.4514285714285715,0.9295238095238095,0.3997142857142857,0.35619047619047617,8.523428571428571,0.37133333333333335,0.43952380952380954,3.5597142857142856,5.183809523809524,0.0,31,10.115742857142857,0.21199999999999994
2020-06-01,2.144227266311645,1.7008636322888462,1.7526054010606649,78.90209523809524,19.1,71.5,0.8999999999999986,6.4999999999999964,1.5,28.1,1.125652340325442,13.979999542236328,6391.193402777778,2978.585138888889,17612.423194444444,891.3791666666667,34258.11833333333,6266.692777777777,885.6170833333333,213.7020833333333,186.4697222222222,642.2694444444444,12899.09451388889,2085.922708333333,-3075.639583333333,16299.84638888889,157437.67006944443,35145.043958333335,512.260138888889,4083.3002083333336,57.85527777777778,54.283750000000005,126499.5632638889,12012.909791666669,2105.6080555555554,3947.523680555556,14977.67326388889,7.334,8.371773000000001,26.365217,17.993444,-6.866515199999999,0.3760843125,26.52263506456365,3.0635238095238093,0.9311428571428572,0.3281904761904762,0.3464761904761905,9.341809523809523,0.34114285714285714,0.4204761904761905,3.584761904761905,5.021333333333334,0.0,30,6.967619047619047,0.20300000000000012
2020-07-01,2.391772736202587,1.76495454528115,1.7906302851322502,87.13228571428571,20.200000000000003,33.4,0.0,2.2,2.1000000000000014,129.5,1.1454755067825315,13.09000015258789,6341.4803148593,3125.1004032258065,18296.500537634405,891.5532258064517,41042.66794640814,6754.213130576528,914.141715282544,197.93158602150527,67.37553763440859,646.552688172043,11048.031448753143,2028.256528826356,-3106.5783602150536,14181.133064516129,164289.29858870967,36993.133660775566,510.19193548387096,3937.500251658659,53.9238260695493,52.63165322580645,131836.0117607527,12512.97130376344,2561.056048387097,3930.0573924731184,16010.257930107527,7.285,10.200019,27.991234,17.791215,-6.903512066666666,0.3775285,28.16036470319556,2.6895238095238096,1.3023809523809524,0.4005714285714286,0.4684761904761905,9.859428571428571,0.36828571428571427,0.5960952380952381,3.9675238095238097,3.1419047619047618,0.0,31,7.4201523809523815,0.252
2020-08-01,3.457761900765555,2.343476204645066,2.862465096398217,92.79950476190476,4.600000000000001,25.8,0.0,54.89999999999999,19.7,154.0,1.1827620154335383,12.579999923706056,5764.269556451613,4303.755376344086,20939.44475806452,1136.20188172043,40545.12889784946,7452.298521505376,1000.1776881720432,465.2091397849462,207.82983870967743,653.1092741935485,9582.361424731183,2018.7145161290323,-3457.8985215053767,14939.473655913978,163840.68010752686,36483.26088709677,495.7950268817205,3624.1236559139775,50.52909946236559,45.18225806451613,134071.7693548387,11296.470833333333,2682.7415322580646,4146.301142473119,14327.32627688172,6.606,10.066887,26.603947,16.53706,-6.940508933333334,0.3789726875,26.7642577530814,3.622,1.3412380952380953,0.25285714285714284,0.46695238095238095,8.938952380952381,0.35533333333333333,0.5832380952380952,2.7157142857142857,5.183904761904762,0.0,31,6.400028571428572,0.24999999999999997
2020-09-01,4.6284761655898325,2.2802381004605974,3.9550337110080966,98.60477142857144,78.2,83.9,15.4,0.3999999999999986,0.0,45.5,1.179660358212211,13.9399995803833,5739.952152777778,3970.224722222222,22009.522083333333,1173.0593055555555,40102.067291666666,10250.236736111112,1075.6204166666666,365.0270833333333,322.69875,656.2029166666667,9349.124375,2200.485347222222,-3438.9733333333334,12858.742083333334,168684.1207638889,37664.59111111111,508.9645833333333,3678.057708333333,51.82729166666666,47.87236111111111,136501.9898611111,9597.574027777777,2594.27125,4943.956736111111,17640.597916666666,6.147,9.540407,29.316635,19.776228,-6.9775058,0.380416875,29.492800281409927,3.3835238095238096,1.4562857142857142,0.38695238095238094,0.46523809523809523,9.366285714285715,0.44352380952380954,0.5923809523809523,2.3956190476190478,4.967619047619047,0.0,30,6.217314285714285,0.338
2020-10-01,5.971636403690685,2.83622728694569,4.890174141142417,102.48859047619048,206.7,209.9,81.7,0.0,0.0,0.0,1.176976897499778,13.670000076293944,6279.981922043011,4396.247311827957,24096.81975806452,884.8677419354839,34374.22708333333,9543.232997311829,853.8778897849463,309.65309139784944,570.4306451612903,670.5454301075268,11243.87681451613,2167.7540322580644,-3855.0647849462366,15126.89637096774,179294.02224462366,42483.53434139785,525.402688172043,3750.683266129032,55.63198924731183,48.7698252688172,141243.48635752688,5600.195967741935,2603.258198924731,7393.277352150537,25057.060147849465,7.814,8.753523,38.801946,30.048423,-7.014502666666667,0.3818610625,39.03007498218059,3.5245714285714285,1.9203809523809523,0.43657142857142855,0.7334285714285714,10.127333333333333,0.32876190476190476,0.4917142857142857,5.012095238095238,5.210571428571429,0.0,31,5.8806095238095235,0.509
2020-11-01,6.796700048446655,2.8719499707221985,4.832076923880029,102.81913333333333,328.5,261.9,160.4,0.0,0.0,0.0,1.1829515525272911,12.84000015258789,7002.295833333334,2998.288541666667,26102.70930555556,1033.236111111111,41241.69930555556,11940.672222222223,954.8452083333334,315.82472222222225,575.5730555555555,675.1366666666667,10085.208958333333,2280.6306944444445,-3423.2854166666666,17504.699722222223,188895.25257830968,45975.91409722222,523.5109722222222,3752.555625,53.59104166666667,46.87120715130024,155442.80016252954,3776.082847222222,2570.836527777778,6659.263611111111,23000.49548611111,7.69,10.258523,47.46376,37.205237,-7.051499533333334,0.38330525,47.74823342613172,3.5188571428571427,1.9733333333333334,0.3607619047619048,0.6932380952380952,10.436380952380953,0.25885714285714284,0.7075238095238096,4.9932380952380955,5.016952380952381,0.0,30,6.58572380952381,0.621
2020-12-01,9.460590947758067,2.584272709759799,5.856306804255382,94.95821904761904,458.5,380.4,275.0,0.0,0.0,0.0,1.2162494555763577,12.600000381469728,7480.450739247312,2536.74939516129,24260.65564516129,993.6440860215054,42813.50060483871,12158.745497311827,996.2935483870968,337.58239247311826,580.9862903225807,667.605241935484,10351.940120967742,2447.6653225806454,-4273.351747311828,19504.27822580645,196183.96706989245,49242.15288978494,532.3783602150538,4096.618884408602,52.65846774193548,47.22970430107527,160310.24092741936,2306.958938172043,2706.608602150537,6840.983467741935,26735.73064516129,8.202,11.531474,57.417784000000005,45.88631,-7.0884964,0.3847494375,57.75933759133937,3.6504761904761907,2.3420952380952382,0.2732380952380952,0.6522857142857142,11.414857142857143,0.3061904761904762,0.7490476190476191,5.3779047619047615,5.176,0.0,31,5.768923809523808,0.8039999999999999
2021-01-01,13.332315846493367,2.648736840800235,7.298044422562157,78.66529523809524,535.1,446.5,331.6,0.0,0.0,0.0,1.2177854095186509,13.890000343322754,7256.403158602151,3491.012231182796,27263.52311827957,779.0466397849461,45020.09563172043,14919.38817204301,1125.094556451613,474.1185483870967,700.5068548387097,655.4819892473118,11185.64495967742,2406.1360887096776,-4065.489112903226,23677.60309139785,209197.2540994624,51413.88514784946,522.320564516129,4507.983602150538,47.62762096774193,42.21034946236559,174666.90315860216,2648.566935483871,2616.5092741935487,6348.318548387097,25541.94516129032,8.19414,11.854254999999998,64.304962,52.450707,-7.125493266666667,0.386193625,65.02878789848374,3.857809523809524,2.4817142857142858,0.2915238095238095,0.5812380952380952,11.220190476190476,0.2946666666666667,1.395047619047619,3.320666666666667,5.184,0.0,31,6.5958676825396845,0.8480000000000001
2021-02-01,7.356000072077701,2.916999992571379,6.173551748457121,54.1902,504.4,355.7,226.8,0.0,0.0,0.0,1.2098978757858276,13.300000190734863,7315.654761904762,3273.603050595238,24053.26488095237,601.5157738095238,38034.75952380952,12083.239583333332,1077.7856398809524,576.0995535714286,782.8364583333333,667.9061011904762,13034.49456845238,2557.953348214286,-4447.8686011904765,24896.837946428568,205398.3177083333,48426.450892857145,518.4770833333333,4430.767410714286,61.04211309523809,51.78988095238096,164053.22663690476,5194.719642857142,2436.208482142857,7745.880431547618,28404.48869047619,6.9797340000000005,9.511205,53.06425,43.553045,-7.162490133333334,0.3876378125,53.662522390288295,3.132722510857143,2.5619037597142857,0.29149310123809524,0.6581072386666668,10.136048620037142,0.28967289628028575,1.2750546764761905,2.5915853616190474,4.686645411714286,0.0,28,6.704474953405018,0.7090000000000001
2021-03-01,6.386608725008757,2.622043454128763,6.130931018873279,38.848419047619046,413.2,338.6,251.7,0.0,0.0,0.0,1.1914740697197292,13.25,7519.162163978495,3069.8851478494626,22501.05322580645,599.3737903225807,38725.08998655914,10490.23501344086,983.1635752688172,186.6754032258065,516.2096774193549,669.5649193548387,10909.538306451614,2021.66122311828,-3590.443682795699,18806.136559139784,193233.2302176276,46205.97916666667,528.2016129032259,4507.283064516128,58.75295698924732,51.55115963166323,152906.81963938457,8830.44435483871,2643.3673387096774,6114.093615591398,25370.01444892473,7.991314999999999,10.337118,51.20375,40.866632,-7.199487,0.389082,51.78033192884239,3.595229289904762,2.852385196666667,0.32733071714285716,0.7459083073333334,10.60926515218543,0.24044034742638096,1.5141593725714286,3.4597763635238095,5.195573314857143,0.0,31,8.24975542857143,0.5359999999999999
2021-04-01,7.8012857891264415,2.685095242091588,7.156228344299659,32.66688571428571,344.8,341.2,170.2,0.0,0.0,0.0,1.1959596980701794,12.710000038146973,6749.015069444445,1987.0314583333327,22017.414027777777,769.4675000000001,39586.79055555556,9252.70451388889,935.5102777777778,221.5826388888889,435.84277777777777,664.5843055555556,10391.63409722222,1813.5184722222225,-3246.233611111112,15847.878055555557,178844.78361111108,42490.70125,501.2729166666667,4396.696319444444,49.72506944444444,45.643819444444446,142305.919375,11404.060486111111,2574.9275,4674.4840277777785,20465.02611111111,6.854213,9.891577,43.182314,33.290737,0.102145,0.389569,43.6623825863344,3.385092628761905,2.4912275826666668,0.24389468609523812,0.6870682766666667,10.153095169679046,0.2456264598257143,1.6205606338095238,3.473273967142857,5.023042457142857,0.0,30,8.458123809523808,0.525
2021-05-01,9.624849987030029,2.959499990940094,8.900466148179513,32.2321619047619,189.8,221.0,36.0,0.0,0.0,0.0,1.2140247992106847,12.479999542236328,6828.248903283002,3252.4288306451613,17630.56626344086,835.4072580645161,29379.0205259094,7177.3002959849,952.8077227751088,227.42204301075267,407.0317204301076,653.1005376344086,13659.164679135209,1740.318130862503,-3405.92997311828,16753.34690860215,169360.56518817204,40196.6070707504,500.5327956989247,4159.041141901167,55.87090053763441,49.73077956989248,131093.38857526882,12582.42567204301,2599.525940860215,4113.385685483871,21582.42849462365,6.708629,6.943724,32.696104,25.75238,8.240449,0.382403,33.05324602362743,3.571937835809524,2.658939004285714,0.32492765933333334,0.7413019027619048,9.607504859935238,0.4631897103044762,1.6349809399047617,3.705256308095238,5.183198687809524,0.0,31,7.3824,0.428
2021-06-01,11.583363576368852,3.2724090814590454,10.30148031605863,40.63407619047619,6.000000000000002,47.3,0.0,29.4,0.0,53.7,1.2059588649056174,12.289999961853027,7646.385410353536,3118.541452020202,21110.49944444444,823.6009722222223,39969.51801136364,12922.0405239899,1697.6380681818182,362.9695833333333,255.03444444444443,652.9170833333334,20964.24755681818,2771.913964646465,-2437.420416666667,16464.981111111112,231921.292885101,59438.844936868685,493.6943055555556,5570.575460858586,45.43941919191919,41.32371843434344,191637.5390467172,19772.41953914141,2542.676111111112,2887.671212121212,17623.665208333336,5.221569,7.709560999999999,25.589172,17.879611,10.613544,0.313123,25.88245340151603,3.316312631809524,2.3804127773333335,0.18940172104761904,0.700636938,8.512105887608,0.44562635772666664,1.6607425694285713,3.5118709451428574,4.905010777238095,0.0,30,5.849685714285715,0.262
2021-07-01,13.772047678629557,3.815047650110154,12.48223095199557,51.183723809523805,3.3999999999999986,23.599999999999994,0.0,7.5,1.6000000000000014,138.9,1.182492516257546,13.119999885559082,8172.520698924731,2396.347177419355,21594.935215053763,817.8965053763442,44066.74838709677,19077.49650537634,2382.663172043011,408.53145161290325,121.84341397849462,654.7676075268818,23431.510215053764,3008.4348118279568,-2332.339919354839,15850.018279569891,284612.861827957,76206.85725806453,493.6247311827957,6650.507123655913,36.784811827956986,35.69932795698925,232223.36720430103,22832.18373655914,2727.00188172043,3492.811021505376,26064.49758064516,6.148740999999999,8.173345000000001,25.271941,17.098595999999997,9.333241,0.317224,25.559831790447127,3.119092670095238,2.355246044,0.28479452123809523,0.5920111505714286,10.776848280009332,0.5199330978453334,2.092906933904762,3.2866245914285717,3.3776405162857146,0.0,31,5.167980952380953,0.28200000000000003
2021-08-01,16.35727275501598,4.031454519792036,15.42546042307788,61.10919047619047,31.0,46.0,0.0,0.6999999999999993,0.0,134.4,1.1770902872085571,12.40999984741211,8593.240860215054,-398.4251344086021,23493.38051075269,918.8399193548388,35733.38817204301,17377.74301075269,2218.2004032258064,316.10376344086023,331.04193548387093,648.2939516129032,20982.07190860215,3520.502419354839,-2677.386021505376,14916.586424731182,273148.7053763441,77162.74408602151,487.4259408602151,6590.672849462366,37.5010752688172,36.818145161290325,218874.53911290324,20779.37688172043,2836.5783602150536,4962.879032258064,28531.913709677418,6.760222000000001,6.832065,23.607653,16.775587999999996,11.17663,0.29214,23.8741502710842,2.256197286095238,1.9882849519047618,0.29190695447619047,0.5567253142857143,10.41819185234038,0.3944703821981905,2.017706813238095,3.2195044899047622,5.157415019428572,0.0,31,4.510390476190476,0.238
2021-09-01,23.35090446472168,5.114857128688267,23.03932809713421,72.27639047619047,65.2,54.3,0.0,0.0,0.0,31.2,1.177783836017955,13.390000343322754,8976.974166666665,-230.4898611111112,25435.79944444444,764.8909722222222,46890.81916666667,25738.354166666668,1981.478055555556,497.4205555555556,403.3691666666667,662.6177777777777,15896.064305555554,3315.4219444444443,-3229.941527777778,12847.964305555555,280868.24375,78503.85125,489.3958333333333,6675.410694444445,31.17722222222222,30.67569444444444,234092.5745833333,17856.89277777778,2446.2415277777777,3618.103611111111,25300.67125,6.509753,8.308396,26.982625,18.674229,7.498411,0.29948,27.2888264702592,2.8989628475238094,1.9103684657142859,0.2354841902857143,0.6714042831428572,9.972466964001333,0.2138373891610476,1.7033077748571428,2.722478848095238,5.016207474571429,0.0,30,4.854438095238095,0.526
2021-10-01,33.22495278858003,5.570619015466599,31.0500417005762,79.68147619047619,232.3,170.5,75.6,0.0,0.0,0.3999999999999986,1.1600631021317982,14.550000190734863,9458.120564516128,-2613.6381720430104,26299.915188172043,828.674059139785,44166.477150537634,23133.03682795699,2084.9377688172044,445.4157258064516,372.5521505376344,667.6642473118279,13865.384005376343,3534.4092741935483,-4149.692876344087,12116.442607526882,289326.63857526885,79618.85174731183,490.1025537634409,6925.688440860215,35.22997311827957,35.1239247311828,225761.413172043,13002.4061827957,2520.195833333333,7393.299059139786,43169.51948924732,6.87265,8.009134,35.615608,27.606474,2.915572,0.362519,36.021685629719634,1.5038362322857144,2.655126058,0.28363476895238093,0.4168269718095238,12.05999400526438,0.21262766678790476,2.165219682190476,2.913186225904762,5.190768342,0.0,31,5.734733333333334,0.518
2021-11-01,33.63390513828823,5.120238099779401,27.448248526709737,82.00730476190476,362.8,311.7,143.1,0.0,0.0,0.0,1.1417291489514438,12.699999809265137,9948.475972222222,-797.8345833333333,28145.966944444444,866.5529166666668,67449.84777777777,28340.123333333333,2118.509583333333,597.8080555555556,614.3541666666666,659.5544444444444,14586.809166666666,4240.534305555556,-4106.879305555555,14646.3,319501.3755555556,81383.77166666667,508.65333333333336,7177.724861111112,30.7125,30.477916666666665,264321.97527777776,6860.793888888888,2709.04875,6480.99125,41837.6125,7.246996000000001,11.351125,49.78903699999999,38.437912,-10.66967,0.372236,50.35314991474895,1.5098223128571429,2.7260530096190476,0.2930666358095238,0.0,11.854985587561524,0.10107544855161904,1.965210650190476,3.3089836562857147,5.016813716571429,0.0,30,7.028685714285714,0.642
2021-12-01,37.84181811592796,3.863818190314553,38.09338011547406,71.48524761904761,509.2,336.3,294.1,0.0,0.0,0.0,1.1307190449341484,12.850000381469728,10005.935349462368,-1244.6763440860216,29428.308602150537,855.9245967741934,62290.41680107527,27709.15255376344,2145.524193548388,798.2369623655914,894.5294354838709,664.4006720430108,17570.109677419354,4376.479435483871,-4899.697043010753,18076.54731182796,331591.2345430108,82233.95161290323,497.0385752688172,8249.517741935484,33.98293010752688,33.70551075268818,269195.2073924731,5110.136021505376,2712.399731182796,6782.687365591399,50503.19932795699,7.515327000000001,11.65741,57.409345,45.751935,-15.211292,0.377259,58.06319169464855,1.6607220520952382,2.752897056761905,0.2093306337142857,0.0,12.616835183628572,0.3156250836190476,2.3015953220952383,3.2039750733333334,5.179332824380952,0.0,31,7.236228571428571,0.8200000000000001
2022-01-01,28.52974977493286,4.2554499983787535,28.3961126129326,57.18328571428571,459.2,423.5,347.3,0.0,0.0,0.0,1.1325737578528268,14.3100004196167,9753.755241935483,379.1225134408602,27836.85698924731,847.5189516129033,63150.36904975252,25932.62707799966,2252.682669824202,622.9362903225807,787.082258064516,673.8181451612903,18156.521639784944,3885.838037634409,-4292.13064516129,16035.816935483872,171535.23314186218,85512.56693548388,492.0388440860215,8556.607593019286,39.4209185176219,39.75251536808809,136561.44315825813,7584.462096774194,2589.368817204301,7613.472715053764,49195.40069349119,8.061725000000001,11.757682,59.427833,47.670151,-16.824099999999998,0.354384,60.72007657782229,0.47473031238095237,2.866286210666667,0.22807697904761906,1.2195047619047619e-05,12.005339414447619,0.0966159820952381,1.9432179468571429,1.3015862301904761,4.836072992380952,0.0,31,8.300006222222223,1.002
2022-02-01,25.819210654810856,4.4630000214827685,27.37778307114033,39.55080952380953,373.1,297.7,240.9,0.0,0.0,0.0,1.1339954912662509,15.149999618530272,9852.479464285714,297.10796130952383,24411.28958333333,672.9244047619047,40676.09199106703,17528.93702290425,1475.0587932724968,414.83809523809526,705.4653273809524,673.3785714285714,15905.321875,3540.5836309523806,-4787.902083333333,13935.800148809523,167328.42847622352,81448.66428571429,494.5206845238095,7196.736909242491,85.38221617808748,83.77279613232898,122468.07420909322,12314.158928571427,2709.3659226190475,9124.98943452381,33705.98482934397,6.7780000000000005,8.508938,47.350224,38.841286,-8.889134,0.3078039999999999,48.392841773312696,0.9783489755238095,2.652244343714286,0.11180835723809522,0.0,11.153768109838095,0.11289220779704762,1.9766982645714286,1.7031850444809524,4.599575411619048,0.0,28,8.45761124014337,0.7719999999999999
2022-03-01,36.960869664731234,4.979304334391719,42.38797318934461,30.47790476190476,420.4,309.7,254.5,0.0,0.0,0.0,1.1024124985155852,15.130000114440918,9842.406048387098,920.47311827957,29349.96196236559,763.6694892473118,43357.83463638875,22043.368879109777,1542.0188686243887,643.9143817204301,618.550134408602,666.3537634408602,14668.88817204301,3753.839247311828,-4130.461290322581,14193.64946236559,157107.9278950885,73265.84744623657,500.3645161290322,7308.61178535204,59.12928251918501,54.16858148229031,125086.6869750092,18017.756586021504,2832.517069892473,3893.1463709677423,20809.0946851407,7.356,10.204243000000002,46.821691,36.617448,-2.809884,0.33343,47.843341908653095,1.609724009238095,2.8876226895238095,0.1631831942857143,0.0,11.752613019342856,0.2998412647101905,2.273813702,2.9276895828057143,4.961101661142857,0.0,31,10.427561523809525,0.649
2022-04-01,29.222000217437746,6.70460000038147,32.225655785089096,27.99019047619048,295.8,247.2,131.0,0.0,0.0,0.0,1.0827445018859136,12.859999656677246,9475.734444444444,51.98395833333334,24338.11986111111,689.1776388888889,20286.80815176183,10180.42096269733,753.5039008847073,329.3315277777777,518.8898611111111,662.9026388888889,18712.590138888885,3589.0044444444443,-4448.930972222222,13543.3325,144413.2953447725,65671.04819444445,484.6955555555556,4602.929210112337,63.66791657735611,57.64209057971014,107941.6790757272,22832.822638888887,2593.2506944444444,5247.725555555556,22418.46973070202,7.542,8.197576,35.631615000000004,27.434039,7.304784,0.304183,36.385094589006975,0.7530392937142857,2.786389087047619,0.25557477285714286,0.0,11.359676445076191,0.039189668857142854,1.9140149021904762,2.0933795287504764,5.007699217142857,0.0,30,10.48872380952381,0.5249999999999999
2022-05-01,22.69728606087821,8.163476194654192,29.217470497284268,35.59965714285714,87.6,129.3,15.199999999999998,0.0,0.0,23.4,1.0573223991827532,13.850000381469728,8845.20067204301,10.474126344086011,23436.66182795699,704.5373655913978,20508.06138771032,8392.688644665599,768.6701264012812,409.00443548387096,541.3856182795699,644.9915322580645,21599.650403225805,3362.40376344086,-3820.751478494624,13281.66935483871,136325.56661781456,57409.54287634409,487.9818548387097,3861.681694527637,66.73759604452209,62.07895085444581,103771.2829172096,28264.63669354839,2502.759139784946,3931.376075268817,16431.322008754323,7.12,7.601119,26.501011,18.899892,14.975095,0.29905,27.057119070196407,0.17375646047619048,2.7408694542857144,0.2406989858095238,0.0,11.534166165197238,0.132296050218,1.8997984224761906,1.9869731273999998,5.1632509890476195,0.0,31,10.70327619047619,0.3379999999999999
2022-06-01,29.72142882574172,7.597904772985549,33.35020833983445,50.15025714285715,17.0,58.1,0.0,17.9,1.3000000000000007,127.7,1.057669547471133,13.859999656677246,8609.486805555554,488.4797222222223,25356.78819444444,911.465,24302.66595780656,9772.84068806746,636.552413000651,385.26888888888885,411.2530555555556,618.3816666666667,19066.640138888888,3641.3980555555554,-3897.968333333333,13814.997083333334,139168.2812219676,59275.487916666665,462.8077777777778,3626.913072318156,60.46141727481413,56.28194353222325,109173.99551117091,29599.964027777776,2428.508611111111,3217.893333333333,13443.274747040636,6.401,8.115012,24.030344,15.915332,11.737299,0.29536,24.546330479004432,0.12017869761904762,2.6746866151428574,0.1991717420952381,0.0,10.986975719428571,0.06117602685714285,1.6534946508571426,1.2350991127838096,3.1356475316190475,48.638083,30,10.046838095238094,0.23399999999999999
2022-07-01,39.35680027008057,7.186950016021728,51.44629512944727,61.97179047619048,12.100000000000003,10.000000000000004,0.0,20.3,17.400000000000002,192.8,1.0195090543656122,13.760000228881836,8527.536827956988,729.0469086021506,25005.77930107527,865.057123655914,26588.546848922026,10456.416655153876,671.880294347863,344.1323924731183,217.06908602150537,629.5974462365591,15320.281048387098,3752.3423387096777,-4439.897849462366,13588.370564516128,142246.9921158797,58998.69556451613,453.6100806451613,3355.6582655500097,52.69811426485136,44.04870193178406,109998.59634081984,29957.433198924733,2563.4114247311827,4245.794489247312,14785.522040268348,6.74,9.109176,24.578202,15.469026,11.828556,0.301591,25.103889167229323,0.11428283971428571,2.545659945333333,0.20010805742857143,0.0008573190476190475,11.765022099580953,0.08668711257142858,2.423408944857143,1.2673592952428572,1.2363330033333333,177.81049000000002,31,11.417066666666667,0.27599999999999997
2022-08-01,53.216000100840695,8.77947819751242,69.92171728633524,73.78884761904763,2.8000000000000007,2.2000000000000064,0.0,34.20000000000001,10.900000000000002,143.0,1.0127989857093147,12.739999771118164,8556.230510752688,1052.8728494623656,25854.29758064516,847.3145161290323,25761.88939682402,11300.555241241078,609.403003096149,306.4412634408602,306.3258064516129,633.7577956989248,13030.703225806452,3431.804301075269,-4092.414919354839,13124.580376344084,135568.80758479107,58188.97822580645,436.4284946236559,3262.8979656540487,48.8849045813089,41.89883205828188,107497.83848731838,27415.97379032258,2473.8147849462366,2653.834946236559,12749.05174064019,6.417999999999999,8.907813,22.345087,13.437274,12.980949,0.265951,22.816869628325907,0.1513391160952381,2.849306721142857,0.19514133457142854,0.0011383505714285713,11.35641481372381,0.022291183619047618,2.257878386952381,1.2681762749971428,0.9855068976190476,107.482938,31,9.913685714285714,0.255
2022-09-01,46.989190419514976,7.757523854573567,58.555619651419335,85.69306666666667,130.1,92.3,2.6000000000000014,0.0,0.0,31.6,0.9911662963303652,12.380000114440918,9015.644444444444,-1627.725625,25179.549861111107,879.43,23888.91654550828,12255.29244533097,825.9212913711584,480.2298611111111,279.8261111111111,632.9347222222223,13396.206527777777,3649.407361111111,-4470.234305555556,12702.079722222225,135976.83023360922,59562.379166666666,453.0202777777778,3284.9645759456266,53.89315750591016,46.71203007176295,106786.99771722194,20630.269861111112,2497.8975,4995.786805555556,16178.843844562649,7.133,8.144354,24.99758,16.853226,9.305128,0.317398,25.526134144321787,0.06938931466666667,2.963648651904762,0.18656423133333333,0.0021602698095238093,9.935919486095237,0.08678007123809524,2.2083236580000003,1.1538665823314285,0.0,100.916447,30,9.745361904761905,0.32100000000000006
2022-10-01,32.975428444998606,6.084904738834926,39.040409535808,94.38818095238096,165.8,133.0,4.700000000000003,0.0,0.0,0.0,0.9839704036712646,12.729999542236328,8532.989650537635,-950.7641801075268,23982.44193548387,812.9061827956989,29498.485276844003,11276.281726413716,1034.2538172143873,478.8858870967742,355.14274193548385,634.7345430107526,13732.221505376345,3822.952688172043,-5007.0646505376335,10656.247715053763,134345.96189927272,58491.97580645161,457.8138440860215,4114.208343946086,68.7912581905325,65.8702631373671,101996.00038983054,15299.480779569893,2475.5397849462365,6208.577419354839,26083.70980032003,6.782,8.536197,27.992187,19.45599,6.673657,0.34126,28.59254831778492,0.09211003828571429,2.768921277714286,0.28601104085714285,0.0018289554285714287,11.802717120228571,0.030436651714285716,2.1240711535238095,1.243814566142857,0.0,0.0,31,10.449390476190477,0.42300000000000004
2022-11-01,28.37414278302873,6.42976188659668,35.59703969199391,100.97582857142858,370.3,245.9,147.2,0.0,0.0,0.0,1.018546941605481,12.850000381469728,9171.12125,530.9243055555555,26618.545833333334,821.4227777777778,25151.0900924571,12645.870648920209,875.0204103702769,617.6875,477.4931944444445,638.9179166666667,15241.062638888889,4357.179166666667,-5232.835416666667,13984.492083333334,147049.83595111055,64380.50125,451.1629166666667,3851.1256789215,70.94902478142511,70.47895819795689,113685.76152443555,8834.124861111111,2474.54875,7794.62125,25277.269745385554,7.034,8.769363,37.636768,28.867405,-2.308038,0.340168,38.434371539733135,0.18060102171428571,2.553037084285714,0.2734162604761905,0.00045261514285714285,11.08221970324762,1.1046761904761904e-05,1.9531306335238097,1.229616501347619,0.0,555.0827390000001,30,11.675457142857141,0.692
2022-12-01,32.33966682070778,5.768047582535517,35.9837276867796,98.43044761904764,512.6,426.3,200.8,0.0,0.0,0.0,1.0582707036625256,12.880000114440918,9568.43252688172,1049.5289650537636,26240.74825268817,874.5733870967742,28627.33393949265,15263.743502397374,958.9540365156744,646.0525537634409,630.3655913978495,644.219623655914,17507.99879032258,5288.774731182795,-5590.464516129032,16717.721236559137,154455.1234128346,73041.69838709677,444.00994623655913,4576.397663842682,57.99158496038625,52.18897341148949,124795.33004270573,5263.489650537635,2547.1665322580648,6853.527688172043,24063.02098125509,7.4,10.134486999999998,49.401243,39.266756,-10.018877,0.367425,50.45086280460895,0.24099138952380955,3.2402757853333335,0.2973795238095238,6.908171428571429e-05,11.666987648790476,1.460752380952381e-05,2.3298397392380954,1.4899853994171428,0.0,0.0,31,11.738123809523808,0.831
2023-01-01,24.341100120544432,3.42279999256134,20.098845219389176,89.04071428571429,432.4,401.8,303.5,0.0,0.0,0.0,1.0775614109906284,12.109999656677246,9238.657392473118,1464.6520161290323,23632.32943548387,1406.5977150537635,22486.20556645145,12017.864414840413,919.8078759716524,419.6423387096774,503.7443548387096,642.168817204301,19989.11182795699,5873.952553763441,-5174.303629032258,18429.179838709675,158202.32762674944,76789.20685483872,441.4989247311828,4445.495211768368,72.57263594489048,65.63935349586703,118900.98944382693,7188.93629032258,2377.265053763441,7732.29623655914,31738.087865240766,7.19038,8.722214,49.345121,40.622907,-13.785504,0.364016,49.874669955342256,0.2385556099047619,2.184579116952381,0.21396895371428573,0.00015097590476190477,11.478767008940856,0.0,1.8486772805714284,0.9657481399723811,0.0,477.004607,31,11.101834412698413,0.8580000000000001
2023-02-01,16.874579028079385,2.437473673569529,16.59755770828856,76.6546,423.9,336.5,288.4,0.0,0.0,0.0,1.071893221139908,12.130000114440918,9556.219345238094,3118.96212797619,25042.31696428572,1298.4041666666667,27943.448228216817,12597.556657062649,1018.6197469182708,384.4022321428571,510.10535714285714,642.2595238095238,16319.729017857142,4305.248214285714,-4078.8075892857146,15932.080208333336,158778.58383991895,76974.35089285715,447.3351190476191,4610.966609886863,73.14444402228978,66.04505115413419,122731.06224037489,13922.074702380953,2604.032886904762,5459.916666666666,26336.65585106383,6.341945,9.15075,44.366179,35.215429,-11.457457,0.2923949999999999,44.84798471766378,0.23620159733333332,2.3160954442857142,0.19085549533333332,0.00020297447619047618,10.112145446266668,0.0,1.840786080285714,0.9739591266742856,0.0,566.533959,28,9.452750336917564,0.752
2023-03-01,13.594695671744969,2.4077826427376787,13.811497463293792,64.91044761904762,389.5,327.9,194.6,0.0,0.0,0.0,1.0705653999162756,14.0600004196167,8952.675403225807,3231.1694220430104,20230.055913978493,1469.2075268817205,21613.036790919643,10002.983940717924,882.7885261995636,302.615188172043,504.2596774193548,615.5833333333333,18152.26532258065,4624.838172043011,-4762.676747311828,14961.105376344083,170739.4102821399,68812.61102150536,452.6786290322581,4856.8742076728,63.90349612328484,50.648491276517525,122953.56662660994,19273.801075268813,2516.2365591397847,6914.626747311828,27932.54762172168,6.882382999999999,8.409865,41.423981,33.014116,-5.491671999999999,0.2978059999999999,41.86162324195456,0.2484482177142857,2.678185653904762,0.27325811714285714,5.247190476190476e-05,11.293283461971429,0.0,1.9829849714285714,1.4338668138542856,0.0,719.672521,31,9.82925561904762,0.654
2023-04-01,12.338842141000848,2.197263152975785,13.51005980120812,59.80886666666667,308.6,276.9,153.6,0.0,0.0,0.0,1.0958702921867371,13.270000457763672,8052.347916666667,2828.630208333333,18821.511527777777,1294.0190277777776,17947.293308802164,7336.900957037224,608.420184830108,145.36805555555557,298.2023611111111,632.8123611111112,19789.80444444444,4637.169305555555,-5000.886388888889,13025.279444444444,258509.14145518813,65788.64791666667,451.32166666666666,4811.057339725501,67.24393665260374,44.332323109745694,187863.7832348692,26684.606666666667,2504.8040277777777,4894.883055555556,21046.657175967583,6.259836,7.845712000000001,32.45249,24.606778,4.736438,0.328716,32.79381901899427,0.15386913485714285,3.208857494761905,0.2531936751428572,5.676285714285714e-06,10.450537979980952,0.0,2.1035039980952384,1.1192174402047619,0.0,734.521848,30,11.94529523809524,0.508
2023-05-01,10.450863534753973,2.299318194389344,10.239370846137136,64.55714285714286,133.3,166.2,32.099999999999994,0.0,0.0,0.0,1.0878846593525098,13.3100004196167,7408.691532258064,3606.3796370967743,14454.14731182796,1098.6055107526884,15301.264743639507,5513.459913525304,606.371865841052,169.0643817204301,209.1615591397849,640.4529569892474,25155.80698924731,4655.914650537634,-4476.902688172043,13148.765860215057,243076.14684637025,58266.2376344086,432.16706989247314,4397.894595210181,63.42096452046954,47.93651093377845,172244.1301687148,31601.4126344086,2651.5922043010755,4454.691801075269,19079.300471274848,6.010707,6.126338,24.137658,18.011319999999998,9.399417,0.289276,24.397487853392043,0.1331677921904762,2.6076430754285713,0.24389990714285714,0.0,9.130988442524762,0.0,1.7320214002857142,1.1652819365980953,0.0,224.768759,31,11.997552380952381,0.333
2023-06-01,10.610666638328915,2.4746190366290866,10.320269964648658,74.33965714285715,15.499999999999998,34.599999999999994,0.0,3.700000000000003,0.6999999999999993,33.3,1.0838338949463584,13.84000015258789,7102.139305555555,4398.725138888888,15123.15625,807.4694444444444,19263.66916962175,5540.285814125296,543.2708983451537,206.7869444444445,166.47458333333333,620.1334722222222,23777.695416666666,4646.667222222222,-3187.500972222222,13685.516944444444,134545.48578828826,59632.02611111112,431.65777777777777,4433.162061170213,63.06460992907801,45.98024516981521,100406.49022564232,35897.23652777777,2277.280277777778,3702.829444444445,12960.168980496454,5.778437,6.931515999999999,21.72364,14.792124,8.197756,0.285958,21.95751819148193,0.1195596217142857,2.530492611238095,0.21122534704761906,2.0549809523809524e-05,7.942575956028572,0.0,1.7292515620952382,1.053920174204762,0.0,734.290347,30,11.563561904761901,0.20899999999999996
2023-07-01,11.439700174331666,2.636550009250641,9.44483943721968,83.2837523809524,6.099999999999998,30.500000000000004,0.0,16.999999999999996,0.0,177.8,1.1055592128208704,13.970000267028809,7141.0875,3771.7010752688175,14946.5936827957,1089.111559139785,20900.13546320272,5240.403866652108,619.9708666105114,78.24556451612904,50.72069892473118,610.6946236559139,18897.39838709677,4192.000940860215,-3523.572580645161,11225.765591397849,133990.6783430565,63138.06747311827,418.8057795698925,4132.80647735072,69.19155279632287,51.509107677668936,95820.85615848776,35020.656317204295,2778.881451612903,5619.215994623656,17893.840289823424,5.918478,7.392863,22.055752,14.662889,9.494058,0.259973,22.296119482590075,0.07845117523809524,2.842922296952381,0.17043290257142857,6.593047619047619e-06,10.05211485552381,0.04796918361904762,2.391595843142857,1.4075980834428572,0.0,796.996293,31,10.779742857142857,0.22599999999999995
2023-08-01,12.430434766023057,2.645130426987358,11.19284381199272,92.74720952380952,21.1,34.50000000000001,0.0,12.200000000000005,0.0,122.4,1.0914935080901436,14.239999771118164,7371.994758064516,4204.376411290323,16243.244489247312,1359.9041666666667,19729.04877384789,6187.93987080113,579.5754905727473,141.59422043010753,136.08763440860213,601.4432795698925,19140.239247311827,4651.174999999999,-3950.6638440860215,12936.240725806452,130336.08635752687,61824.75873655914,411.2729838709677,3852.545071891816,68.94946603354123,56.211470922483166,96166.48118279567,31967.510080645163,2820.011693548387,3848.840994623656,16371.936323955815,5.535925000000001,7.244569,21.279236,14.034667,8.575141,0.300717,21.508553444924743,0.1404135922857143,2.8582286200952383,0.14217070085714287,4.247238095238095e-06,9.470612343041905,0.0,2.519253551238095,1.4260793397485714,0.0,218.708278,31,9.676133333333334,0.244
2023-09-01,13.919200038909912,2.6956499934196474,11.591126744251554,100.6699619047619,19.90000000000001,29.5,0.0,1.1999999999999993,5.400000000000002,45.3,1.0685271819432576,13.65999984741211,7462.19,3918.942569444445,18221.454027777778,1449.497361111111,20238.44736482016,7088.890259111754,610.6502253804855,134.8148611111111,107.46833333333332,630.8366666666666,17169.015555555558,4394.728472222222,-3886.823472222222,10790.1775,132283.07493055557,64927.61583333334,417.07416666666666,3854.3427705791087,62.2120127842437,49.79665281901149,98822.75243055556,29179.24111111111,2744.42625,4077.699027777778,17009.44335455485,5.377390999999999,7.443515,22.794473,15.350958,3.437669,0.266092,23.041862225925183,0.08885088571428572,3.051686632190476,0.18382642914285713,0.0,5.807830631536286,0.0,2.452102301904762,1.3441384496514286,0.0,765.869391,30,9.153266666666665,0.279
2023-10-01,16.30113632028753,3.1491818102923306,14.57781928207573,103.92946666666666,183.7,148.4,0.1999999999999993,0.0,0.0,3.1000000000000014,1.056465744972229,14.710000038146973,7375.72002688172,2627.664045698925,19049.27715053764,1076.4235215053764,18857.258193503625,7515.54928625012,632.9628314831946,112.54879032258064,233.6521505376344,636.3271505376345,15773.15940860215,4813.65120967742,-4749.215994623656,13767.63817204301,138530.73865264564,66288.76666666666,435.5159946236559,3538.5384477775124,68.75744500147547,53.5317851085317,99319.53590025628,17872.281182795698,2779.639919354838,7851.920295698925,26085.829264229986,5.472504,7.058033,27.9081,20.850067,4.302926,0.337747,28.207643247228603,0.245555004,2.818585422,0.19948191142857144,0.0,10.231463363742858,0.0,2.5567618144761903,1.3402555074961904,0.0,224.14145,31,10.103933333333334,0.3430000000000001
2023-11-01,17.01819047473726,3.0499999956651167,14.47879270368776,107.921,375.0,309.7,126.7,0.0,0.0,0.0,1.080629912289706,14.210000038146973,7971.211388888889,3090.563541666667,21280.693194444444,1374.9583333333333,19323.76158013413,8857.472593085107,651.6100475382876,281.39500000000004,452.6131944444445,636.8601388888889,24205.362916666665,5713.009861111112,-4535.196805555556,19492.22638888889,152358.74800197862,69160.63152777778,448.6411111111111,3757.451406298181,64.98106851937506,53.398818031144,111466.3848548155,10511.046527777777,2661.967222222222,8078.105138888889,31425.553498496763,5.361508,7.619308,39.727989,32.108681000000004,-4.198969,0.3259599999999999,40.151875038143714,0.25211574552380955,2.5601889775238096,0.29081416657142856,2.8503142857142848e-05,10.926872429980952,0.0,2.3448654283809525,1.3217470212285714,0.0,593.552941,30,11.902561904761905,0.8760000000000001
2023-12-01,14.032349872589112,2.5388499975204466,11.495187762109916,102.9087714285714,445.6,321.0,240.1,0.0,0.0,0.0,1.091428206080482,15.289999961853027,8349.23252688172,-68.96747311827954,20530.030241935485,1362.9442204301076,21860.87358972751,8428.936506214031,646.6320486617376,368.7116935483871,516.2309139784946,635.3772849462365,24041.71639784946,5692.681989247311,-4815.711290322581,19503.316666666666,157644.91727493273,75759.51545698925,447.55013440860216,3912.5138347159054,75.6561087788714,69.5170196374641,116165.7213607822,7810.763709677419,2642.115725806452,9337.396505376344,32361.33884967108,5.7710740000000005,8.548411,46.387897,37.839486,-10.167796,0.4016619999999999,46.88879158235887,0.27012086733333335,2.675094207238095,0.16766838647619048,0.0,11.930820793580953,0.0,2.323382229904762,1.7406473231628572,0.0,739.12372,31,11.22469523809524,0.7330000000000001
2024-01-01,10.32071422395252,2.714999993642172,9.565056961745514,93.60223809523808,520.4,403.7,266.3,0.0,0.0,0.0,1.091784093690955,14.470000267028809,8664.244758064517,1690.6516801075268,19906.817204301075,1274.2389784946236,25440.46102001333,16785.12620967742,727.6966798215511,423.3969086021505,629.7989247311828,635.8759408602151,23860.599059139782,6029.999462365591,-4069.0938172043006,20163.686559139784,168205.508746528,82258.88991935484,460.39502688172047,4454.4227733057805,67.0180420856833,57.549457759370135,124954.80829297268,9997.372715053763,2522.939919354839,9346.369489247312,33195.6330185735,5.895092,9.7905,54.017605,44.227105,-17.793682,0.3386909999999999,54.55617712466046,0.28530866504761904,2.2964596910476187,0.1638795499047619,1.2594285714285713e-06,11.899930918819049,0.0,2.273044891238095,1.383994355352381,0.0,739.8989,31,10.920421968253969,0.8109999999999999
2024-02-01,8.931599998474121,1.7955000042915343,8.18280458849205,75.67618095238096,331.4,276.7,210.7,0.0,0.0,0.0,1.0793820846648443,13.220000267028809,8866.65790229885,3424.7543103448274,18524.28175287356,1449.2853448275862,20023.54018468437,14124.219827586208,693.7642772701765,265.87844827586207,491.2889367816092,641.3617816091954,22671.15215517241,5593.517959770115,-4699.282902298851,17815.212212643677,157341.4091138002,77370.71063218391,466.5125,4179.024978778856,72.09666084418207,61.717605324498,111858.783299338,14555.86106321839,2766.125,9520.83275862069,33277.468795011104,5.434586,7.735964,40.288361,32.552397,-7.756708,0.284519,40.68896374570576,0.23397739571428572,2.1530318201904763,0.13766911914285712,4.830380952380952e-06,10.63041409700762,0.0,2.217586626952381,1.229453399044762,0.0,473.947086,29,9.931235879160266,0.5720000000000001
2024-03-01,8.950799942016602,1.747299998998642,8.560204568245927,67.64241904761904,324.40000000000003,296.1,166.5,0.0,0.0,0.0,1.0874032065981911,12.850000381469728,8686.88319892473,4562.5113575268815,17754.603360215053,1350.2595430107529,18248.69922888682,12920.42755376344,618.879171569108,216.6393817204301,397.5614247311828,638.6168010752689,24991.79005376344,6105.17809139785,-5180.477956989247,19962.324059139784,148505.6901001644,68953.2818548387,460.7095430107527,4313.384602657123,73.33601578586136,61.63572062505682,108133.82919090954,22949.72217741936,2772.792876344086,8017.905779569893,24209.144636524823,5.7048000000000005,7.273595999999999,38.160085,30.886489,-4.205968,0.269549,38.53799315739754,0.2409286576190476,2.8551062585714284,0.17112673152380953,1.956761904761905e-06,11.547475519828572,0.0,2.479991440190476,1.4609476461514286,0.0,722.668448,31,10.311875428571428,0.545
2024-04-01,10.052363699132746,1.7912272702563892,9.102480665412,63.72486666666666,214.6,238.2,93.6,0.0,0.0,0.0,1.0730683586814187,13.779999732971191,8198.652361111112,2797.128888888889,13678.865138888888,1334.729027777778,13199.09213336357,10141.4475,565.1823369619,137.0513888888889,408.0434722222223,625.4252777777779,26099.44597222222,6237.493472222222,-5398.369166666667,16868.141527777778,138121.2353685502,62919.23833333333,451.4354166666666,4599.397750011454,67.25324853162167,55.17751723816375,93868.0350291654,32122.310833333333,2441.92875,8021.374583333334,23955.00426614757,5.272057,5.46098,29.360782,23.899802,3.571665,0.254579,29.65152293143102,0.1996545362857143,2.9623179040952383,0.21205048104761906,0.0,10.460214822609524,0.0,2.1970716019047623,1.318683178444762,0.0,672.138068,30,10.488838095238094,0.389
2024-05-01,11.100181796334006,2.4179999990896746,10.073104068115423,67.5182380952381,49.0,123.6,19.5,0.0,0.0,0.0,1.0804063703702844,15.390000343322754,8085.764516129033,4069.0354166666666,13582.296774193548,1151.8024193548388,12553.98759329401,8325.55497311828,538.9602891210403,166.1263440860215,246.41290322580645,607.4254032258065,27772.04099462365,5918.054569892473,-5458.427956989247,15828.4186827957,129127.59390721204,61505.8813172043,442.1766129032258,4243.313009140522,59.041085149050005,48.46530994066927,90439.5350430663,38862.411559139786,2690.466801075269,4891.280241935484,16751.535181231033,5.281551,5.035936,22.919157,17.883221000000002,7.9582,0.2411819999999999,23.14817585111681,0.16050879819047617,2.876309803714286,0.14017223047619048,1.6666666666666667e-08,9.861545225424571,0.0,2.508084372,1.5191007735085715,0.0,692.613097,31,9.129733333333332,0.31299999999999994
2024-06-01,12.29963157051488,2.809578958310579,10.866471790594815,75.76521904761906,38.8,85.1,0.0,5.800000000000001,0.0,58.0,1.0770424127578735,14.8100004196167,7808.9775,4378.627083333334,15471.6525,1304.12875,14132.137098108746,8310.924583333333,423.5407417257683,169.39708333333334,97.99305555555556,599.485138888889,27098.740972222226,5942.735138888889,-4902.774861111112,14343.672083333331,133092.19720740765,63257.40708333333,468.36625,4414.33461751379,64.03507092198582,51.58424822022035,93889.24474217056,40698.98138888889,2563.030555555556,5076.843611111111,15829.538803191488,4.368601,5.088455,20.787871,15.699415999999996,8.260343,0.25653,20.998426734053105,0.09194141457142857,2.666992557142857,0.063951022,0.0,10.275636465856952,0.0,2.206334538857143,1.619054076890476,0.0,665.259493,30,8.042609523809523,0.2330000000000001
2024-07-01,12.313227263363926,2.208681805567308,10.335494874673806,83.9587238095238,10.4,36.10000000000001,0.0,15.0,0.5,191.8,1.0841466965882671,14.5,7541.729704301076,5394.708064516129,16543.847177419357,1463.4893817204302,18276.39293092401,7668.128091397849,422.5020952489896,148.4606182795699,60.248521505376345,613.7450268817204,23894.71518817204,6091.876747311828,-4564.300940860215,13580.827822580646,138855.73963101668,68824.4001344086,488.7922043010752,4576.08519593295,53.05660719199997,40.42819162098047,99276.9494722214,43609.07244623656,2977.2237903225805,5075.786155913978,15210.41080796024,5.012211,6.263989,21.784466,15.520477,7.783384,0.249504,22.00529873307176,0.18075298476190477,2.5787638437142855,0.06619243666666666,1.3964380952380952e-05,10.847226258019047,0.0,2.5886634673333333,1.5792768333676193,0.0,200.000209,31,8.134409523809524,0.234
2024-08-01,13.304909099232066,2.0856363664973867,12.37922480836012,92.3160380952381,0.0,15.599999999999993,0.0,20.9,2.3000000000000007,198.2,1.1014740738001736,13.1899995803833,7620.471505376344,3776.114919354839,16085.08696236559,1450.3370967741937,18291.85129118051,9004.778897849461,602.6492350148707,89.35766129032258,25.419489247311827,589.5337365591398,17370.206586021504,5221.953763440861,-5022.375,11958.848252688173,134870.73595159955,69354.87607526881,496.1220430107527,5622.534882400802,70.82290093800046,54.11708657246412,95943.64066412389,41696.4064516129,2780.46814516129,4895.485215053764,15613.00558653626,4.868245,6.132809,20.288259,14.155449999999998,8.737775,0.287074,20.49708391860644,0.10962833695238094,2.5433495304761906,0.07834990838095238,0.0,10.573524588596475,0.0,2.2408087602857143,1.4177370379990475,0.0,201.672424,31,7.122285714285714,0.22600000000000006
2024-09-01,13.40994997024536,2.409250020980835,11.744566356882387,100.76664761904762,64.60000000000001,95.2,6.100000000000001,19.1,0.0,39.3,1.1102232138315835,13.960000038146973,7973.745694444444,3666.9468055555553,15807.361388888889,1201.4731944444443,17510.425558510637,10220.169583333334,603.1562544326241,176.2736111111111,49.53722222222222,602.7256944444445,18596.84555555556,4787.054027777778,-4858.979305555555,12506.076666666666,139156.25514693742,66928.92458333334,512.5673611111112,6936.894898108938,61.28652039007092,47.41096395410873,96737.09174905176,31249.17555555556,2707.865138888889,6446.174861111112,21898.32980053192,4.670194,6.177105,23.329132,17.152027,2.029935,0.262739,23.56427209582634,0.2299622344761905,1.8258807214285715,0.0641978681904762,0.0,7.423052505648571,0.0,2.393605161047619,1.6953270052961906,0.0,731.549805,30,7.791838095238094,0.31000000000000005
2024-10-01,13.34386962393056,2.5769565209098486,12.920730096964942,103.04961904761905,203.1,182.5,16.500000000000007,0.0,0.0,0.0,1.0907826890116152,12.739999771118164,8468.364516129031,3825.53313172043,18724.720161290323,1083.969758064516,17404.06568576985,13064.411424731185,594.4887923617122,158.6141129032258,172.5146505376344,606.7040322580646,23901.89516129032,5635.109005376345,-4180.654301075269,14982.87244623656,139704.4482224678,68952.1869623656,536.4221774193549,6429.304491265337,74.6207029035242,59.500628434911626,102708.67384860512,20244.3688172043,2820.0092741935487,6840.581720430107,23440.12500857927,5.360213999999999,6.751389,29.322717,22.571328,1.5496800000000002,0.312803,29.61197134767531,0.17032934819047618,2.9703752324761905,0.09390569704761904,5.598666666666667e-06,10.52731578752381,0.03335697790476191,2.583671527142857,1.5488604873666667,0.0,205.154749,31,8.671504761904762,0.44100000000000006
2024-11-01,14.115700006484984,2.982000005245209,13.91411738689727,104.0702761904762,380.3,293.9,164.8,0.0,0.0,0.0,1.0641916933513822,12.109999656677246,9545.497083333332,3102.2970833333334,21740.56097222222,972.1945833333334,33157.32261886779,17294.895416666666,1068.4427407649405,164.0834722222222,258.655,476.2030555555556,17157.868055555555,4735.218611111111,-3889.944166666666,14741.498055555556,153387.67081940224,73929.76277777778,545.5879166666667,7222.937145729303,56.06287264345999,47.59927230385372,116779.69975451706,12969.004166666668,2822.220277777778,7290.084166666666,26639.200938527807,5.240871,10.046883,44.055588,34.008705,-10.573648,0.303075,44.49169838679496,0.2233684083809524,3.0055321758095235,0.1359961421904762,1.945780952380952e-05,10.874839817533333,0.014257440000000001,2.5418719096190476,1.7026695564190477,0.0,753.86161,30,9.31595238095238,0.725
2024-12-01,14.341761861528669,3.406619049253918,13.865452519844943,93.00277142857142,443.5,321.5,305.6,0.0,0.0,0.0,1.0474036444317212,13.260000228881836,9781.851612903229,1707.0102150537634,19837.40698924732,1185.4122311827955,27088.435618946845,16010.037096774196,502.4494107946313,202.83844086021503,292.67163978494625,137.55268817204302,17414.279838709677,4867.257392473118,-4487.719892473117,13973.832392473118,158736.06717867934,80619.80994623656,538.9522849462365,7186.565002440809,74.32450764508502,56.90390959220301,117042.32829777738,10337.71129032258,2853.2658602150536,9017.405376344086,32101.00330444978,5.667095,10.166595,49.915175000000005,39.74858,-15.664605,0.303833,50.41981797366048,0.28131954057142855,2.714810276095238,0.08861037514285715,0.0,11.277324803438097,0.0,2.630100054857143,1.528029047835238,0.0,622.833125,31,10.325914285714287,0.853
2025-01-01,14.160428546723866,3.7213809490203857,14.678993853817648,78.48674285714286,488.6,431.1,252.3,0.0,0.0,0.0,1.0353535251183943,14.010000228881836,9736.15551075269,2753.2628360215053,21562.5498655914,1190.424059139785,27828.505809597344,17108.320430107527,576.0740748684511,237.2860215053764,335.1690860215054,107.01922043010752,19059.605376344083,5462.202688172043,-4896.471102150537,17428.432795698922,287326.73376226734,84966.88225806452,586.963440860215,5263.641052818347,73.02224462365591,39.134597740296215,218359.5547050729,11604.242876344086,2360.222177419355,7942.618548387097,31792.810096373825,5.670107,11.417433999999998,54.480866,43.063432,-18.790223,0.3129309999999999,54.93109466,0.21567503476190475,2.8665612422857145,0.04228171142857143,0.0,11.235568751180953,0.0,2.4201346934285715,0.04599999844476191,0.0,648.519602,31,11.089042666666666,1.533
2025-02-01,14.403157936899284,3.740947372034976,15.361218417143412,58.0705619047619,486.9,352.1,231.0,0.0,0.0,0.0,1.0412747621536256,14.020000457763672,9863.768898809523,2737.917038690476,23845.650892857146,1167.9785714285715,29682.70626424772,19830.85744047619,496.3660809270517,401.93318452380953,302.9037202380952,22.64925595238095,18706.559970238093,5638.115922619048,-4227.376190476191,19760.93184523809,299694.2408482143,81157.20252976191,615.9357142857143,4895.278834219857,84.6039877786221,39.545163690476194,235318.05691964287,20011.56532738095,2568.053125,7753.212648809524,21803.61175911854,5.112659000000001,10.421093999999998,48.522476,38.101382,-16.723706,0.304253,48.93278076,0.12954119028571429,2.649462422190476,0.0353871440952381,0.0,9.87734328832381,0.0,2.392589752095238,0.2961797699704762,0.0,674.405302,28,10.705186752688173,1.322
2025-03-01,13.497333299546014,4.137476239885602,13.221147798931575,41.74455238095238,365.3,303.2,178.2,0.0,0.0,0.0,1.079843663033985,18.850000381469727,9538.670698924732,2856.3183467741933,19386.201209677416,957.901747311828,21200.937237897007,13808.762634408602,671.2582489704873,243.49220430107528,276.8861559139785,21.366397849462366,17210.910483870968,5597.213306451613,-5680.821505376344,16221.73884408602,191765.5396828336,73741.93642473119,648.17311827957,5885.666943144858,72.00783940347945,53.6530976454322,136181.2964684299,30136.879301075267,2510.2439516129034,5603.583870967742,24117.937975590103,5.600177,8.456689,39.715655,31.258966,-4.5850100000000005,0.288112,40.04821155,0.24070908619047618,2.7166901791428573,0.15164911057142857,0.0,11.047501155028572,0.0,2.4345511850476194,0.28059415142761907,0.0,267.01493800000003,31,12.61529942857143,1.308
2025-04-01,12.224381038120814,3.425761881328764,11.524144880946691,36.91957142857143,184.1,171.1,94.2,0.0,0.0,0.0,1.1186732709407807,18.229999542236328,9189.914583333331,3523.007013888889,14950.213472222222,1292.1694444444445,15314.443244231164,10702.458472222224,618.9533023049645,234.28347222222223,180.47666666666663,19.90833333333333,19971.16652777778,5696.717777777778,-6263.485138888889,15517.286805555555,133685.4961111111,62534.48277777778,641.5387499999999,9138.663319708176,67.28274334463974,54.57559943211019,92606.40951388888,39118.37416666667,2629.1077777777778,4295.489722222223,19734.665569495835,5.361346,6.11693,27.846258,21.729328,5.563151,0.268991,28.08004058,0.046948229333333334,2.611422968,0.13503552704761904,0.0,10.559267093009524,0.0,2.190331086857143,0.28182603241904763,0.0,672.37512,30,12.434714285714284,1.0299999999999998
2025-05-01,11.828238123939151,3.460809560049148,11.619363110145136,42.95447619047619,135.0,98.6,14.499999999999998,0.0,0.0,4.100000000000001,1.1274955489418723,16.09000015258789,8489.849999999999,2210.271102150537,11480.822177419355,1205.53938172043,12839.10552219172,6666.665591397849,515.986164493251,114.2685483870968,120.87217741935484,55.627822580645166,22052.52244623656,5933.330107526882,-5705.783198924732,13176.911827956988,127965.94119623656,58728.25806451613,597.3788978494624,8213.589803142419,61.393997369023104,47.97828300160147,83857.63595430108,43946.69583333333,2558.217876344086,6375.678494623656,18973.054941660943,5.174196,4.964872000000001,22.953609,17.988736999999997,9.673858,0.2602919999999999,23.14985509,0.1345959196190476,2.6532360643809523,0.10892175247619047,0.0,9.58805945642857,0.0,2.3901265232380955,0.46781569252380956,0.0,759.279905,31,12.665742857142856,1.05
2025-06-01,13.05044994354248,3.643649995326996,12.282624700769048,52.79011428571429,13.8,28.8,0.0,11.000000000000004,16.6,158.7,1.1516502300898237,16.790000915527344,7841.853888888889,2635.157152777778,10516.99861111111,1144.2576388888888,16058.762885638298,6840.251666666667,619.2609736997636,84.67777777777778,61.38819444444445,602.4019444444444,20423.62652777777,5524.201944444444,-5864.884305555556,12469.985138888887,134633.6446527778,62124.01722222222,625.8754166666666,6310.639914561036,72.45500591016548,57.51855939716312,87390.75673611111,50410.115,2483.041944444444,6367.361111111111,18863.728127955084,4.893076000000001,5.46261,19.888524000000004,14.425914000000004,10.890512,0.229202,20.05992924,0.2007664935238095,2.610069866,0.04917271714285715,0.0,9.159479404695238,0.0,2.151629904095238,0.4389224905047619,0.0,831.406291,30,12.133809523809523,0.7650000000000001
2025-07-01,12.524545366113836,3.306130429972773,11.630756897860508,63.88050476190477,10.1,2.1000000000000014,0.0,14.999999999999996,15.2,164.5,1.1694608719452568,17.010000228881836,7704.003360215053,3839.175940860215,15659.84139784946,1174.3986559139785,19458.516173203425,8486.032795698924,786.8419171829945,19.251344086021504,35.07258064516129,142.00577956989247,16724.17432795699,5111.532258064516,-5229.143817204302,13894.577284946236,138132.51444830303,66958.78172043011,514.475940860215,7557.904548247452,77.555700304875,51.6273717336596,95755.29313577384,47369.69086021506,2490.010887096774,4774.746505376344,16217.37006262869,5.355193,6.829354,21.48488,14.655526000000002,10.249163,0.236514,21.6681988,0.11506047828571428,2.486819555238095,0.043448979428571434,0.0,10.724571720857142,0.0,2.6077111265714286,0.5746597255619047,0.0,871.889422,31,11.181619047619048,0.9720000000000001
2025-08-01,11.62395241146996,2.888523817062378,11.151391586328026,74.41727619047619,22.100000000000005,11.699999999999996,0.0,9.7,4.800000000000001,157.2,1.163811757451012,16.09000015258789,8045.659946236559,2811.948252688172,12498.197849462364,1217.2520161290322,16794.78633893846,7823.967473118279,704.0003760581103,0.1233870967741935,83.05551075268816,13.828629032258064,15187.880913978495,5575.065456989248,-5676.212231182795,12461.948387096772,131524.70267803856,66374.94301075269,474.6456989247312,7593.467290110705,78.52969429192405,54.27557922522952,89161.22300600301,45987.23897849462,2437.818951612903,5548.2193548387095,16146.061348947607,4.795065,6.1265670000000005,19.767459,13.640892,9.526755,0.234644,19.93661359,0.04792076819047619,2.6879974035238097,0.019490673714285714,0.0,10.290271098038096,0.0,2.563470113142857,0.5425807159314285,0.0,265.029553,31,9.507504761904762,0.964
2025-09-01,11.313095183599565,3.0097618897755942,11.124610441162185,84.56257142857143,81.7,90.9,0.0,0.0,0.0,32.099999999999994,1.1734681129455566,19.65999984741211,8496.264027777777,2946.6689583333336,13620.685,1225.892916666667,17397.165833333333,8738.864722222223,433.58875,80.61638888888889,96.10333333333332,551.2786111111111,14742.34888888889,5415.743055555556,-5593.826527777778,12006.93375,137150.49320682583,67851.71083333333,498.5734722222222,6135.952679816866,79.87715277777778,57.91571908298215,93038.47601047128,35919.938749999994,2315.5516666666667,8410.590694444445,21204.70618055556,4.706399,6.387723,22.515531,16.127807999999998,5.670554,0.222852,22.707066309999995,0.07721557571428572,1.772095612285714,0.0407567079047619,0.0,8.258250703533333,0.0,2.595556577619048,0.6081684901742858,0.0,840.849545,30,11.162809523809523,0.998
2025-10-01,11.11156521672788,3.3532608695652173,10.895297392110022,89.76528571428571,240.2,176.6,33.10000000000001,0.0,0.0,0.0,1.1644964218139648,19.96999931335449,8962.021774193548,1449.4436827956988,16004.577688172045,1225.0610215053764,21935.519999425785,11003.540994623658,701.5908756328768,181.8704301075269,210.7548387096774,403.6668010752688,13943.406451612902,5000.612634408602,-5076.099731182796,12640.340188172044,180216.0282008256,67431.26465053763,512.6400537634408,7379.952197024821,76.98860675510383,52.23415227718612,121194.37516376318,24226.33965053764,2946.527553763441,9458.237231182797,28686.0766584328,5.392008,8.204924,32.79683,24.591906,0.5697089999999999,0.284281,33.0746583,0.22982193276190477,2.6594748446666667,0.15596928876190475,0.0,10.393574369180952,0.0,2.7668075500000002,0.5705140590171429,0.0,891.8240059999999,31,12.450104761904765,1.206
2025-11-01,11.246420960677298,4.46726309625726,10.451956265258335,90.06662857142858,383.6,257.9,173.1,0.0,0.0,0.0,1.1557414472103118,16.829999923706055,9836.89847222222,1259.4256944444446,18851.746944444443,1235.810277777778,29383.756360791576,14705.990694444445,748.954806093717,213.8998611111111,251.13,40.62694444444445,17155.935555555556,5040.335416666667,-4730.995277777778,15548.113888888887,304815.5919444444,76028.22416666667,543.7431944444445,6763.484505707014,79.19918581464184,40.79194444444444,225465.68194444443,16095.824027777777,3011.9698611111107,10242.38375,30476.449670364123,5.24559,9.554394,42.215961,32.661567,-8.072729,0.316586,42.57446061,0.15212087104761907,2.540959019904762,0.1403911076190476,0.0,10.788004395514285,0.0,2.647819803714286,0.5663461711895238,0.0,784.149532,30,12.320514285714284,1.3659999999999997
2025-12-01,10.23554533178156,4.394227277148854,9.478225338745585,81.34178095238096,461.4,317.9,276.5,0.0,0.0,0.0,1.17070411010222,13.899999618530272,10053.593951612902,1185.1032258064515,17041.40927419355,1235.202284946237,29988.26813229238,12852.880510752688,620.8476178220087,151.7018817204301,246.3372311827957,42.18655913978495,17285.52930107527,5293.831989247312,-4096.664247311828,17610.704166666666,315359.17217741936,83058.87311827956,552.1516129032258,7729.74759429747,83.29082303820636,39.98333333333333,237014.9479838709,11451.238440860216,2993.6193548387096,11205.073252688171,28221.482546900024,5.341763,11.087836,49.19915400000001,38.111318,-14.427444,0.312422,49.61920554000001,0.26719475895238093,2.320472373142857,0.04270626228571429,0.0,11.343413563285715,0.0,2.7464776463809524,0.5940008373285715,0.0,886.875461,31,12.528409523809522,1.434
2026-01-01,10.430999946594238,4.267950010299683,11.75080596861837,66.92565714285713,626.1,395.8,279.2,0.0,0.0,0.0,1.1737959384918213,13.369999885559082,10272.854166666668,297.533870967742,20791.14139784946,1158.661559139785,35695.62993737131,17245.043010752688,750.1085063486616,351.4241935483871,518.9939516129032,41.58682795698925,16113.549596774194,5802.1006720430105,-4453.75376344086,20591.44704301075,347120.3360215053,81509.89032258064,564.0075268817204,7555.037767095715,73.78875400366049,38.66975806451613,262409.9017473118,11803.985887096776,2838.190456989247,11406.325,31178.066759608784,5.303800000000001,13.379902,58.795728,45.415826,-22.625359,0.34743,59.29705528,0.31070877104761907,2.8395177845714286,0.03132798647619047,0.0,11.082180012980952,0.0,2.6746340732380953,0.632263938772381,0.0,723.807682,31,12.581609523809524,1.603
2026-02-01,10.820947446321188,3.1292631375162223,11.264914682273528,44.10109523809524,482.6,280.6,197.0,0.0,0.0,0.0,1.1827834963798525,13.229999542236328,10623.85,-1043.7422619047618,19787.95461309524,1084.669642857143,28066.385475024963,15519.22857142857,661.120514766737,378.4784226190477,466.3309523809524,484.16919642857147,19863.665029761905,5979.35744047619,-4963.925744047619,22086.149404761905,328663.45357142854,78993.20997023811,570.968005952381,9562.107291666664,80.73636061578851,43.97991071428572,239812.27336309524,18108.245089285712,2871.883482142857,12258.944940476187,30449.0558296132,4.896623,10.031214,44.934201,34.902987,-11.540527,0.296951,45.31489301,0.27802667476190474,2.619551303238095,0.038157762761904766,0.0,9.767837022428571,0.0,2.4282048767619044,0.5970041384980952,0.0,415.151149,28,11.707361904761903,1.291
2026-03-01,18.26499990983443,3.0393636551770298,17.921295455870908,32.6186,337.8,282.3,194.3,0.0,0.0,0.0,1.156709226694974,12.109999656677246,9311.210080645162,407.8130376344087,18649.11680107527,1000.6770161290324,19521.77370338176,13204.753360215054,607.7156302863528,100.6755376344086,199.3912634408602,625.5205645161291,18765.92728494624,6229.63561827957,-5733.375134408601,17086.55551075269,296742.0482526882,72030.03938172043,528.9209677419354,8413.675296388199,83.07849740913399,47.45967741935484,203101.9510752688,35529.57715053763,2839.069892473118,7620.599059139785,26225.78889146176,5.357768,7.64738,37.857097,30.209717000000005,-2.0366,0.30119,38.17412797,0.14528628504761903,3.000708016,0.03542215542857143,0.0,10.912129143838095,0.0,2.7117734884761906,0.6166140624647619,0.0,412.691369,31,13.376542857142859,1.344
2026-04-01,17.817285719371977,2.679380950473604,15.408819856210208,30.08833333333333,258.9,177.2,48.1,0.0,0.0,0.0,1.1687387173826045,11.949999809265137,8835.644027777777,727.1125694444444,13186.266388888887,1041.4106944444443,16469.882766394316,10374.466666666667,1238.2358722222225,76.13541666666667,152.0225,613.935,18087.92347222222,5950.1125,-6583.539027777778,13159.861527777775,270033.6068055556,65068.53694444445,549.6402777777778,8620.58688271605,78.39769414504529,51.00277777777777,174820.24527777778,46615.57208333334,2844.0525,6428.446388888889,21690.70508201853,4.993069,5.762429,28.00361,22.241181,4.505502000000001,0.2889649999999999,28.2419261,0.153292096,2.9038158392380953,0.010435367333333334,0.0,10.11954169544762,0.0,2.1894885077142856,0.022225976597142857,0.0,477.737193,30,12.429057142857143,0.986
2026-05-01,17.74749994277954,2.936900019645691,16.20322701226557,35.7114,106.7,109.4,21.90000000000001,1.5,21.200000000000006,24.8,1.1681677103042605,12.25,8615.656720430108,2352.7375,12712.983467741937,1051.9032258064517,15125.72712245813,9243.766397849464,514.9351820214921,85.37163978494623,108.56236559139784,585.2694892473119,18175.040860215053,6085.314247311828,-6934.629569892473,12971.510483870969,256800.3317204301,59241.1561827957,528.0584677419355,8025.668215565796,71.35072152095994,51.44932795698925,165951.2126344086,52119.53696236559,2684.033198924731,5038.189247311828,17268.1637499254,4.92238,5.430331000000001,23.458103,18.027772,8.233319999999999,0.203466,23.65658403,0.15791487495238096,3.072701483238095,0.04640465847619048,0.0,9.339341017733334,0.0,2.4717562192380953,0.03549460266761905,0.0,730.330299,31,11.481333333333335,1.0110000000000001
