Date,JKM(USD/mmbtu),HH(USD/mmbtu),TTF(USD/mmbtu)
2020-01-01,,,
2020-01-02,5.25,2.121999979019165,3.971027864299788
2020-01-03,5.385000228881836,2.130000114440918,4.251498010752
2020-01-06,5.315000057220459,2.134999990463257,4.0172588007573395
2020-01-07,5.300000190734863,2.1619999408721924,3.9153599982484812
2020-01-08,5.309999942779541,2.1410000324249268,3.911677896375762
2020-01-09,5.300000190734863,2.1659998893737793,3.9671428005476628
2020-01-10,5.300000190734863,2.2019999027252197,3.8882376415679456
2020-01-13,5.300000190734863,2.181999921798706,3.9276509476388366
2020-01-14,5.300000190734863,2.187000036239624,3.6896092147070974
2020-01-15,5.295000076293945,2.119999885559082,3.647229084149272
2020-01-16,4.179999828338623,2.0769999027252197,3.6335508685539355
2020-01-17,4.130000114440918,2.003000020980835,3.5684525174151336
2020-01-20,,,
2020-01-21,4.074999809265137,1.8949999809265137,3.5043796831943035
2020-01-22,4.019999980926514,1.9049999713897705,3.3968374316717753
2020-01-23,4.0,1.9259999990463257,3.392024206552265
2020-01-24,4.0,1.8930000066757202,3.387524269581187
2020-01-27,4.0,1.9019999504089355,3.40099335754062
2020-01-28,4.0,1.934000015258789,3.484856883825736
2020-01-29,3.9000000953674316,1.8769999742507935,3.2789862265194096
2020-01-30,3.875,1.8289999961853027,3.1578206712805663
2020-01-31,4.019999980926514,1.840999960899353,3.1532574239326485
2020-02-03,3.7300000190734863,1.819000005722046,2.9934645081626234
2020-02-04,3.700000047683716,1.871999979019165,3.036468345944173
2020-02-05,3.5999999046325684,1.8609999418258667,3.0159856164635928
2020-02-06,3.555000066757202,1.8619999885559082,2.950502257038974
2020-02-07,3.569999933242798,1.8580000400543213,2.9195659027973817
2020-02-10,3.5199999809265137,1.7660000324249268,2.7742306358626005
2020-02-11,3.5250000953674316,1.7879999876022339,2.7363606451979314
2020-02-12,3.5250000953674316,1.843999981880188,2.790659425894125
2020-02-13,3.5250000953674316,1.8259999752044678,2.833739372458059
2020-02-14,3.5199999809265137,1.8370000123977661,2.8227538772238208
2020-02-17,,,
2020-02-18,2.9749999046325684,1.9809999465942383,2.980076728666877
2020-02-19,2.994999885559082,1.9550000429153442,3.0279021601456253
2020-02-20,2.9749999046325684,1.9199999570846558,3.0304393034203976
2020-02-21,2.994999885559082,1.9049999713897705,2.9752363321907005
2020-02-24,2.875,1.8270000219345093,2.873365099541162
2020-02-25,2.9000000953674316,1.847000002861023,2.863336485740418
2020-02-26,3.005000114440918,1.8209999799728394,2.8927227961013977
2020-02-27,2.9749999046325684,1.7519999742507935,2.829949624336973
2020-02-28,2.9600000381469727,1.684000015258789,2.8605042211056317
2020-03-02,3.049999952316284,1.75600004196167,2.8778108189929066
2020-03-03,3.075000047683716,1.7999999523162842,2.99504457168601
2020-03-04,3.075000047683716,1.8270000219345093,2.919690952381837
2020-03-05,3.0850000381469727,1.7719999551773071,2.889240562444364
2020-03-06,3.115000009536743,1.7079999446868896,2.8437919181004654
2020-03-09,3.0999999046325684,1.777999997138977,2.8782070364370718
2020-03-10,3.115000009536743,1.9359999895095825,3.0048256321429867
2020-03-11,3.130000114440918,1.878000020980835,3.1077273399167247
2020-03-12,3.140000104904175,1.840999960899353,3.077773475498747
2020-03-13,3.140000104904175,1.86899995803833,3.0437307108094482
2020-03-16,3.4049999713897705,1.815000057220459,2.8574985942894626
2020-03-17,3.4549999237060547,1.7289999723434448,2.7711711210969106
2020-03-18,3.4000000953674316,1.6039999723434448,2.668326120355279
2020-03-19,3.4000000953674316,1.6540000438690186,2.745205717431248
2020-03-20,3.430000066757202,1.6039999723434448,2.590934292410284
2020-03-23,3.25,1.6019999980926514,2.4604612136239687
2020-03-24,3.1500000953674316,1.652999997138977,2.4955471725470093
2020-03-25,2.9549999237060547,1.659000039100647,2.4521223833156682
2020-03-26,2.9749999046325684,1.6369999647140503,2.417599268586697
2020-03-27,2.9749999046325684,1.6339999437332153,2.3378787913994135
2020-03-30,2.880000114440918,1.690000057220459,2.2509957925716666
2020-03-31,2.875,1.6399999856948853,2.2306629628410275
2020-04-01,2.869999885559082,1.5870000123977661,2.2056379834187165
2020-04-02,2.859999895095825,1.5520000457763672,2.2263589391055083
2020-04-03,2.8450000286102295,1.621000051498413,2.20000010352319
2020-04-06,2.8499999046325684,1.7309999465942383,2.3074052241493415
2020-04-07,2.805000066757202,1.8519999980926514,2.3067322597733275
2020-04-08,2.809999942779541,1.7829999923706055,2.3182518978285143
2020-04-09,2.805000066757202,1.7330000400543213,2.317920865654962
2020-04-10,,,
2020-04-13,2.805000066757202,1.7239999771118164,2.332643940054281
2020-04-14,2.799999952316284,1.649999976158142,2.2009255502106577
2020-04-15,2.7950000762939453,1.5980000495910645,2.14105616276985
2020-04-16,2.4700000286102295,1.6859999895095825,2.20690875614157
2020-04-17,2.3450000286102295,1.753000020980835,2.226113896702083
2020-04-20,2.2699999809265137,1.9240000247955322,2.108420730223104
2020-04-21,2.1050000190734863,1.8209999799728394,2.010887160967563
2020-04-22,2.075000047683716,1.9390000104904175,1.9807007345086456
2020-04-23,2.049999952316284,1.815000057220459,1.9182995579590532
2020-04-24,2.0250000953674316,1.746000051498413,1.8224918397750145
2020-04-27,1.9950000047683716,1.819000005722046,1.8843105201123316
2020-04-28,2.0,1.7940000295639038,1.9495524595938958
2020-04-29,2.0,1.86899995803833,1.9103767505809588
2020-04-30,2.005000114440918,1.9490000009536743,1.9828984587023408
2020-05-01,2.0,1.8899999856948853,1.8750370701269636
2020-05-04,2.0,1.9930000305175781,1.8437352401204
2020-05-05,2.0199999809265137,2.134000062942505,1.8136537279322058
2020-05-06,2.0199999809265137,1.944000005722046,1.8313135956501658
2020-05-07,2.0250000953674316,1.8940000534057617,1.8498693245675413
2020-05-08,2.0299999713897705,1.8229999542236328,1.8517205907486896
2020-05-11,2.0399999618530273,1.8259999752044678,1.8124110411951535
2020-05-12,2.115000009536743,1.7200000286102295,1.6838219930897707
2020-05-13,2.115000009536743,1.6160000562667847,1.6276573184054388
2020-05-14,2.109999895095825,1.680999994277954,1.67018426620204
2020-05-15,2.1050000190734863,1.6460000276565552,1.6533500395645675
2020-05-18,2.2799999713897705,1.7829999923706055,1.5604042801657765
2020-05-19,2.2149999141693115,1.8300000429153442,1.4747574741121312
2020-05-20,2.194999933242798,1.7710000276565552,1.4284245192825924
2020-05-21,2.0950000286102295,1.7100000381469727,1.2312392605468732
2020-05-22,2.005000114440918,1.7309999465942383,1.2487337029502745
2020-05-25,,,
2020-05-26,2.0999999046325684,1.7929999828338623,1.3181378569231224
2020-05-27,2.0,1.722000002861023,1.1892626671278477
2020-05-28,2.0199999809265137,1.8270000219345093,1.1333283055941483
2020-05-29,2.065000057220459,1.8489999771118164,1.4238534164522412
2020-06-01,2.0,1.7740000486373901,1.3213837401435262
2020-06-02,2.1050000190734863,1.7769999504089355,1.581501678101354
2020-06-03,2.0999999046325684,1.8209999799728394,1.7479395630168202
2020-06-04,2.069999933242798,1.8220000267028809,1.774964673632791
2020-06-05,2.069999933242798,1.781999945640564,1.8973981996218379
2020-06-08,2.069999933242798,1.7890000343322754,1.7417191515773849
2020-06-09,2.059999942779541,1.7669999599456787,1.5921233182844476
2020-06-10,2.069999933242798,1.7799999713897705,1.594215548092791
2020-06-11,2.069999933242798,1.812999963760376,1.6621795502048105
2020-06-12,2.065000057220459,1.7309999465942383,1.7451534815244982
2020-06-15,2.062999963760376,1.6690000295639038,1.8187233146991835
2020-06-16,2.25,1.6139999628067017,1.7478463426440627
2020-06-17,2.200000047683716,1.6380000114440918,1.7202316216016023
2020-06-18,2.200000047683716,1.6380000114440918,1.7958328040912184
2020-06-19,2.2200000286102295,1.6690000295639038,1.8449521177429902
2020-06-22,2.25,1.6640000343322754,1.8001367297413862
2020-06-23,2.299999952316284,1.6369999647140503,1.9273309155652458
2020-06-24,2.240000009536743,1.597000002861023,1.8782073711106866
2020-06-25,2.2200000286102295,1.4819999933242798,1.7328058869758975
2020-06-26,2.200000047683716,1.4950000047683716,1.679037013987212
2020-06-29,2.200000047683716,1.7089999914169312,1.9214259277373484
2020-06-30,2.1500000953674316,1.7510000467300415,2.0322098732375293
2020-07-01,2.200000047683716,1.6710000038146973,1.9313854661348657
2020-07-02,2.200000047683716,1.7339999675750732,1.9604174822533411
2020-07-03,,,
2020-07-06,2.194999933242798,1.8300000429153442,2.0091352518492407
2020-07-07,2.194999933242798,1.8760000467300415,2.0308102910152495
2020-07-08,2.190000057220459,1.8240000009536743,1.9612684375581906
2020-07-09,2.1700000762939453,1.7790000438690186,1.9125684047136193
2020-07-10,2.174999952316284,1.8049999475479126,1.8112999061753992
2020-07-13,2.1549999713897705,1.7389999628067017,1.6938545386901886
2020-07-14,2.1600000858306885,1.746000051498413,1.690851362727587
2020-07-15,2.1640000343322754,1.777999997138977,1.747389559175024
2020-07-16,2.5,1.7230000495910645,1.6931711024435407
2020-07-17,2.505000114440918,1.718000054359436,1.7078157540612044
2020-07-20,2.450000047683716,1.6410000324249268,1.586318478043701
2020-07-21,2.4749999046325684,1.6749999523162842,1.6086497998364044
2020-07-22,2.5,1.680999994277954,1.6327474531584565
2020-07-23,2.569999933242798,1.784999966621399,1.6902127947818637
2020-07-24,2.5950000286102295,1.8079999685287476,1.7027077276726361
2020-07-27,2.684999942779541,1.7339999675750732,1.6341598231820182
2020-07-28,2.700000047683716,1.7999999523162842,1.7108912001397105
2020-07-29,2.6600000858306885,1.8539999723434448,1.7773964803707714
2020-07-30,2.615000009536743,1.8289999961853027,1.8043807514866366
2020-07-31,2.559999942779541,1.7990000247955322,2.096434207439855
2020-08-03,2.684999942779541,2.1010000705718994,2.348174393567279
2020-08-04,2.684999942779541,2.193000078201294,2.53573376709709
2020-08-05,2.7300000190734863,2.190999984741211,2.534848917740304
2020-08-06,2.7750000953674316,2.1649999618530273,2.762900918264297
2020-08-07,2.7850000858306885,2.23799991607666,2.760273074900639
2020-08-10,2.8399999141693115,2.1530001163482666,2.621069799560633
2020-08-11,2.875,2.1710000038146973,2.550868253439249
2020-08-12,2.880000114440918,2.1519999504089355,2.46632418805586
2020-08-13,2.884999990463257,2.181999921798706,2.5267494246764564
2020-08-14,2.8980000019073486,2.3559999465942383,2.7775148677923265
2020-08-17,4.175000190734863,2.3389999866485596,2.8415561551873685
2020-08-18,4.21999979019165,2.4170000553131104,2.9760827021133953
2020-08-19,4.090000152587891,2.4260001182556152,2.9256846678711863
2020-08-20,3.924999952316284,2.3519999980926514,2.828971910940663
2020-08-21,3.7049999237060547,2.447999954223633,2.6517387117104185
2020-08-24,3.9049999713897705,2.513000011444092,2.8907218125532674
2020-08-25,4.025000095367432,2.489000082015991,3.064436725807379
2020-08-26,4.105000019073486,2.4609999656677246,3.1738108065592914
2020-08-27,3.9749999046325684,2.5789999961853027,3.0786929534823937
2020-08-28,4.224999904632568,2.6570000648498535,3.869439945426959
2020-08-31,4.224999904632568,2.630000114440918,3.9261730276160955
2020-09-01,4.300000190734863,2.5269999504089355,3.9522620083193214
2020-09-02,4.224999904632568,2.4860000610351562,3.8823829319145275
2020-09-03,4.340000152587891,2.486999988555908,4.074699681045604
2020-09-04,4.224999904632568,2.5880000591278076,4.053009531526772
2020-09-07,,,
2020-09-08,4.320000171661377,2.4000000953674316,3.741930304332343
2020-09-09,4.25,2.4059998989105225,3.703211438515034
2020-09-10,4.309999942779541,2.322999954223633,3.638453912282056
2020-09-11,4.309999942779541,2.2690000534057617,3.6370726396113406
2020-09-14,4.309999942779541,2.309999942779541,3.7156040876392935
2020-09-15,4.308000087738037,2.361999988555908,3.790259653633118
2020-09-16,4.894999980926514,2.2669999599456787,3.9296231308908043
2020-09-17,4.84499979019165,2.0420000553131104,3.8468451316467362
2020-09-18,4.84499979019165,2.0480000972747803,3.984704160062264
2020-09-21,4.78000020980835,1.8350000381469727,3.990750592759344
2020-09-22,4.835000038146973,1.8339999914169312,4.037058633518666
2020-09-23,4.949999809265137,2.125,4.1246948850117615
2020-09-24,4.949999809265137,2.247999906539917,3.975591101877035
2020-09-25,4.974999904632568,2.1389999389648438,3.990866930950716
2020-09-28,5.074999809265137,2.1010000705718994,4.211505336446738
2020-09-29,5.099999904632568,2.561000108718872,4.203284387150426
2020-09-30,5.050000190734863,2.5269999504089355,4.571897452036127
2020-10-01,5.034999847412109,2.5269999504089355,4.52959333613065
2020-10-02,5.025000095367432,2.437999963760376,4.483526386682803
2020-10-05,5.050000190734863,2.615000009536743,4.6098581152151095
2020-10-06,5.050000190734863,2.5199999809265137,4.5984348705012
2020-10-07,5.085000038146973,2.6059999465942383,4.716384628719227
2020-10-08,5.105000019073486,2.627000093460083,4.793900640405223
2020-10-09,5.135000228881836,2.740999937057495,4.743702666687949
2020-10-12,5.135000228881836,2.88100004196167,4.793231338875913
2020-10-13,5.144999980926514,2.8550000190734863,4.708101760663833
2020-10-14,5.144999980926514,2.635999917984009,4.773275472520729
2020-10-15,5.145999908447266,2.7750000953674316,4.901356936938999
2020-10-16,6.315000057220459,2.7730000019073486,4.975188938422611
2020-10-19,6.510000228881836,2.7950000762939453,5.054284463603511
2020-10-20,6.550000190734863,2.9130001068115234,5.1376661635312395
2020-10-21,6.724999904632568,3.0230000019073486,5.153885347960239
2020-10-22,6.875,3.006999969482422,5.299887293387833
2020-10-23,7.25,2.9709999561309814,5.336152623213919
2020-10-26,7.199999809265137,3.0239999294281006,5.162006533267899
2020-10-27,7.0,3.0190000534057617,5.103465391396549
2020-10-28,6.949999809265137,2.996000051498413,5.002722725016254
2020-10-29,6.925000190734863,3.3010001182556152,4.894706464276019
2020-10-30,7.019999980926514,3.3540000915527344,4.812499007715461
2020-11-02,6.914999961853027,3.24399995803833,4.6592368168807425
2020-11-03,6.800000190734863,3.059000015258789,4.662920663792476
2020-11-04,6.855000019073486,3.0460000038146973,4.7865872381491394
2020-11-05,6.855000019073486,2.941999912261963,4.970572018333656
2020-11-06,6.90500020980835,2.888000011444092,4.814295644301322
2020-11-09,6.90500020980835,2.8589999675750732,4.8293566834145425
2020-11-10,6.90500020980835,2.9489998817443848,4.865077642668555
2020-11-11,6.90500020980835,3.0309998989105225,4.88235359777494
2020-11-12,6.900000095367432,2.9760000705718994,4.833650896445808
2020-11-13,6.89900016784668,2.994999885559082,4.926152368144877
2020-11-16,6.75,2.697000026702881,5.0321497981411225
2020-11-17,6.565000057220459,2.691999912261963,4.855697768043207
2020-11-18,6.429999828338623,2.7119998931884766,4.756591915284126
2020-11-19,6.25,2.5920000076293945,4.520992564340738
2020-11-20,6.375,2.6500000953674316,4.484707964044085
2020-11-23,6.550000190734863,2.7109999656677246,4.7072911558121495
2020-11-24,6.744999885559082,2.7750000953674316,4.824558222221419
2020-11-25,6.949999809265137,2.8959999084472656,4.85856200216702
2020-11-26,,,
2020-11-27,7.150000095367432,2.8429999351501465,5.058710912019985
2020-11-30,7.324999809265137,2.881999969482422,5.312072605620678
2020-12-01,7.324999809265137,2.880000114440918,5.216822203617004
2020-12-02,7.550000190734863,2.7799999713897705,5.274578303914108
2020-12-03,7.5,2.506999969482422,5.022305754047477
2020-12-04,7.494999885559082,2.575000047683716,5.213161063149895
2020-12-07,7.599999904632568,2.4059998989105225,5.0997099787100995
2020-12-08,7.695000171661377,2.3989999294281006,5.1282018344133
2020-12-09,7.820000171661377,2.441999912261963,5.230206543299763
2020-12-10,7.914999961853027,2.552999973297119,5.50128464798994
2020-12-11,8.074999809265137,2.5910000801086426,5.680625125245829
2020-12-14,8.164999961853027,2.681999921798706,5.904899417926839
2020-12-15,8.17300033569336,2.681999921798706,6.133198888774454
2020-12-16,10.4350004196167,2.677000045776367,5.834919308699722
2020-12-17,10.114999771118164,2.635999917984009,5.699337243815307
2020-12-18,9.65999984741211,2.700000047683716,5.709063632073238
2020-12-21,10.050000190734863,2.7049999237060547,6.013185010385129
2020-12-22,10.755000114440918,2.7799999713897705,6.324673072271792
2020-12-23,10.524999618530273,2.6080000400543213,6.252266106425163
2020-12-24,11.0,2.5179998874664307,6.306515206022751
2020-12-25,,,
2020-12-28,11.085000038146973,2.305000066757202,6.850163252327447
2020-12-29,12.100000381469727,2.4670000076293945,6.726118948908845
2020-12-30,12.795000076293945,2.421999931335449,6.823155413199421
2020-12-31,14.300000190734863,2.5390000343322754,6.894358738400872
2021-01-01,,,
2021-01-04,14.930000305175781,2.5810000896453857,7.125295595351242
2021-01-05,15.104999542236328,2.7019999027252197,6.465123878724215
2021-01-06,15.550000190734863,2.7160000801086426,6.332190091295613
2021-01-07,17.25,2.7290000915527344,6.982564476119247
2021-01-08,17.25,2.700000047683716,7.236268453242252
2021-01-11,19.700000762939453,2.746999979019165,7.902104167348475
2021-01-12,19.700000762939453,2.753000020980835,9.321898085171153
2021-01-13,18.56999969482422,2.7269999980926514,7.693177947265742
2021-01-14,18.56999969482422,2.6659998893737793,7.605121222854878
2021-01-15,18.30900001525879,2.736999988555908,7.19388759628151
2021-01-18,,,
2021-01-19,8.520000457763672,2.5460000038146973,7.194344130045523
2021-01-20,9.015000343322754,2.5390000343322754,7.20789800742107
2021-01-21,8.484999656677246,2.490999937057495,7.124857695266298
2021-01-22,8.854999542236328,2.446000099182129,7.660985668132567
2021-01-25,8.609999656677246,2.6019999980926514,7.190388293028395
2021-01-26,8.5600004196167,2.6559998989105225,6.945285885236124
2021-01-27,8.614999771118164,2.759999990463257,7.022595852240151
2021-01-28,8.850000381469727,2.6640000343322754,7.4184369600864075
2021-01-29,8.869999885559082,2.563999891281128,7.040420023570115
2021-02-01,8.520000457763672,2.8499999046325684,6.445684992435
2021-02-02,8.430000305175781,2.8450000286102295,6.455266138523433
2021-02-03,8.364999771118164,2.7890000343322754,6.300038538882036
2021-02-04,8.34000015258789,2.934999942779541,6.395313518891504
2021-02-05,8.385000228881836,2.86299991607666,6.446322268905177
2021-02-08,8.430000305175781,2.881999969482422,7.1261505939646765
2021-02-09,8.305000305175781,2.8350000381469727,6.728040227871502
2021-02-10,8.279999732971191,2.9110000133514404,6.5928213094017
2021-02-11,8.265000343322754,2.868000030517578,6.1725107527142535
2021-02-12,8.263999938964844,2.9119999408721924,6.264863701826116
2021-02-15,,,
2021-02-16,6.349999904632568,3.128999948501587,5.943425120702282
2021-02-17,6.304999828338623,3.2190001010894775,5.86194843532566
2021-02-18,6.599999904632568,3.0820000171661377,6.11934124860673
2021-02-19,6.400000095367432,3.069000005722046,5.8669803793980195
2021-02-22,6.255000114440918,2.953000068664551,5.672234701664598
2021-02-23,6.230000019073486,2.878999948501587,5.794561840375451
2021-02-24,6.039999961853027,2.8540000915527344,5.833884038961855
2021-02-25,5.804999828338623,2.7769999504089355,5.684373409126282
2021-02-26,6.195000171661377,2.7709999084472656,5.593722003109024
2021-03-01,5.925000190734863,2.7769999504089355,5.697541746496042
2021-03-02,5.875,2.8389999866485596,5.605243011316646
2021-03-03,5.875,2.815999984741211,5.49902929432543
2021-03-04,6.0,2.746000051498413,5.626231858031872
2021-03-05,6.0,2.7009999752044678,5.740093355518252
2021-03-08,6.0,2.6640000343322754,5.644752297766108
2021-03-09,6.010000228881836,2.6619999408721924,5.878962610101392
2021-03-10,6.0,2.691999912261963,6.1477161178371595
2021-03-11,6.054999828338623,2.6679999828338623,6.335281678513653
2021-03-12,6.070000171661377,2.5999999046325684,6.481344624780874
2021-03-15,6.077000141143799,2.4839999675750732,6.279704368449884
2021-03-16,6.53000020980835,2.562000036239624,6.172601416182999
2021-03-17,6.650000095367432,2.5280001163482666,6.26824631726798
2021-03-18,6.565000057220459,2.4809999465942383,6.237233282557412
2021-03-19,6.425000190734863,2.5350000858306885,6.030727429338969
2021-03-22,6.625,2.5820000171661377,6.284608630108228
2021-03-23,6.855000019073486,2.507999897003174,6.431665718565516
2021-03-24,6.855000019073486,2.5179998874664307,6.45103799344878
2021-03-25,6.75,2.569999933242798,6.3583534633460195
2021-03-26,6.929999828338623,2.556999921798706,6.454361901369829
2021-03-29,6.864999771118164,2.5859999656677246,6.372501228830838
2021-03-30,6.934999942779541,2.622999906539917,6.487508276890258
2021-03-31,7.019999980926514,2.6080000400543213,6.526666813041281
2021-04-01,6.925000190734863,2.6389999389648438,6.5897326631061475
2021-04-02,,,
2021-04-05,6.925000190734863,2.510999917984009,6.611833606388291
2021-04-06,6.96999979019165,2.4560000896453857,6.85165697733467
2021-04-07,6.980000019073486,2.5199999809265137,6.711444870287297
2021-04-08,6.985000133514404,2.5220000743865967,6.60846696649935
2021-04-09,6.985000133514404,2.5260000228881836,6.614392705086208
2021-04-12,7.005000114440918,2.561000108718872,6.853606561208392
2021-04-13,7.014999866485596,2.61899995803833,6.812884493758105
2021-04-14,7.014999866485596,2.618000030517578,6.89500406857045
2021-04-15,7.017000198364258,2.6579999923706055,7.117183639649993
2021-04-16,8.244999885559082,2.680000066757202,7.206907615233329
2021-04-19,8.664999961853027,2.749000072479248,7.34584933157108
2021-04-20,8.649999618530273,2.7269999980926514,7.436519642028905
2021-04-21,8.550000190734863,2.691999912261963,7.444425644537234
2021-04-22,8.550000190734863,2.749000072479248,7.539470630561913
2021-04-23,8.199999809265137,2.7300000190734863,7.0584918290951135
2021-04-26,8.25,2.7899999618530273,7.0866659405921855
2021-04-27,8.600000381469727,2.872999906539917,7.5793726979513325
2021-04-28,8.600000381469727,2.924999952316284,7.637940501276455
2021-04-29,8.800000190734863,2.9110000133514404,8.002879995533897
2021-04-30,8.895000457763672,2.930999994277954,8.276064850022486
2021-05-03,8.904999732971191,2.9660000801086426,8.395109277377962
2021-05-04,9.005000114440918,2.9670000076293945,8.148074523253365
2021-05-05,8.970000267028809,2.937999963760376,8.437292825031344
2021-05-06,9.0600004196167,2.927999973297119,8.562543578454287
2021-05-07,9.045000076293945,2.9579999446868896,8.467792466360063
2021-05-10,9.119999885559082,2.931999921798706,8.985622052942404
2021-05-11,9.114999771118164,2.9549999237060547,9.182202699598038
2021-05-12,9.125,2.9690001010894775,9.403801036930867
2021-05-13,9.125,2.9730000495910645,9.29251981403456
2021-05-14,9.131999969482422,2.9609999656677246,9.496887833440889
2021-05-17,10.329999923706055,3.1089999675750732,9.369176999228246
2021-05-18,9.989999771118164,3.01200008392334,8.839742274864372
2021-05-19,9.470000267028809,2.9639999866485596,8.120073441604859
2021-05-20,10.050000190734863,2.924999952316284,8.806767091821026
2021-05-21,9.979999542236328,2.9059998989105225,8.88418739707168
2021-05-24,10.074999809265137,2.885999917984009,8.84105871246335
2021-05-25,10.600000381469727,2.9130001068115234,9.375771194736842
2021-05-26,10.625,2.9839999675750732,9.48658483740385
2021-05-27,10.375,2.9579999446868896,9.005082163807264
2021-05-28,10.399999618530273,2.9860000610351562,8.909032743164982
2021-05-31,,,
2021-06-01,10.649999618530273,3.1040000915527344,9.312680993924136
2021-06-02,10.625,3.075000047683716,9.211668470319742
2021-06-03,10.625,3.0409998893737793,9.198549644663661
2021-06-04,10.604999542236328,3.0969998836517334,9.172652924064751
2021-06-07,10.675000190734863,3.069999933242798,9.447280335316803
2021-06-08,10.850000381469727,3.128000020980835,9.935024328139361
2021-06-09,10.899999618530273,3.128999948501587,10.09647589109195
2021-06-10,10.925000190734863,3.1489999294281006,10.241523774695356
2021-06-11,10.920000076293945,3.2960000038146973,9.933906146489386
2021-06-14,10.920000076293945,3.3519999980926514,10.225526274879709
2021-06-15,10.923999786376953,3.240000009536743,9.995874180724938
2021-06-16,11.630000114440918,3.250999927520752,9.9625555056482
2021-06-17,11.595000267028809,3.253000020980835,9.952961245426449
2021-06-18,11.869999885559082,3.2149999141693115,10.267114504494899
2021-06-21,11.949999809265137,3.190999984741211,10.305937338555138
2021-06-22,12.399999618530273,3.257999897003174,10.730732407345986
2021-06-23,12.604999542236328,3.3329999446868896,11.035882291835437
2021-06-24,12.625,3.4179999828338623,11.196968423042
2021-06-25,12.755000114440918,3.496000051498413,11.32367037881647
2021-06-28,12.699999809265137,3.617000102996826,11.30129528040475
2021-06-29,12.975000381469727,3.630000114440918,11.707247419861805
2021-06-30,13.109999656677246,3.6500000953674316,12.077039193548936
2021-07-01,13.229999542236328,3.6610000133514404,12.55976773720552
2021-07-02,13.114999771118164,3.700000047683716,12.43889486681744
2021-07-05,,,
2021-07-06,12.885000228881836,3.63700008392334,11.858588081322246
2021-07-07,12.6850004196167,3.5959999561309814,11.206959155248015
2021-07-08,12.9350004196167,3.687999963760376,11.514117994355956
2021-07-09,13.0,3.6740000247955322,12.720283622363358
2021-07-12,13.010000228881836,3.749000072479248,12.057038114993892
2021-07-13,12.970000267028809,3.696000099182129,12.332238452016853
2021-07-14,12.975000381469727,3.6600000858306885,12.001425020771517
2021-07-15,12.972999572753906,3.614000082015991,11.721317695882043
2021-07-16,13.960000038146973,3.6740000247955322,12.061759172058336
2021-07-19,14.1899995803833,3.7790000438690186,12.343419022849526
2021-07-20,14.03499984741211,3.875999927520752,12.155056205984849
2021-07-21,14.3100004196167,3.9590001106262207,12.415801868766918
2021-07-22,14.274999618530273,4.002999782562256,12.487091576905497
2021-07-23,14.180000305175781,4.059999942779541,12.256828331063309
2021-07-26,14.59000015258789,4.1020002365112305,12.737529434366559
2021-07-27,14.805000305175781,3.9709999561309814,13.008618367423853
2021-07-28,15.085000038146973,4.044000148773193,13.755992996489795
2021-07-29,15.25,4.059000015258789,14.288055657793938
2021-07-30,14.755000114440918,3.9140000343322754,14.206066617227535
2021-08-02,15.46500015258789,3.934999942779541,14.660943804313225
2021-08-03,15.34000015258789,4.0269999504089355,14.353640676278129
2021-08-04,15.324999809265137,4.1579999923706055,14.6986893604359
2021-08-05,15.399999618530273,4.139999866485596,14.883137797235461
2021-08-06,15.699999809265137,4.139999866485596,14.956992923968649
2021-08-09,15.760000228881836,4.059999942779541,14.733707511826612
2021-08-10,15.800000190734863,4.089000225067139,15.362873365277059
2021-08-11,15.649999618530273,4.059000015258789,15.80038262183035
2021-08-12,15.664999961853027,3.933000087738037,15.785833575437353
2021-08-13,15.654999732971191,3.8610000610351562,15.350699714584048
2021-08-16,17.989999771118164,3.946000099182129,16.58859889567081
2021-08-17,17.479999542236328,3.8369998931884766,16.209169762123672
2021-08-18,16.770000457763672,3.8519999980926514,15.575805495020358
2021-08-19,15.180000305175781,3.8299999237060547,13.855648645345186
2021-08-20,15.574999809265137,3.8510000705718994,14.354135767354451
2021-08-23,16.34000015258789,3.944999933242798,14.28938541555504
2021-08-24,16.850000381469727,3.8959999084472656,15.444818817119167
2021-08-25,17.030000686645508,3.8970000743865967,15.599025818261993
2021-08-26,17.2450008392334,4.184000015258789,15.800887521236461
2021-08-27,17.700000762939453,4.369999885559082,16.472063049422054
2021-08-30,17.719999313354492,4.304999828338623,17.179450530852407
2021-08-31,18.219999313354492,4.376999855041504,17.404238238564943
2021-09-01,18.020000457763672,4.614999771118164,17.387279332609918
2021-09-02,18.459999084472656,4.640999794006348,18.016778653752706
2021-09-03,18.459999084472656,4.711999893188477,17.92785255341324
2021-09-06,,,
2021-09-07,18.684999465942383,4.567999839782715,18.76206024506652
2021-09-08,18.649999618530273,4.914000034332275,19.191302372711657
2021-09-09,18.625,5.031000137329102,19.599548686881768
2021-09-10,18.649999618530273,4.938000202178955,20.07356814248493
2021-09-13,18.81999969482422,5.230999946594238,21.214088743851992
2021-09-14,18.934999465942383,5.260000228881836,22.766744661975018
2021-09-15,19.018999099731445,5.460000038146973,24.463505761878448
2021-09-16,23.420000076293945,5.335000038146973,21.91168047599
2021-09-17,25.0,5.105000019073486,22.453043650535324
2021-09-20,27.184999465942383,4.985000133514404,25.892825372459246
2021-09-21,27.524999618530273,4.804999828338623,25.365707645652215
2021-09-22,26.975000381469727,4.804999828338623,24.631867988192496
2021-09-23,26.799999237060547,4.97599983215332,23.870045898293125
2021-09-24,27.4950008392334,5.139999866485596,24.168691744190028
2021-09-27,29.19499969482422,5.705999851226807,26.286511907217815
2021-09-28,29.350000381469727,5.841000080108643,26.933140252638417
2021-09-29,30.0049991607666,5.4770002365112305,29.664187500774155
2021-09-30,31.094999313354492,5.867000102996826,33.24545844924927
2021-10-01,31.06999969482422,5.61899995803833,31.76026651581175
2021-10-04,31.559999465942383,5.765999794006348,32.879971303387826
2021-10-05,35.064998626708984,6.311999797821045,39.50681400335568
2021-10-06,34.04999923706055,5.675000190734863,36.769989335393916
2021-10-07,33.08000183105469,5.677000045776367,32.70990338338765
2021-10-08,32.060001373291016,5.565000057220459,29.68066260632787
2021-10-11,33.08000183105469,5.34499979019165,28.88663100001942
2021-10-12,32.900001525878906,5.505000114440918,29.01913962143177
2021-10-13,33.11000061035156,5.590000152587891,31.646228489539933
2021-10-14,33.30500030517578,5.686999797821045,34.73483301385997
2021-10-15,33.25400161743164,5.409999847412109,31.814838153951214
2021-10-18,34.34000015258789,4.988999843597412,31.92683126555061
2021-10-19,34.88999938964844,5.0879998207092285,30.61130933289976
2021-10-20,35.55500030517578,5.170000076293945,31.858694826283525
2021-10-21,33.45500183105469,5.114999771118164,30.217975654609788
2021-10-22,33.255001068115234,5.28000020980835,29.757731819588564
2021-10-25,33.57500076293945,5.8979997634887695,30.240690028647055
2021-10-26,34.20500183105469,5.881999969482422,30.115901267815175
2021-10-27,33.904998779296875,6.202000141143799,29.511937362413992
2021-10-28,32.0099983215332,5.7820000648498535,26.189344142512113
2021-10-29,30.0,5.426000118255615,22.211182585312525
2021-11-01,29.204999923706055,5.185999870300293,22.225619847369313
2021-11-02,30.80500030517578,5.541999816894531,22.983628446071137
2021-11-03,32.755001068115234,5.670000076293945,25.976351167273787
2021-11-04,32.005001068115234,5.716000080108643,24.979991898009185
2021-11-05,31.6200008392334,5.515999794006348,25.070571118594522
2021-11-08,32.14500045776367,5.427000045776367,26.811117592711348
2021-11-09,31.760000228881836,4.979000091552734,24.659827527343577
2021-11-10,31.139999389648438,4.880000114440918,23.831024882538248
2021-11-11,31.415000915527344,5.14900016784668,25.176820714867773
2021-11-12,31.565000534057617,4.790999889373779,25.396856562162483
2021-11-15,31.61199951171875,5.017000198364258,26.80906849674419
2021-11-16,37.845001220703125,5.177000045776367,31.377410598447586
2021-11-17,37.28499984741211,4.815999984741211,31.52278938148103
2021-11-18,37.564998626708984,4.9019999504089355,31.57687424401278
2021-11-19,34.255001068115234,5.065000057220459,29.029108671272766
2021-11-22,33.970001220703125,4.789000034332275,27.76534584570263
2021-11-23,36.07500076293945,4.9670000076293945,29.95939530018663
2021-11-24,36.20500183105469,5.067999839782715,30.974301898153296
2021-11-25,,,
2021-11-26,34.88999938964844,5.447000026702881,28.836218192894655
2021-11-29,36.25,4.854000091552734,30.829859535931256
2021-11-30,35.94499969482422,4.566999912261963,30.621037139136234
2021-12-01,35.8849983215332,4.257999897003174,31.770970547658408
2021-12-02,35.31999969482422,4.056000232696533,31.46042482538408
2021-12-03,34.189998626708984,4.131999969482422,29.64996082954492
2021-12-06,34.39500045776367,3.6570000648498535,29.79536954768698
2021-12-07,35.064998626708984,3.7079999446868896,31.717495785946724
2021-12-08,35.150001525878906,3.815000057220459,33.545935329895414
2021-12-09,35.185001373291016,3.813999891281128,33.39998418307702
2021-12-10,35.21500015258789,3.924999952316284,35.010585048814995
2021-12-13,35.72999954223633,3.7939999103546143,38.485431344854476
2021-12-14,35.76499938964844,3.746999979019165,42.436372079076385
2021-12-15,35.869998931884766,3.802000045776367,43.660161325957766
2021-12-16,43.44499969482422,3.7660000324249268,47.242824738292995
2021-12-17,42.45000076293945,3.690000057220459,45.480400075200436
2021-12-20,45.025001525878906,3.8340001106262207,48.41640114119728
2021-12-21,49.345001220703125,3.86899995803833,59.58277116771989
2021-12-22,46.01499938964844,3.9760000705718994,57.19048305821866
2021-12-23,38.84000015258789,3.7309999465942383,44.02025651350697
2021-12-24,,,
2021-12-27,40.97999954223633,4.059999942779541,35.47725663194636
2021-12-28,39.915000915527344,4.054999828338623,35.394727624529715
2021-12-29,34.029998779296875,4.02400016784668,31.99309541259659
2021-12-30,34.209999084472656,3.561000108718872,28.975375996471637
2021-12-31,30.4950008392334,3.7300000190734863,23.348079332851665
2022-01-03,30.5049991607666,3.815000057220459,26.81162918487599
2022-01-04,32.744998931884766,3.7170000076293945,29.39544148029725
2022-01-05,34.189998626708984,3.881999969482422,30.26670563904105
2022-01-06,34.06999969482422,3.812000036239624,31.998096672740985
2022-01-07,33.95000076293945,3.9159998893737793,29.19376508011556
2022-01-10,33.26499938964844,4.078999996185303,28.154294329152922
2022-01-11,32.915000915527344,4.249000072479248,26.146299668105986
2022-01-12,33.0,4.85699987411499,25.03590079520374
2022-01-13,32.60499954223633,4.269999980926514,28.657773392589483
2022-01-14,32.845001220703125,4.26200008392334,29.20355631144099
2022-01-17,,,
2022-01-18,22.934999465942383,4.2829999923706055,26.19683385281991
2022-01-19,21.139999389648438,4.031000137329102,25.103867691631212
2022-01-20,20.524999618530273,3.802000045776367,25.001690790093452
2022-01-21,22.09000015258789,3.999000072479248,26.18875322488411
2022-01-24,25.190000534057617,4.0269999504089355,30.913148996838373
2022-01-25,26.0049991607666,4.052999973297119,31.05904952287484
2022-01-26,25.825000762939453,4.2769999504089355,30.427180653120196
2022-01-27,25.274999618530273,6.264999866485596,30.41587274433123
2022-01-28,26.809999465942383,4.638999938964844,30.07672277696602
2022-01-31,24.709999084472656,4.874000072479248,27.675669451528663
2022-02-01,23.704999923706055,4.750999927520752,25.06824327399577
2022-02-02,24.200000762939453,5.500999927520752,25.55837544768444
2022-02-03,24.34000015258789,4.888000011444092,26.568452164411937
2022-02-04,25.350000381469727,4.572000026702881,27.701886381471844
2022-02-07,25.100000381469727,4.23199987411499,26.722522293419757
2022-02-08,25.30500030517578,4.248000144958496,25.92440226202308
2022-02-09,24.71500015258789,4.008999824523926,24.910200881744682
2022-02-10,24.795000076293945,3.9590001106262207,24.889342958257043
2022-02-11,24.56999969482422,3.940999984741211,25.90441147319148
2022-02-14,24.885000228881836,4.195000171661377,26.90407619688557
2022-02-15,24.815000534057617,4.306000232696533,23.50040851424856
2022-02-16,23.075000762939453,4.7170000076293945,23.23117109776666
2022-02-17,24.510000228881836,4.486000061035156,24.975585732410117
2022-02-18,23.80500030517578,4.431000232696533,24.572513983907296
2022-02-21,,,
2022-02-22,25.959999084472656,4.498000144958496,26.447430884653215
2022-02-23,28.96500015258789,4.623000144958496,29.515181528481445
2022-02-24,37.0099983215332,4.567999839782715,44.5057329529179
2022-02-25,27.510000228881836,4.46999979019165,30.96856036680108
2022-02-28,27.950000762939453,4.4019999504089355,32.309379957394455
2022-03-01,31.5,4.572999954223633,39.996648737478836
2022-03-02,38.505001068115234,4.76200008392334,54.01378344417013
2022-03-03,43.599998474121094,4.7220001220703125,52.37751206740032
2022-03-04,38.650001525878906,5.015999794006348,62.45372025765127
2022-03-07,51.76499938964844,4.833000183105469,72.41219671237273
2022-03-08,42.619998931884766,4.5269999504089355,68.32345647515112
2022-03-09,38.96500015258789,4.526000022888184,49.7894645100308
2022-03-10,38.32500076293945,4.63100004196167,41.02347381635964
2022-03-11,37.14500045776367,4.724999904632568,42.360753802890244
2022-03-14,37.25,4.6579999923706055,36.69291571294636
2022-03-15,37.44499969482422,4.567999839782715,37.024365174333056
2022-03-16,33.6349983215332,4.748000144958496,32.99264353703661
2022-03-17,35.55500030517578,4.989999771118164,33.947103756756604
2022-03-18,35.494998931884766,4.86299991607666,34.17168262100575
2022-03-21,34.810001373291016,4.900000095367432,31.168698750901765
2022-03-22,34.17499923706055,5.186999797821045,31.88503644489477
2022-03-23,34.119998931884766,5.23199987411499,37.822101778976304
2022-03-24,34.68000030517578,5.401000022888184,36.00210623090743
2022-03-25,34.43000030517578,5.571000099182129,32.67669973473477
2022-03-28,33.970001220703125,5.507999897003174,33.00521712795844
2022-03-29,33.875,5.335999965667725,34.921561268130006
2022-03-30,34.150001525878906,5.605000019073486,38.674023276396696
2022-03-31,35.435001373291016,5.642000198364258,41.18821811644256
2022-04-01,34.689998626708984,5.71999979019165,36.3940490795404
2022-04-04,32.95000076293945,5.711999893188477,35.461064462424744
2022-04-05,33.45500183105469,6.0320000648498535,34.92332136310445
2022-04-06,33.439998626708984,6.0289998054504395,34.13566460431447
2022-04-07,33.099998474121094,6.359000205993652,33.39867560209051
2022-04-08,33.60499954223633,6.2779998779296875,33.079174310749835
2022-04-11,33.02000045776367,6.64300012588501,31.94565965552324
2022-04-12,32.96500015258789,6.679999828338623,32.58892686738759
2022-04-13,32.92499923706055,6.997000217437744,33.41889393363722
2022-04-14,32.93000030517578,7.300000190734863,30.537221705847024
2022-04-15,,,
2022-04-18,25.3700008392334,7.820000171661377,30.309339396222196
2022-04-19,25.1200008392334,7.176000118255615,29.63032352012394
2022-04-20,25.200000762939453,6.936999797821045,29.81166432510165
2022-04-21,25.290000915527344,6.956999778747559,31.818547889287874
2022-04-22,25.4950008392334,6.533999919891357,30.12858373129354
2022-04-25,25.395000457763672,6.669000148773193,29.41573794420754
2022-04-26,24.9950008392334,6.849999904632568,32.40891244618661
2022-04-27,25.145000457763672,7.267000198364258,33.51149212236232
2022-04-28,24.81999969482422,6.888000011444092,30.97913290363613
2022-04-29,24.530000686645508,7.24399995803833,30.616729838740635
2022-05-02,23.5,7.474999904632568,29.96852175449772
2022-05-03,23.5,7.953999996185303,30.62349503451939
2022-05-04,24.040000915527344,8.414999961853027,32.03642261007844
2022-05-05,24.145000457763672,8.782999992370605,33.158818032829416
2022-05-06,24.030000686645508,8.043000221252441,31.417816846581168
2022-05-09,23.155000686645508,7.026000022888184,28.9502554904613
2022-05-10,22.979999542236328,7.385000228881836,30.595294916815796
2022-05-11,23.375,7.639999866485596,29.02184650374938
2022-05-12,23.530000686645508,7.738999843597412,32.87492448789891
2022-05-13,23.433000564575195,7.663000106811523,29.47198699837599
2022-05-16,20.024999618530273,7.955999851226807,28.306059537750194
2022-05-17,20.075000762939453,8.303999900817871,28.812688739286273
2022-05-18,21.165000915527344,8.368000030517578,29.22547598222138
2022-05-19,21.790000915527344,8.307999610900879,27.938766165570165
2022-05-20,21.825000762939453,8.083000183105469,27.25422545123314
2022-05-23,22.600000381469727,8.744000434875488,25.80126388672391
2022-05-24,22.06999969482422,8.795999526977539,26.456856335351773
2022-05-25,22.219999313354492,8.970999717712402,27.71546557968708
2022-05-26,22.485000610351562,8.907999992370605,26.926698227025884
2022-05-27,22.625,8.72700023651123,27.327823549823492
2022-05-30,,,
2022-05-31,24.075000762939453,8.145000457763672,29.682174312488833
2022-06-01,24.014999389648438,8.696000099182129,26.91422781774592
2022-06-02,24.014999389648438,8.484999656677246,26.21230774309171
2022-06-03,24.014999389648438,8.52299976348877,26.184778072194565
2022-06-06,23.354999542236328,9.321999549865723,25.95313416409818
2022-06-07,22.8700008392334,9.293000221252441,24.944961734533972
2022-06-08,22.774999618530273,8.699000358581543,24.898748533239566
2022-06-09,23.15999984741211,8.963000297546387,26.6622057870336
2022-06-10,23.165000915527344,8.850000381469727,25.665360714008887
2022-06-13,23.03499984741211,8.609000205993652,25.64143937601194
2022-06-14,23.174999237060547,7.189000129699707,29.621510173023424
2022-06-15,23.395000457763672,7.420000076293945,36.821143503579705
2022-06-16,34.650001525878906,7.464000225067139,38.11182266105873
2022-06-17,33.95500183105469,6.943999767303467,36.39406716816652
2022-06-20,,,
2022-06-21,37.32500076293945,6.808000087738037,38.71597222445595
2022-06-22,37.11000061035156,6.857999801635742,39.25690966549099
2022-06-23,37.130001068115234,6.238999843597412,41.28646899820095
2022-06-24,37.095001220703125,6.21999979019165,39.62155382247458
2022-06-27,37.09000015258789,6.500999927520752,40.090300173828076
2022-06-28,37.0,6.551000118255615,40.05853368884173
2022-06-29,37.15999984741211,6.498000144958496,43.05277479666783
2022-06-30,38.65999984741211,5.423999786376953,44.24615431877678
2022-07-01,38.67499923706055,5.730000019073486,45.381977380314396
2022-07-04,,,
2022-07-05,40.095001220703125,5.5229997634887695,50.475889229455404
2022-07-06,38.61000061035156,5.510000228881836,51.40831763682957
2022-07-07,39.56999969482422,6.296999931335449,54.68866760289915
2022-07-08,39.3849983215332,6.033999919891357,52.22383973844435
2022-07-11,38.84000015258789,6.426000118255615,49.01902732352141
2022-07-12,38.630001068115234,6.163000106811523,50.82922645446254
2022-07-13,39.20500183105469,6.689000129699707,53.078148387577414
2022-07-14,39.21500015258789,6.599999904632568,51.46702000846812
2022-07-15,39.08100128173828,7.015999794006348,46.88644260828094
2022-07-18,36.595001220703125,7.479000091552734,46.53361210960474
2022-07-19,37.48500061035156,7.263999938964844,45.925959591052084
2022-07-20,38.16999816894531,8.006999969482422,46.49018007881411
2022-07-21,38.095001220703125,7.932000160217285,46.4373042175331
2022-07-22,38.9900016784668,8.298999786376953,47.88930340478791
2022-07-25,39.38999938964844,8.72700023651123,52.79964783703594
2022-07-26,40.209999084472656,8.993000030517578,59.910649794200076
2022-07-27,43.130001068115234,8.687000274658203,60.92727348115269
2022-07-28,41.540000915527344,8.133999824523926,59.52327608832009
2022-07-29,42.224998474121094,8.229000091552734,57.03013961619135
2022-08-01,44.83000183105469,8.282999992370605,60.074882580096336
2022-08-02,45.279998779296875,7.705999851226807,61.70467716954458
2022-08-03,45.95000076293945,8.265999794006348,59.289631081792386
2022-08-04,44.60499954223633,8.121999740600586,59.31684201548019
2022-08-05,44.65999984741211,8.064000129699707,58.963851160154604
2022-08-08,44.470001220703125,7.589000225067139,57.54799033263534
2022-08-09,44.619998931884766,7.833000183105469,57.439078801372595
2022-08-10,44.709999084472656,8.20199966430664,61.4424382269069
2022-08-11,45.334999084472656,8.87399959564209,62.828134218805175
2022-08-12,45.38999938964844,8.767999649047852,62.3200258591689
2022-08-15,45.44300079345703,8.727999687194824,66.16466392844957
2022-08-16,56.71500015258789,9.329000473022461,67.28411260687602
2022-08-17,56.81999969482422,9.244000434875488,67.31805044860442
2022-08-18,57.599998474121094,9.187999725341797,71.90698693687006
2022-08-19,57.02000045776367,9.336000442504883,72.31785452834555
2022-08-22,57.81999969482422,9.680000305175781,81.39589738054808
2022-08-23,56.33000183105469,9.192999839782715,78.37643647486479
2022-08-24,66.25499725341797,9.329999923706055,85.34093382732465
2022-08-25,69.95500183105469,9.375,93.90993270333965
2022-08-26,68.80000305175781,9.295999526977539,99.12718284350234
2022-08-29,68.66500091552734,9.352999687194824,79.40543513860412
2022-08-30,58.744998931884766,9.041999816894531,74.23551850827502
2022-08-31,53.95000076293945,9.126999855041504,70.48894081414927
2022-09-01,59.154998779296875,9.26200008392334,71.49852621751052
2022-09-02,55.244998931884766,8.78600025177002,62.614788841774434
2022-09-05,,,
2022-09-06,54.689998626708984,8.145000457763672,69.95787415267486
2022-09-07,55.20000076293945,7.8420000076293945,62.045823965328786
2022-09-08,52.834999084472656,7.914999961853027,64.60908846388318
2022-09-09,53.900001525878906,7.995999813079834,60.76782691043572
2022-09-12,53.125,8.24899959564209,56.25700968253961
2022-09-13,53.03499984741211,8.284000396728516,58.9640017103245
2022-09-14,53.07500076293945,9.11400032043457,63.74282834255139
2022-09-15,53.507999420166016,8.324000358581543,62.70243122997987
2022-09-16,42.15999984741211,7.763999938964844,54.97465754630279
2022-09-19,41.970001220703125,7.751999855041504,53.53732041472766
2022-09-20,43.28499984741211,7.7170000076293945,57.10251209907261
2022-09-21,38.915000915527344,7.7789998054504395,55.45913477468757
2022-09-22,39.90999984741211,7.089000225067139,54.01361411819143
2022-09-23,37.56999969482422,6.828000068664551,53.504055638316395
2022-09-26,37.689998626708984,6.9029998779296875,49.36805565235119
2022-09-27,42.470001220703125,6.651000022888184,52.49012972312316
2022-09-28,41.20500183105469,6.868000030517578,58.270988403079
2022-09-29,39.10499954223633,6.874000072479248,53.39636719690031
2022-09-30,38.724998474121094,6.765999794006348,54.390977596050924
2022-10-03,38.869998931884766,6.46999979019165,48.76598216997492
2022-10-04,38.19499969482422,6.836999893188477,46.667745984729265
2022-10-05,35.04999923706055,6.929999828338623,50.826706332394174
2022-10-06,35.85499954223633,6.9720001220703125,51.039903325910494
2022-10-07,34.459999084472656,6.748000144958496,44.81586841317895
2022-10-10,34.2599983215332,6.434999942779541,43.97246901609469
2022-10-11,34.78499984741211,6.5960001945495605,44.61760148435286
2022-10-12,34.70500183105469,6.434999942779541,45.54132179320011
2022-10-13,34.834999084472656,6.741000175476074,43.76246826625258
2022-10-14,34.77899932861328,6.453000068664551,40.582092293984296
2022-10-17,30.920000076293945,5.999000072479248,36.53064599073818
2022-10-18,29.690000534057617,5.744999885559082,32.67376024726795
2022-10-19,30.315000534057617,5.461999893188477,32.52593756791401
2022-10-20,32.349998474121094,5.357999801635742,36.39446096811539
2022-10-21,32.470001220703125,4.959000110626221,32.55123857344651
2022-10-24,31.290000915527344,5.198999881744385,28.658402555499944
2022-10-25,31.020000457763672,5.61299991607666,28.91599324810378
2022-10-26,30.450000762939453,5.605999946594238,30.463553123753798
2022-10-27,30.489999771118164,5.185999870300293,31.761801691404592
2022-10-28,30.15999984741211,5.684000015258789,32.79092086713536
2022-10-31,27.53499984741211,6.355000019073486,35.98972633851602
2022-11-01,27.540000915527344,5.714000225067139,33.66705042006145
2022-11-02,29.104999542236328,6.26800012588501,36.43796316887219
2022-11-03,27.815000534057617,5.974999904632568,36.08348582101564
2022-11-04,28.924999237060547,6.400000095367432,32.799562434631454
2022-11-07,27.19499969482422,6.943999767303467,31.91740091793799
2022-11-08,27.8799991607666,6.138000011444092,34.69143250460967
2022-11-09,27.729999542236328,5.864999771118164,33.42870481861111
2022-11-10,27.545000076293945,6.238999843597412,33.31584717775359
2022-11-11,27.225000381469727,5.879000186920166,29.230356347037517
2022-11-14,27.229999542236328,5.933000087738037,34.419626255808645
2022-11-15,27.39699935913086,6.033999919891357,37.53410516711885
2022-11-16,25.885000228881836,6.199999809265137,34.57680874448259
2022-11-17,26.315000534057617,6.36899995803833,34.291348854343255
2022-11-18,26.385000228881836,6.302999973297119,35.07833952413572
2022-11-21,27.299999237060547,6.776000022888184,35.16138904981308
2022-11-22,29.21500015258789,6.7789998054504395,35.9256825695291
2022-11-23,31.114999771118164,7.308000087738037,39.1712467767496
2022-11-24,,,
2022-11-25,29.959999084472656,7.02400016784668,37.93832674081928
2022-11-28,30.280000686645508,6.711999893188477,37.4598355077683
2022-11-29,30.5049991607666,7.235000133514404,40.11049887418514
2022-11-30,33.310001373291016,6.929999828338623,44.29882185658801
2022-12-01,33.779998779296875,6.73799991607666,42.550232569259265
2022-12-02,31.760000228881836,6.281000137329102,41.830416905740215
2022-12-05,33.185001373291016,5.577000141143799,41.62635742585354
2022-12-06,32.845001220703125,5.468999862670898,42.60545338541062
2022-12-07,33.349998474121094,5.7230000495910645,45.79271705090268
2022-12-08,34.29499816894531,5.961999893188477,42.79654153376277
2022-12-09,33.3650016784668,6.244999885559082,43.05352415976685
2022-12-12,32.92499923706055,6.586999893188477,42.12279261471333
2022-12-13,33.345001220703125,6.934999942779541,42.491059790952576
2022-12-14,33.3849983215332,6.429999828338623,40.95902217088526
2022-12-15,33.44300079345703,6.96999979019165,42.1693798427072
2022-12-16,35.57500076293945,6.599999904632568,36.00420389012574
2022-12-19,36.4900016784668,5.85099983215332,33.673254852052956
2022-12-20,34.915000915527344,5.326000213623047,32.87908158552013
2022-12-21,31.68000030517578,5.331999778747559,30.445774489737726
2022-12-22,31.635000228881836,4.999000072479248,28.589377228138066
2022-12-23,28.1200008392334,5.078999996185303,25.786415498593083
2022-12-26,,,
2022-12-27,28.184999465942383,5.2820000648498535,24.96117433998704
2022-12-28,28.510000228881836,4.709000110626221,25.361785166317404
2022-12-29,28.829999923706055,4.559000015258789,26.115185552944805
2022-12-30,29.514999389648438,4.474999904632568,23.844531369000453
2023-01-02,,,
2023-01-03,29.344999313354492,3.98799991607666,22.630371256850452
2023-01-04,29.5,4.171999931335449,20.09899243890422
2023-01-05,28.850000381469727,3.7200000286102295,22.512724200481436
2023-01-06,28.450000762939453,3.7100000381469727,21.443489246837185
2023-01-09,27.114999771118164,3.9100000858306885,23.205925103344935
2023-01-10,27.059999465942383,3.6389999389648438,22.04234760934883
2023-01-11,26.8700008392334,3.6710000038146973,20.56703357435805
2023-01-12,26.760000228881836,3.694999933242798,21.080472555145278
2023-01-13,26.80699920654297,3.4189999103546143,20.62936075468253
2023-01-16,,,
2023-01-17,22.725000381469727,3.5859999656677246,19.064138625905823
2023-01-18,23.09000015258789,3.311000108718872,19.520640112286568
2023-01-19,22.950000762939453,3.2750000953674316,19.214925525015975
2023-01-20,22.815000534057617,3.1740000247955322,21.241651596381455
2023-01-23,23.2549991607666,3.447000026702881,21.016538308018536
2023-01-24,22.114999771118164,3.257999897003174,18.570755599552786
2023-01-25,20.940000534057617,3.066999912261963,18.080960137145226
2023-01-26,20.165000915527344,2.944000005722046,17.546645029342034
2023-01-27,19.5,3.1089999675750732,17.697065915884036
2023-01-30,19.485000610351562,2.677000045776367,17.574032522242298
2023-01-31,19.024999618530273,2.684000015258789,18.23883427605585
2023-02-01,18.969999313354492,2.4679999351501465,18.9484061771919
2023-02-02,18.3700008392334,2.4560000896453857,18.41070044284795
2023-02-03,18.524999618530273,2.4100000858306885,18.501957462780698
2023-02-06,18.4950008392334,2.4570000171661377,18.377673020688142
2023-02-07,18.184999465942383,2.5840001106262207,17.42428383804743
2023-02-08,17.93000030517578,2.3959999084472656,16.88297070327459
2023-02-09,17.915000915527344,2.430000066757202,16.561777681019556
2023-02-10,17.985000610351562,2.5139999389648438,16.984596519574907
2023-02-13,17.895000457763672,2.4049999713897705,16.181494243971898
2023-02-14,17.889999389648438,2.566999912261963,16.474904897076513
2023-02-15,17.881999969482422,2.4709999561309814,17.21616669707228
2023-02-16,16.295000076293945,2.3889999389648438,16.29803636599772
2023-02-17,15.920000076293945,2.2750000953674316,15.331868895935761
2023-02-20,,,
2023-02-21,14.300000190734863,2.072999954223633,15.197999087515834
2023-02-22,14.84000015258789,2.1740000247955322,15.78695229020716
2023-02-23,14.899999618530273,2.313999891281128,15.784369881786782
2023-02-24,14.989999771118164,2.4509999752044678,15.84520006906387
2023-02-27,14.970000267028809,2.7309999465942383,14.631580042936434
2023-02-28,14.359999656677246,2.746999979019165,14.512658140493219
2023-03-01,14.579999923706055,2.811000108718872,14.596190482994688
2023-03-02,14.585000038146973,2.765000104904175,14.638527213876502
2023-03-03,14.324999809265137,3.009000062942505,13.973504057862092
2023-03-06,14.28499984741211,2.572000026702881,13.12672198134062
2023-03-07,13.9399995803833,2.687000036239624,13.58595563208433
2023-03-08,13.895000457763672,2.5510001182556152,13.092267939601427
2023-03-09,14.3100004196167,2.5429999828338623,13.480326235463062
2023-03-10,14.154999732971191,2.430000066757202,16.397286462532854
2023-03-13,14.244999885559082,2.6059999465942383,15.525730051929475
2023-03-14,14.199999809265137,2.572999954223633,13.88876346917855
2023-03-15,14.168000221252441,2.438999891281128,13.489745425237412
2023-03-16,13.555000305175781,2.5139999389648438,13.75370767649214
2023-03-17,13.180000305175781,2.3380000591278076,13.332061179888436
2023-03-20,13.154999732971191,2.2230000495910645,12.30791289947053
2023-03-21,13.645000457763672,2.3480000495910645,13.320395316234555
2023-03-22,12.640000343322754,2.1710000038146973,12.623098016902428
2023-03-23,13.335000038146973,2.1540000438690186,13.758756500532003
2023-03-24,12.699999809265137,2.2160000801086426,13.049703164155618
2023-03-27,12.524999618530273,2.0880000591278076,13.434192727358157
2023-03-28,12.505000114440918,2.0299999713897705,13.541146747678921
2023-03-29,12.53499984741211,1.9910000562667847,13.598007603505696
2023-03-30,12.699999809265137,2.1040000915527344,13.859322218119601
2023-03-31,13.515000343322754,2.2160000801086426,15.291118653318145
2023-04-03,12.75,2.0969998836517334,16.264213414423583
2023-04-04,13.15999984741211,2.1059999465942383,14.893388082916967
2023-04-05,12.680000305175781,2.1549999713897705,14.318485288640526
2023-04-06,12.625,2.010999917984009,13.780967580265903
2023-04-07,,,
2023-04-10,12.625,2.171999931335449,13.793902700943796
2023-04-11,12.569999694824219,2.186000108718872,13.91860305393749
2023-04-12,12.625,2.0929999351501465,13.720478587458263
2023-04-13,12.604999542236328,2.006999969482422,13.57029241326047
2023-04-14,12.593000411987305,2.114000082015991,13.33194983103746
2023-04-17,12.489999771118164,2.2750000953674316,13.242841027188023
2023-04-18,12.850000381469727,2.365999937057495,13.679779757674908
2023-04-19,12.244999885559082,2.2219998836517334,12.96266004511884
2023-04-20,12.234999656677246,2.249000072479248,13.020963912275905
2023-04-21,11.880000114440918,2.2330000400543213,12.914312639279624
2023-04-24,11.875,2.2730000019073486,12.8624398366978
2023-04-25,11.845000267028809,2.306999921798706,12.911285600507776
2023-04-26,11.640000343322754,2.117000102996826,12.4041055532435
2023-04-27,11.595000267028809,2.3550000190734863,12.639943339023207
2023-04-28,11.550000190734863,2.4100000858306885,12.460523559060285
2023-05-01,11.550000190734863,2.318000078201294,12.532172678414431
2023-05-02,11.494999885559082,2.2139999866485596,12.065201357168545
2023-05-03,11.5,2.1700000762939453,11.869969576774956
2023-05-04,11.3100004196167,2.1010000705718994,11.5662488935471
2023-05-05,11.3149995803833,2.13700008392334,11.815726096089213
2023-05-08,11.3149995803833,2.23799991607666,11.90805078605856
2023-05-09,11.239999771118164,2.2669999599456787,11.585910025666276
2023-05-10,11.210000038146973,2.190999984741211,11.245215290236152
2023-05-11,11.15999984741211,2.190000057220459,11.265102003977418
2023-05-12,11.114999771118164,2.2660000324249268,10.479432851507557
2023-05-15,11.048999786376953,2.375,10.2782543535185
2023-05-16,9.854999542236328,2.375999927520752,10.141033072814388
2023-05-17,9.944999694824219,2.365000009536743,10.17557684213615
2023-05-18,9.71500015258789,2.5920000076293945,9.461317359097665
2023-05-19,9.84000015258789,2.5850000381469727,9.529847038975847
2023-05-22,9.755000114440918,2.4000000953674316,9.424226206618036
2023-05-23,9.734999656677246,2.321000099182129,9.228995351837955
2023-05-24,9.579999923706055,2.3980000019073486,8.770118372048922
2023-05-25,9.350000381469727,2.306999921798706,8.024477778773097
2023-05-26,9.234999656677246,2.180999994277954,7.707009868849045
2023-05-29,,,
2023-05-30,9.364999771118164,2.3269999027252197,7.7454860007451725
2023-05-31,9.28499984741211,2.2660000324249268,8.446786810161974
2023-06-01,9.265000343322754,2.1579999923706055,7.241820302711577
2023-06-02,9.28499984741211,2.171999931335449,7.471051921498717
2023-06-05,9.265000343322754,2.244999885559082,8.92952255338948
2023-06-06,9.210000038146973,2.26200008392334,7.804669443790998
2023-06-07,9.234999656677246,2.3289999961853027,8.25587022097227
2023-06-08,9.210000038146973,2.3519999980926514,8.455802393647712
2023-06-09,9.25,2.253999948501587,10.128232994600067
2023-06-12,9.265000343322754,2.2660000324249268,9.779208836138954
2023-06-13,9.300000190734863,2.3399999141693115,11.372112488938889
2023-06-14,9.399999618530273,2.3420000076293945,12.114933906303971
2023-06-15,9.583999633789062,2.5329999923706055,13.075532526746654
2023-06-16,11.199999809265137,2.631999969482422,11.230825144265305
2023-06-19,,,
2023-06-20,12.739999771118164,2.492000102996826,12.39325877042243
2023-06-21,12.475000381469727,2.5969998836517334,11.759879767495102
2023-06-22,12.0649995803833,2.6080000400543213,10.985225486330728
2023-06-23,11.835000038146973,2.7290000915527344,10.4408292175196
2023-06-26,11.789999961853027,2.7909998893737793,10.221008749078573
2023-06-27,12.069999694824219,2.763000011444092,11.033910589517243
2023-06-28,12.020000457763672,2.6029999256134033,10.958828866167337
2023-06-29,12.119999885559082,2.7009999752044678,11.254958999340541
2023-06-30,12.239999771118164,2.7980000972747803,11.818186078745647
2023-07-03,12.079999923706055,2.7090001106262207,10.846445823208363
2023-07-04,,,
2023-07-05,12.100000381469727,2.6570000648498535,10.965658877916338
2023-07-06,12.074999809265137,2.6089999675750732,10.2927545321994
2023-07-07,12.085000038146973,2.5820000171661377,10.685719046154103
2023-07-10,12.0600004196167,2.6689999103546143,9.718107363739382
2023-07-11,12.020000457763672,2.7309999465942383,9.374084057670563
2023-07-12,11.975000381469727,2.631999969482422,8.599169545306406
2023-07-13,11.90999984741211,2.5450000762939453,8.690589531328659
2023-07-14,11.869000434875488,2.5390000343322754,8.538324100215856
2023-07-17,10.5600004196167,2.51200008392334,8.259902992084047
2023-07-18,11.020000457763672,2.628999948501587,8.915313489707515
2023-07-19,10.744999885559082,2.6029999256134033,8.873521834703386
2023-07-20,10.920000076293945,2.756999969482422,9.20129710027715
2023-07-21,10.885000228881836,2.7130000591278076,9.193001911687306
2023-07-24,11.260000228881836,2.684999942779541,9.96355751876475
2023-07-25,11.460000038146973,2.7300000190734863,10.585884382497337
2023-07-26,11.100000381469727,2.6649999618530273,9.481304733333031
2023-07-27,10.970000267028809,2.492000102996826,9.232190151699651
2023-07-28,10.779999732971191,2.638000011444092,8.314830837407328
2023-07-31,10.920000076293945,2.634000062942505,9.165130914493028
2023-08-01,10.925000190734863,2.559999942779541,8.742311028887569
2023-08-02,10.970000267028809,2.4769999980926514,9.272817315775562
2023-08-03,11.0,2.565000057220459,9.774359188549962
2023-08-04,10.954999923706055,2.5769999027252197,9.261021173488466
2023-08-07,10.979999542236328,2.7249999046325684,9.831140679928255
2023-08-08,10.954999923706055,2.7769999504089355,10.018291592428845
2023-08-09,11.029999732971191,2.9590001106262207,12.790634686559214
2023-08-10,11.045000076293945,2.763000011444092,11.922291304825233
2023-08-11,11.085000038146973,2.7699999809265137,11.361436312522326
2023-08-14,11.145000457763672,2.7950000762939453,11.045110076947545
2023-08-15,11.204999923706055,2.6589999198913574,12.410472560472629
2023-08-16,14.319999694824219,2.5920000076293945,12.075126292868665
2023-08-17,14.15999984741211,2.621000051498413,11.737034476303895
2023-08-18,13.949999809265137,2.5510001182556152,11.60451158996641
2023-08-21,14.300000190734863,2.631999969482422,12.999077253518669
2023-08-22,14.300000190734863,2.559999942779541,13.705348292413515
2023-08-23,13.734999656677246,2.496999979019165,11.694209150226412
2023-08-24,12.920000076293945,2.5190000534057617,10.17091068868351
2023-08-25,13.460000038146973,2.5399999618530273,11.007079804013873
2023-08-28,13.460000038146973,2.5789999961853027,12.156237049504858
2023-08-29,13.395000457763672,2.555999994277954,11.166631251456783
2023-08-30,13.404999732971191,2.7960000038146973,11.465552377490624
2023-08-31,13.199999809265137,2.7679998874664307,11.223803528999724
2023-09-01,13.395000457763672,2.765000104904175,11.319884782679207
2023-09-04,,,
2023-09-05,13.239999771118164,2.5820000171661377,10.898558148135738
2023-09-06,13.210000038146973,2.509999990463257,9.768917390244475
2023-09-07,13.319999694824219,2.5789999961853027,10.295174061549348
2023-09-08,13.329999923706055,2.6050000190734863,10.819470447245294
2023-09-11,13.385000228881836,2.6080000400543213,11.260929567405384
2023-09-12,13.390000343322754,2.743000030517578,10.933434917648238
2023-09-13,13.390000343322754,2.680000066757202,11.603254356196999
2023-09-14,13.364999771118164,2.7079999446868896,11.174978137037673
2023-09-15,13.329000473022461,2.6440000534057617,11.37385004693996
2023-09-18,13.989999771118164,2.7279999256134033,10.779256810184219
2023-09-19,14.25,2.8480000495910645,11.526900951876561
2023-09-20,14.239999771118164,2.7330000400543213,11.672611711836709
2023-09-21,14.329999923706055,2.609999895095825,12.209459770998814
2023-09-22,14.595000267028809,2.63700008392334,12.433577823479167
2023-09-25,14.989999771118164,2.6389999389648438,13.869880460227572
2023-09-26,14.649999618530273,2.6559998989105225,12.516894745983047
2023-09-27,14.595000267028809,2.7639999389648438,12.172872824420194
2023-09-28,14.760000228881836,2.944999933242798,12.234432037727482
2023-09-29,14.630000114440918,2.928999900817871,12.958195893214995
2023-10-02,14.395000457763672,2.8399999141693115,12.180062157044775
2023-10-03,14.244999885559082,2.9489998817443848,11.36141760796078
2023-10-04,14.149999618530273,2.9619998931884766,11.798525971224365
2023-10-05,14.104999542236328,3.1659998893737793,11.14975170141453
2023-10-06,14.074999809265137,3.3380000591278076,11.817358447344246
2023-10-09,14.154999732971191,3.375999927520752,13.612899737009686
2023-10-10,14.244999885559082,3.381999969482422,15.333479170123999
2023-10-11,14.305000305175781,3.377000093460083,14.31833381426954
2023-10-12,14.359999656677246,3.3440001010894775,16.503757385012044
2023-10-13,14.475000381469727,3.2360000610351562,16.670408477440493
2023-10-16,17.719999313354492,3.1089999675750732,14.945724967184791
2023-10-17,17.645000457763672,3.0789999961853027,15.124960769292926
2023-10-18,18.290000915527344,3.055999994277954,15.7520611480777
2023-10-19,18.2450008392334,2.9570000171661377,15.496440678094087
2023-10-20,18.399999618530273,2.8989999294281006,15.858639065006727
2023-10-23,18.584999084472656,2.9260001182556152,15.914746384663319
2023-10-24,17.84000015258789,2.9709999561309814,15.405617567386868
2023-10-25,17.954999923706055,3.009999990463257,15.503000686390626
2023-10-26,17.90999984741211,3.2139999866485596,15.735972979132358
2023-10-27,17.895000457763672,3.1640000343322754,15.646051770220122
2023-10-30,17.90999984741211,3.3519999980926514,15.64772023068655
2023-10-31,17.719999313354492,3.575000047683716,14.935093490685533
2023-11-01,17.655000686645508,3.49399995803833,14.80732889531698
2023-11-02,17.645000457763672,3.4719998836517334,15.068862537923675
2023-11-03,17.56999969482422,3.515000104904175,14.956675044290192
2023-11-06,17.44499969482422,3.2639999389648438,14.101513870500021
2023-11-07,17.354999542236328,3.140000104904175,14.472535563267451
2023-11-08,17.290000915527344,3.1059999465942383,14.35039517155856
2023-11-09,17.2549991607666,3.0409998893737793,15.107912237378033
2023-11-10,17.184999465942383,3.0329999923706055,14.579438468318124
2023-11-13,17.200000762939453,3.197000026702881,14.999116662694869
2023-11-14,17.125,3.1059999465942383,14.932371991395433
2023-11-15,17.101999282836914,3.190000057220459,14.996579358827908
2023-11-16,17.100000381469727,3.062000036239624,14.585923239289205
2023-11-17,16.975000381469727,2.9600000381469727,14.33510203580516
2023-11-20,17.125,2.881999969482422,14.647447476627487
2023-11-21,16.46500015258789,2.8459999561309814,14.136377478165318
2023-11-22,16.489999771118164,2.8970000743865967,14.276888475529212
2023-11-23,,2.934000015258789,14.86802214294574
2023-11-24,17.094999313354492,2.8550000190734863,14.913714778971189
2023-11-27,16.5049991607666,2.7939999103546143,14.103291691078383
2023-11-28,16.420000076293945,2.7060000896453857,13.737854414551796
2023-11-29,16.2450008392334,2.803999900817871,13.018754604519719
2023-11-30,16.135000228881836,2.802000045776367,13.537333342176325
2023-12-01,16.25,2.813999891281128,13.885141136416141
2023-12-04,16.049999237060547,2.694000005722046,12.797720242644028
2023-12-05,16.059999465942383,2.7100000381469727,12.11243403445354
2023-12-06,16.0049991607666,2.569000005722046,12.436431611448679
2023-12-07,16.049999237060547,2.5850000381469727,12.612055298810246
2023-12-08,15.975000381469727,2.5810000896453857,12.208532948849482
2023-12-11,15.744999885559082,2.430999994277954,11.396191748742751
2023-12-12,15.614999771118164,2.311000108718872,10.950545716568389
2023-12-13,15.454999923706055,2.3350000381469727,11.334172770259165
2023-12-14,15.324999809265137,2.3919999599456787,11.119039434123053
2023-12-15,15.196999549865723,2.490999937057495,10.693630037358822
2023-12-18,12.395000457763672,2.503000020980835,11.3429532857009
2023-12-19,11.774999618530273,2.492000102996826,10.42694124495228
2023-12-20,11.8100004196167,2.447000026702881,10.788266139099484
2023-12-21,11.9350004196167,2.572000026702881,10.97233489878662
2023-12-22,11.944999694824219,2.609999895095825,11.02360487402434
2023-12-25,,,
2023-12-26,11.944999694824219,2.549999952316284,11.037696220711634
2023-12-27,11.869999885559082,2.61899995803833,11.493859777180061
2023-12-28,11.725000381469727,2.556999921798706,10.778183334013542
2023-12-29,11.520000457763672,2.5139999389648438,10.494020488055162
2024-01-01,,,
2024-01-02,11.494999885559082,2.568000078201294,9.89087155090149
2024-01-03,11.5,2.6679999828338623,10.516849343217038
2024-01-04,11.555000305175781,2.821000099182129,10.700372771991995
2024-01-05,11.5649995803833,2.8929998874664307,11.085672960720062
2024-01-08,11.479999542236328,2.9800000190734863,10.127661720099821
2024-01-09,11.300000190734863,3.190000057220459,9.835027180373036
2024-01-10,11.28499984741211,3.0390000343322754,9.914159821960977
2024-01-11,11.244999885559082,3.0969998836517334,9.912688458027796
2024-01-12,11.199999809265137,3.312999963760376,10.296422325439059
2024-01-15,,,
2024-01-16,10.024999618530273,2.9000000953674316,9.513655927401553
2024-01-17,9.550000190734863,2.869999885559082,8.834393299442874
2024-01-18,9.555000305175781,2.697000026702881,8.899089119122282
2024-01-19,9.585000038146973,2.5190000534057617,9.064571488545413
2024-01-22,9.404999732971191,2.4189999103546143,8.703622085209412
2024-01-23,9.335000038146973,2.450000047683716,8.68216436959746
2024-01-24,9.574999809265137,2.6410000324249268,9.205968863587074
2024-01-25,9.390000343322754,2.571000099182129,8.861034475116552
2024-01-26,9.289999961853027,2.7119998931884766,8.926559797838033
2024-01-29,9.390000343322754,2.490000009536743,8.95384723405212
2024-01-30,9.479999542236328,2.0769999027252197,9.33282370718186
2024-01-31,9.529999732971191,2.0999999046325684,9.608739696829872
2024-02-01,9.460000038146973,2.049999952316284,9.179848686968212
2024-02-02,9.460000038146973,2.0789999961853027,9.339703899298707
2024-02-05,9.454999923706055,2.0820000171661377,8.954197287433784
2024-02-06,9.470000267028809,2.009000062942505,9.006200616182053
2024-02-07,9.449999809265137,1.9670000076293945,8.886355061512072
2024-02-08,9.449999809265137,1.9170000553131104,8.783559604054874
2024-02-09,9.4350004196167,1.847000002861023,8.565264892433376
2024-02-12,9.4350004196167,1.7680000066757202,8.142642427381778
2024-02-13,9.404999732971191,1.6890000104904175,8.030577845121634
2024-02-14,9.364999771118164,1.6089999675750732,7.80163888158823
2024-02-15,9.347000122070312,1.5809999704360962,7.852836900982364
2024-02-16,8.569999694824219,1.6089999675750732,7.837908683561431
2024-02-19,,,
2024-02-20,8.369999885559082,1.5759999752044678,7.6324672493396655
2024-02-21,8.295000076293945,1.7730000019073486,7.598677343032614
2024-02-22,8.154999732971191,1.7319999933242798,7.355147059262159
2024-02-23,8.125,1.6030000448226929,7.276553925098618
2024-02-26,8.300000190734863,1.659000039100647,7.613675944981568
2024-02-27,8.220000267028809,1.6150000095367432,7.757206680263011
2024-02-28,8.494999885559082,1.8849999904632568,8.142825689759448
2024-02-29,8.369999885559082,1.8600000143051147,7.898803091585402
2024-03-01,8.300000190734863,1.8350000381469727,8.173079651807411
2024-03-04,8.34000015258789,1.9160000085830688,8.543547240846365
2024-03-05,8.380000114440918,1.9570000171661377,8.738857779788905
2024-03-06,8.414999961853027,1.9290000200271606,8.454440670498807
2024-03-07,8.399999618530273,1.8179999589920044,8.303072211245432
2024-03-08,8.460000038146973,1.8049999475479126,8.469994624575866
2024-03-11,8.46500015258789,1.7589999437332153,7.995541380878507
2024-03-12,8.46500015258789,1.7139999866485596,7.937403910743101
2024-03-13,8.475000381469727,1.6579999923706055,7.975797158088263
2024-03-14,8.489999771118164,1.7410000562667847,8.363853402420398
2024-03-15,8.520999908447266,1.6549999713897705,8.620601736654999
2024-03-18,9.880000114440918,1.7029999494552612,9.192779344760533
2024-03-19,9.899999618530273,1.74399995803833,9.19950495038379
2024-03-20,9.569999694824219,1.6990000009536743,8.832645247435105
2024-03-21,9.28499984741211,1.6829999685287476,8.463195532801288
2024-03-22,9.444999694824219,1.659000039100647,8.842701274606137
2024-03-25,9.71500015258789,1.6150000095367432,9.023915253031664
2024-03-26,9.574999809265137,1.5750000476837158,8.618488111310846
2024-03-27,9.399999618530273,1.718000054359436,8.790020970036787
2024-03-28,9.53499984741211,1.7630000114440918,8.664650913004335
2024-03-29,,,
2024-04-01,9.53499984741211,1.8370000123977661,
2024-04-02,9.46500015258789,1.8619999885559082,8.245817847774903
2024-04-03,9.5,1.840999960899353,8.067892361739794
2024-04-04,9.545000076293945,1.7740000486373901,8.324434381857419
2024-04-05,9.545000076293945,1.784999966621399,8.450488722203604
2024-04-08,9.574999809265137,1.843999981880188,8.858648166953811
2024-04-09,9.585000038146973,1.871999979019165,8.708441123677181
2024-04-10,9.585000038146973,1.8849999904632568,8.625056695930244
2024-04-11,9.609999656677246,1.7640000581741333,9.24851649794111
2024-04-12,9.645000457763672,1.7699999809265137,9.66171147738032
2024-04-15,9.687000274658203,1.690999984741211,9.7204379791444
2024-04-16,11.260000228881836,1.7319999933242798,10.320243928767928
2024-04-17,10.744999885559082,1.7120000123977661,9.740179240819346
2024-04-18,10.880000114440918,1.7569999694824219,10.103094072076773
2024-04-19,10.5,1.7519999742507935,9.595364969565894
2024-04-22,10.529999732971191,1.7910000085830688,9.155726916174483
2024-04-23,10.225000381469727,1.812000036239624,8.873276899964194
2024-04-24,10.4350004196167,1.652999997138977,9.103713360391797
2024-04-25,10.430000305175781,1.6380000114440918,9.336052012794648
2024-04-26,10.324999809265137,1.6139999628067017,9.083694047479236
2024-04-29,10.210000038146973,2.0299999713897705,8.784526045491921
2024-04-30,10.335000038146973,1.9910000562667847,9.144777225522963
2024-05-01,10.234999656677246,1.9320000410079956,8.981537413416957
2024-05-02,10.40999984741211,2.0350000858306885,9.713822027501154
2024-05-03,10.470000267028809,2.1419999599456787,9.603139937305986
2024-05-06,10.470000267028809,2.194999933242798,10.026938056451627
2024-05-07,10.5,2.2070000171661377,9.804048976351355
2024-05-08,10.460000038146973,2.187000036239624,9.64424941182317
2024-05-09,10.460000038146973,2.3010001182556152,9.721670350135183
2024-05-10,10.475000381469727,2.252000093460083,9.492014318418061
2024-05-13,10.449999809265137,2.38100004196167,9.336667072732803
2024-05-14,10.449999809265137,2.3440001010894775,9.38550980525205
2024-05-15,10.468999862670898,2.4159998893737793,9.42438130757149
2024-05-16,11.045000076293945,2.494999885559082,9.654010247106566
2024-05-17,11.15999984741211,2.625999927520752,9.800443442689657
2024-05-20,11.505000114440918,2.750999927520752,10.125794223375786
2024-05-21,11.824999809265137,2.6710000038146973,10.505592894022143
2024-05-22,11.975000381469727,2.8420000076293945,10.940751971324167
2024-05-23,12.255000114440918,2.6570000648498535,11.176738668425497
2024-05-24,11.9399995803833,2.5199999809265137,10.811097937384082
2024-05-27,,,
2024-05-28,11.954999923706055,2.5899999141693115,10.675342149528973
2024-05-29,11.829999923706055,2.493000030517578,10.775222389591114
2024-05-30,11.960000038146973,2.572000026702881,11.141197202883793
2024-05-31,11.904999732971191,2.5869998931884766,10.868119695247719
2024-06-03,12.050000190734863,2.75600004196167,11.455502145885857
2024-06-04,11.989999771118164,2.5859999656677246,10.804129903357127
2024-06-05,11.970000267028809,2.756999969482422,10.637885189781832
2024-06-06,11.984999656677246,2.821000099182129,10.736208356785019
2024-06-07,11.970000267028809,2.9179999828338623,10.571622625119225
2024-06-10,11.96500015258789,2.9059998989105225,10.822478035031267
2024-06-11,12.0,3.128999948501587,10.816317239518126
2024-06-12,12.029999732971191,3.0450000762939453,11.109882795796619
2024-06-13,12.095000267028809,2.9590001106262207,11.321481006850817
2024-06-14,12.137999534606934,2.88100004196167,11.129106023886065
2024-06-17,12.574999809265137,2.7880001068115234,10.730398291046646
2024-06-18,12.600000381469727,2.9089999198913574,10.92325627782956
2024-06-19,,,
2024-06-20,12.600000381469727,2.740999937057495,10.859930166832806
2024-06-21,12.46500015258789,2.7049999237060547,10.648672683866126
2024-06-24,12.609999656677246,2.811000108718872,10.675228693574558
2024-06-25,12.734999656677246,2.75600004196167,10.963294787078228
2024-06-26,12.619999885559082,2.628000020980835,10.616711159703781
2024-06-27,12.65999984741211,2.684999942779541,10.819400996197365
2024-06-28,12.635000228881836,2.6010000705718994,10.821457643160453
2024-07-01,12.53499984741211,2.4779999256134033,10.535466475037172
2024-07-02,12.5600004196167,2.434999942779541,10.600213853553393
2024-07-03,12.420000076293945,2.4179999828338623,10.298252548096764
2024-07-04,,,
2024-07-05,12.484999656677246,2.319000005722046,10.477057929690432
2024-07-08,12.390000343322754,2.365999937057495,10.244111205588045
2024-07-09,12.364999771118164,2.3440001010894775,9.946888377135057
2024-07-10,12.350000381469727,2.3289999961853027,9.757396694055643
2024-07-11,12.364999771118164,2.2679998874664307,9.878239273140384
2024-07-12,12.329999923706055,2.3289999961853027,10.107648117547106
2024-07-15,12.321000099182129,2.1579999923706055,10.008506707099897
2024-07-16,12.300000190734863,2.187999963760376,10.47885285942656
2024-07-17,12.09000015258789,2.0350000858306885,10.190906731992266
2024-07-18,12.199999809265137,2.125,10.476557279231118
2024-07-19,12.114999771118164,2.128000020980835,10.278521456346859
2024-07-22,12.095000267028809,2.250999927520752,10.17054751219946
2024-07-23,12.010000228881836,2.187000036239624,10.092538934533032
2024-07-24,12.234999656677246,2.117000102996826,10.373988196962259
2024-07-25,12.074999809265137,2.0409998893737793,10.09581245075573
2024-07-26,12.204999923706055,2.00600004196167,10.32811844231367
2024-07-29,12.444999694824219,1.906999945640564,10.77518497883722
2024-07-30,12.475000381469727,2.125999927520752,10.895887333090275
2024-07-31,12.524999618530273,2.0360000133514404,11.370189886191367
2024-08-01,12.489999771118164,1.968000054359436,11.727707416145869
2024-08-02,12.520000457763672,1.9670000076293945,11.587187316316031
2024-08-05,12.444999694824219,1.9420000314712524,11.351491341746947
2024-08-06,12.510000228881836,2.009999990463257,11.771342977450237
2024-08-07,12.53499984741211,2.111999988555908,12.31312779133575
2024-08-08,12.5649995803833,2.127000093460083,12.84182885433838
2024-08-09,12.550000190734863,2.1429998874664307,12.923547562012523
2024-08-12,12.625,2.188999891281128,12.685228921646043
2024-08-13,12.654999732971191,2.1480000019073486,12.65425613031575
2024-08-14,12.720000267028809,2.2190001010894775,12.559190138136495
2024-08-15,12.777999877929688,2.197000026702881,12.782367446410156
2024-08-16,14.515000343322754,2.122999906539917,12.749208985073913
2024-08-19,14.46500015258789,2.234999895095825,12.874879418636455
2024-08-20,13.9350004196167,2.197999954223633,12.333215904981074
2024-08-21,13.789999961853027,2.177000045776367,12.070473939560445
2024-08-22,13.75,2.052999973297119,11.961934662719726
2024-08-23,13.819999694824219,2.0220000743865967,12.010902731060163
2024-08-26,13.819999694824219,1.9559999704360962,12.347387334950865
2024-08-27,14.055000305175781,1.9040000438690186,12.659762813818507
2024-08-28,14.0649995803833,1.9299999475479126,12.619399201699656
2024-08-29,14.010000228881836,2.13700008392334,12.586003029141551
2024-08-30,14.09000015258789,2.127000093460083,12.932501866426092
2024-09-02,,,
2024-09-03,13.824999809265137,2.203000068664551,12.064240915886359
2024-09-04,13.78499984741211,2.1449999809265137,11.592245380923222
2024-09-05,13.8149995803833,2.253999948501587,11.75430980154958
2024-09-06,13.789999961853027,2.2750000953674316,11.879315432788527
2024-09-09,13.779999732971191,2.1700000762939453,12.131269303288992
2024-09-10,13.78499984741211,2.2320001125335693,11.413424839010352
2024-09-11,13.734999656677246,2.2699999809265137,11.674102147967082
2024-09-12,13.6850004196167,2.3570001125335693,11.356535937502358
2024-09-13,13.673999786376953,2.305000066757202,11.573978786725908
2024-09-16,13.130000114440918,2.372999906539917,11.075767665133402
2024-09-17,13.300000190734863,2.3239998817443848,11.595007279922926
2024-09-18,13.220000267028809,2.2839999198913574,11.489848297258021
2024-09-19,12.829999923706055,2.3480000495910645,10.777007086309006
2024-09-20,12.970000267028809,2.434000015258789,11.267953267339577
2024-09-23,13.204999923706055,2.61299991607666,11.844815660597764
2024-09-24,13.055000305175781,2.5510001182556152,11.532813657414804
2024-09-25,13.095000267028809,2.63700008392334,12.240446667631927
2024-09-26,13.1899995803833,2.5850000381469727,12.360916209350721
2024-09-27,13.204999923706055,2.9019999504089355,12.485551397131665
2024-09-30,13.125,2.9230000972747803,12.781777403915573
2024-10-01,13.175000190734863,2.8959999084472656,12.818515929227432
2024-10-02,13.09000015258789,2.885999917984009,12.522122409722565
2024-10-03,13.095000267028809,2.9700000286102295,12.924027983618625
2024-10-04,13.09000015258789,2.8540000915527344,13.254337387736838
2024-10-07,13.135000228881836,2.746000051498413,12.944295506540259
2024-10-08,13.095000267028809,2.7330000400543213,12.51948852464576
2024-10-09,13.069999694824219,2.6600000858306885,12.3335573978005
2024-10-10,13.074999809265137,2.674999952316284,12.923181020550683
2024-10-11,13.079999923706055,2.631999969482422,12.779350591295
2024-10-14,13.104999542236328,2.49399995803833,12.987176623819472
2024-10-15,13.109000205993652,2.497999906539917,12.780546431564975
2024-10-16,13.46500015258789,2.367000102996826,12.517691767105168
2024-10-17,13.494999885559082,2.3469998836517334,12.623019102588783
2024-10-18,13.274999618530273,2.257999897003174,12.443182395948686
2024-10-21,13.34000015258789,2.312000036239624,12.749285321879574
2024-10-22,13.524999618530273,2.311000108718872,12.905300781287634
2024-10-23,13.595000267028809,2.3420000076293945,13.094697137453156
2024-10-24,13.720000267028809,2.5220000743865967,13.318919954253026
2024-10-25,13.795000076293945,2.559999942779541,13.80396510699333
2024-10-28,13.755000114440918,2.309000015258789,13.454261540980266
2024-10-29,13.6850004196167,2.3459999561309814,13.590395509446903
2024-10-30,13.520000457763672,2.8450000286102295,12.971761536764749
2024-10-31,13.619999885559082,2.7070000171661377,12.917712268970272
2024-11-01,13.475000381469727,2.6630001068115234,12.498949222969863
2024-11-04,13.475000381469727,2.7809998989105225,12.844502413898857
2024-11-05,13.539999961853027,2.6700000762939453,12.904815794335065
2024-11-06,13.494999885559082,2.746999979019165,12.9431692339036
2024-11-07,13.494999885559082,2.693000078201294,12.984119988708196
2024-11-08,13.550000190734863,2.6689999103546143,13.417716085548607
2024-11-11,13.550000190734863,2.9200000762939453,13.732153323454469
2024-11-12,13.5649995803833,2.9070000648498535,13.832141207617822
2024-11-13,13.555000305175781,2.9830000400543213,13.587044184381844
2024-11-14,13.5649995803833,2.7850000858306885,14.311725804907397
2024-11-15,13.579000473022461,2.822999954223633,14.36652824626729
2024-11-18,14.649999618530273,2.9730000495910645,14.479269347017352
2024-11-19,14.399999618530273,2.997999906539917,14.180776301836588
2024-11-20,14.65999984741211,3.193000078201294,14.548459615932012
2024-11-21,15.074999809265137,3.3389999866485596,14.930026181424418
2024-11-22,14.78499984741211,3.128999948501587,14.426949135610535
2024-11-25,15.015000343322754,3.36899995803833,14.661073148004144
2024-11-26,14.9399995803833,3.430999994277954,14.453050202394598
2024-11-27,15.020000457763672,3.2039999961853027,14.378353629887139
2024-11-28,,,
2024-11-29,14.925000190734863,3.36299991607666,14.801524669845655
2024-12-02,15.114999771118164,3.2130000591278076,15.03723939976698
2024-12-03,15.125,3.0420000553131104,14.944546185491005
2024-12-04,15.074999809265137,3.0429999828338623,14.492741508983713
2024-12-05,15.0649995803833,3.0789999961853027,14.344776636726595
2024-12-06,15.074999809265137,3.0759999752044678,14.420236457244291
2024-12-09,15.0600004196167,3.181999921798706,13.889620506674788
2024-12-10,15.020000457763672,3.1630001068115234,14.091753808058483
2024-12-11,15.0,3.378000020980835,13.79720036174152
2024-12-12,14.949999809265137,3.4549999237060547,13.180985843146896
2024-12-13,14.876999855041504,3.2799999713897705,12.652058026494315
2024-12-16,12.765000343322754,3.2139999866485596,12.406605706887214
2024-12-17,13.319999694824219,3.308000087738037,12.96636082429452
2024-12-18,13.005000114440918,3.374000072479248,12.613439683629322
2024-12-19,13.460000038146973,3.5840001106262207,13.067648396611236
2024-12-20,13.664999961853027,3.747999906539917,13.40578081693749
2024-12-23,13.984999656677246,3.6559998989105225,13.92656669281971
2024-12-24,13.96500015258789,3.946000099182129,13.946918063578744
2024-12-25,,,
2024-12-26,13.96500015258789,3.7149999141693115,13.93850745064918
2024-12-27,14.289999961853027,3.5139999389648438,14.581150191487652
2024-12-30,14.154999732971191,3.936000108718872,14.559863278732726
2024-12-31,14.239999771118164,3.632999897003174,14.910503076787467
2025-01-02,14.380000114440918,3.6600000858306885,15.25261054406211
2025-01-03,14.359999656677246,3.3540000915527344,14.933438027337147
2025-01-06,14.28499984741211,3.671999931335449,14.293988138078046
2025-01-07,14.270000457763672,3.4489998817443848,14.45142591983057
2025-01-08,14.225000381469727,3.6510000228881836,13.813965232212858
2025-01-09,14.1899995803833,3.7009999752044678,13.599867662403053
2025-01-10,14.154999732971191,3.989000082015991,13.58365855432363
2025-01-13,14.140000343322754,3.934000015258789,14.49022639711001
2025-01-14,14.135000228881836,3.9679999351501465,14.124350964416413
2025-01-15,14.128999710083008,4.083000183105469,14.19938744321709
2025-01-16,13.744999885559082,4.257999897003174,13.95262347466355
2025-01-17,13.779999732971191,3.947999954223633,14.156727412130506
2025-01-20,,,
2025-01-21,14.40999984741211,3.75600004196167,15.278882895403862
2025-01-22,14.114999771118164,3.9600000381469727,14.857430472495018
2025-01-23,13.975000381469727,3.944999933242798,14.987640462580044
2025-01-24,14.109999656677246,4.0269999504089355,15.172825124480733
2025-01-27,14.020000457763672,3.697000026702881,14.683458991251845
2025-01-28,13.984999656677246,3.4709999561309814,14.762683789706431
2025-01-29,14.295000076293945,3.5350000858306885,15.636240050596523
2025-01-30,14.225000381469727,3.046999931335449,15.804697550213723
2025-01-31,14.4399995803833,3.0439999103546143,16.2227418236574
2025-02-03,14.404999732971191,3.3519999980926514,16.15679103197463
2025-02-04,14.494999885559082,3.253000020980835,15.753792503800712
2025-02-05,14.430000305175781,3.359999895095825,16.245650654734483
2025-02-06,14.515000343322754,3.4079999923706055,16.613922258284912
2025-02-07,14.725000381469727,3.309000015258789,16.961423725055923
2025-02-10,14.789999961853027,3.444000005722046,17.540326330192013
2025-02-11,14.890000343322754,3.5190000534057617,17.44073609166366
2025-02-12,14.920000076293945,3.565000057220459,16.908659383221977
2025-02-13,14.9350004196167,3.628000020980835,15.649807433427213
2025-02-14,14.949999809265137,3.7249999046325684,15.540737037077603
2025-02-17,,,
2025-02-18,14.550000190734863,4.006999969482422,15.12419040576679
2025-02-19,14.114999771118164,4.28000020980835,14.77955963131709
2025-02-20,14.25,4.1519999504089355,14.505726819048762
2025-02-21,14.175000190734863,4.234000205993652,14.52444400352219
2025-02-24,14.335000038146973,3.99399995803833,14.473185805654298
2025-02-25,13.854999542236328,4.173999786376953,13.579818955959116
2025-02-26,13.489999771118164,3.9059998989105225,12.749829568588504
2025-02-27,13.984999656677246,3.934000015258789,13.811862867194595
2025-02-28,13.850000381469727,3.8340001106262207,13.502685419240345
2025-03-03,13.96500015258789,4.122000217437744,13.799568466200142
2025-03-04,13.829999923706055,4.349999904632568,13.356438455296225
2025-03-05,13.729999542236328,4.449999809265137,12.928054710591333
2025-03-06,13.6899995803833,4.302000045776367,12.098431357998985
2025-03-07,13.760000228881836,4.39900016784668,12.637902534782766
2025-03-10,13.760000228881836,4.491000175476074,13.124383552846195
2025-03-11,13.6899995803833,4.453000068664551,13.56831562915056
2025-03-12,13.6850004196167,4.084000110626221,13.516043030095787
2025-03-13,13.664999961853027,4.111000061035156,13.424672862388322
2025-03-14,13.644000053405762,4.104000091552734,13.455014163735484
2025-03-17,13.180000305175781,4.01800012588501,13.154479502380209
2025-03-18,13.104999542236328,4.052000045776367,13.042527649585066
2025-03-19,13.755000114440918,4.247000217437744,13.900388529691954
2025-03-20,13.529999732971191,3.9749999046325684,13.705446036375816
2025-03-21,13.385000228881836,3.9800000190734863,13.556559135494112
2025-03-24,13.385000228881836,3.9140000343322754,13.575825524715798
2025-03-25,13.149999618530273,3.8399999141693115,13.157747249904922
2025-03-26,13.199999809265137,3.8610000610351562,12.921588024472982
2025-03-27,13.175000190734863,3.950000047683716,12.971699865420412
2025-03-28,13.085000038146973,4.065000057220459,12.848191060495584
2025-03-31,13.074999809265137,4.11899995803833,12.900826435940433
2025-04-01,13.225000381469727,3.9509999752044678,13.460184585659743
2025-04-02,13.1850004196167,4.054999828338623,13.056121093133852
2025-04-03,13.079999923706055,4.138000011444092,12.533808080468948
2025-04-04,12.914999961853027,3.8369998931884766,11.782043942080124
2025-04-07,12.774999618530273,3.6549999713897705,11.911727898565294
2025-04-08,12.770000457763672,3.4649999141693115,11.590693337895754
2025-04-09,12.6850004196167,3.815999984741211,10.834338516772297
2025-04-10,12.604999542236328,3.556999921798706,10.686606458002515
2025-04-11,12.545000076293945,3.5269999504089355,11.041062351730295
2025-04-14,12.520000457763672,3.325000047683716,11.469139946929726
2025-04-15,12.461999893188477,3.3289999961853027,11.435052023874483
2025-04-16,11.859999656677246,3.246999979019165,11.687187641259223
2025-04-17,12.085000038146973,3.244999885559082,11.910181259114406
2025-04-21,12.085000038146973,3.0160000324249268,
2025-04-22,11.770000457763672,3.006999969482422,11.554618933613058
2025-04-23,11.65999984741211,3.0220000743865967,11.364560191091858
2025-04-24,11.505000114440918,2.930000066757202,11.146073510999438
2025-04-25,11.270000457763672,2.937000036239624,10.809310629068014
2025-04-28,11.279999732971191,3.1700000762939453,10.770665133300142
2025-04-29,11.21500015258789,3.385999917984009,10.652100713709489
2025-04-30,11.21500015258789,3.3259999752044678,10.78742137166517
2025-05-01,11.260000228881836,3.4790000915527344,10.670696499783265
2025-05-02,11.260000228881836,3.630000114440918,10.951511620688386
2025-05-05,11.260000228881836,3.549999952316284,10.928313442116032
2025-05-06,11.3149995803833,3.4630000591278076,11.5199410620364
2025-05-07,11.40999984741211,3.621000051498413,11.479386636313512
2025-05-08,11.449999809265137,3.5920000076293945,11.71080367332797
2025-05-09,11.46500015258789,3.7950000762939453,11.388050672713792
2025-05-12,11.4399995803833,3.6459999084472656,11.647631077750386
2025-05-13,11.460000038146973,3.6470000743865967,11.623690376080658
2025-05-14,11.475000381469727,3.492000102996826,11.489782919982002
2025-05-15,11.498000144958496,3.361999988555908,11.56667742678836
2025-05-16,11.895000457763672,3.3340001106262207,11.53254162570266
2025-05-19,11.96500015258789,3.11299991607666,11.549875779732032
2025-05-20,12.515000343322754,3.427000045776367,12.174707081600461
2025-05-21,12.479999542236328,3.368000030517578,12.115362938777455
2025-05-22,12.350000381469727,3.253000020980835,12.073758524419164
2025-05-23,12.484999656677246,3.3340001106262207,12.052262389100159
2025-05-26,,,
2025-05-27,12.494999885559082,3.3980000019073486,12.351765934295571
2025-05-28,12.46500015258789,3.2039999961853027,12.190038486391668
2025-05-29,12.295000076293945,3.5220000743865967,11.575434484733735
2025-05-30,12.154999732971191,3.447000026702881,11.41439266071423
2025-06-02,12.300000190734863,3.694000005722046,11.651123148339249
2025-06-03,12.329999923706055,3.7219998836517334,12.033499545225302
2025-06-04,12.369999885559082,3.7160000801086426,11.894964152389875
2025-06-05,12.414999961853027,3.677000045776367,12.182956227440792
2025-06-06,12.444999694824219,3.7839999198913574,12.169195721922032
2025-06-09,12.4399995803833,3.634999990463257,11.904343182651717
2025-06-10,12.40999984741211,3.5329999923706055,11.601546112458589
2025-06-11,12.444999694824219,3.506999969482422,12.038496101931843
2025-06-12,12.460000038146973,3.492000102996826,12.203198980894635
2025-06-13,12.503999710083008,3.5810000896453857,12.88335480925819
2025-06-16,13.585000038146973,3.747999906539917,12.839029309780145
2025-06-17,14.005000114440918,3.8510000705718994,13.308083874983089
2025-06-18,13.880000114440918,3.989000082015991,13.021621509769595
2025-06-19,,,
2025-06-20,14.255000114440918,3.8469998836517334,13.810273781448847
2025-06-23,14.460000038146973,3.697999954223633,13.65879122226823
2025-06-24,13.520000457763672,3.5369999408721924,12.107268464644067
2025-06-25,13.539999961853027,3.4059998989105225,12.048213624756823
2025-06-26,13.324999809265137,3.260999917984009,11.65087022476293
2025-06-27,13.194999694824219,3.739000082015991,11.338227024388623
2025-06-30,13.125,3.4560000896453857,11.307436996066363
2025-07-01,13.104999542236328,3.4149999618530273,11.639658087601712
2025-07-02,13.164999961853027,3.48799991607666,11.622504697284713
2025-07-03,13.15999984741211,3.4089999198913574,11.627667632654555
2025-07-04,,3.38700008392334,11.533440015502647
2025-07-07,13.095000267028809,3.4119999408721924,11.608490155451523
2025-07-08,13.114999771118164,3.3399999141693115,11.77059286729435
2025-07-09,13.114999771118164,3.2139999866485596,11.787793952868421
2025-07-10,13.125,3.3369998931884766,12.092180542793674
2025-07-11,13.114999771118164,3.313999891281128,12.19699568468062
2025-07-14,13.114999771118164,3.4660000801086426,12.138844620793316
2025-07-15,13.104999542236328,3.5230000019073486,11.777421689306996
2025-07-16,12.404999732971191,3.5510001182556152,11.841784302359159
2025-07-17,12.180000305175781,3.5420000553131104,11.733628634477485
2025-07-18,12.0,3.565000057220459,11.436755891780255
2025-07-21,11.979999542236328,3.325000047683716,11.303162819814862
2025-07-22,12.069999694824219,3.252000093460083,11.348706567300036
2025-07-23,11.930000305175781,3.0769999027252197,11.24715713852637
2025-07-24,11.880000114440918,3.0940001010894775,11.16622723356311
2025-07-25,11.875,3.109999895095825,11.197612219204288
2025-07-28,11.925000190734863,2.98799991607666,11.336097956522881
2025-07-29,12.0,3.0810000896453857,11.590979405661704
2025-07-30,12.039999961853027,3.0450000762939453,11.69211531409094
2025-07-31,12.039999961853027,3.1059999465942383,11.817591221258034
2025-08-01,12.0,3.0829999446868896,11.374188447256826
2025-08-04,12.005000114440918,2.931999921798706,11.642033280660705
2025-08-05,11.989999771118164,3.009999990463257,11.68122899601792
2025-08-06,11.930000305175781,3.0769999027252197,11.286293814518155
2025-08-07,11.9399995803833,3.066999912261963,11.263570750725354
2025-08-08,11.930000305175781,2.990000009536743,11.103768389717539
2025-08-11,11.9350004196167,2.9539999961853027,11.26526379488755
2025-08-12,11.925000190734863,2.808000087738037,11.035824752238964
2025-08-13,11.930000305175781,2.828000068664551,11.156861180205578
2025-08-14,11.90999984741211,2.8410000801086426,11.033531309735784
2025-08-15,11.892999649047852,2.9159998893737793,10.596509482531971
2025-08-18,10.930000305175781,2.890000104904175,10.729436797893719
2025-08-19,10.914999961853027,2.7660000324249268,10.678991986478458
2025-08-20,11.109999656677246,2.752000093460083,10.887059981672705
2025-08-21,11.4399995803833,2.8259999752044678,11.329040549455422
2025-08-22,11.550000190734863,2.697999954223633,11.426877279841456
2025-08-25,11.550000190734863,2.696000099182129,11.590857957107833
2025-08-26,11.489999771118164,2.7170000076293945,11.393707969579673
2025-08-27,11.3100004196167,2.867000102996826,11.104175463557658
2025-08-28,11.204999923706055,2.944000005722046,10.773673576671863
2025-08-29,11.21500015258789,2.996999979019165,10.826327552133417
2025-09-01,,,
2025-09-02,11.244999885559082,3.009000062942505,10.909671001582648
2025-09-03,11.225000381469727,3.063999891281128,10.951232655312635
2025-09-04,11.244999885559082,3.0739998817443848,11.076741973134915
2025-09-05,11.300000190734863,3.0480000972747803,10.922036175470822
2025-09-08,11.345000267028809,3.0899999141693115,11.350650575483035
2025-09-09,11.329999923706055,3.117000102996826,11.359009994525595
2025-09-10,11.335000038146973,3.0290000438690186,11.36044829468519
2025-09-11,11.345000267028809,2.934000015258789,11.087050328049417
2025-09-12,11.354999542236328,2.940999984741211,11.233303657422473
2025-09-15,11.359999656677246,3.0429999828338623,11.050808858467574
2025-09-16,11.449999809265137,3.1029999256134033,11.146243936706378
2025-09-17,11.479999542236328,3.0999999046325684,11.273315048722898
2025-09-18,11.524999618530273,2.938999891281128,11.421500283616032
2025-09-19,11.364999771118164,2.888000011444092,11.164877688568453
2025-09-22,11.270000457763672,2.805999994277954,10.954028781661648
2025-09-23,11.354999542236328,2.8529999256134033,11.159491843587722
2025-09-24,11.220000267028809,2.8580000400543213,11.046802231260605
2025-09-25,11.279999732971191,2.9040000438690186,11.17189486350537
2025-09-26,11.295000076293945,2.8350000381469727,11.176355222253074
2025-09-29,11.199999809265137,3.2669999599456787,11.001345282837839
2025-09-30,11.050000190734863,3.302999973297119,10.800010567551555
2025-10-01,11.045000076293945,3.4760000705718994,10.777925838020582
2025-10-02,11.024999618530273,3.441999912261963,10.817550423521936
2025-10-03,11.039999961853027,3.3239998817443848,10.803464947961736
2025-10-06,11.130000114440918,3.3570001125335693,11.367836058840764
2025-10-07,11.135000228881836,3.497999906539917,11.410322207410973
2025-10-08,11.114999771118164,3.3329999446868896,11.169564558324412
2025-10-09,11.079999923706055,3.2690000534057617,11.032979286867812
2025-10-10,11.0600004196167,3.1059999465942383,10.905406342090185
2025-10-13,11.039999961853027,3.118000030517578,10.702984294004304
2025-10-14,11.029999732971191,3.0280001163482666,10.780693153814061
2025-10-15,11.015999794006348,3.0160000324249268,10.822215138158358
2025-10-16,11.199999809265137,2.937999963760376,11.051719581050902
2025-10-17,11.145000457763672,3.007999897003174,10.9095697051561
2025-10-20,11.050000190734863,3.3970000743865967,10.843963734483262
2025-10-21,11.21500015258789,3.4739999771118164,10.98917076527696
2025-10-22,11.154999732971191,3.450000047683716,10.800737659678417
2025-10-23,11.265000343322754,3.3440001010894775,11.041654515122806
2025-10-24,11.204999923706055,3.303999900817871,10.901621730566768
2025-10-27,11.119999885559082,3.441999912261963,10.704430895067532
2025-10-28,11.149999618530273,3.3450000286102295,10.754990366012436
2025-10-29,11.21500015258789,3.375999927520752,10.888760115745937
2025-10-30,11.130000114440918,3.9560000896453857,10.558642191019871
2025-10-31,11.0,4.124000072479248,10.5556365103344
2025-11-03,11.149999618530273,4.265999794006348,10.724255268539306
2025-11-04,11.1899995803833,4.3429999351501465,10.989439226424059
2025-11-05,11.15999984741211,4.23199987411499,10.710972734913266
2025-11-06,11.154999732971191,4.35699987411499,10.630126841374636
2025-11-07,11.130000114440918,4.315000057220459,10.561165239810201
2025-11-10,11.149999618530273,4.3379998207092285,10.5123046107738
2025-11-11,11.130000114440918,4.565000057220459,10.534954718980822
2025-11-12,11.135000228881836,4.5329999923706055,10.505150036397932
2025-11-13,11.130000114440918,4.645999908447266,10.34803119307246
2025-11-14,11.126999855041504,4.565999984741211,10.653543051284196
2025-11-17,11.399999618530273,4.361000061035156,10.695513356456296
2025-11-18,11.529999732971191,4.370999813079834,10.76646097469964
2025-11-19,11.539999961853027,4.550000190734863,10.501806699250242
2025-11-20,11.704999923706055,4.473999977111816,10.539158491000295
2025-11-21,11.46500015258789,4.579999923706055,10.208691738033107
2025-11-24,11.25,4.548999786376953,10.032735787373758
2025-11-25,11.130000114440918,4.423999786376953,9.92171376459359
2025-11-26,11.114999771118164,4.558000087738037,9.954166288254964
2025-11-27,,,
2025-11-28,11.09000015258789,4.849999904632568,9.79697901867584
2025-12-01,11.0649995803833,4.921000003814697,9.597730679415529
2025-12-02,11.0,4.840000152587891,9.542640361357435
2025-12-03,10.984999656677246,4.994999885559082,9.612447983064051
2025-12-04,10.899999618530273,5.063000202178955,9.26235038351518
2025-12-05,10.880000114440918,5.289000034332275,9.304002829144588
2025-12-08,10.864999771118164,4.9120001792907715,9.167188591823718
2025-12-09,10.850000381469727,4.573999881744385,9.379004226033455
2025-12-10,10.774999618530273,4.59499979019165,9.066130592158045
2025-12-11,10.744999885559082,4.230999946594238,9.192609031116493
2025-12-12,10.699999809265137,4.11299991607666,9.525041768386828
2025-12-15,10.661999702453613,4.01200008392334,9.43448902147423
2025-12-16,9.454999923706055,3.885999917984009,9.220410191515404
2025-12-17,9.53499984741211,4.02400016784668,9.420605996920273
2025-12-18,9.555000305175781,3.9079999923706055,9.516377612981596
2025-12-19,9.675000190734863,3.9839999675750732,9.677798555783607
2025-12-22,9.59000015258789,3.9649999141693115,9.500644739618364
2025-12-23,9.630000114440918,4.4079999923706055,9.56311122487522
2025-12-24,9.729999542236328,4.242000102996826,9.712630343876864
2025-12-26,9.720000267028809,4.366000175476074,9.70427308704587
2025-12-29,9.6899995803833,4.686999797821045,9.845349665821766
2025-12-30,9.569999694824219,3.9719998836517334,9.58047315565493
2025-12-31,9.604999542236328,3.686000108718872,9.695647410819369
2026-01-02,9.699999809265137,3.618000030517578,9.98858547316509
2026-01-05,9.539999961853027,3.5230000019073486,9.39906785458142
2026-01-06,9.574999809265137,3.3499999046325684,9.638397954846173
2026-01-07,9.604999542236328,3.5250000953674316,9.857937229653363
2026-01-08,9.555000305175781,3.4070000648498535,9.479346042394514
2026-01-09,9.5649995803833,3.1689999103546143,9.694615160033411
2026-01-12,9.609999656677246,3.4089999198913574,10.303954520052505
2026-01-13,9.609999656677246,3.4189999103546143,10.761864373355332
2026-01-14,9.595000267028809,3.119999885559082,10.855326105308759
2026-01-15,9.609999656677246,3.128000020980835,11.317961176580836
2026-01-16,11.154999732971191,3.1029999256134033,12.547732600332232
2026-01-19,,,
2026-01-20,10.805000305175781,3.9070000648498535,12.241905532740875
2026-01-21,11.335000038146973,4.875,13.476734164779945
2026-01-22,11.220000267028809,5.045000076293945,13.027403576785012
2026-01-23,11.28499984741211,5.275000095367432,13.793753475057892
2026-01-26,11.225000381469727,6.800000190734863,13.593434266677072
2026-01-27,11.350000381469727,6.953999996185303,13.491923247488264
2026-01-28,11.289999961853027,7.460000038146973,13.68750283070715
2026-01-29,11.46500015258789,3.9179999828338623,14.08160143439228
2026-01-30,11.524999618530273,4.354000091552734,13.777072353435239
2026-02-02,11.149999618530273,3.236999988555908,11.788408793346864
2026-02-03,11.130000114440918,3.311000108718872,11.36300593093795
2026-02-04,11.100000381469727,3.4649999141693115,11.601773549080821
2026-02-05,11.079999923706055,3.509000062942505,11.668472610857359
2026-02-06,11.104999542236328,3.421999931335449,12.321197991987034
2026-02-09,11.045000076293945,3.138000011444092,11.609506939485334
2026-02-10,11.015000343322754,3.115000009536743,11.11068293498951
2026-02-11,11.010000228881836,3.1589999198913574,11.209065712621692
2026-02-12,11.005000114440918,3.2170000076293945,11.484138000386602
2026-02-13,10.993000030517578,3.243000030517578,11.304941591735743
2026-02-16,,,
2026-02-17,9.960000038146973,3.0309998989105225,10.357188629705469
2026-02-18,10.395000457763672,3.010999917984009,10.935174724439335
2026-02-19,10.779999732971191,2.996000051498413,11.582568557398787
2026-02-20,10.65999984741211,3.046999931335449,11.047879693468406
2026-02-23,10.725000381469727,2.984999895095825,11.041825650947457
2026-02-24,10.520000457763672,2.9149999618530273,10.677714789462211
2026-02-25,10.595000267028809,2.9690001010894775,10.715738535061895
2026-02-26,10.604999542236328,2.8269999027252197,11.158611842679585
2026-02-27,10.725000381469727,2.8589999675750732,11.055482484604973
2026-03-02,13.364999771118164,2.9600000381469727,15.338981656917525
2026-03-03,15.770000457763672,3.053999900817871,18.61210552195126
2026-03-04,15.104999542236328,2.9170000553131104,16.597135590524758
2026-03-05,15.494999885559082,3.003000020980835,17.300308783274804
2026-03-06,15.710000038146973,3.186000108718872,18.162267002342592
2026-03-09,16.229999542236328,3.119999885559082,19.06572625156765
2026-03-10,15.920000076293945,3.0199999809265137,16.136448823080183
2026-03-11,15.979999542236328,3.2090001106262207,17.011642233813845
2026-03-12,16.09000015258789,3.2330000400543213,17.209940765041054
2026-03-13,16.184999465942383,3.13100004196167,16.922869678556353
2026-03-16,19.274999618530273,3.0230000019073486,17.05446192091529
2026-03-17,19.40999984741211,3.0329999923706055,17.37704399723977
2026-03-18,20.174999237060547,3.065000057220459,18.486844782887975
2026-03-19,22.350000381469727,3.1659998893737793,20.782547610520503
2026-03-20,21.704999923706055,3.0950000286102295,20.106335629559183
2026-03-23,21.0,2.8910000324249268,19.20470286473011
2026-03-24,20.524999618530273,2.943000078201294,18.383953898540973
2026-03-25,19.989999771118164,2.9519999027252197,17.978913700273395
2026-03-26,20.4950008392334,2.999000072479248,18.7105123995777
2026-03-27,20.395000457763672,3.0950000286102295,18.3158429287314
2026-03-30,20.530000686645508,2.88700008392334,18.461982711004516
2026-03-31,20.1299991607666,2.884000062942505,17.04793127810913
2026-04-01,19.829999923706055,2.819000005722046,16.11637107280312
2026-04-02,19.96500015258789,2.799999952316284,16.999960720253124
2026-04-03,,,
2026-04-06,19.96500015258789,2.811000108718872,16.881777776379504
2026-04-07,19.864999771118164,2.869999885559082,18.01098994226181
2026-04-08,19.489999771118164,2.7239999771118164,15.516272319172957
2026-04-09,19.4950008392334,2.6700000762939453,15.778749588575957
2026-04-10,19.420000076293945,2.6480000019073486,14.952610441652398
2026-04-13,19.440000534057617,2.627000093460083,15.881557275368937
2026-04-14,19.350000381469727,2.5989999771118164,14.957696875316818
2026-04-15,19.197999954223633,2.609999895095825,14.316639179092702
2026-04-16,16.1299991607666,2.6470000743865967,14.682541829030464
2026-04-17,15.0,2.6740000247955322,13.388175975747012
2026-04-20,15.234999656677246,2.688999891281128,13.865104586009966
2026-04-21,15.8100004196167,2.697000026702881,14.482161870929183
2026-04-22,16.125,2.7219998836517334,14.990793324165578
2026-04-23,16.389999389648438,2.614000082015991,15.265880029801338
2026-04-24,16.549999237060547,2.5230000019073486,15.361973782609198
2026-04-27,16.55500030517578,2.549999952316284,15.317881352839434
2026-04-28,16.479999542236328,2.559000015258789,14.978688335677383
2026-04-29,16.96500015258789,2.6470000743865967,16.090729954776137
2026-04-30,16.905000686645508,2.7669999599456787,15.748660747951346
2026-05-01,16.864999771118164,2.7799999713897705,15.732537626309213
2026-05-04,16.864999771118164,2.867000102996826,16.546163427497348
2026-05-05,17.03499984741211,2.7880001068115234,16.080187839874466
2026-05-06,16.850000381469727,2.7300000190734863,15.074617194924432
2026-05-07,16.84000015258789,2.7690000534057617,14.997943506250069
2026-05-08,16.8700008392334,2.756999969482422,15.177820302144342
2026-05-11,16.94499969482422,2.9100000858306885,15.946943351379634
2026-05-12,16.985000610351562,2.8429999351501465,16.11767725308866
2026-05-13,17.020000457763672,2.864000082015991,16.1379448601107
2026-05-14,17.065000534057617,2.8940000534057617,16.36366776494058
2026-05-15,17.104999542236328,2.9600000381469727,17.146880998515876
2026-05-18,18.959999084472656,3.0239999294281006,17.105031282513252
2026-05-19,19.614999771118164,3.114000082015991,17.699974294391126
2026-05-20,18.905000686645508,3.003999948501587,16.813658171614115
2026-05-21,18.920000076293945,3.0179998874664307,16.83425410529894
2026-05-22,18.809999465942383,2.9070000648498535,16.58125665563546
2026-05-25,,,
2026-05-26,18.424999237060547,2.8940000534057617,16.191373213223095
2026-05-27,18.235000610351562,3.0399999618530273,15.82944103711097
2026-05-28,18.334999084472656,3.2850000858306885,15.97666929320423
2026-05-29,18.299999237060547,3.2899999618530273,15.710498067284954
2026-06-01,18.684999465942383,3.178999900817871,16.759806162903605
2026-06-02,18.610000610351562,3.1670000553131104,16.23477271495198
2026-06-03,18.815000534057617,3.2139999866485596,16.644258357738742
2026-06-04,18.764999389648438,3.3359999656677246,16.58798540787168
2026-06-05,18.774999618530273,3.2290000915527344,16.50548081395068
2026-06-08,18.895000457763672,3.1470000743865967,16.826637306528145
2026-06-09,18.885000228881836,3.140000104904175,16.469586992278558
2026-06-10,18.915000915527344,3.184999942779541,16.900377931311642
2026-06-11,18.920000076293945,3.0869998931884766,16.799678647398096
2026-06-12,18.854999542236328,3.119999885559082,15.86875315891244
2026-06-15,18.783000946044922,3.1470000743865967,14.455221961732526
2026-06-16,15.9399995803833,3.239000082015991,14.193383841441298
2026-06-17,15.819999694824219,3.1449999809265137,14.262343715197439
2026-06-18,15.3149995803833,3.2330000400543213,13.666830073349919
2026-06-19,,,
2026-06-22,15.859999656677246,3.253000020980835,14.072121589229555
2026-06-23,15.739999771118164,3.1470000743865967,14.070916437142992
2026-06-24,15.550000190734863,3.2209999561309814,13.632771596690096
2026-06-25,15.385000228881836,3.3429999351501465,13.445695938192012
2026-06-26,15.524999618530273,3.2309999465942383,13.58009466183407
2026-06-29,15.819999694824219,3.180999994277954,14.203675022569396
2026-06-30,16.049999237060547,3.2750000953674316,14.543355334379282
2026-07-01,16.024999618530273,3.2200000286102295,14.309789378821339
2026-07-02,16.079999923706055,3.196000099182129,14.677670831923127
2026-07-03,,,
2026-07-06,16.065000534057617,3.244999885559082,14.793613204143261
2026-07-07,16.174999237060547,3.265000104904175,15.618764712493508
2026-07-08,16.510000228881836,3.2119998931884766,16.384451863260946
2026-07-09,16.575000762939453,3.01200008392334,16.772194139066112
2026-07-10,16.520000457763672,2.940000057220459,16.30399615907838
2026-07-13,16.530000686645508,2.8970000743865967,17.138443055623448
2026-07-14,16.655000686645508,2.9040000438690186,17.67007532288616
2026-07-15,16.808000564575195,2.9240000247955322,18.19942161307715
2026-07-16,19.924999237060547,2.8580000400543213,18.41729471586398
2026-07-17,20.985000610351562,2.9110000133514404,19.251647770291235
2026-07-20,21.024999618530273,2.859999895095825,19.674193130512613
2026-07-21,21.334999084472656,2.865000009536743,19.966001303892416
2026-07-22,22.0,2.924999952316284,20.901522970652472
2026-07-23,21.825000762939453,2.9159998893737793,20.702353052507114
2026-07-24,22.0,2.871000051498413,21.198169483744625
2026-07-27,21.43000030517578,2.7669999599456787,19.454611131607912
2026-07-28,,2.7019999027252197,18.86228713941742
