Date,Berlin_HDD,London_HDD,Rome_HDD,Berlin_CDD,London_CDD,Rome_CDD
2020-01-01,16.9,13.0,13.6,0.0,0.0,0.0
2020-01-02,18.5,9.8,12.5,0.0,0.0,0.0
2020-01-03,14.0,10.1,12.2,0.0,0.0,0.0
2020-01-04,14.0,13.6,10.8,0.0,0.0,0.0
2020-01-05,17.0,12.2,11.2,0.0,0.0,0.0
2020-01-06,14.3,10.8,13.6,0.0,0.0,0.0
2020-01-07,15.8,9.4,14.7,0.0,0.0,0.0
2020-01-08,12.4,7.1,11.8,0.0,0.0,0.0
2020-01-09,10.2,7.199999999999999,13.0,0.0,0.0,0.0
2020-01-10,8.9,12.5,11.4,0.0,0.0,0.0
2020-01-11,13.2,9.4,11.1,0.0,0.0,0.0
2020-01-12,14.8,8.9,11.7,0.0,0.0,0.0
2020-01-13,12.3,10.0,11.8,0.0,0.0,0.0
2020-01-14,10.8,7.9,9.7,0.0,0.0,0.0
2020-01-15,7.800000000000001,9.5,11.5,0.0,0.0,0.0
2020-01-16,11.4,8.9,11.9,0.0,0.0,0.0
2020-01-17,13.9,10.4,11.6,0.0,0.0,0.0
2020-01-18,12.7,15.2,9.3,0.0,0.0,0.0
2020-01-19,14.6,17.0,10.5,0.0,0.0,0.0
2020-01-20,16.0,17.0,9.4,0.0,0.0,0.0
2020-01-21,16.0,17.9,10.5,0.0,0.0,0.0
2020-01-22,14.8,13.0,10.5,0.0,0.0,0.0
2020-01-23,15.6,11.9,10.7,0.0,0.0,0.0
2020-01-24,17.9,12.1,9.7,0.0,0.0,0.0
2020-01-25,17.2,12.3,6.5,0.0,0.0,0.0
2020-01-26,17.9,9.9,8.6,0.0,0.0,0.0
2020-01-27,13.7,11.2,9.6,0.0,0.0,0.0
2020-01-28,12.5,13.7,6.1,0.0,0.0,0.0
2020-01-29,14.4,13.1,6.800000000000001,0.0,0.0,0.0
2020-01-30,13.1,8.8,9.1,0.0,0.0,0.0
2020-01-31,8.9,7.6,6.1,0.0,0.0,0.0
2020-02-01,7.5,8.3,6.1,0.0,0.0,0.0
2020-02-02,10.7,8.2,5.0,0.0,0.0,0.0
2020-02-03,10.9,9.0,4.1,0.0,0.0,0.0
2020-02-04,13.0,11.9,4.699999999999999,0.0,0.0,0.0
2020-02-05,15.4,14.0,10.1,0.0,0.0,0.0
2020-02-06,14.1,15.2,11.1,0.0,0.0,0.0
2020-02-07,12.5,13.5,12.9,0.0,0.0,0.0
2020-02-08,13.5,9.2,11.7,0.0,0.0,0.0
2020-02-09,9.9,7.9,9.7,0.0,0.0,0.0
2020-02-10,10.4,11.1,6.0,0.0,0.0,0.0
2020-02-11,13.6,13.2,4.199999999999999,0.0,0.0,0.0
2020-02-12,14.2,13.3,6.800000000000001,0.0,0.0,0.0
2020-02-13,14.5,11.1,7.9,0.0,0.0,0.0
2020-02-14,14.0,11.6,5.800000000000001,0.0,0.0,0.0
2020-02-15,12.8,6.800000000000001,8.8,0.0,0.0,0.0
2020-02-16,6.699999999999999,7.9,8.5,0.0,0.0,0.0
2020-02-17,8.1,10.7,8.8,0.0,0.0,0.0
2020-02-18,11.5,11.4,7.6,0.0,0.0,0.0
2020-02-19,13.1,12.6,7.9,0.0,0.0,0.0
2020-02-20,13.8,10.3,8.5,0.0,0.0,0.0
2020-02-21,12.1,10.9,9.8,0.0,0.0,0.0
2020-02-22,10.1,7.4,8.7,0.0,0.0,0.0
2020-02-23,11.4,7.699999999999999,8.1,0.0,0.0,0.0
2020-02-24,13.0,8.9,6.0,0.0,0.0,0.0
2020-02-25,10.0,12.4,5.199999999999999,0.0,0.0,0.0
2020-02-26,15.2,14.4,5.800000000000001,0.0,0.0,0.0
2020-02-27,15.4,14.5,9.2,0.0,0.0,0.0
2020-02-28,15.1,12.6,5.699999999999999,0.0,0.0,0.0
2020-02-29,11.6,10.5,8.3,0.0,0.0,0.0
2020-03-01,11.2,11.9,4.9,0.0,0.0,0.0
2020-03-02,12.1,12.7,4.800000000000001,0.0,0.0,0.0
2020-03-03,13.6,13.5,7.0,0.0,0.0,0.0
2020-03-04,14.4,14.0,9.1,0.0,0.0,0.0
2020-03-05,13.6,12.6,9.2,0.0,0.0,0.0
2020-03-06,12.7,13.3,5.5,0.0,0.0,0.0
2020-03-07,13.5,11.2,8.2,0.0,0.0,0.0
2020-03-08,12.9,8.6,8.3,0.0,0.0,0.0
2020-03-09,11.0,10.8,9.3,0.0,0.0,0.0
2020-03-10,12.5,5.699999999999999,8.2,0.0,0.0,0.0
2020-03-11,8.4,7.1,7.300000000000001,0.0,0.0,0.0
2020-03-12,8.4,10.6,5.9,0.0,0.0,0.0
2020-03-13,12.1,11.0,5.300000000000001,0.0,0.0,0.0
2020-03-14,15.3,9.2,5.0,0.0,0.0,0.0
2020-03-15,13.0,8.9,5.6,0.0,0.0,0.0
2020-03-16,10.1,11.7,6.699999999999999,0.0,0.0,0.0
2020-03-17,9.9,9.6,6.6,0.0,0.0,0.0
2020-03-18,7.6,7.0,6.1,0.0,0.0,0.0
2020-03-19,8.0,10.4,5.699999999999999,0.0,0.0,0.0
2020-03-20,11.2,11.3,5.699999999999999,0.0,0.0,0.0
2020-03-21,14.3,11.6,6.0,0.0,0.0,0.0
2020-03-22,17.0,12.1,4.9,0.0,0.0,0.0
2020-03-23,18.2,12.6,8.7,0.0,0.0,0.0
2020-03-24,17.3,12.1,12.6,0.0,0.0,0.0
2020-03-25,15.9,12.4,11.7,0.0,0.0,0.0
2020-03-26,13.9,12.6,10.9,0.0,0.0,0.0
2020-03-27,10.1,11.3,7.9,0.0,0.0,0.0
2020-03-28,10.8,11.3,7.1,0.0,0.0,0.0
2020-03-29,15.1,13.3,6.300000000000001,0.0,0.0,0.0
2020-03-30,18.2,12.7,6.300000000000001,0.0,0.0,0.0
2020-03-31,17.3,12.2,7.0,0.0,0.0,0.0
2020-04-01,14.9,13.8,10.5,0.0,0.0,0.0
2020-04-02,12.0,10.0,10.5,0.0,0.0,0.0
2020-04-03,11.1,9.5,8.2,0.0,0.0,0.0
2020-04-04,11.3,9.8,6.699999999999999,0.0,0.0,0.0
2020-04-05,10.2,5.5,5.0,0.0,0.0,0.0
2020-04-06,6.300000000000001,5.199999999999999,4.4,0.0,0.0,0.0
2020-04-07,6.199999999999999,6.800000000000001,4.300000000000001,0.0,0.0,0.0
2020-04-08,5.699999999999999,4.4,4.1,0.0,0.0,0.0
2020-04-09,6.300000000000001,4.6,4.1,0.0,0.0,0.0
2020-04-10,9.3,4.6,3.9000000000000004,0.0,0.0,0.0
2020-04-11,10.3,2.9000000000000004,3.0,0.0,0.0,0.0
2020-04-12,5.699999999999999,2.4000000000000004,2.3000000000000007,0.0,0.0,0.0
2020-04-13,10.2,9.4,2.8000000000000007,0.0,0.0,0.0
2020-04-14,12.3,10.8,4.5,0.0,0.0,0.0
2020-04-15,9.2,9.4,5.6,0.0,0.0,0.0
2020-04-16,6.9,6.5,5.5,0.0,0.0,0.0
2020-04-17,7.4,7.9,4.1,0.0,0.0,0.0
2020-04-18,8.0,8.2,3.0999999999999996,0.0,0.0,0.0
2020-04-19,9.1,7.4,1.8000000000000007,0.0,0.0,0.0
2020-04-20,8.8,6.9,1.3999999999999986,0.0,0.0,0.0
2020-04-21,7.1,5.4,1.5,0.0,0.0,0.0
2020-04-22,5.9,4.9,3.4000000000000004,0.0,0.0,0.0
2020-04-23,4.6,4.199999999999999,2.6999999999999993,0.0,0.0,0.0
2020-04-24,3.6999999999999993,5.0,3.0999999999999996,0.0,0.0,0.0
2020-04-25,7.0,7.800000000000001,3.0,0.0,0.0,0.0
2020-04-26,5.800000000000001,6.699999999999999,3.3000000000000007,0.0,0.0,0.0
2020-04-27,4.300000000000001,5.800000000000001,2.9000000000000004,0.0,0.0,0.0
2020-04-28,2.1999999999999993,9.1,2.4000000000000004,0.0,0.0,0.0
2020-04-29,5.800000000000001,7.9,1.6999999999999993,0.0,0.0,0.0
2020-04-30,4.699999999999999,8.7,2.6999999999999993,0.0,0.0,0.0
2020-05-01,5.0,7.6,0.6000000000000014,0.0,0.0,0.0
2020-05-02,7.300000000000001,7.4,0.0,0.0,0.0,0.0
2020-05-03,7.5,8.0,0.0,0.0,0.0,0.0
2020-05-04,8.7,6.300000000000001,2.1999999999999993,0.0,0.0,0.0
2020-05-05,10.3,8.2,1.1000000000000014,0.0,0.0,0.0
2020-05-06,7.5,7.6,0.0,0.0,0.0,0.0
2020-05-07,7.5,4.800000000000001,0.3000000000000007,0.0,0.0,0.0
2020-05-08,4.6,2.0,0.5,0.0,0.0,0.0
2020-05-09,2.6999999999999993,2.0,0.6999999999999993,0.0,0.0,0.0
2020-05-10,0.5,6.199999999999999,0.0,0.0,0.0,0.0
2020-05-11,9.7,9.6,0.0,0.0,0.0,0.0
2020-05-12,11.2,9.5,0.0,0.0,0.0,0.0
2020-05-13,8.4,9.2,0.0,0.0,0.0,0.0
2020-05-14,8.6,9.8,0.0,0.0,0.0,2.0
2020-05-15,8.8,7.699999999999999,0.0,0.0,0.0,0.0
2020-05-16,7.0,6.9,0.0,0.0,0.0,0.3000000000000007
2020-05-17,4.699999999999999,4.800000000000001,0.0,0.0,0.0,2.0
2020-05-18,2.5,2.4000000000000004,0.0,0.0,0.0,0.8999999999999986
2020-05-19,3.5999999999999996,0.6999999999999993,0.0,0.0,0.0,0.0
2020-05-20,3.3000000000000007,0.0,0.0,0.0,0.0,0.0
2020-05-21,3.5999999999999996,0.0,0.0,0.0,0.0,0.0
2020-05-22,0.8000000000000007,0.1999999999999993,0.0,0.0,0.0,0.0
2020-05-23,2.3000000000000007,3.5999999999999996,0.0,0.0,0.0,0.0
2020-05-24,5.6,2.1999999999999993,0.0,0.0,0.0,0.0
2020-05-25,6.5,0.6999999999999993,0.0,0.0,0.0,0.0
2020-05-26,4.4,0.0,0.0,0.0,0.0,0.0
2020-05-27,3.1999999999999993,0.10000000000000142,0.0,0.0,0.0,0.0
2020-05-28,3.3000000000000007,2.5999999999999996,0.0,0.0,0.0,0.0
2020-05-29,4.0,2.5999999999999996,1.3000000000000007,0.0,0.0,0.0
2020-05-30,4.6,1.6000000000000014,2.0,0.0,0.0,0.0
2020-05-31,2.5999999999999996,0.6000000000000014,0.6999999999999993,0.0,0.0,0.0
2020-06-01,1.6000000000000014,0.3000000000000007,0.0,0.0,0.0,0.0
2020-06-02,0.0,0.1999999999999993,0.0,0.0,0.0,0.0
2020-06-03,0.0,3.0,0.0,0.0,0.0,0.0
2020-06-04,0.1999999999999993,5.5,0.0,0.0,0.0,0.0
2020-06-05,3.5,5.300000000000001,0.0,0.0,0.0,0.0
2020-06-06,4.0,6.9,0.0,0.0,0.0,0.0
2020-06-07,3.0999999999999996,5.699999999999999,0.0,0.0,0.0,0.0
2020-06-08,2.0,5.699999999999999,0.0,0.0,0.0,0.0
2020-06-09,0.8000000000000007,4.4,0.0,0.0,0.0,0.0
2020-06-10,1.6000000000000014,5.199999999999999,0.0,0.0,0.0,0.0
2020-06-11,0.8999999999999986,3.4000000000000004,0.8999999999999986,0.0,0.0,0.0
2020-06-12,0.0,2.0,0.0,0.0,0.0,0.0
2020-06-13,0.0,0.8999999999999986,0.0,1.3999999999999986,0.0,0.0
2020-06-14,0.0,1.3000000000000007,0.0,0.0,0.0,0.0
2020-06-15,0.0,1.0,0.0,0.0,0.0,0.0
2020-06-16,0.0,1.1000000000000014,0.0,0.0,0.0,0.0
2020-06-17,0.0,1.1999999999999993,0.0,0.1999999999999993,0.0,0.0
2020-06-18,0.0,2.3000000000000007,0.0,0.0,0.0,0.0
2020-06-19,0.0,2.4000000000000004,0.0,0.0,0.0,0.0
2020-06-20,1.0,1.6999999999999993,0.0,0.0,0.0,0.0
2020-06-21,0.3999999999999986,1.1999999999999993,0.0,0.0,0.0,0.0
2020-06-22,0.0,2.0999999999999996,0.0,0.0,0.0,1.3999999999999986
2020-06-23,0.0,0.0,0.0,0.0,0.0,3.1999999999999993
2020-06-24,0.0,0.0,0.0,0.0,0.3000000000000007,2.6000000000000014
2020-06-25,0.0,0.0,0.0,1.0,1.1999999999999993,2.8999999999999986
2020-06-26,0.0,0.0,0.0,0.3999999999999986,0.0,3.0
2020-06-27,0.0,1.3999999999999986,0.0,2.3000000000000007,0.0,3.6999999999999993
2020-06-28,0.0,2.3000000000000007,0.0,1.1999999999999993,0.0,4.100000000000001
2020-06-29,0.0,2.6999999999999993,0.0,0.0,0.0,3.6000000000000014
2020-06-30,0.0,2.3000000000000007,0.0,0.0,0.0,3.6000000000000014
2020-07-01,0.0,0.8999999999999986,0.0,0.0,0.0,4.199999999999999
2020-07-02,0.0,1.8000000000000007,0.0,0.0,0.0,4.699999999999999
2020-07-03,0.0,1.8999999999999986,0.0,0.0,0.0,4.5
2020-07-04,0.0,0.0,0.0,0.0,0.0,2.5
2020-07-05,0.0,0.3999999999999986,0.0,0.3000000000000007,0.0,3.5
2020-07-06,0.0,2.5,0.0,0.0,0.0,3.6000000000000014
2020-07-07,2.0999999999999996,2.6999999999999993,0.0,0.0,0.0,4.800000000000001
2020-07-08,2.9000000000000004,1.3999999999999986,0.0,0.0,0.0,3.5
2020-07-09,1.6000000000000014,0.6000000000000014,0.0,0.0,0.0,4.399999999999999
2020-07-10,0.0,2.8000000000000007,0.0,0.0,0.0,5.0
2020-07-11,2.8000000000000007,3.1999999999999993,0.0,0.0,0.0,4.300000000000001
2020-07-12,2.8000000000000007,1.8000000000000007,0.0,0.0,0.0,4.899999999999999
2020-07-13,0.8000000000000007,0.1999999999999993,0.0,0.0,0.0,3.6999999999999993
2020-07-14,0.0,0.6999999999999993,0.0,0.0,0.0,2.5
2020-07-15,1.8999999999999986,2.0999999999999996,0.0,0.0,0.0,2.5
2020-07-16,2.0,0.0,0.0,0.0,0.0,2.1000000000000014
2020-07-17,1.6999999999999993,0.0,0.0,0.0,0.0,2.3000000000000007
2020-07-18,0.0,0.0,0.0,0.0,0.0,1.8000000000000007
2020-07-19,0.0,1.3000000000000007,0.0,0.8999999999999986,0.0,1.8999999999999986
2020-07-20,0.0,2.0,0.0,0.0,0.0,3.0
2020-07-21,0.3000000000000007,2.3000000000000007,0.0,0.0,0.0,4.5
2020-07-22,1.1999999999999993,0.1999999999999993,0.0,0.0,0.0,6.0
2020-07-23,0.0,0.0,0.0,0.0,0.0,5.0
2020-07-24,0.0,0.0,0.0,0.0,0.0,4.399999999999999
2020-07-25,0.0,0.0,0.0,0.0,0.0,4.600000000000001
2020-07-26,0.0,0.8999999999999986,0.0,0.0,0.0,3.8999999999999986
2020-07-27,0.0,0.3000000000000007,0.0,0.0,0.0,5.0
2020-07-28,0.0,1.6000000000000014,0.0,1.0,0.0,5.300000000000001
2020-07-29,0.0,1.8000000000000007,0.0,0.0,0.0,6.199999999999999
2020-07-30,0.10000000000000142,0.0,0.0,0.0,0.0,7.300000000000001
2020-07-31,0.0,0.0,0.0,0.0,2.1000000000000014,7.600000000000001
2020-08-01,0.0,0.0,0.0,0.0,0.0,7.600000000000001
2020-08-02,0.0,0.0,0.0,0.1999999999999993,0.0,6.800000000000001
2020-08-03,0.0,0.3000000000000007,0.0,0.0,0.0,5.800000000000001
2020-08-04,0.0,0.8999999999999986,0.0,0.0,0.0,2.8999999999999986
2020-08-05,0.0,0.0,0.0,0.0,0.0,1.8999999999999986
2020-08-06,0.0,0.0,0.0,1.3999999999999986,0.0,3.1000000000000014
2020-08-07,0.0,0.0,0.0,3.8999999999999986,2.3999999999999986,4.300000000000001
2020-08-08,0.0,0.0,0.0,6.899999999999999,3.5,6.199999999999999
2020-08-09,0.0,0.0,0.0,6.800000000000001,1.6000000000000014,6.899999999999999
2020-08-10,0.0,0.0,0.0,4.0,3.5,6.300000000000001
2020-08-11,0.0,0.0,0.0,4.0,4.0,6.0
2020-08-12,0.0,0.0,0.0,3.1000000000000014,4.0,5.600000000000001
2020-08-13,0.0,0.0,0.0,3.6999999999999993,0.6999999999999993,6.100000000000001
2020-08-14,0.0,0.0,0.0,2.1999999999999993,0.0,6.0
2020-08-15,0.0,0.0,0.0,2.6999999999999993,0.0,6.0
2020-08-16,0.0,0.0,0.0,2.8999999999999986,0.0,5.399999999999999
2020-08-17,0.0,0.0,0.0,3.0,0.0,4.800000000000001
2020-08-18,0.0,0.0,0.0,0.0,0.0,4.300000000000001
2020-08-19,0.0,0.0,0.0,0.0,0.0,4.699999999999999
2020-08-20,0.0,0.0,0.0,2.1000000000000014,0.0,5.0
2020-08-21,0.0,0.0,0.0,6.399999999999999,0.0,6.0
2020-08-22,0.0,0.0,0.0,1.6000000000000014,0.0,5.0
2020-08-23,0.0,0.8999999999999986,0.0,0.0,0.0,4.699999999999999
2020-08-24,0.0,1.5,0.0,0.0,0.0,4.100000000000001
2020-08-25,0.0,0.3000000000000007,0.0,0.0,0.0,4.100000000000001
2020-08-26,0.6000000000000014,0.6999999999999993,0.0,0.0,0.0,4.399999999999999
2020-08-27,1.1999999999999993,2.9000000000000004,0.0,0.0,0.0,4.300000000000001
2020-08-28,1.6999999999999993,4.0,0.0,0.0,0.0,4.899999999999999
2020-08-29,0.0,4.9,0.0,0.0,0.0,6.300000000000001
2020-08-30,0.0,4.4,0.0,0.0,0.0,4.5
2020-08-31,1.1000000000000014,5.0,0.0,0.0,0.0,0.0
2020-09-01,3.1999999999999993,3.5999999999999996,0.0,0.0,0.0,0.0
2020-09-02,4.1,3.1999999999999993,0.0,0.0,0.0,0.0
2020-09-03,1.0,0.1999999999999993,0.0,0.0,0.0,0.0
2020-09-04,0.0,2.8000000000000007,0.0,0.0,0.0,0.0
2020-09-05,1.5,4.0,0.0,0.0,0.0,1.0
2020-09-06,3.1999999999999993,4.6,0.0,0.0,0.0,0.8000000000000007
2020-09-07,4.199999999999999,3.0999999999999996,0.0,0.0,0.0,1.1999999999999993
2020-09-08,1.8999999999999986,0.0,0.0,0.0,0.0,3.3000000000000007
2020-09-09,0.0,0.3000000000000007,0.0,0.0,0.0,3.8999999999999986
2020-09-10,2.1999999999999993,4.300000000000001,0.0,0.0,0.0,3.8999999999999986
2020-09-11,2.8000000000000007,3.9000000000000004,0.0,0.0,0.0,2.8999999999999986
2020-09-12,0.5,2.4000000000000004,0.0,0.0,0.0,2.8000000000000007
2020-09-13,0.5,1.0,0.0,0.0,0.0,4.300000000000001
2020-09-14,0.0,0.0,0.0,0.0,0.0,4.199999999999999
2020-09-15,0.0,0.0,0.0,0.3999999999999986,0.0,4.100000000000001
2020-09-16,0.0,0.0,0.0,0.0,0.0,3.6999999999999993
2020-09-17,2.5,2.0999999999999996,0.0,0.0,0.0,3.3000000000000007
2020-09-18,5.800000000000001,2.4000000000000004,0.0,0.0,0.0,2.8999999999999986
2020-09-19,4.1,0.5,0.0,0.0,0.0,2.1999999999999993
2020-09-20,3.0,0.10000000000000142,0.0,0.0,0.0,1.0
2020-09-21,2.0,1.6999999999999993,0.0,0.0,0.0,0.0
2020-09-22,0.1999999999999993,0.5,0.0,0.0,0.0,0.0
2020-09-23,0.0,2.5,0.0,0.0,0.0,0.0
2020-09-24,0.3000000000000007,6.800000000000001,0.0,0.0,0.0,0.0
2020-09-25,4.300000000000001,7.699999999999999,0.0,0.0,0.0,0.0
2020-09-26,7.300000000000001,8.0,2.4000000000000004,0.0,0.0,0.0
2020-09-27,8.4,6.1,4.5,0.0,0.0,0.0
2020-09-28,5.5,5.1,4.300000000000001,0.0,0.0,0.0
2020-09-29,4.5,3.0999999999999996,3.1999999999999993,0.0,0.0,0.0
2020-09-30,5.199999999999999,3.9000000000000004,1.0,0.0,0.0,0.0
2020-10-01,5.1,5.699999999999999,0.3000000000000007,0.0,0.0,0.0
2020-10-02,3.8000000000000007,6.0,0.0,0.0,0.0,0.0
2020-10-03,1.3000000000000007,4.699999999999999,0.0,0.0,0.0,0.0
2020-10-04,3.9000000000000004,8.0,0.5,0.0,0.0,0.0
2020-10-05,6.4,6.0,0.0,0.0,0.0,0.0
2020-10-06,5.4,5.5,0.6999999999999993,0.0,0.0,0.0
2020-10-07,5.800000000000001,6.1,0.0,0.0,0.0,0.0
2020-10-08,5.800000000000001,3.9000000000000004,1.5,0.0,0.0,0.0
2020-10-09,4.9,8.8,2.5,0.0,0.0,0.0
2020-10-10,7.199999999999999,9.1,1.6999999999999993,0.0,0.0,0.0
2020-10-11,10.3,8.9,1.8000000000000007,0.0,0.0,0.0
2020-10-12,10.1,8.8,3.5999999999999996,0.0,0.0,0.0
2020-10-13,10.1,8.9,4.9,0.0,0.0,0.0
2020-10-14,7.9,7.6,2.6999999999999993,0.0,0.0,0.0
2020-10-15,7.300000000000001,8.6,2.9000000000000004,0.0,0.0,0.0
2020-10-16,8.8,8.6,4.800000000000001,0.0,0.0,0.0
2020-10-17,9.2,8.0,4.800000000000001,0.0,0.0,0.0
2020-10-18,10.1,8.6,4.699999999999999,0.0,0.0,0.0
2020-10-19,9.5,6.9,4.300000000000001,0.0,0.0,0.0
2020-10-20,9.4,3.4000000000000004,4.4,0.0,0.0,0.0
2020-10-21,5.6,3.8000000000000007,3.9000000000000004,0.0,0.0,0.0
2020-10-22,1.8000000000000007,5.1,2.9000000000000004,0.0,0.0,0.0
2020-10-23,4.0,5.800000000000001,0.8999999999999986,0.0,0.0,0.0
2020-10-24,4.800000000000001,5.300000000000001,1.3000000000000007,0.0,0.0,0.0
2020-10-25,5.4,7.699999999999999,3.5999999999999996,0.0,0.0,0.0
2020-10-26,6.699999999999999,9.1,1.5,0.0,0.0,0.0
2020-10-27,8.4,8.4,2.5,0.0,0.0,0.0
2020-10-28,7.699999999999999,8.2,5.300000000000001,0.0,0.0,0.0
2020-10-29,8.4,6.800000000000001,5.300000000000001,0.0,0.0,0.0
2020-10-30,7.199999999999999,3.0,4.199999999999999,0.0,0.0,0.0
2020-10-31,4.4,4.6,4.199999999999999,0.0,0.0,0.0
2020-11-01,5.9,3.6999999999999993,3.9000000000000004,0.0,0.0,0.0
2020-11-02,1.3999999999999986,3.9000000000000004,3.9000000000000004,0.0,0.0,0.0
2020-11-03,5.9,10.3,3.4000000000000004,0.0,0.0,0.0
2020-11-04,9.2,13.0,3.3000000000000007,0.0,0.0,0.0
2020-11-05,11.0,13.5,3.0999999999999996,0.0,0.0,0.0
2020-11-06,8.6,12.1,3.1999999999999993,0.0,0.0,0.0
2020-11-07,10.4,9.3,4.6,0.0,0.0,0.0
2020-11-08,13.5,6.699999999999999,4.9,0.0,0.0,0.0
2020-11-09,12.3,4.800000000000001,4.800000000000001,0.0,0.0,0.0
2020-11-10,12.3,6.5,4.4,0.0,0.0,0.0
2020-11-11,12.3,7.0,4.1,0.0,0.0,0.0
2020-11-12,10.5,7.4,4.0,0.0,0.0,0.0
2020-11-13,10.6,6.9,4.0,0.0,0.0,0.0
2020-11-14,7.4,5.4,3.3000000000000007,0.0,0.0,0.0
2020-11-15,7.9,6.6,3.0999999999999996,0.0,0.0,0.0
2020-11-16,8.5,7.699999999999999,2.0,0.0,0.0,0.0
2020-11-17,8.6,5.300000000000001,4.0,0.0,0.0,0.0
2020-11-18,7.6,5.800000000000001,4.5,0.0,0.0,0.0
2020-11-19,8.5,10.8,5.699999999999999,0.0,0.0,0.0
2020-11-20,14.6,12.4,5.800000000000001,0.0,0.0,0.0
2020-11-21,14.3,7.4,7.800000000000001,0.0,0.0,0.0
2020-11-22,10.6,8.8,10.5,0.0,0.0,0.0
2020-11-23,11.6,12.2,9.3,0.0,0.0,0.0
2020-11-24,14.7,8.3,8.7,0.0,0.0,0.0
2020-11-25,16.2,8.1,8.3,0.0,0.0,0.0
2020-11-26,13.8,13.1,8.4,0.0,0.0,0.0
2020-11-27,12.7,13.3,6.6,0.0,0.0,0.0
2020-11-28,15.2,10.4,6.4,0.0,0.0,0.0
2020-11-29,15.5,10.7,6.800000000000001,0.0,0.0,0.0
2020-11-30,16.9,10.5,7.6,0.0,0.0,0.0
2020-12-01,15.9,13.3,7.4,0.0,0.0,0.0
2020-12-02,18.2,14.3,7.6,0.0,0.0,0.0
2020-12-03,19.3,13.0,9.3,0.0,0.0,0.0
2020-12-04,17.5,14.4,8.3,0.0,0.0,0.0
2020-12-05,14.9,14.1,3.4000000000000004,0.0,0.0,0.0
2020-12-06,10.8,15.3,7.0,0.0,0.0,0.0
2020-12-07,11.3,15.7,8.8,0.0,0.0,0.0
2020-12-08,13.9,15.5,6.6,0.0,0.0,0.0
2020-12-09,15.8,13.4,8.0,0.0,0.0,0.0
2020-12-10,18.3,11.3,9.2,0.0,0.0,0.0
2020-12-11,18.2,10.5,9.4,0.0,0.0,0.0
2020-12-12,16.5,11.6,9.9,0.0,0.0,0.0
2020-12-13,16.0,11.6,10.7,0.0,0.0,0.0
2020-12-14,13.3,7.5,11.3,0.0,0.0,0.0
2020-12-15,12.7,9.6,11.5,0.0,0.0,0.0
2020-12-16,10.9,9.1,9.8,0.0,0.0,0.0
2020-12-17,13.2,9.6,10.2,0.0,0.0,0.0
2020-12-18,13.2,6.9,10.0,0.0,0.0,0.0
2020-12-19,15.0,8.0,9.8,0.0,0.0,0.0
2020-12-20,14.7,10.3,9.6,0.0,0.0,0.0
2020-12-21,13.6,7.300000000000001,9.8,0.0,0.0,0.0
2020-12-22,9.2,7.1,9.0,0.0,0.0,0.0
2020-12-23,11.1,7.5,7.4,0.0,0.0,0.0
2020-12-24,11.2,13.3,5.0,0.0,0.0,0.0
2020-12-25,15.4,16.3,5.9,0.0,0.0,0.0
2020-12-26,17.3,12.4,10.9,0.0,0.0,0.0
2020-12-27,16.5,12.1,12.9,0.0,0.0,0.0
2020-12-28,15.6,16.7,8.2,0.0,0.0,0.0
2020-12-29,16.2,16.7,7.6,0.0,0.0,0.0
2020-12-30,16.4,17.3,9.2,0.0,0.0,0.0
2020-12-31,16.4,18.7,11.3,0.0,0.0,0.0
2021-01-01,17.0,17.2,9.7,0.0,0.0,0.0
2021-01-02,17.5,15.5,8.3,0.0,0.0,0.0
2021-01-03,17.9,16.4,10.0,0.0,0.0,0.0
2021-01-04,17.5,14.9,10.7,0.0,0.0,0.0
2021-01-05,16.8,15.4,10.4,0.0,0.0,0.0
2021-01-06,16.5,15.6,10.4,0.0,0.0,0.0
2021-01-07,17.2,18.8,12.6,0.0,0.0,0.0
2021-01-08,17.5,18.5,12.0,0.0,0.0,0.0
2021-01-09,17.3,18.7,12.4,0.0,0.0,0.0
2021-01-10,17.4,17.9,11.2,0.0,0.0,0.0
2021-01-11,17.4,13.0,13.4,0.0,0.0,0.0
2021-01-12,16.8,11.9,13.3,0.0,0.0,0.0
2021-01-13,17.0,13.1,13.1,0.0,0.0,0.0
2021-01-14,17.1,12.9,9.7,0.0,0.0,0.0
2021-01-15,19.0,16.3,11.2,0.0,0.0,0.0
2021-01-16,20.1,14.0,13.9,0.0,0.0,0.0
2021-01-17,20.2,13.7,16.3,0.0,0.0,0.0
2021-01-18,19.6,13.6,14.3,0.0,0.0,0.0
2021-01-19,15.7,8.0,12.7,0.0,0.0,0.0
2021-01-20,12.6,8.1,8.7,0.0,0.0,0.0
2021-01-21,9.9,12.0,5.800000000000001,0.0,0.0,0.0
2021-01-22,11.1,15.3,5.1,0.0,0.0,0.0
2021-01-23,16.7,17.4,6.6,0.0,0.0,0.0
2021-01-24,17.7,18.4,8.0,0.0,0.0,0.0
2021-01-25,17.3,17.6,10.2,0.0,0.0,0.0
2021-01-26,18.0,16.1,13.0,0.0,0.0,0.0
2021-01-27,17.0,10.5,14.0,0.0,0.0,0.0
2021-01-28,16.5,7.699999999999999,12.2,0.0,0.0,0.0
2021-01-29,20.4,9.0,7.300000000000001,0.0,0.0,0.0
2021-01-30,19.2,13.3,8.1,0.0,0.0,0.0
2021-01-31,23.2,15.7,7.0,0.0,0.0,0.0
2021-02-01,22.1,14.3,8.8,0.0,0.0,0.0
2021-02-02,17.9,9.0,8.1,0.0,0.0,0.0
2021-02-03,14.3,10.4,6.9,0.0,0.0,0.0
2021-02-04,16.7,12.0,4.699999999999999,0.0,0.0,0.0
2021-02-05,18.1,11.3,5.800000000000001,0.0,0.0,0.0
2021-02-06,19.8,13.3,3.8000000000000007,0.0,0.0,0.0
2021-02-07,24.1,16.7,3.8000000000000007,0.0,0.0,0.0
2021-02-08,26.9,19.4,6.6,0.0,0.0,0.0
2021-02-09,28.3,19.4,5.800000000000001,0.0,0.0,0.0
2021-02-10,28.2,20.7,5.199999999999999,0.0,0.0,0.0
2021-02-11,24.8,23.0,7.6,0.0,0.0,0.0
2021-02-12,28.1,20.4,8.5,0.0,0.0,0.0
2021-02-13,26.1,20.6,11.3,0.0,0.0,0.0
2021-02-14,26.8,15.8,15.8,0.0,0.0,0.0
2021-02-15,25.2,9.3,15.6,0.0,0.0,0.0
2021-02-16,17.3,8.9,14.2,0.0,0.0,0.0
2021-02-17,14.5,8.9,10.3,0.0,0.0,0.0
2021-02-18,13.1,9.7,9.7,0.0,0.0,0.0
2021-02-19,12.9,10.0,8.8,0.0,0.0,0.0
2021-02-20,13.4,5.800000000000001,7.6,0.0,0.0,0.0
2021-02-21,10.6,7.0,8.0,0.0,0.0,0.0
2021-02-22,13.6,8.5,7.4,0.0,0.0,0.0
2021-02-23,9.9,8.4,7.6,0.0,0.0,0.0
2021-02-24,6.6,5.5,6.699999999999999,0.0,0.0,0.0
2021-02-25,7.4,8.2,6.699999999999999,0.0,0.0,0.0
2021-02-26,10.4,13.2,7.0,0.0,0.0,0.0
2021-02-27,13.0,12.6,7.4,0.0,0.0,0.0
2021-02-28,14.3,13.4,7.1,0.0,0.0,0.0
2021-03-01,14.2,12.4,8.5,0.0,0.0,0.0
2021-03-02,14.1,13.4,8.5,0.0,0.0,0.0
2021-03-03,13.2,12.2,8.6,0.0,0.0,0.0
2021-03-04,14.5,12.8,8.4,0.0,0.0,0.0
2021-03-05,16.6,14.2,8.1,0.0,0.0,0.0
2021-03-06,17.7,15.2,6.9,0.0,0.0,0.0
2021-03-07,15.4,15.7,7.9,0.0,0.0,0.0
2021-03-08,16.9,14.6,7.6,0.0,0.0,0.0
2021-03-09,18.5,12.5,7.9,0.0,0.0,0.0
2021-03-10,17.2,10.7,8.6,0.0,0.0,0.0
2021-03-11,12.4,9.0,9.6,0.0,0.0,0.0
2021-03-12,11.5,11.0,5.4,0.0,0.0,0.0
2021-03-13,12.2,11.3,4.9,0.0,0.0,0.0
2021-03-14,12.7,11.0,6.6,0.0,0.0,0.0
2021-03-15,14.0,9.5,9.4,0.0,0.0,0.0
2021-03-16,14.2,9.1,9.7,0.0,0.0,0.0
2021-03-17,16.1,11.6,10.8,0.0,0.0,0.0
2021-03-18,16.4,11.4,11.5,0.0,0.0,0.0
2021-03-19,17.7,10.7,11.8,0.0,0.0,0.0
2021-03-20,17.8,12.2,10.2,0.0,0.0,0.0
2021-03-21,13.0,9.8,10.4,0.0,0.0,0.0
2021-03-22,14.0,11.0,10.4,0.0,0.0,0.0
2021-03-23,12.5,10.7,10.7,0.0,0.0,0.0
2021-03-24,11.7,10.1,9.8,0.0,0.0,0.0
2021-03-25,10.5,10.5,8.5,0.0,0.0,0.0
2021-03-26,9.1,9.5,7.300000000000001,0.0,0.0,0.0
2021-03-27,11.2,11.1,5.800000000000001,0.0,0.0,0.0
2021-03-28,11.4,7.9,5.6,0.0,0.0,0.0
2021-03-29,6.4,7.0,5.199999999999999,0.0,0.0,0.0
2021-03-30,5.300000000000001,6.6,3.8000000000000007,0.0,0.0,0.0
2021-03-31,4.800000000000001,3.9000000000000004,3.3000000000000007,0.0,0.0,0.0
2021-04-01,7.4,7.5,3.0999999999999996,0.0,0.0,0.0
2021-04-02,11.9,11.4,3.3000000000000007,0.0,0.0,0.0
2021-04-03,12.9,11.2,4.4,0.0,0.0,0.0
2021-04-04,13.7,10.9,4.5,0.0,0.0,0.0
2021-04-05,14.1,12.6,6.300000000000001,0.0,0.0,0.0
2021-04-06,15.9,15.3,5.9,0.0,0.0,0.0
2021-04-07,15.4,15.5,9.7,0.0,0.0,0.0
2021-04-08,14.1,11.6,10.8,0.0,0.0,0.0
2021-04-09,11.5,10.1,9.1,0.0,0.0,0.0
2021-04-10,11.6,11.8,6.5,0.0,0.0,0.0
2021-04-11,6.699999999999999,14.2,4.9,0.0,0.0,0.0
2021-04-12,13.0,14.7,5.4,0.0,0.0,0.0
2021-04-13,13.8,13.1,6.5,0.0,0.0,0.0
2021-04-14,14.0,12.0,8.5,0.0,0.0,0.0
2021-04-15,14.5,13.2,7.6,0.0,0.0,0.0
2021-04-16,12.1,13.1,7.699999999999999,0.0,0.0,0.0
2021-04-17,10.1,12.2,7.300000000000001,0.0,0.0,0.0
2021-04-18,10.1,10.5,8.1,0.0,0.0,0.0
2021-04-19,8.1,9.5,8.5,0.0,0.0,0.0
2021-04-20,8.5,8.7,7.9,0.0,0.0,0.0
2021-04-21,8.7,9.1,6.699999999999999,0.0,0.0,0.0
2021-04-22,11.2,11.0,5.6,0.0,0.0,0.0
2021-04-23,10.7,10.2,4.4,0.0,0.0,0.0
2021-04-24,10.9,8.9,3.6999999999999993,0.0,0.0,0.0
2021-04-25,12.7,10.1,3.6999999999999993,0.0,0.0,0.0
2021-04-26,14.0,10.7,3.1999999999999993,0.0,0.0,0.0
2021-04-27,12.3,9.9,2.5,0.0,0.0,0.0
2021-04-28,8.6,10.0,2.0999999999999996,0.0,0.0,0.0
2021-04-29,7.0,10.7,2.3000000000000007,0.0,0.0,0.0
2021-04-30,9.3,11.5,0.0,0.0,0.0,0.0
2021-05-01,9.2,11.0,0.5,0.0,0.0,0.0
2021-05-02,9.9,10.1,2.3000000000000007,0.0,0.0,0.0
2021-05-03,10.7,9.3,3.3000000000000007,0.0,0.0,0.0
2021-05-04,8.2,8.2,5.0,0.0,0.0,0.0
2021-05-05,8.9,11.2,3.3000000000000007,0.0,0.0,0.0
2021-05-06,10.6,11.5,1.3000000000000007,0.0,0.0,0.0
2021-05-07,12.0,9.7,0.8999999999999986,0.0,0.0,0.0
2021-05-08,9.2,6.4,0.1999999999999993,0.0,0.0,0.0
2021-05-09,1.3000000000000007,2.5999999999999996,0.0,0.0,0.0,0.0
2021-05-10,0.0,5.4,0.0,0.0,0.0,0.0
2021-05-11,0.0,6.6,0.0,0.0,0.0,0.0
2021-05-12,3.9000000000000004,6.1,1.6000000000000014,0.0,0.0,0.0
2021-05-13,6.1,7.199999999999999,2.1999999999999993,0.0,0.0,0.0
2021-05-14,7.199999999999999,7.800000000000001,4.1,0.0,0.0,0.0
2021-05-15,5.9,7.6,3.3000000000000007,0.0,0.0,0.0
2021-05-16,5.699999999999999,7.5,1.0,0.0,0.0,0.0
2021-05-17,5.199999999999999,6.300000000000001,0.0,0.0,0.0,0.0
2021-05-18,6.1,6.9,2.3000000000000007,0.0,0.0,0.0
2021-05-19,6.4,6.699999999999999,1.0,0.0,0.0,0.0
2021-05-20,6.1,7.699999999999999,1.8000000000000007,0.0,0.0,0.0
2021-05-21,3.8000000000000007,6.800000000000001,1.3999999999999986,0.0,0.0,0.0
2021-05-22,5.1,7.300000000000001,0.0,0.0,0.0,0.0
2021-05-23,6.0,8.2,0.0,0.0,0.0,0.0
2021-05-24,3.0999999999999996,7.800000000000001,0.0,0.0,0.0,0.0
2021-05-25,5.0,7.4,0.0,0.0,0.0,0.0
2021-05-26,6.4,7.199999999999999,0.1999999999999993,0.0,0.0,0.0
2021-05-27,6.300000000000001,4.699999999999999,0.3000000000000007,0.0,0.0,0.0
2021-05-28,6.5,3.9000000000000004,0.0,0.0,0.0,0.0
2021-05-29,5.800000000000001,3.9000000000000004,0.0,0.0,0.0,0.0
2021-05-30,5.0,5.4,0.0,0.0,0.0,0.0
2021-05-31,4.199999999999999,2.5999999999999996,0.0,0.0,0.0,0.0
2021-06-01,1.6000000000000014,0.6000000000000014,0.0,0.0,0.0,0.0
2021-06-02,0.6000000000000014,0.0,0.0,0.0,0.0,0.0
2021-06-03,0.0,0.0,0.0,0.0,0.0,0.0
2021-06-04,0.0,3.5,0.0,0.0,0.0,0.3999999999999986
2021-06-05,0.0,1.1999999999999993,0.0,0.0,0.0,0.0
2021-06-06,0.0,1.3999999999999986,0.0,0.0,0.0,0.0
2021-06-07,0.0,0.8999999999999986,0.0,0.0,0.0,0.0
2021-06-08,0.0,0.5,0.0,0.0,0.0,0.0
2021-06-09,0.0,0.10000000000000142,0.0,0.0,0.0,0.0
2021-06-10,0.0,0.0,0.0,0.1999999999999993,0.0,0.0
2021-06-11,0.0,0.0,0.0,0.0,0.0,0.0
2021-06-12,0.0,0.0,0.0,0.0,0.0,0.1999999999999993
2021-06-13,2.5999999999999996,0.0,0.0,0.0,0.0,1.0
2021-06-14,0.0,0.0,0.0,0.0,0.0,1.5
2021-06-15,0.0,0.0,0.0,0.0,0.0,0.6000000000000014
2021-06-16,0.0,0.0,0.0,0.0,0.0,0.1999999999999993
2021-06-17,0.0,0.0,0.0,4.199999999999999,0.0,1.3000000000000007
2021-06-18,0.0,3.0,0.0,5.800000000000001,0.0,1.3999999999999986
2021-06-19,0.0,4.199999999999999,0.0,6.100000000000001,0.0,1.8999999999999986
2021-06-20,0.0,3.0999999999999996,0.0,5.600000000000001,0.0,2.6999999999999993
2021-06-21,0.0,5.300000000000001,0.0,3.6999999999999993,0.0,5.0
2021-06-22,0.0,5.1,0.0,0.0,0.0,4.699999999999999
2021-06-23,0.3999999999999986,4.199999999999999,0.0,0.0,0.0,4.699999999999999
2021-06-24,0.8000000000000007,3.0999999999999996,0.0,0.0,0.0,3.8999999999999986
2021-06-25,0.0,1.5,0.0,0.0,0.0,3.3999999999999986
2021-06-26,0.0,2.0999999999999996,0.0,0.0,0.0,2.6000000000000014
2021-06-27,0.0,1.3000000000000007,0.0,0.0,0.0,4.300000000000001
2021-06-28,0.0,0.8000000000000007,0.0,1.8999999999999986,0.0,5.600000000000001
2021-06-29,0.0,1.8000000000000007,0.0,1.8999999999999986,0.0,4.699999999999999
2021-06-30,0.0,3.5999999999999996,0.0,0.0,0.0,3.6000000000000014
2021-07-01,1.8999999999999986,1.6999999999999993,0.0,0.0,0.0,3.1999999999999993
2021-07-02,0.0,0.0,0.0,0.0,0.0,3.3000000000000007
2021-07-03,0.0,0.1999999999999993,0.0,0.0,0.0,3.8000000000000007
2021-07-04,0.0,1.5,0.0,0.0,0.0,4.100000000000001
2021-07-05,0.0,1.8999999999999986,0.0,0.0,0.0,3.8000000000000007
2021-07-06,0.0,2.5,0.0,0.0,0.0,5.399999999999999
2021-07-07,0.0,1.8000000000000007,0.0,0.0,0.0,5.399999999999999
2021-07-08,0.0,1.3999999999999986,0.0,0.0,0.0,5.300000000000001
2021-07-09,0.0,0.3999999999999986,0.0,0.0,0.0,4.899999999999999
2021-07-10,0.0,2.5,0.0,0.0,0.0,4.199999999999999
2021-07-11,0.0,2.0,0.0,0.0,0.0,4.0
2021-07-12,0.0,1.6000000000000014,0.0,0.0,0.0,4.300000000000001
2021-07-13,0.0,0.0,0.0,0.8999999999999986,0.0,5.300000000000001
2021-07-14,0.0,0.0,0.0,0.10000000000000142,0.0,1.6999999999999993
2021-07-15,0.0,0.10000000000000142,0.0,0.0,0.0,0.8999999999999986
2021-07-16,0.0,0.1999999999999993,0.0,1.0,0.0,0.1999999999999993
2021-07-17,0.0,0.0,0.0,0.8000000000000007,0.0,0.0
2021-07-18,0.0,0.0,0.0,0.0,0.1999999999999993,2.1999999999999993
2021-07-19,0.6000000000000014,0.0,0.0,0.0,0.5,3.3000000000000007
2021-07-20,0.8999999999999986,0.0,0.0,0.0,0.6000000000000014,3.5
2021-07-21,0.0,0.0,0.0,0.0,0.3000000000000007,4.899999999999999
2021-07-22,0.0,0.0,0.0,0.0,0.0,5.800000000000001
2021-07-23,0.0,0.0,0.0,0.0,0.0,5.5
2021-07-24,0.0,0.0,0.0,0.3000000000000007,0.0,5.100000000000001
2021-07-25,0.0,0.0,0.0,2.0,0.0,6.800000000000001
2021-07-26,0.0,0.0,0.0,1.6999999999999993,0.0,8.100000000000001
2021-07-27,0.0,0.0,0.0,0.6999999999999993,0.0,7.0
2021-07-28,0.0,1.3000000000000007,0.0,0.0,0.0,7.199999999999999
2021-07-29,0.0,1.3999999999999986,0.0,0.0,0.0,7.100000000000001
2021-07-30,0.0,1.3999999999999986,0.0,0.0,0.0,6.199999999999999
2021-07-31,0.0,1.6999999999999993,0.0,0.0,0.0,6.399999999999999
2021-08-01,0.0,1.6999999999999993,0.0,0.0,0.0,6.5
2021-08-02,0.3999999999999986,2.9000000000000004,0.0,0.0,0.0,3.1000000000000014
2021-08-03,0.6000000000000014,2.3000000000000007,0.0,0.0,0.0,2.8000000000000007
2021-08-04,0.10000000000000142,1.6999999999999993,0.0,0.0,0.0,5.100000000000001
2021-08-05,0.0,1.6000000000000014,0.0,0.0,0.0,3.1999999999999993
2021-08-06,0.0,0.8999999999999986,0.0,0.0,0.0,3.5
2021-08-07,0.0,2.0,0.0,0.0,0.0,4.899999999999999
2021-08-08,0.0,1.8999999999999986,0.0,0.0,0.0,6.5
2021-08-09,0.0,2.0999999999999996,0.0,0.0,0.0,5.300000000000001
2021-08-10,0.0,0.8999999999999986,0.0,0.0,0.0,6.600000000000001
2021-08-11,0.3000000000000007,0.6999999999999993,0.0,0.0,0.0,7.899999999999999
2021-08-12,0.0,0.0,0.0,0.0,0.0,8.100000000000001
2021-08-13,0.0,0.6000000000000014,0.0,0.6999999999999993,0.0,8.5
2021-08-14,0.0,0.0,0.0,0.0,0.0,8.8
2021-08-15,0.0,0.0,0.0,0.0,0.0,8.100000000000001
2021-08-16,0.0,2.4000000000000004,0.0,0.0,0.0,6.600000000000001
2021-08-17,2.5999999999999996,2.6999999999999993,0.0,0.0,0.0,5.5
2021-08-18,1.3999999999999986,0.10000000000000142,0.0,0.0,0.0,4.699999999999999
2021-08-19,0.10000000000000142,1.5,0.0,0.0,0.0,3.8000000000000007
2021-08-20,0.3999999999999986,0.10000000000000142,0.0,0.0,0.0,3.8000000000000007
2021-08-21,0.3999999999999986,0.6999999999999993,0.0,0.0,0.0,3.8999999999999986
2021-08-22,0.0,0.3999999999999986,0.0,0.0,0.0,4.399999999999999
2021-08-23,0.8000000000000007,1.0,0.0,0.0,0.0,3.3999999999999986
2021-08-24,1.6999999999999993,1.5,0.0,0.0,0.0,2.6000000000000014
2021-08-25,3.0999999999999996,1.3000000000000007,0.0,0.0,0.0,1.6999999999999993
2021-08-26,3.5999999999999996,1.6999999999999993,0.0,0.0,0.0,2.0
2021-08-27,4.6,2.8000000000000007,0.0,0.0,0.0,1.6999999999999993
2021-08-28,3.0,2.6999999999999993,0.0,0.0,0.0,1.3999999999999986
2021-08-29,2.8000000000000007,3.4000000000000004,0.0,0.0,0.0,0.0
2021-08-30,3.0,2.1999999999999993,0.0,0.0,0.0,0.0
2021-08-31,2.0999999999999996,2.1999999999999993,0.0,0.0,0.0,0.0
2021-09-01,1.6000000000000014,2.0999999999999996,0.0,0.0,0.0,1.0
2021-09-02,1.8999999999999986,1.8999999999999986,0.0,0.0,0.0,1.3999999999999986
2021-09-03,2.0,1.6000000000000014,0.0,0.0,0.0,1.8999999999999986
2021-09-04,3.5,2.3000000000000007,0.0,0.0,0.0,1.8000000000000007
2021-09-05,1.3999999999999986,0.1999999999999993,0.0,0.0,0.0,2.1999999999999993
2021-09-06,1.1000000000000014,0.0,0.0,0.0,0.0,1.5
2021-09-07,0.6000000000000014,0.0,0.0,0.0,0.0,1.5
2021-09-08,0.3999999999999986,0.0,0.0,0.0,0.0,1.8999999999999986
2021-09-09,0.0,0.0,0.0,0.0,0.0,0.6000000000000014
2021-09-10,0.0,0.0,0.0,0.0,0.0,1.1999999999999993
2021-09-11,0.0,0.0,0.0,0.0,0.0,1.8999999999999986
2021-09-12,0.0,1.8000000000000007,0.0,0.0,0.0,1.0
2021-09-13,1.6000000000000014,1.6999999999999993,0.0,0.0,0.0,1.3000000000000007
2021-09-14,1.8999999999999986,1.3999999999999986,0.0,0.0,0.0,1.1999999999999993
2021-09-15,0.0,1.3000000000000007,0.0,0.0,0.0,1.5
2021-09-16,0.5,1.8999999999999986,0.0,0.0,0.0,2.8000000000000007
2021-09-17,3.0999999999999996,1.8999999999999986,0.0,0.0,0.0,1.5
2021-09-18,3.5,0.6999999999999993,0.0,0.0,0.0,1.1999999999999993
2021-09-19,5.300000000000001,1.8999999999999986,0.0,0.0,0.0,0.3000000000000007
2021-09-20,6.4,2.5,0.0,0.0,0.0,0.0
2021-09-21,5.699999999999999,3.0,0.0,0.0,0.0,0.0
2021-09-22,4.1,3.0999999999999996,0.0,0.0,0.0,0.0
2021-09-23,3.1999999999999993,2.0999999999999996,0.0,0.0,0.0,0.0
2021-09-24,3.4000000000000004,1.3000000000000007,0.0,0.0,0.0,0.0
2021-09-25,0.6000000000000014,1.1999999999999993,0.0,0.0,0.0,0.10000000000000142
2021-09-26,0.0,1.3000000000000007,0.0,0.0,0.0,1.1000000000000014
2021-09-27,0.1999999999999993,2.3000000000000007,0.0,0.0,0.0,1.3999999999999986
2021-09-28,2.5,4.5,0.0,0.0,0.0,0.1999999999999993
2021-09-29,4.199999999999999,6.6,0.0,0.0,0.0,0.6999999999999993
2021-09-30,6.5,5.699999999999999,0.0,0.0,0.0,0.0
2021-10-01,5.800000000000001,3.4000000000000004,0.0,0.0,0.0,0.0
2021-10-02,3.9000000000000004,5.9,0.0,0.0,0.0,0.0
2021-10-03,0.5,5.5,0.0,0.0,0.0,0.0
2021-10-04,3.3000000000000007,5.199999999999999,0.0,0.0,0.0,0.3999999999999986
2021-10-05,5.1,5.199999999999999,0.0,0.0,0.0,0.0
2021-10-06,5.6,6.0,0.0,0.0,0.0,0.0
2021-10-07,6.9,2.9000000000000004,3.0,0.0,0.0,0.0
2021-10-08,6.199999999999999,2.1999999999999993,2.1999999999999993,0.0,0.0,0.0
2021-10-09,9.3,5.800000000000001,1.5,0.0,0.0,0.0
2021-10-10,10.5,5.199999999999999,3.1999999999999993,0.0,0.0,0.0
2021-10-11,9.7,6.800000000000001,5.4,0.0,0.0,0.0
2021-10-12,9.5,7.0,4.199999999999999,0.0,0.0,0.0
2021-10-13,10.6,6.5,3.5,0.0,0.0,0.0
2021-10-14,7.800000000000001,5.6,5.0,0.0,0.0,0.0
2021-10-15,7.300000000000001,6.1,5.199999999999999,0.0,0.0,0.0
2021-10-16,9.8,6.300000000000001,4.699999999999999,0.0,0.0,0.0
2021-10-17,8.9,5.5,3.4000000000000004,0.0,0.0,0.0
2021-10-18,6.9,4.800000000000001,2.6999999999999993,0.0,0.0,0.0
2021-10-19,6.300000000000001,0.10000000000000142,3.4000000000000004,0.0,0.0,0.0
2021-10-20,2.5,2.6999999999999993,3.1999999999999993,0.0,0.0,0.0
2021-10-21,4.800000000000001,8.9,0.8999999999999986,0.0,0.0,0.0
2021-10-22,10.6,9.8,0.0,0.0,0.0,0.0
2021-10-23,11.0,9.0,1.0,0.0,0.0,0.0
2021-10-24,11.9,5.800000000000001,0.3999999999999986,0.0,0.0,0.0
2021-10-25,11.7,6.300000000000001,1.5,0.0,0.0,0.0
2021-10-26,8.8,6.1,2.9000000000000004,0.0,0.0,0.0
2021-10-27,6.1,3.4000000000000004,2.3000000000000007,0.0,0.0,0.0
2021-10-28,7.699999999999999,4.300000000000001,4.1,0.0,0.0,0.0
2021-10-29,9.3,4.9,4.5,0.0,0.0,0.0
2021-10-30,8.6,6.699999999999999,4.0,0.0,0.0,0.0
2021-10-31,5.4,6.6,3.4000000000000004,0.0,0.0,0.0
2021-11-01,7.800000000000001,8.5,1.3000000000000007,0.0,0.0,0.0
2021-11-02,9.7,11.6,1.6999999999999993,0.0,0.0,0.0
2021-11-03,11.7,12.3,2.0999999999999996,0.0,0.0,0.0
2021-11-04,11.0,11.2,2.8000000000000007,0.0,0.0,0.0
2021-11-05,10.3,12.9,6.300000000000001,0.0,0.0,0.0
2021-11-06,9.2,8.0,4.199999999999999,0.0,0.0,0.0
2021-11-07,9.4,8.3,0.3000000000000007,0.0,0.0,0.0
2021-11-08,9.7,10.4,2.3000000000000007,0.0,0.0,0.0
2021-11-09,9.9,5.800000000000001,3.0,0.0,0.0,0.0
2021-11-10,13.7,6.4,0.3000000000000007,0.0,0.0,0.0
2021-11-11,13.5,7.1,2.0,0.0,0.0,0.0
2021-11-12,11.4,6.1,2.6999999999999993,0.0,0.0,0.0
2021-11-13,13.4,6.9,4.6,0.0,0.0,0.0
2021-11-14,13.2,7.800000000000001,4.0,0.0,0.0,0.0
2021-11-15,12.6,8.2,2.9000000000000004,0.0,0.0,0.0
2021-11-16,12.9,9.9,5.199999999999999,0.0,0.0,0.0
2021-11-17,12.3,10.2,5.5,0.0,0.0,0.0
2021-11-18,10.5,8.7,5.300000000000001,0.0,0.0,0.0
2021-11-19,7.300000000000001,7.1,5.800000000000001,0.0,0.0,0.0
2021-11-20,7.6,8.1,6.9,0.0,0.0,0.0
2021-11-21,10.3,11.4,6.5,0.0,0.0,0.0
2021-11-22,15.1,12.2,5.300000000000001,0.0,0.0,0.0
2021-11-23,13.5,13.8,5.699999999999999,0.0,0.0,0.0
2021-11-24,11.6,12.7,6.1,0.0,0.0,0.0
2021-11-25,13.9,14.1,4.9,0.0,0.0,0.0
2021-11-26,15.3,13.7,7.199999999999999,0.0,0.0,0.0
2021-11-27,16.6,14.8,6.4,0.0,0.0,0.0
2021-11-28,17.2,16.7,7.300000000000001,0.0,0.0,0.0
2021-11-29,17.3,17.4,11.7,0.0,0.0,0.0
2021-11-30,14.9,9.4,12.8,0.0,0.0,0.0
2021-12-01,12.9,10.2,8.6,0.0,0.0,0.0
2021-12-02,15.9,16.4,6.699999999999999,0.0,0.0,0.0
2021-12-03,17.7,12.8,8.0,0.0,0.0,0.0
2021-12-04,16.2,12.7,10.0,0.0,0.0,0.0
2021-12-05,17.0,12.8,6.9,0.0,0.0,0.0
2021-12-06,18.0,14.2,11.4,0.0,0.0,0.0
2021-12-07,18.8,13.7,12.5,0.0,0.0,0.0
2021-12-08,19.0,12.5,9.3,0.0,0.0,0.0
2021-12-09,19.8,12.9,9.4,0.0,0.0,0.0
2021-12-10,19.2,12.4,12.1,0.0,0.0,0.0
2021-12-11,20.2,13.5,11.4,0.0,0.0,0.0
2021-12-12,17.3,6.6,10.7,0.0,0.0,0.0
2021-12-13,12.8,7.6,12.8,0.0,0.0,0.0
2021-12-14,11.3,7.6,10.4,0.0,0.0,0.0
2021-12-15,10.4,7.4,10.4,0.0,0.0,0.0
2021-12-16,11.0,9.1,10.8,0.0,0.0,0.0
2021-12-17,13.2,10.6,11.1,0.0,0.0,0.0
2021-12-18,12.4,9.9,11.9,0.0,0.0,0.0
2021-12-19,12.1,11.6,13.2,0.0,0.0,0.0
2021-12-20,17.6,12.3,12.2,0.0,0.0,0.0
2021-12-21,18.8,14.2,11.9,0.0,0.0,0.0
2021-12-22,19.6,17.2,9.6,0.0,0.0,0.0
2021-12-23,19.6,11.3,10.7,0.0,0.0,0.0
2021-12-24,16.5,9.8,6.5,0.0,0.0,0.0
2021-12-25,23.6,11.1,4.6,0.0,0.0,0.0
2021-12-26,25.6,11.0,5.9,0.0,0.0,0.0
2021-12-27,21.4,9.5,7.199999999999999,0.0,0.0,0.0
2021-12-28,18.8,8.3,6.4,0.0,0.0,0.0
2021-12-29,16.2,7.800000000000001,5.5,0.0,0.0,0.0
2021-12-30,10.2,4.4,8.2,0.0,0.0,0.0
2021-12-31,6.1,4.9,7.800000000000001,0.0,0.0,0.0
2022-01-01,7.0,5.1,9.4,0.0,0.0,0.0
2022-01-02,8.5,6.9,10.0,0.0,0.0,0.0
2022-01-03,9.7,9.3,8.8,0.0,0.0,0.0
2022-01-04,11.9,13.3,5.800000000000001,0.0,0.0,0.0
2022-01-05,14.4,15.9,4.699999999999999,0.0,0.0,0.0
2022-01-06,17.8,16.6,8.7,0.0,0.0,0.0
2022-01-07,17.7,14.2,10.7,0.0,0.0,0.0
2022-01-08,17.5,12.3,13.5,0.0,0.0,0.0
2022-01-09,17.5,14.9,13.2,0.0,0.0,0.0
2022-01-10,15.4,13.3,12.3,0.0,0.0,0.0
2022-01-11,20.4,9.5,10.5,0.0,0.0,0.0
2022-01-12,18.0,14.1,11.6,0.0,0.0,0.0
2022-01-13,14.4,16.4,13.2,0.0,0.0,0.0
2022-01-14,13.2,17.6,13.7,0.0,0.0,0.0
2022-01-15,17.6,16.5,11.6,0.0,0.0,0.0
2022-01-16,16.9,14.5,11.3,0.0,0.0,0.0
2022-01-17,14.2,15.6,11.8,0.0,0.0,0.0
2022-01-18,15.8,15.8,12.1,0.0,0.0,0.0
2022-01-19,14.7,13.0,11.8,0.0,0.0,0.0
2022-01-20,16.7,16.3,8.8,0.0,0.0,0.0
2022-01-21,18.8,17.8,10.5,0.0,0.0,0.0
2022-01-22,15.6,16.1,12.7,0.0,0.0,0.0
2022-01-23,13.2,13.6,13.5,0.0,0.0,0.0
2022-01-24,13.2,14.6,12.5,0.0,0.0,0.0
2022-01-25,14.2,16.1,14.0,0.0,0.0,0.0
2022-01-26,14.9,14.5,13.3,0.0,0.0,0.0
2022-01-27,14.0,11.4,12.2,0.0,0.0,0.0
2022-01-28,14.1,13.9,10.2,0.0,0.0,0.0
2022-01-29,12.8,8.1,12.1,0.0,0.0,0.0
2022-01-30,12.8,14.2,11.7,0.0,0.0,0.0
2022-01-31,16.3,12.1,11.1,0.0,0.0,0.0
2022-02-01,15.9,8.9,10.2,0.0,0.0,0.0
2022-02-02,13.8,8.7,11.1,0.0,0.0,0.0
2022-02-03,14.5,9.9,9.8,0.0,0.0,0.0
2022-02-04,11.6,11.5,6.9,0.0,0.0,0.0
2022-02-05,14.2,12.1,6.9,0.0,0.0,0.0
2022-02-06,12.9,9.0,8.9,0.0,0.0,0.0
2022-02-07,14.6,11.7,7.0,0.0,0.0,0.0
2022-02-08,12.3,7.699999999999999,11.0,0.0,0.0,0.0
2022-02-09,9.6,8.5,10.1,0.0,0.0,0.0
2022-02-10,11.0,11.8,9.4,0.0,0.0,0.0
2022-02-11,14.3,14.7,9.9,0.0,0.0,0.0
2022-02-12,17.8,13.2,9.3,0.0,0.0,0.0
2022-02-13,15.4,10.1,8.5,0.0,0.0,0.0
2022-02-14,11.1,10.6,7.5,0.0,0.0,0.0
2022-02-15,11.6,11.6,6.9,0.0,0.0,0.0
2022-02-16,11.2,5.5,9.2,0.0,0.0,0.0
2022-02-17,10.4,9.3,9.1,0.0,0.0,0.0
2022-02-18,11.9,9.8,6.5,0.0,0.0,0.0
2022-02-19,12.7,12.6,5.0,0.0,0.0,0.0
2022-02-20,12.8,8.4,5.699999999999999,0.0,0.0,0.0
2022-02-21,12.3,11.0,6.4,0.0,0.0,0.0
2022-02-22,13.0,9.6,8.1,0.0,0.0,0.0
2022-02-23,12.0,11.6,8.6,0.0,0.0,0.0
2022-02-24,12.3,11.8,8.1,0.0,0.0,0.0
2022-02-25,14.4,12.3,8.3,0.0,0.0,0.0
2022-02-26,14.6,13.5,11.0,0.0,0.0,0.0
2022-02-27,17.2,12.9,11.0,0.0,0.0,0.0
2022-02-28,17.7,9.4,10.5,0.0,0.0,0.0
2022-03-01,17.5,9.8,12.2,0.0,0.0,0.0
2022-03-02,17.3,11.6,12.2,0.0,0.0,0.0
2022-03-03,19.0,9.6,11.1,0.0,0.0,0.0
2022-03-04,16.8,10.7,11.2,0.0,0.0,0.0
2022-03-05,17.9,12.1,11.7,0.0,0.0,0.0
2022-03-06,18.2,13.5,12.2,0.0,0.0,0.0
2022-03-07,16.1,13.8,12.5,0.0,0.0,0.0
2022-03-08,16.1,12.7,13.2,0.0,0.0,0.0
2022-03-09,15.1,8.9,12.0,0.0,0.0,0.0
2022-03-10,16.0,7.1,10.3,0.0,0.0,0.0
2022-03-11,16.7,8.1,9.9,0.0,0.0,0.0
2022-03-12,14.9,8.9,8.8,0.0,0.0,0.0
2022-03-13,13.8,9.5,9.7,0.0,0.0,0.0
2022-03-14,12.0,11.1,8.3,0.0,0.0,0.0
2022-03-15,10.3,9.6,7.699999999999999,0.0,0.0,0.0
2022-03-16,11.0,8.4,6.699999999999999,0.0,0.0,0.0
2022-03-17,10.6,10.9,4.800000000000001,0.0,0.0,0.0
2022-03-18,10.4,10.1,4.800000000000001,0.0,0.0,0.0
2022-03-19,12.6,8.9,5.5,0.0,0.0,0.0
2022-03-20,12.5,11.2,7.1,0.0,0.0,0.0
2022-03-21,12.1,10.6,9.0,0.0,0.0,0.0
2022-03-22,11.6,7.0,9.1,0.0,0.0,0.0
2022-03-23,10.5,7.4,7.5,0.0,0.0,0.0
2022-03-24,12.2,8.0,6.300000000000001,0.0,0.0,0.0
2022-03-25,10.2,9.3,6.0,0.0,0.0,0.0
2022-03-26,10.1,8.6,5.0,0.0,0.0,0.0
2022-03-27,10.8,9.8,2.5999999999999996,0.0,0.0,0.0
2022-03-28,9.5,9.5,3.5999999999999996,0.0,0.0,0.0
2022-03-29,10.6,8.6,4.800000000000001,0.0,0.0,0.0
2022-03-30,13.3,10.2,5.0,0.0,0.0,0.0
2022-03-31,14.7,14.2,3.6999999999999993,0.0,0.0,0.0
2022-04-01,14.7,14.3,5.6,0.0,0.0,0.0
2022-04-02,16.1,14.8,9.9,0.0,0.0,0.0
2022-04-03,16.3,14.5,10.1,0.0,0.0,0.0
2022-04-04,14.8,9.1,8.3,0.0,0.0,0.0
2022-04-05,11.6,7.0,7.9,0.0,0.0,0.0
2022-04-06,8.2,7.5,8.0,0.0,0.0,0.0
2022-04-07,8.0,8.9,6.1,0.0,0.0,0.0
2022-04-08,11.5,12.1,3.5999999999999996,0.0,0.0,0.0
2022-04-09,12.8,11.8,4.199999999999999,0.0,0.0,0.0
2022-04-10,13.7,10.7,7.0,0.0,0.0,0.0
2022-04-11,12.1,7.5,7.699999999999999,0.0,0.0,0.0
2022-04-12,9.9,5.199999999999999,6.4,0.0,0.0,0.0
2022-04-13,5.699999999999999,5.199999999999999,4.0,0.0,0.0,0.0
2022-04-14,6.5,5.699999999999999,2.6999999999999993,0.0,0.0,0.0
2022-04-15,9.8,4.300000000000001,1.3999999999999986,0.0,0.0,0.0
2022-04-16,11.7,5.9,0.8000000000000007,0.0,0.0,0.0
2022-04-17,10.9,6.199999999999999,3.0,0.0,0.0,0.0
2022-04-18,10.1,7.199999999999999,4.699999999999999,0.0,0.0,0.0
2022-04-19,10.1,7.1,5.0,0.0,0.0,0.0
2022-04-20,9.4,6.699999999999999,2.5,0.0,0.0,0.0
2022-04-21,8.5,6.300000000000001,0.8999999999999986,0.0,0.0,0.0
2022-04-22,8.4,6.4,3.3000000000000007,0.0,0.0,0.0
2022-04-23,7.1,5.4,2.4000000000000004,0.0,0.0,0.0
2022-04-24,6.699999999999999,5.4,2.4000000000000004,0.0,0.0,0.0
2022-04-25,9.0,8.5,3.5,0.0,0.0,0.0
2022-04-26,8.1,8.0,2.9000000000000004,0.0,0.0,0.0
2022-04-27,6.4,9.4,2.5999999999999996,0.0,0.0,0.0
2022-04-28,7.0,8.6,1.1999999999999993,0.0,0.0,0.0
2022-04-29,6.1,9.6,1.1999999999999993,0.0,0.0,0.0
2022-04-30,4.6,7.9,1.6999999999999993,0.0,0.0,0.0
2022-05-01,6.199999999999999,6.9,3.4000000000000004,0.0,0.0,0.0
2022-05-02,5.1,6.199999999999999,2.3000000000000007,0.0,0.0,0.0
2022-05-03,5.699999999999999,5.800000000000001,2.0,0.0,0.0,0.0
2022-05-04,4.4,5.5,1.8000000000000007,0.0,0.0,0.0
2022-05-05,4.1,4.9,1.8999999999999986,0.0,0.0,0.0
2022-05-06,4.0,3.3000000000000007,0.0,0.0,0.0,0.0
2022-05-07,2.1999999999999993,3.9000000000000004,1.1999999999999993,0.0,0.0,0.0
2022-05-08,3.3000000000000007,5.699999999999999,1.3999999999999986,0.0,0.0,0.0
2022-05-09,3.8000000000000007,4.0,1.1999999999999993,0.0,0.0,0.0
2022-05-10,0.0,2.4000000000000004,0.0,0.0,0.0,0.0
2022-05-11,0.0,5.0,0.0,0.0,0.0,0.0
2022-05-12,1.1999999999999993,5.4,0.0,0.0,0.0,0.0
2022-05-13,3.3000000000000007,3.5999999999999996,0.0,0.0,0.0,0.0
2022-05-14,2.3000000000000007,3.6999999999999993,0.0,0.0,0.0,0.0
2022-05-15,3.4000000000000004,3.0,0.0,0.0,0.0,0.0
2022-05-16,0.3000000000000007,1.8000000000000007,0.0,0.0,0.0,0.0
2022-05-17,1.0,0.0,0.0,0.0,0.0,0.0
2022-05-18,0.0,1.3000000000000007,0.0,0.0,0.0,0.8999999999999986
2022-05-19,0.0,1.1999999999999993,0.0,0.0,0.0,0.0
2022-05-20,0.0,4.5,0.0,0.0,0.0,0.0
2022-05-21,2.0999999999999996,3.8000000000000007,0.0,0.0,0.0,0.0
2022-05-22,3.5999999999999996,2.5,0.0,0.0,0.0,0.0
2022-05-23,1.6999999999999993,3.9000000000000004,0.0,0.0,0.0,0.3000000000000007
2022-05-24,0.10000000000000142,5.300000000000001,0.0,0.0,0.0,1.6000000000000014
2022-05-25,2.6999999999999993,4.699999999999999,0.0,0.0,0.0,2.8000000000000007
2022-05-26,1.0,2.5,0.0,0.0,0.0,3.5
2022-05-27,3.0999999999999996,2.5999999999999996,0.0,0.0,0.0,5.0
2022-05-28,6.1,5.300000000000001,0.0,0.0,0.0,4.300000000000001
2022-05-29,6.300000000000001,6.9,0.0,0.0,0.0,1.3000000000000007
2022-05-30,6.199999999999999,7.1,0.0,0.0,0.0,1.5
2022-05-31,4.4,6.6,0.0,0.0,0.0,2.1999999999999993
2022-06-01,3.8000000000000007,5.699999999999999,0.0,0.0,0.0,1.3999999999999986
2022-06-02,4.0,4.199999999999999,0.0,0.0,0.0,3.3000000000000007
2022-06-03,0.8000000000000007,1.8000000000000007,0.0,0.0,0.0,4.399999999999999
2022-06-04,0.0,3.0999999999999996,0.0,0.0,0.0,5.600000000000001
2022-06-05,0.0,4.199999999999999,0.0,0.0,0.0,5.600000000000001
2022-06-06,0.0,3.8000000000000007,0.0,0.0,0.0,5.300000000000001
2022-06-07,0.0,2.5,0.0,0.0,0.0,4.0
2022-06-08,0.0,1.3999999999999986,0.0,0.0,0.0,2.6999999999999993
2022-06-09,0.0,2.6999999999999993,0.0,0.0,0.0,0.8000000000000007
2022-06-10,0.0,0.3000000000000007,0.0,0.0,0.0,1.5
2022-06-11,0.0,1.3999999999999986,0.0,0.0,0.0,2.8999999999999986
2022-06-12,0.0,2.4000000000000004,0.0,0.0,0.0,3.8999999999999986
2022-06-13,1.5,2.8000000000000007,0.0,0.0,0.0,2.5
2022-06-14,3.1999999999999993,1.3000000000000007,0.0,0.0,0.0,2.6999999999999993
2022-06-15,0.3000000000000007,0.0,0.0,0.0,0.0,3.3000000000000007
2022-06-16,0.0,0.0,0.0,0.0,0.0,4.100000000000001
2022-06-17,0.0,0.0,0.0,0.0,1.3000000000000007,4.300000000000001
2022-06-18,0.0,0.0,0.0,3.8999999999999986,0.0,4.100000000000001
2022-06-19,0.0,3.5,0.0,3.3999999999999986,0.0,3.6999999999999993
2022-06-20,2.9000000000000004,2.3000000000000007,0.0,0.0,0.0,3.3999999999999986
2022-06-21,0.5,1.5,0.0,0.0,0.0,3.6999999999999993
2022-06-22,0.0,0.0,0.0,0.0,0.0,5.199999999999999
2022-06-23,0.0,0.0,0.0,0.1999999999999993,0.0,4.5
2022-06-24,0.0,0.0,0.0,3.1000000000000014,0.0,4.699999999999999
2022-06-25,0.0,1.8999999999999986,0.0,0.3000000000000007,0.0,4.399999999999999
2022-06-26,0.0,2.0999999999999996,0.0,1.8999999999999986,0.0,7.0
2022-06-27,0.0,2.5999999999999996,0.0,5.0,0.0,9.2
2022-06-28,0.0,2.1999999999999993,0.0,0.0,0.0,8.3
2022-06-29,0.0,1.6999999999999993,0.0,0.0,0.0,5.5
2022-06-30,0.0,2.6999999999999993,0.0,0.10000000000000142,0.0,5.699999999999999
2022-07-01,0.0,2.6999999999999993,0.0,0.0,0.0,6.199999999999999
2022-07-02,0.0,1.5,0.0,0.0,0.0,6.800000000000001
2022-07-03,0.0,1.8000000000000007,0.0,0.8000000000000007,0.0,8.100000000000001
2022-07-04,0.0,1.6000000000000014,0.0,0.0,0.0,8.5
2022-07-05,0.0,1.5,0.0,0.0,0.0,7.199999999999999
2022-07-06,0.3000000000000007,0.0,0.0,0.0,0.0,7.0
2022-07-07,1.6000000000000014,0.0,0.0,0.0,0.0,5.800000000000001
2022-07-08,1.1999999999999993,0.0,0.0,0.0,0.0,3.6999999999999993
2022-07-09,1.6000000000000014,0.0,0.0,0.0,0.0,4.0
2022-07-10,1.8999999999999986,0.0,0.0,0.0,0.0,2.6999999999999993
2022-07-11,0.6999999999999993,0.0,0.0,0.0,1.1999999999999993,3.8000000000000007
2022-07-12,0.0,0.0,0.0,0.0,2.1000000000000014,4.399999999999999
2022-07-13,0.0,0.0,0.0,0.0,1.1000000000000014,4.300000000000001
2022-07-14,0.0,0.0,0.0,0.0,0.0,4.300000000000001
2022-07-15,1.1999999999999993,0.0,0.0,0.0,0.0,5.699999999999999
2022-07-16,0.6000000000000014,0.0,0.0,0.0,0.0,6.300000000000001
2022-07-17,0.8000000000000007,0.0,0.0,0.0,0.6999999999999993,7.0
2022-07-18,0.0,0.0,0.0,0.0,5.199999999999999,7.800000000000001
2022-07-19,0.0,0.0,0.0,4.5,7.100000000000001,7.600000000000001
2022-07-20,0.0,0.0,0.0,7.899999999999999,0.0,7.300000000000001
2022-07-21,0.0,0.0,0.0,2.8000000000000007,0.0,7.300000000000001
2022-07-22,0.0,0.0,0.0,0.0,0.0,7.899999999999999
2022-07-23,0.0,0.0,0.0,0.0,0.0,7.399999999999999
2022-07-24,0.0,0.0,0.0,0.0,0.0,6.699999999999999
2022-07-25,0.0,0.0,0.0,3.8999999999999986,0.0,7.600000000000001
2022-07-26,0.0,0.3000000000000007,0.0,0.0,0.0,7.0
2022-07-27,1.1000000000000014,0.6000000000000014,0.0,0.0,0.0,6.800000000000001
2022-07-28,1.1000000000000014,0.0,0.0,0.0,0.0,6.199999999999999
2022-07-29,0.0,0.0,0.0,0.0,0.0,5.5
2022-07-30,0.0,0.0,0.0,0.0,0.0,5.5
2022-07-31,0.0,0.0,0.0,0.3999999999999986,0.0,6.399999999999999
2022-08-01,0.0,0.0,0.0,0.0,0.0,6.300000000000001
2022-08-02,0.0,0.0,0.0,0.0,0.0,7.0
2022-08-03,0.0,0.0,0.0,3.8000000000000007,0.0,7.0
2022-08-04,0.0,0.0,0.0,7.5,0.0,7.100000000000001
2022-08-05,0.0,0.10000000000000142,0.0,2.3000000000000007,0.0,6.800000000000001
2022-08-06,0.0,0.6000000000000014,0.0,0.0,0.0,7.699999999999999
2022-08-07,0.0,0.0,0.0,0.0,0.0,8.3
2022-08-08,0.0,0.0,0.0,0.0,0.0,7.100000000000001
2022-08-09,0.0,0.0,0.0,0.0,0.0,4.600000000000001
2022-08-10,0.0,0.0,0.0,0.0,0.0,5.300000000000001
2022-08-11,0.0,0.0,0.0,1.6000000000000014,1.1000000000000014,4.5
2022-08-12,0.0,0.0,0.0,1.6000000000000014,2.1999999999999993,3.8000000000000007
2022-08-13,0.0,0.0,0.0,0.6000000000000014,3.1000000000000014,1.3999999999999986
2022-08-14,0.0,0.0,0.0,3.5,3.1999999999999993,2.0
2022-08-15,0.0,0.0,0.0,2.1000000000000014,1.1000000000000014,3.6000000000000014
2022-08-16,0.0,0.0,0.0,2.1999999999999993,0.0,4.5
2022-08-17,0.0,0.0,0.0,3.8000000000000007,0.0,5.5
2022-08-18,0.0,0.0,0.0,4.600000000000001,0.0,7.199999999999999
2022-08-19,0.0,0.0,0.0,0.0,0.0,2.1000000000000014
2022-08-20,0.0,0.0,0.0,0.0,0.0,1.8999999999999986
2022-08-21,0.0,0.0,0.0,0.0,0.0,3.3000000000000007
2022-08-22,0.0,0.0,0.0,0.0,0.0,3.0
2022-08-23,0.0,0.0,0.0,0.0,0.0,4.100000000000001
2022-08-24,0.0,0.0,0.0,0.0,0.1999999999999993,2.8999999999999986
2022-08-25,0.0,0.0,0.0,0.6000000000000014,0.0,3.6999999999999993
2022-08-26,0.0,0.0,0.0,0.0,0.0,4.899999999999999
2022-08-27,0.0,0.0,0.0,0.0,0.0,4.100000000000001
2022-08-28,0.0,0.6000000000000014,0.0,0.0,0.0,2.1999999999999993
2022-08-29,0.6000000000000014,0.8000000000000007,0.0,0.0,0.0,2.8000000000000007
2022-08-30,1.0,0.0,0.0,0.0,0.0,4.199999999999999
2022-08-31,1.1999999999999993,0.10000000000000142,0.0,0.0,0.0,4.100000000000001
2022-09-01,2.0,0.0,0.0,0.0,0.0,1.3000000000000007
2022-09-02,2.0,0.0,0.0,0.0,0.0,1.1000000000000014
2022-09-03,1.3999999999999986,0.0,0.0,0.0,0.0,2.3999999999999986
2022-09-04,0.0,0.0,0.0,0.0,0.0,1.8999999999999986
2022-09-05,0.0,0.0,0.0,0.0,0.0,2.3999999999999986
2022-09-06,0.0,0.0,0.0,0.0,0.0,3.1999999999999993
2022-09-07,0.0,0.8000000000000007,0.0,0.0,0.0,3.5
2022-09-08,0.8999999999999986,2.3000000000000007,0.0,0.0,0.0,1.3999999999999986
2022-09-09,1.3000000000000007,1.8000000000000007,0.0,0.0,0.0,3.1000000000000014
2022-09-10,1.8999999999999986,1.5,0.0,0.0,0.0,2.3000000000000007
2022-09-11,2.5999999999999996,0.8999999999999986,0.0,0.0,0.0,1.0
2022-09-12,2.9000000000000004,0.0,0.0,0.0,0.0,0.3999999999999986
2022-09-13,2.5,0.6000000000000014,0.0,0.0,0.0,1.0
2022-09-14,3.0999999999999996,1.0,0.0,0.0,0.0,2.0
2022-09-15,3.5999999999999996,3.0,0.0,0.0,0.0,2.3000000000000007
2022-09-16,4.9,5.5,0.0,0.0,0.0,2.3000000000000007
2022-09-17,6.0,6.699999999999999,0.0,0.0,0.0,0.0
2022-09-18,7.199999999999999,5.5,0.6000000000000014,0.0,0.0,0.0
2022-09-19,7.300000000000001,4.699999999999999,0.0,0.0,0.0,0.0
2022-09-20,7.5,3.8000000000000007,0.0,0.0,0.0,0.0
2022-09-21,7.5,3.0,0.0,0.0,0.0,0.0
2022-09-22,7.300000000000001,3.1999999999999993,0.8000000000000007,0.0,0.0,0.0
2022-09-23,7.6,2.9000000000000004,1.1999999999999993,0.0,0.0,0.0
2022-09-24,5.9,4.800000000000001,0.0,0.0,0.0,0.0
2022-09-25,4.699999999999999,5.699999999999999,0.0,0.0,0.0,0.0
2022-09-26,5.5,5.4,0.0,0.0,0.0,0.0
2022-09-27,7.0,7.0,0.0,0.0,0.0,0.0
2022-09-28,9.7,8.0,0.0,0.0,0.0,0.0
2022-09-29,9.2,7.699999999999999,0.0,0.0,0.0,0.0
2022-09-30,8.6,6.5,0.0,0.0,0.0,0.0
2022-10-01,7.6,3.0999999999999996,0.0,0.0,0.0,0.0
2022-10-02,5.5,4.0,0.0,0.0,0.0,0.0
2022-10-03,5.5,5.699999999999999,0.0,0.0,0.0,0.0
2022-10-04,5.199999999999999,2.5999999999999996,0.0,0.0,0.0,0.0
2022-10-05,4.199999999999999,2.3000000000000007,0.0,0.0,0.0,0.0
2022-10-06,3.4000000000000004,5.199999999999999,0.0,0.0,0.0,0.0
2022-10-07,7.4,3.5999999999999996,0.0,0.0,0.0,0.0
2022-10-08,6.800000000000001,6.9,0.0,0.0,0.0,0.0
2022-10-09,8.1,6.6,0.0,0.0,0.0,0.0
2022-10-10,6.9,5.9,0.0,0.0,0.0,0.0
2022-10-11,7.0,8.7,0.3000000000000007,0.0,0.0,0.0
2022-10-12,8.4,6.4,0.0,0.0,0.0,0.0
2022-10-13,8.3,4.6,0.10000000000000142,0.0,0.0,0.0
2022-10-14,6.699999999999999,6.1,1.1000000000000014,0.0,0.0,0.0
2022-10-15,3.8000000000000007,5.699999999999999,1.0,0.0,0.0,0.0
2022-10-16,2.5999999999999996,4.300000000000001,0.10000000000000142,0.0,0.0,0.0
2022-10-17,1.5,2.8000000000000007,0.0,0.0,0.0,0.0
2022-10-18,3.5999999999999996,6.699999999999999,0.0,0.0,0.0,0.0
2022-10-19,7.1,4.0,0.0,0.0,0.0,0.0
2022-10-20,10.0,4.1,0.0,0.0,0.0,0.0
2022-10-21,6.5,3.3000000000000007,0.0,0.0,0.0,0.0
2022-10-22,4.199999999999999,3.3000000000000007,0.0,0.0,0.0,0.0
2022-10-23,4.699999999999999,2.5999999999999996,0.0,0.0,0.0,0.0
2022-10-24,2.6999999999999993,4.4,0.0,0.0,0.0,0.0
2022-10-25,4.9,4.4,0.0,0.0,0.0,0.0
2022-10-26,6.9,2.0999999999999996,0.0,0.0,0.0,0.0
2022-10-27,4.5,1.6999999999999993,0.0,0.0,0.0,0.0
2022-10-28,1.6999999999999993,2.5999999999999996,0.0,0.0,0.0,0.0
2022-10-29,2.0,1.6999999999999993,0.0,0.0,0.0,0.0
2022-10-30,3.0999999999999996,3.6999999999999993,0.8999999999999986,0.0,0.0,0.0
2022-10-31,5.0,3.9000000000000004,1.1999999999999993,0.0,0.0,0.0
2022-11-01,5.300000000000001,5.4,1.0,0.0,0.0,0.0
2022-11-02,7.9,6.0,2.1999999999999993,0.0,0.0,0.0
2022-11-03,9.7,7.5,1.8999999999999986,0.0,0.0,0.0
2022-11-04,8.7,9.5,0.6999999999999993,0.0,0.0,0.0
2022-11-05,9.8,8.4,3.9000000000000004,0.0,0.0,0.0
2022-11-06,11.1,5.300000000000001,3.8000000000000007,0.0,0.0,0.0
2022-11-07,8.0,5.199999999999999,5.199999999999999,0.0,0.0,0.0
2022-11-08,6.4,5.0,5.199999999999999,0.0,0.0,0.0
2022-11-09,5.5,6.699999999999999,4.0,0.0,0.0,0.0
2022-11-10,7.199999999999999,5.199999999999999,1.8999999999999986,0.0,0.0,0.0
2022-11-11,8.5,4.300000000000001,3.1999999999999993,0.0,0.0,0.0
2022-11-12,11.3,6.300000000000001,5.4,0.0,0.0,0.0
2022-11-13,10.2,7.300000000000001,5.199999999999999,0.0,0.0,0.0
2022-11-14,11.0,7.1,5.6,0.0,0.0,0.0
2022-11-15,10.8,6.9,5.4,0.0,0.0,0.0
2022-11-16,12.2,8.3,2.1999999999999993,0.0,0.0,0.0
2022-11-17,14.1,8.4,3.0999999999999996,0.0,0.0,0.0
2022-11-18,18.7,9.6,2.0999999999999996,0.0,0.0,0.0
2022-11-19,20.1,11.3,4.1,0.0,0.0,0.0
2022-11-20,19.3,10.8,6.300000000000001,0.0,0.0,0.0
2022-11-21,19.5,12.2,7.4,0.0,0.0,0.0
2022-11-22,18.5,12.2,5.300000000000001,0.0,0.0,0.0
2022-11-23,16.2,9.8,8.1,0.0,0.0,0.0
2022-11-24,17.3,9.0,6.199999999999999,0.0,0.0,0.0
2022-11-25,14.7,9.7,6.6,0.0,0.0,0.0
2022-11-26,11.5,8.3,7.4,0.0,0.0,0.0
2022-11-27,13.1,6.699999999999999,7.6,0.0,0.0,0.0
2022-11-28,14.2,10.6,8.8,0.0,0.0,0.0
2022-11-29,14.2,11.4,8.1,0.0,0.0,0.0
2022-11-30,15.3,11.5,9.3,0.0,0.0,0.0
2022-12-01,18.0,13.2,10.4,0.0,0.0,0.0
2022-12-02,17.4,13.0,8.1,0.0,0.0,0.0
2022-12-03,19.4,12.0,6.199999999999999,0.0,0.0,0.0
2022-12-04,17.3,13.0,5.4,0.0,0.0,0.0
2022-12-05,16.4,11.6,4.1,0.0,0.0,0.0
2022-12-06,16.0,13.4,4.300000000000001,0.0,0.0,0.0
2022-12-07,16.1,17.0,6.300000000000001,0.0,0.0,0.0
2022-12-08,17.0,19.9,5.0,0.0,0.0,0.0
2022-12-09,18.8,20.4,2.6999999999999993,0.0,0.0,0.0
2022-12-10,20.6,20.0,3.5,0.0,0.0,0.0
2022-12-11,20.3,20.5,6.800000000000001,0.0,0.0,0.0
2022-12-12,19.7,18.1,10.9,0.0,0.0,0.0
2022-12-13,20.8,19.7,8.9,0.0,0.0,0.0
2022-12-14,24.1,19.3,7.300000000000001,0.0,0.0,0.0
2022-12-15,25.0,21.0,6.5,0.0,0.0,0.0
2022-12-16,23.3,20.8,3.6999999999999993,0.0,0.0,0.0
2022-12-17,22.0,18.8,5.0,0.0,0.0,0.0
2022-12-18,23.9,16.4,6.9,0.0,0.0,0.0
2022-12-19,18.5,6.300000000000001,10.1,0.0,0.0,0.0
2022-12-20,13.2,8.6,10.3,0.0,0.0,0.0
2022-12-21,12.5,11.0,9.5,0.0,0.0,0.0
2022-12-22,12.6,10.0,6.199999999999999,0.0,0.0,0.0
2022-12-23,13.4,8.6,6.6,0.0,0.0,0.0
2022-12-24,13.2,9.6,4.800000000000001,0.0,0.0,0.0
2022-12-25,11.9,8.2,6.300000000000001,0.0,0.0,0.0
2022-12-26,9.1,11.8,6.4,0.0,0.0,0.0
2022-12-27,14.4,12.0,6.300000000000001,0.0,0.0,0.0
2022-12-28,12.7,7.5,6.5,0.0,0.0,0.0
2022-12-29,9.0,10.1,6.4,0.0,0.0,0.0
2022-12-30,11.3,8.6,4.4,0.0,0.0,0.0
2022-12-31,4.699999999999999,5.9,5.0,0.0,0.0,0.0
2023-01-01,3.9000000000000004,7.6,6.699999999999999,0.0,0.0,0.0
2023-01-02,6.0,12.2,6.9,0.0,0.0,0.0
2023-01-03,12.8,10.2,6.4,0.0,0.0,0.0
2023-01-04,11.5,6.1,7.4,0.0,0.0,0.0
2023-01-05,10.1,7.6,8.8,0.0,0.0,0.0
2023-01-06,11.4,8.5,6.4,0.0,0.0,0.0
2023-01-07,11.2,7.699999999999999,8.1,0.0,0.0,0.0
2023-01-08,11.2,10.7,7.0,0.0,0.0,0.0
2023-01-09,12.4,12.3,4.9,0.0,0.0,0.0
2023-01-10,12.9,9.8,9.6,0.0,0.0,0.0
2023-01-11,11.9,9.3,11.4,0.0,0.0,0.0
2023-01-12,10.2,7.6,10.5,0.0,0.0,0.0
2023-01-13,9.5,10.6,10.1,0.0,0.0,0.0
2023-01-14,10.9,9.1,8.5,0.0,0.0,0.0
2023-01-15,11.0,13.2,7.6,0.0,0.0,0.0
2023-01-16,13.8,15.6,6.4,0.0,0.0,0.0
2023-01-17,15.3,20.3,5.800000000000001,0.0,0.0,0.0
2023-01-18,19.2,18.5,7.699999999999999,0.0,0.0,0.0
2023-01-19,19.2,18.4,10.7,0.0,0.0,0.0
2023-01-20,19.8,16.4,13.6,0.0,0.0,0.0
2023-01-21,17.5,16.8,13.1,0.0,0.0,0.0
2023-01-22,16.9,19.8,13.5,0.0,0.0,0.0
2023-01-23,17.2,19.2,14.0,0.0,0.0,0.0
2023-01-24,18.5,16.2,12.7,0.0,0.0,0.0
2023-01-25,17.4,17.4,11.3,0.0,0.0,0.0
2023-01-26,18.5,13.3,10.7,0.0,0.0,0.0
2023-01-27,17.1,14.0,12.1,0.0,0.0,0.0
2023-01-28,18.6,15.9,12.4,0.0,0.0,0.0
2023-01-29,17.1,13.7,13.2,0.0,0.0,0.0
2023-01-30,14.9,12.0,14.1,0.0,0.0,0.0
2023-01-31,14.5,11.8,11.9,0.0,0.0,0.0
2023-02-01,14.3,11.7,11.2,0.0,0.0,0.0
2023-02-02,14.7,10.3,10.8,0.0,0.0,0.0
2023-02-03,12.9,8.6,10.5,0.0,0.0,0.0
2023-02-04,16.9,10.6,9.7,0.0,0.0,0.0
2023-02-05,21.1,13.0,12.3,0.0,0.0,0.0
2023-02-06,20.8,15.8,14.6,0.0,0.0,0.0
2023-02-07,21.8,16.7,14.7,0.0,0.0,0.0
2023-02-08,21.1,17.5,15.0,0.0,0.0,0.0
2023-02-09,20.0,15.7,14.7,0.0,0.0,0.0
2023-02-10,16.0,15.8,14.0,0.0,0.0,0.0
2023-02-11,12.5,10.1,13.5,0.0,0.0,0.0
2023-02-12,11.5,10.8,12.4,0.0,0.0,0.0
2023-02-13,11.9,12.2,11.3,0.0,0.0,0.0
2023-02-14,14.7,12.9,10.8,0.0,0.0,0.0
2023-02-15,16.8,11.5,10.3,0.0,0.0,0.0
2023-02-16,14.2,8.4,10.2,0.0,0.0,0.0
2023-02-17,9.6,6.4,10.1,0.0,0.0,0.0
2023-02-18,11.5,6.9,9.4,0.0,0.0,0.0
2023-02-19,13.8,9.3,7.4,0.0,0.0,0.0
2023-02-20,11.5,8.8,7.800000000000001,0.0,0.0,0.0
2023-02-21,9.3,9.8,8.0,0.0,0.0,0.0
2023-02-22,11.2,12.1,7.199999999999999,0.0,0.0,0.0
2023-02-23,11.3,12.1,7.6,0.0,0.0,0.0
2023-02-24,14.7,14.1,7.1,0.0,0.0,0.0
2023-02-25,16.2,13.8,4.1,0.0,0.0,0.0
2023-02-26,18.0,13.9,6.5,0.0,0.0,0.0
2023-02-27,17.9,14.2,8.7,0.0,0.0,0.0
2023-02-28,17.7,13.5,8.5,0.0,0.0,0.0
2023-03-01,18.0,12.7,8.7,0.0,0.0,0.0
2023-03-02,18.0,14.0,8.7,0.0,0.0,0.0
2023-03-03,18.1,14.2,9.5,0.0,0.0,0.0
2023-03-04,14.6,13.0,8.7,0.0,0.0,0.0
2023-03-05,16.7,14.8,9.4,0.0,0.0,0.0
2023-03-06,17.0,14.3,7.699999999999999,0.0,0.0,0.0
2023-03-07,16.8,15.0,7.199999999999999,0.0,0.0,0.0
2023-03-08,17.2,16.8,5.300000000000001,0.0,0.0,0.0
2023-03-09,17.1,11.9,3.1999999999999993,0.0,0.0,0.0
2023-03-10,14.9,13.7,4.1,0.0,0.0,0.0
2023-03-11,16.7,15.6,5.0,0.0,0.0,0.0
2023-03-12,16.2,8.2,3.0,0.0,0.0,0.0
2023-03-13,8.0,6.300000000000001,4.5,0.0,0.0,0.0
2023-03-14,8.5,11.6,4.6,0.0,0.0,0.0
2023-03-15,15.4,13.5,6.5,0.0,0.0,0.0
2023-03-16,15.0,7.699999999999999,8.5,0.0,0.0,0.0
2023-03-17,10.9,7.199999999999999,9.1,0.0,0.0,0.0
2023-03-18,7.800000000000001,7.9,7.5,0.0,0.0,0.0
2023-03-19,8.4,9.8,6.1,0.0,0.0,0.0
2023-03-20,9.1,8.3,6.6,0.0,0.0,0.0
2023-03-21,9.3,7.300000000000001,5.9,0.0,0.0,0.0
2023-03-22,6.6,6.699999999999999,5.300000000000001,0.0,0.0,0.0
2023-03-23,6.199999999999999,7.199999999999999,4.6,0.0,0.0,0.0
2023-03-24,6.199999999999999,8.3,5.199999999999999,0.0,0.0,0.0
2023-03-25,9.0,8.0,4.1,0.0,0.0,0.0
2023-03-26,10.1,10.5,5.199999999999999,0.0,0.0,0.0
2023-03-27,14.4,12.7,5.699999999999999,0.0,0.0,0.0
2023-03-28,15.2,11.0,7.9,0.0,0.0,0.0
2023-03-29,12.5,6.6,7.6,0.0,0.0,0.0
2023-03-30,7.300000000000001,5.9,5.300000000000001,0.0,0.0,0.0
2023-03-31,8.3,7.199999999999999,3.9000000000000004,0.0,0.0,0.0
2023-04-01,10.6,8.4,3.5999999999999996,0.0,0.0,0.0
2023-04-02,13.9,10.1,6.199999999999999,0.0,0.0,0.0
2023-04-03,16.3,12.5,5.300000000000001,0.0,0.0,0.0
2023-04-04,16.4,12.3,7.699999999999999,0.0,0.0,0.0
2023-04-05,16.0,11.5,9.0,0.0,0.0,0.0
2023-04-06,14.1,8.6,9.3,0.0,0.0,0.0
2023-04-07,14.8,9.9,8.2,0.0,0.0,0.0
2023-04-08,10.7,10.2,7.4,0.0,0.0,0.0
2023-04-09,11.8,8.7,7.800000000000001,0.0,0.0,0.0
2023-04-10,9.1,7.1,7.199999999999999,0.0,0.0,0.0
2023-04-11,8.7,9.3,7.300000000000001,0.0,0.0,0.0
2023-04-12,10.3,10.4,4.5,0.0,0.0,0.0
2023-04-13,8.8,9.7,4.4,0.0,0.0,0.0
2023-04-14,10.6,10.8,7.699999999999999,0.0,0.0,0.0
2023-04-15,8.6,8.4,6.5,0.0,0.0,0.0
2023-04-16,8.9,8.2,6.199999999999999,0.0,0.0,0.0
2023-04-17,10.5,7.4,4.6,0.0,0.0,0.0
2023-04-18,9.9,9.2,5.1,0.0,0.0,0.0
2023-04-19,11.4,7.800000000000001,5.199999999999999,0.0,0.0,0.0
2023-04-20,8.9,9.2,4.6,0.0,0.0,0.0
2023-04-21,5.1,10.7,3.0999999999999996,0.0,0.0,0.0
2023-04-22,4.199999999999999,10.0,2.8000000000000007,0.0,0.0,0.0
2023-04-23,4.9,7.6,1.8999999999999986,0.0,0.0,0.0
2023-04-24,5.800000000000001,9.9,2.1999999999999993,0.0,0.0,0.0
2023-04-25,9.9,11.6,2.9000000000000004,0.0,0.0,0.0
2023-04-26,11.7,10.1,3.3000000000000007,0.0,0.0,0.0
2023-04-27,11.5,8.7,3.0999999999999996,0.0,0.0,0.0
2023-04-28,8.8,4.800000000000001,3.0,0.0,0.0,0.0
2023-04-29,6.800000000000001,7.1,1.8999999999999986,0.0,0.0,0.0
2023-04-30,9.6,6.699999999999999,1.6000000000000014,0.0,0.0,0.0
2023-05-01,7.6,6.1,2.3000000000000007,0.0,0.0,0.0
2023-05-02,7.4,7.6,1.8999999999999986,0.0,0.0,0.0
2023-05-03,8.3,8.7,2.0999999999999996,0.0,0.0,0.0
2023-05-04,6.9,5.0,1.6999999999999993,0.0,0.0,0.0
2023-05-05,4.6,4.300000000000001,0.8000000000000007,0.0,0.0,0.0
2023-05-06,8.6,5.5,0.3000000000000007,0.0,0.0,0.0
2023-05-07,7.5,3.0,0.1999999999999993,0.0,0.0,0.0
2023-05-08,7.1,5.4,1.6999999999999993,0.0,0.0,0.0
2023-05-09,5.300000000000001,4.1,0.0,0.0,0.0,0.0
2023-05-10,2.8000000000000007,5.300000000000001,1.5,0.0,0.0,0.0
2023-05-11,2.0,5.699999999999999,1.6999999999999993,0.0,0.0,0.0
2023-05-12,1.3000000000000007,7.0,2.0999999999999996,0.0,0.0,0.0
2023-05-13,2.0,6.300000000000001,3.4000000000000004,0.0,0.0,0.0
2023-05-14,2.5,5.5,2.0,0.0,0.0,0.0
2023-05-15,3.4000000000000004,5.9,2.5999999999999996,0.0,0.0,0.0
2023-05-16,5.5,6.9,3.5,0.0,0.0,0.0
2023-05-17,7.699999999999999,6.0,2.4000000000000004,0.0,0.0,0.0
2023-05-18,7.4,5.1,1.5,0.0,0.0,0.0
2023-05-19,4.9,6.0,0.0,0.0,0.0,0.0
2023-05-20,3.3000000000000007,5.1,0.1999999999999993,0.0,0.0,0.0
2023-05-21,0.0,5.0,0.1999999999999993,0.0,0.0,0.0
2023-05-22,0.0,3.9000000000000004,0.0,0.0,0.0,0.0
2023-05-23,1.8000000000000007,5.1,0.0,0.0,0.0,0.0
2023-05-24,5.9,3.5999999999999996,0.0,0.0,0.0,0.0
2023-05-25,3.6999999999999993,4.6,0.0,0.0,0.0,0.0
2023-05-26,4.5,5.5,0.0,0.0,0.0,0.0
2023-05-27,4.199999999999999,5.0,0.0,0.0,0.0,0.0
2023-05-28,1.8000000000000007,4.0,0.0,0.0,0.0,0.0
2023-05-29,1.8999999999999986,5.6,0.0,0.0,0.0,0.0
2023-05-30,2.5,5.300000000000001,0.0,0.0,0.0,0.0
2023-05-31,0.8999999999999986,4.1,0.0,0.0,0.0,0.0
2023-06-01,1.3000000000000007,4.6,0.0,0.0,0.0,0.0
2023-06-02,3.4000000000000004,4.800000000000001,0.0,0.0,0.0,0.0
2023-06-03,4.0,3.4000000000000004,0.0,0.0,0.0,0.0
2023-06-04,1.6999999999999993,3.0999999999999996,0.0,0.0,0.0,0.0
2023-06-05,0.0,4.9,0.0,0.0,0.0,0.0
2023-06-06,0.0,4.800000000000001,0.0,0.0,0.0,0.0
2023-06-07,0.0,3.6999999999999993,0.0,0.10000000000000142,0.0,0.0
2023-06-08,0.0,3.1999999999999993,0.0,0.8000000000000007,0.0,0.0
2023-06-09,0.0,0.3999999999999986,0.0,0.1999999999999993,0.0,0.0
2023-06-10,0.0,0.0,0.0,0.3000000000000007,0.0,0.0
2023-06-11,0.0,0.0,0.0,0.0,0.3000000000000007,0.0
2023-06-12,0.0,0.0,0.0,0.0,0.0,0.1999999999999993
2023-06-13,0.0,0.0,0.0,0.0,0.0,0.0
2023-06-14,0.0,0.0,0.0,0.0,0.0,0.0
2023-06-15,0.0,0.0,0.0,0.0,0.0,0.0
2023-06-16,2.5,0.0,0.0,0.0,0.0,0.0
2023-06-17,1.5,0.0,0.0,0.0,0.0,0.0
2023-06-18,0.0,0.0,0.0,0.0,0.0,0.5
2023-06-19,0.0,0.0,0.0,0.0,0.0,1.3000000000000007
2023-06-20,0.0,0.0,0.0,0.0,0.0,1.6999999999999993
2023-06-21,0.0,0.0,0.0,1.1000000000000014,0.0,2.6000000000000014
2023-06-22,0.0,0.0,0.0,0.8999999999999986,0.0,4.100000000000001
2023-06-23,0.0,0.0,0.0,0.0,0.0,2.8999999999999986
2023-06-24,0.0,0.0,0.0,0.0,0.0,2.5
2023-06-25,0.0,0.0,0.0,0.0,0.3999999999999986,2.8999999999999986
2023-06-26,0.0,0.0,0.0,0.3000000000000007,0.0,3.0
2023-06-27,0.6999999999999993,0.0,0.0,0.0,0.0,3.3000000000000007
2023-06-28,0.3999999999999986,0.0,0.0,0.0,0.0,3.1999999999999993
2023-06-29,0.0,0.0,0.0,0.0,0.0,2.8999999999999986
2023-06-30,0.0,1.6999999999999993,0.0,0.0,0.0,2.1999999999999993
2023-07-01,0.0,0.0,0.0,0.0,0.0,0.8000000000000007
2023-07-02,0.0,1.5,0.0,0.0,0.0,1.6000000000000014
2023-07-03,0.10000000000000142,2.3000000000000007,0.0,0.0,0.0,1.8999999999999986
2023-07-04,0.0,2.9000000000000004,0.0,0.0,0.0,2.0
2023-07-05,0.0,2.5999999999999996,0.0,0.0,0.0,2.8000000000000007
2023-07-06,0.0,1.8000000000000007,0.0,0.0,0.0,3.1999999999999993
2023-07-07,0.0,0.0,0.0,0.0,0.0,4.300000000000001
2023-07-08,0.0,0.0,0.0,1.1999999999999993,0.0,5.800000000000001
2023-07-09,0.0,0.0,0.0,2.8999999999999986,0.0,7.100000000000001
2023-07-10,0.0,0.0,0.0,2.0,0.0,7.5
2023-07-11,0.0,0.0,0.0,1.3999999999999986,0.0,7.399999999999999
2023-07-12,0.0,0.5,0.0,2.6999999999999993,0.0,7.100000000000001
2023-07-13,0.0,0.5,0.0,0.0,0.0,7.600000000000001
2023-07-14,0.0,1.1999999999999993,0.0,0.0,0.0,5.800000000000001
2023-07-15,0.0,1.0,0.0,4.5,0.0,6.0
2023-07-16,0.0,1.0,0.0,2.3000000000000007,0.0,6.800000000000001
2023-07-17,0.0,1.1999999999999993,0.0,0.0,0.0,7.800000000000001
2023-07-18,0.0,0.8999999999999986,0.0,0.0,0.0,8.8
2023-07-19,0.0,0.10000000000000142,0.0,0.0,0.0,8.600000000000001
2023-07-20,0.1999999999999993,0.6999999999999993,0.0,0.0,0.0,7.600000000000001
2023-07-21,1.0,1.6000000000000014,0.0,0.0,0.0,8.5
2023-07-22,0.5,2.5999999999999996,0.0,0.0,0.0,7.699999999999999
2023-07-23,0.0,0.0,0.0,0.0,0.0,7.399999999999999
2023-07-24,0.0,2.3000000000000007,0.0,0.0,0.0,9.5
2023-07-25,0.0,2.4000000000000004,0.0,0.0,0.0,8.899999999999999
2023-07-26,1.6999999999999993,2.3000000000000007,0.0,0.0,0.0,4.699999999999999
2023-07-27,1.8999999999999986,0.0,0.0,0.0,0.0,3.5
2023-07-28,0.0,0.0,0.0,0.0,0.0,3.0
2023-07-29,0.0,0.0,0.0,0.0,0.0,3.6999999999999993
2023-07-30,0.0,1.1000000000000014,0.0,0.0,0.0,4.800000000000001
2023-07-31,0.6999999999999993,0.0,0.0,0.0,0.0,5.600000000000001
2023-08-01,0.0,0.5,0.0,0.0,0.0,4.300000000000001
2023-08-02,0.0,0.8000000000000007,0.0,0.0,0.0,4.899999999999999
2023-08-03,0.0,1.1000000000000014,0.0,0.0,0.0,5.300000000000001
2023-08-04,0.0,1.5,0.0,0.0,0.0,2.6999999999999993
2023-08-05,0.3000000000000007,2.8000000000000007,0.0,0.0,0.0,0.0
2023-08-06,2.0,3.1999999999999993,0.0,0.0,0.0,1.1999999999999993
2023-08-07,2.0999999999999996,2.5,0.0,0.0,0.0,0.8999999999999986
2023-08-08,2.5,3.1999999999999993,0.0,0.0,0.0,0.8000000000000007
2023-08-09,2.5,0.5,0.0,0.0,0.0,0.3999999999999986
2023-08-10,2.0999999999999996,0.0,0.0,0.0,0.0,1.6000000000000014
2023-08-11,0.0,0.0,0.0,0.0,0.0,3.1999999999999993
2023-08-12,0.0,0.3000000000000007,0.0,0.0,0.0,3.3000000000000007
2023-08-13,0.0,0.0,0.0,0.0,0.0,3.3999999999999986
2023-08-14,0.0,0.0,0.0,0.6999999999999993,0.0,3.6000000000000014
2023-08-15,0.0,0.10000000000000142,0.0,2.1999999999999993,0.0,3.1000000000000014
2023-08-16,0.0,0.0,0.0,0.6000000000000014,0.0,4.399999999999999
2023-08-17,0.0,0.0,0.0,0.0,0.0,5.399999999999999
2023-08-18,0.0,0.0,0.0,1.1000000000000014,0.0,5.5
2023-08-19,0.0,0.0,0.0,2.6999999999999993,0.0,7.300000000000001
2023-08-20,0.0,0.0,0.0,2.3000000000000007,0.0,7.100000000000001
2023-08-21,0.0,0.0,0.0,0.8000000000000007,0.0,7.699999999999999
2023-08-22,0.0,0.0,0.0,0.0,0.0,8.0
2023-08-23,0.0,0.0,0.0,0.0,0.0,7.699999999999999
2023-08-24,0.0,0.0,0.0,0.3000000000000007,0.0,7.899999999999999
2023-08-25,0.0,1.1999999999999993,0.0,1.5,0.0,7.399999999999999
2023-08-26,0.0,2.8000000000000007,0.0,0.0,0.0,6.5
2023-08-27,0.6999999999999993,2.9000000000000004,0.0,0.0,0.0,6.600000000000001
2023-08-28,1.3999999999999986,2.4000000000000004,0.0,0.0,0.0,2.1999999999999993
2023-08-29,2.8000000000000007,2.5,0.0,0.0,0.0,0.0
2023-08-30,1.8000000000000007,2.3000000000000007,0.0,0.0,0.0,0.0
2023-08-31,2.9000000000000004,3.9000000000000004,0.0,0.0,0.0,0.0
2023-09-01,2.3000000000000007,0.3999999999999986,0.0,0.0,0.0,0.0
2023-09-02,1.1999999999999993,0.0,0.0,0.0,0.0,0.8999999999999986
2023-09-03,1.1000000000000014,0.0,0.0,0.0,0.0,2.3000000000000007
2023-09-04,0.1999999999999993,0.0,0.0,0.0,0.0,2.6000000000000014
2023-09-05,0.0,0.0,0.0,0.0,0.0,1.8000000000000007
2023-09-06,0.0,0.0,0.0,0.0,0.0,1.5
2023-09-07,0.0,0.0,0.0,0.0,0.8000000000000007,2.8000000000000007
2023-09-08,0.0,0.0,0.0,0.0,1.3000000000000007,2.8000000000000007
2023-09-09,0.0,0.0,0.0,0.3000000000000007,2.1999999999999993,3.0
2023-09-10,0.0,0.0,0.0,0.0,1.1000000000000014,3.1999999999999993
2023-09-11,0.0,0.0,0.0,0.6999999999999993,0.0,2.6999999999999993
2023-09-12,0.0,0.0,0.0,0.1999999999999993,0.0,1.1999999999999993
2023-09-13,0.0,1.8000000000000007,0.0,0.0,0.0,1.1999999999999993
2023-09-14,1.6000000000000014,0.8999999999999986,0.0,0.0,0.0,1.5
2023-09-15,1.1000000000000014,0.6000000000000014,0.0,0.0,0.0,1.8999999999999986
2023-09-16,0.0,0.0,0.0,0.0,0.0,1.6999999999999993
2023-09-17,0.0,0.0,0.0,0.0,0.0,2.6000000000000014
2023-09-18,0.0,1.0,0.0,0.0,0.0,3.3000000000000007
2023-09-19,0.0,1.3999999999999986,0.0,0.0,0.0,3.0
2023-09-20,0.0,0.10000000000000142,0.0,0.0,0.0,1.3000000000000007
2023-09-21,0.0,4.0,0.0,0.0,0.0,1.6999999999999993
2023-09-22,0.3999999999999986,5.5,0.0,0.0,0.0,2.3000000000000007
2023-09-23,2.9000000000000004,5.300000000000001,0.0,0.0,0.0,0.0
2023-09-24,3.5999999999999996,1.1999999999999993,0.0,0.0,0.0,0.0
2023-09-25,2.9000000000000004,0.0,0.0,0.0,0.0,0.0
2023-09-26,0.3000000000000007,0.8000000000000007,0.0,0.0,0.0,0.0
2023-09-27,0.0,0.6999999999999993,0.0,0.0,0.0,0.0
2023-09-28,0.0,1.3999999999999986,0.0,0.0,0.0,0.0
2023-09-29,0.0,1.0,0.0,0.0,0.0,0.0
2023-09-30,2.3000000000000007,3.4000000000000004,0.0,0.0,0.0,0.0
2023-10-01,2.0,0.0,0.0,0.0,0.0,0.0
2023-10-02,0.0,0.3999999999999986,0.0,0.0,0.0,0.0
2023-10-03,0.0,3.0999999999999996,0.0,0.0,0.0,0.0
2023-10-04,3.6999999999999993,4.199999999999999,0.0,0.0,0.0,0.0
2023-10-05,4.1,3.3000000000000007,0.0,0.0,0.0,0.0
2023-10-06,3.6999999999999993,1.5,0.0,0.0,0.0,0.0
2023-10-07,2.0,0.3999999999999986,0.0,0.0,0.0,0.0
2023-10-08,5.800000000000001,1.1999999999999993,0.0,0.0,0.0,0.0
2023-10-09,7.5,1.3000000000000007,0.0,0.0,0.0,0.6000000000000014
2023-10-10,4.199999999999999,1.5,0.0,0.0,0.0,0.0
2023-10-11,0.0,0.8000000000000007,0.0,0.0,0.0,0.0
2023-10-12,2.5999999999999996,3.0,0.0,0.0,0.0,0.0
2023-10-13,1.3999999999999986,0.8999999999999986,0.0,0.0,0.0,0.0
2023-10-14,2.9000000000000004,8.2,0.0,0.0,0.0,0.0
2023-10-15,9.4,11.1,0.0,0.0,0.0,0.1999999999999993
2023-10-16,11.0,10.4,0.1999999999999993,0.0,0.0,0.0
2023-10-17,11.7,6.4,0.0,0.0,0.0,0.0
2023-10-18,12.3,5.199999999999999,0.0,0.0,0.0,0.0
2023-10-19,10.9,2.3000000000000007,0.0,0.0,0.0,0.6000000000000014
2023-10-20,11.9,3.8000000000000007,0.0,0.0,0.0,1.6999999999999993
2023-10-21,7.4,5.199999999999999,0.0,0.0,0.0,0.0
2023-10-22,5.699999999999999,8.0,0.0,0.0,0.0,0.0
2023-10-23,6.800000000000001,7.1,0.0,0.0,0.0,0.0
2023-10-24,6.5,7.800000000000001,0.0,0.0,0.0,0.0
2023-10-25,7.300000000000001,7.699999999999999,0.0,0.0,0.0,0.0
2023-10-26,8.1,6.800000000000001,0.0,0.0,0.0,0.0
2023-10-27,8.6,8.0,0.0,0.0,0.0,0.0
2023-10-28,8.3,6.300000000000001,0.0,0.0,0.0,0.0
2023-10-29,6.1,7.199999999999999,0.0,0.0,0.0,0.0
2023-10-30,5.199999999999999,7.1,0.0,0.0,0.0,0.0
2023-10-31,6.6,8.2,0.0,0.0,0.0,0.0
2023-11-01,8.0,6.0,2.5,0.0,0.0,0.0
2023-11-02,6.800000000000001,7.699999999999999,0.3999999999999986,0.0,0.0,0.0
2023-11-03,8.4,8.6,1.3999999999999986,0.0,0.0,0.0
2023-11-04,9.2,9.4,3.5999999999999996,0.0,0.0,0.0
2023-11-05,8.3,9.0,0.0,0.0,0.0,0.0
2023-11-06,7.6,9.1,1.0,0.0,0.0,0.0
2023-11-07,8.9,10.2,2.5999999999999996,0.0,0.0,0.0
2023-11-08,10.2,8.6,4.800000000000001,0.0,0.0,0.0
2023-11-09,9.1,10.0,5.800000000000001,0.0,0.0,0.0
2023-11-10,9.8,11.5,4.0,0.0,0.0,0.0
2023-11-11,12.5,12.7,4.800000000000001,0.0,0.0,0.0
2023-11-12,12.5,11.2,4.6,0.0,0.0,0.0
2023-11-13,12.8,5.9,4.699999999999999,0.0,0.0,0.0
2023-11-14,7.4,7.6,0.3000000000000007,0.0,0.0,0.0
2023-11-15,10.2,9.4,0.0,0.0,0.0,0.0
2023-11-16,11.6,12.3,3.6999999999999993,0.0,0.0,0.0
2023-11-17,14.2,11.9,1.5,0.0,0.0,0.0
2023-11-18,14.1,5.9,6.800000000000001,0.0,0.0,0.0
2023-11-19,10.8,6.1,6.0,0.0,0.0,0.0
2023-11-20,8.8,8.1,2.3000000000000007,0.0,0.0,0.0
2023-11-21,14.1,8.6,2.1999999999999993,0.0,0.0,0.0
2023-11-22,19.2,11.2,5.300000000000001,0.0,0.0,0.0
2023-11-23,10.8,7.6,4.9,0.0,0.0,0.0
2023-11-24,14.0,11.1,5.9,0.0,0.0,0.0
2023-11-25,17.0,16.4,8.3,0.0,0.0,0.0
2023-11-26,19.5,14.6,12.1,0.0,0.0,0.0
2023-11-27,18.3,10.2,9.2,0.0,0.0,0.0
2023-11-28,19.5,14.2,5.4,0.0,0.0,0.0
2023-11-29,19.2,16.7,9.0,0.0,0.0,0.0
2023-11-30,22.2,17.9,3.5999999999999996,0.0,0.0,0.0
2023-12-01,23.8,18.1,0.6999999999999993,0.0,0.0,0.0
2023-12-02,21.5,20.5,2.9000000000000004,0.0,0.0,0.0
2023-12-03,20.9,13.7,7.300000000000001,0.0,0.0,0.0
2023-12-04,21.0,11.6,10.0,0.0,0.0,0.0
2023-12-05,19.7,12.7,7.5,0.0,0.0,0.0
2023-12-06,18.0,15.6,10.4,0.0,0.0,0.0
2023-12-07,17.9,11.7,12.4,0.0,0.0,0.0
2023-12-08,17.7,10.1,12.0,0.0,0.0,0.0
2023-12-09,16.0,8.4,9.6,0.0,0.0,0.0
2023-12-10,13.4,8.8,5.699999999999999,0.0,0.0,0.0
2023-12-11,11.1,9.6,7.0,0.0,0.0,0.0
2023-12-12,12.5,8.8,3.0,0.0,0.0,0.0
2023-12-13,13.9,10.9,2.3000000000000007,0.0,0.0,0.0
2023-12-14,15.2,13.4,5.699999999999999,0.0,0.0,0.0
2023-12-15,15.4,13.0,8.1,0.0,0.0,0.0
2023-12-16,11.4,9.4,9.1,0.0,0.0,0.0
2023-12-17,10.1,9.0,11.9,0.0,0.0,0.0
2023-12-18,11.8,8.2,12.5,0.0,0.0,0.0
2023-12-19,11.2,7.9,10.7,0.0,0.0,0.0
2023-12-20,12.6,10.4,10.6,0.0,0.0,0.0
2023-12-21,11.3,6.9,9.8,0.0,0.0,0.0
2023-12-22,15.0,8.1,7.300000000000001,0.0,0.0,0.0
2023-12-23,16.2,8.6,8.9,0.0,0.0,0.0
2023-12-24,11.5,5.6,5.699999999999999,0.0,0.0,0.0
2023-12-25,8.6,5.699999999999999,5.6,0.0,0.0,0.0
2023-12-26,9.7,10.8,6.800000000000001,0.0,0.0,0.0
2023-12-27,14.3,8.0,8.3,0.0,0.0,0.0
2023-12-28,10.2,7.4,8.8,0.0,0.0,0.0
2023-12-29,9.3,9.4,7.0,0.0,0.0,0.0
2023-12-30,11.9,9.1,6.0,0.0,0.0,0.0
2023-12-31,12.5,9.6,6.5,0.0,0.0,0.0
2024-01-01,12.7,10.3,5.6,0.0,0.0,0.0
2024-01-02,13.6,6.9,8.3,0.0,0.0,0.0
2024-01-03,9.3,9.6,4.699999999999999,0.0,0.0,0.0
2024-01-04,13.9,11.2,4.699999999999999,0.0,0.0,0.0
2024-01-05,17.7,12.3,5.1,0.0,0.0,0.0
2024-01-06,18.4,13.2,4.9,0.0,0.0,0.0
2024-01-07,20.8,14.9,7.800000000000001,0.0,0.0,0.0
2024-01-08,25.0,16.0,8.8,0.0,0.0,0.0
2024-01-09,25.9,16.4,10.5,0.0,0.0,0.0
2024-01-10,24.7,16.1,10.3,0.0,0.0,0.0
2024-01-11,21.1,15.6,10.6,0.0,0.0,0.0
2024-01-12,18.7,12.9,12.3,0.0,0.0,0.0
2024-01-13,16.5,14.7,13.2,0.0,0.0,0.0
2024-01-14,16.3,14.4,10.2,0.0,0.0,0.0
2024-01-15,17.1,18.6,6.6,0.0,0.0,0.0
2024-01-16,19.2,19.7,7.9,0.0,0.0,0.0
2024-01-17,20.6,17.8,3.9000000000000004,0.0,0.0,0.0
2024-01-18,20.6,20.3,3.0,0.0,0.0,0.0
2024-01-19,19.5,18.8,3.5999999999999996,0.0,0.0,0.0
2024-01-20,17.4,15.6,9.4,0.0,0.0,0.0
2024-01-21,19.1,9.1,13.5,0.0,0.0,0.0
2024-01-22,12.5,8.5,13.4,0.0,0.0,0.0
2024-01-23,13.5,9.3,8.8,0.0,0.0,0.0
2024-01-24,10.1,8.3,10.1,0.0,0.0,0.0
2024-01-25,11.4,9.1,8.7,0.0,0.0,0.0
2024-01-26,12.8,10.0,8.1,0.0,0.0,0.0
2024-01-27,13.8,14.3,8.6,0.0,0.0,0.0
2024-01-28,16.5,12.3,9.6,0.0,0.0,0.0
2024-01-29,15.1,7.4,11.0,0.0,0.0,0.0
2024-01-30,13.9,9.4,11.4,0.0,0.0,0.0
2024-01-31,12.7,10.7,11.7,0.0,0.0,0.0
2024-02-01,12.5,11.8,10.9,0.0,0.0,0.0
2024-02-02,12.5,8.9,10.3,0.0,0.0,0.0
2024-02-03,9.0,6.699999999999999,9.6,0.0,0.0,0.0
2024-02-04,11.1,6.5,8.8,0.0,0.0,0.0
2024-02-05,9.2,8.5,7.699999999999999,0.0,0.0,0.0
2024-02-06,8.9,6.300000000000001,6.4,0.0,0.0,0.0
2024-02-07,13.2,11.9,6.9,0.0,0.0,0.0
2024-02-08,17.1,10.8,5.6,0.0,0.0,0.0
2024-02-09,14.2,7.5,4.0,0.0,0.0,0.0
2024-02-10,9.5,8.7,4.199999999999999,0.0,0.0,0.0
2024-02-11,10.6,10.8,6.5,0.0,0.0,0.0
2024-02-12,11.3,13.2,8.5,0.0,0.0,0.0
2024-02-13,13.3,10.3,7.9,0.0,0.0,0.0
2024-02-14,12.3,5.9,8.9,0.0,0.0,0.0
2024-02-15,7.5,5.0,9.1,0.0,0.0,0.0
2024-02-16,6.699999999999999,7.4,7.4,0.0,0.0,0.0
2024-02-17,8.9,8.2,7.1,0.0,0.0,0.0
2024-02-18,12.2,6.5,7.5,0.0,0.0,0.0
2024-02-19,10.4,9.0,7.0,0.0,0.0,0.0
2024-02-20,10.7,9.5,8.0,0.0,0.0,0.0
2024-02-21,10.1,8.1,8.5,0.0,0.0,0.0
2024-02-22,8.5,9.8,7.800000000000001,0.0,0.0,0.0
2024-02-23,10.0,13.2,4.699999999999999,0.0,0.0,0.0
2024-02-24,13.0,15.1,7.4,0.0,0.0,0.0
2024-02-25,13.1,13.6,7.4,0.0,0.0,0.0
2024-02-26,13.3,11.8,7.9,0.0,0.0,0.0
2024-02-27,13.2,13.4,4.199999999999999,0.0,0.0,0.0
2024-02-28,14.7,9.6,4.5,0.0,0.0,0.0
2024-02-29,14.4,8.7,6.0,0.0,0.0,0.0
2024-03-01,11.3,12.8,7.1,0.0,0.0,0.0
2024-03-02,9.9,12.9,5.6,0.0,0.0,0.0
2024-03-03,8.5,14.2,5.4,0.0,0.0,0.0
2024-03-04,8.8,12.9,7.800000000000001,0.0,0.0,0.0
2024-03-05,12.8,10.9,7.0,0.0,0.0,0.0
2024-03-06,14.8,12.5,8.3,0.0,0.0,0.0
2024-03-07,14.0,11.4,9.0,0.0,0.0,0.0
2024-03-08,15.5,11.5,8.6,0.0,0.0,0.0
2024-03-09,13.7,9.1,6.1,0.0,0.0,0.0
2024-03-10,10.4,10.0,4.5,0.0,0.0,0.0
2024-03-11,8.3,10.0,6.9,0.0,0.0,0.0
2024-03-12,10.0,8.1,7.199999999999999,0.0,0.0,0.0
2024-03-13,10.1,6.6,7.199999999999999,0.0,0.0,0.0
2024-03-14,7.300000000000001,6.5,6.800000000000001,0.0,0.0,0.0
2024-03-15,6.800000000000001,6.199999999999999,6.6,0.0,0.0,0.0
2024-03-16,8.7,8.8,5.9,0.0,0.0,0.0
2024-03-17,13.0,6.6,5.199999999999999,0.0,0.0,0.0
2024-03-18,16.5,7.300000000000001,4.9,0.0,0.0,0.0
2024-03-19,15.3,6.9,3.4000000000000004,0.0,0.0,0.0
2024-03-20,10.0,6.0,4.800000000000001,0.0,0.0,0.0
2024-03-21,7.699999999999999,7.4,4.800000000000001,0.0,0.0,0.0
2024-03-22,8.5,8.3,4.1,0.0,0.0,0.0
2024-03-23,11.5,11.8,4.4,0.0,0.0,0.0
2024-03-24,13.8,10.1,3.9000000000000004,0.0,0.0,0.0
2024-03-25,12.3,10.4,5.9,0.0,0.0,0.0
2024-03-26,11.5,8.7,4.800000000000001,0.0,0.0,0.0
2024-03-27,7.300000000000001,10.7,5.300000000000001,0.0,0.0,0.0
2024-03-28,8.4,10.1,4.1,0.0,0.0,0.0
2024-03-29,8.7,8.6,0.6000000000000014,0.0,0.0,0.0
2024-03-30,3.9000000000000004,9.3,0.3000000000000007,0.0,0.0,0.0
2024-03-31,5.1,9.5,0.0,0.0,0.0,0.0
2024-04-01,5.199999999999999,8.4,0.8999999999999986,0.0,0.0,0.0
2024-04-02,7.300000000000001,7.800000000000001,4.199999999999999,0.0,0.0,0.0
2024-04-03,8.5,6.6,4.5,0.0,0.0,0.0
2024-04-04,7.0,6.0,4.5,0.0,0.0,0.0
2024-04-05,4.4,4.4,4.0,0.0,0.0,0.0
2024-04-06,2.0,2.0,3.0,0.0,0.0,0.0
2024-04-07,0.3999999999999986,5.300000000000001,2.8000000000000007,0.0,0.0,0.0
2024-04-08,0.0,5.9,1.5,0.0,0.0,0.0
2024-04-09,0.3999999999999986,8.6,0.6999999999999993,0.0,0.0,0.0
2024-04-10,6.4,8.8,3.3000000000000007,0.0,0.0,0.0
2024-04-11,6.800000000000001,3.5,4.5,0.0,0.0,0.0
2024-04-12,3.0,4.0,0.3999999999999986,0.0,0.0,0.0
2024-04-13,1.5,3.8000000000000007,0.0,0.0,0.0,0.0
2024-04-14,3.5,7.4,0.0,0.0,0.0,0.0
2024-04-15,7.800000000000001,9.5,0.0,0.0,0.0,0.0
2024-04-16,11.3,9.1,0.8000000000000007,0.0,0.0,0.0
2024-04-17,12.0,10.7,3.1999999999999993,0.0,0.0,0.0
2024-04-18,12.0,9.7,6.1,0.0,0.0,0.0
2024-04-19,12.1,8.0,5.5,0.0,0.0,0.0
2024-04-20,12.5,11.1,6.300000000000001,0.0,0.0,0.0
2024-04-21,14.5,10.6,5.5,0.0,0.0,0.0
2024-04-22,15.9,11.9,4.5,0.0,0.0,0.0
2024-04-23,13.9,10.3,6.1,0.0,0.0,0.0
2024-04-24,12.1,11.2,7.4,0.0,0.0,0.0
2024-04-25,13.0,10.9,6.6,0.0,0.0,0.0
2024-04-26,10.1,10.7,4.4,0.0,0.0,0.0
2024-04-27,6.199999999999999,9.1,2.0999999999999996,0.0,0.0,0.0
2024-04-28,2.4000000000000004,9.7,0.8000000000000007,0.0,0.0,0.0
2024-04-29,2.4000000000000004,7.699999999999999,0.0,0.0,0.0,0.0
2024-04-30,0.0,5.5,0.0,0.0,0.0,0.0
2024-05-01,0.0,4.199999999999999,1.3000000000000007,0.0,0.0,0.0
2024-05-02,0.0,4.199999999999999,3.0999999999999996,0.0,0.0,0.0
2024-05-03,0.10000000000000142,7.4,4.300000000000001,0.0,0.0,0.0
2024-05-04,2.5999999999999996,6.6,3.3000000000000007,0.0,0.0,0.0
2024-05-05,2.8000000000000007,6.5,2.1999999999999993,0.0,0.0,0.0
2024-05-06,4.6,6.4,1.5,0.0,0.0,0.0
2024-05-07,6.1,4.300000000000001,1.3000000000000007,0.0,0.0,0.0
2024-05-08,5.6,4.800000000000001,2.5,0.0,0.0,0.0
2024-05-09,5.5,2.8000000000000007,0.0,0.0,0.0,0.0
2024-05-10,2.3000000000000007,2.5999999999999996,0.0,0.0,0.0,0.0
2024-05-11,3.1999999999999993,2.9000000000000004,0.0,0.0,0.0,0.0
2024-05-12,3.1999999999999993,0.3999999999999986,0.0,0.0,0.0,0.0
2024-05-13,1.5,2.9000000000000004,0.0,0.0,0.0,0.0
2024-05-14,0.0,3.3000000000000007,0.0,0.0,0.0,0.0
2024-05-15,0.0,3.0,0.0,0.0,0.0,0.0
2024-05-16,0.0,4.300000000000001,0.0,0.0,0.0,0.0
2024-05-17,0.0,2.9000000000000004,0.0,0.0,0.0,0.0
2024-05-18,1.3999999999999986,2.6999999999999993,0.0,0.0,0.0,0.0
2024-05-19,2.1999999999999993,2.6999999999999993,0.0,0.0,0.0,0.0
2024-05-20,2.3000000000000007,3.5999999999999996,0.0,0.0,0.0,0.0
2024-05-21,0.0,4.9,0.0,0.0,0.0,0.0
2024-05-22,0.0,4.4,0.0,0.0,0.0,0.0
2024-05-23,0.0,3.9000000000000004,0.0,0.0,0.0,0.0
2024-05-24,0.0,5.0,0.0,0.0,0.0,0.0
2024-05-25,0.0,3.4000000000000004,0.0,0.0,0.0,0.0
2024-05-26,0.0,3.0,0.0,0.0,0.0,0.0
2024-05-27,0.0,5.1,0.0,0.0,0.0,0.0
2024-05-28,2.1999999999999993,4.0,0.0,0.0,0.0,0.0
2024-05-29,1.8000000000000007,2.5,0.0,0.0,0.0,0.0
2024-05-30,1.1000000000000014,4.199999999999999,0.0,0.0,0.0,0.0
2024-05-31,0.5,4.699999999999999,0.0,0.0,0.0,0.0
2024-06-01,0.0,4.800000000000001,0.0,0.0,0.0,0.0
2024-06-02,0.0,2.8000000000000007,0.0,0.0,0.0,0.0
2024-06-03,2.9000000000000004,1.8999999999999986,0.0,0.0,0.0,0.0
2024-06-04,1.6999999999999993,2.3000000000000007,0.0,0.0,0.0,0.0
2024-06-05,1.6000000000000014,5.800000000000001,0.0,0.0,0.0,0.0
2024-06-06,2.4000000000000004,5.0,0.0,0.0,0.0,0.8999999999999986
2024-06-07,2.0,4.300000000000001,0.0,0.0,0.0,1.6999999999999993
2024-06-08,0.6999999999999993,4.0,0.0,0.0,0.0,3.0
2024-06-09,2.5999999999999996,5.4,0.0,0.0,0.0,2.8000000000000007
2024-06-10,3.5999999999999996,6.0,0.0,0.0,0.0,1.1000000000000014
2024-06-11,4.6,6.9,0.0,0.0,0.0,0.6999999999999993
2024-06-12,4.699999999999999,5.9,0.0,0.0,0.0,0.0
2024-06-13,4.6,5.699999999999999,0.0,0.0,0.0,0.0
2024-06-14,3.4000000000000004,3.0999999999999996,0.0,0.0,0.0,0.0
2024-06-15,1.1000000000000014,4.6,0.0,0.0,0.0,0.0
2024-06-16,0.3999999999999986,3.0,0.0,0.0,0.0,0.6000000000000014
2024-06-17,0.0,2.1999999999999993,0.0,0.0,0.0,1.3999999999999986
2024-06-18,0.0,1.6000000000000014,0.0,0.0,0.0,3.8000000000000007
2024-06-19,1.1999999999999993,2.8000000000000007,0.0,0.0,0.0,5.899999999999999
2024-06-20,1.3000000000000007,2.5999999999999996,0.0,0.0,0.0,7.899999999999999
2024-06-21,0.0,1.0,0.0,0.0,0.0,7.699999999999999
2024-06-22,0.0,0.6000000000000014,0.0,0.0,0.0,3.3999999999999986
2024-06-23,0.0,0.1999999999999993,0.0,0.0,0.0,0.6000000000000014
2024-06-24,0.0,0.0,0.0,0.0,0.0,0.1999999999999993
2024-06-25,0.0,0.0,0.0,0.0,0.0,0.1999999999999993
2024-06-26,0.0,0.0,0.0,1.3000000000000007,0.0,0.6000000000000014
2024-06-27,0.0,0.0,0.0,2.1999999999999993,0.0,1.6999999999999993
2024-06-28,0.0,1.1999999999999993,0.0,1.1000000000000014,0.0,3.5
2024-06-29,0.0,0.5,0.0,0.3000000000000007,0.0,5.699999999999999
2024-06-30,0.0,0.8999999999999986,0.0,0.8999999999999986,0.0,4.600000000000001
2024-07-01,0.3999999999999986,1.5,0.0,0.0,0.0,3.6000000000000014
2024-07-02,2.9000000000000004,2.5999999999999996,0.0,0.0,0.0,4.300000000000001
2024-07-03,2.9000000000000004,2.6999999999999993,0.0,0.0,0.0,0.3000000000000007
2024-07-04,2.5,2.0999999999999996,0.0,0.0,0.0,1.1000000000000014
2024-07-05,1.6999999999999993,1.8000000000000007,0.0,0.0,0.0,2.3999999999999986
2024-07-06,0.0,3.3000000000000007,0.0,0.0,0.0,3.1000000000000014
2024-07-07,0.0,4.5,0.0,0.0,0.0,4.199999999999999
2024-07-08,0.0,3.4000000000000004,0.0,0.0,0.0,4.699999999999999
2024-07-09,0.0,1.0,0.0,2.3000000000000007,0.0,6.699999999999999
2024-07-10,0.0,0.3000000000000007,0.0,3.5,0.0,7.600000000000001
2024-07-11,0.0,1.1000000000000014,0.0,0.1999999999999993,0.0,8.3
2024-07-12,0.0,3.0999999999999996,0.0,0.0,0.0,6.800000000000001
2024-07-13,0.0,3.3000000000000007,0.0,0.0,0.0,6.399999999999999
2024-07-14,0.0,2.0,0.0,0.0,0.0,6.399999999999999
2024-07-15,0.0,1.6999999999999993,0.0,0.6999999999999993,0.0,7.800000000000001
2024-07-16,0.0,0.6000000000000014,0.0,0.6000000000000014,0.0,7.0
2024-07-17,0.0,0.3999999999999986,0.0,0.0,0.0,8.2
2024-07-18,0.0,0.0,0.0,0.0,0.0,7.399999999999999
2024-07-19,0.0,0.0,0.0,1.0,0.3000000000000007,7.399999999999999
2024-07-20,0.0,0.0,0.0,2.6000000000000014,0.0,7.0
2024-07-21,0.0,0.0,0.0,3.6999999999999993,0.0,6.800000000000001
2024-07-22,0.0,0.0,0.0,0.0,0.0,6.699999999999999
2024-07-23,0.0,0.0,0.0,0.0,0.0,7.199999999999999
2024-07-24,0.0,0.0,0.0,0.0,0.0,7.5
2024-07-25,0.0,0.10000000000000142,0.0,0.0,0.0,6.300000000000001
2024-07-26,0.0,0.10000000000000142,0.0,0.0,0.0,6.699999999999999
2024-07-27,0.0,0.5,0.0,0.0,0.0,7.399999999999999
2024-07-28,0.0,0.0,0.0,0.0,0.0,7.600000000000001
2024-07-29,0.0,0.0,0.0,0.0,0.0,9.0
2024-07-30,0.0,0.0,0.0,0.0,0.1999999999999993,8.2
2024-07-31,0.0,0.0,0.0,0.3999999999999986,0.0,7.699999999999999
2024-08-01,0.0,0.0,0.0,0.0,0.0,7.899999999999999
2024-08-02,0.0,0.0,0.0,0.0,0.0,7.399999999999999
2024-08-03,0.0,0.0,0.0,0.0,0.0,6.199999999999999
2024-08-04,0.0,0.6999999999999993,0.0,0.0,0.0,7.300000000000001
2024-08-05,0.0,0.0,0.0,0.0,0.0,6.899999999999999
2024-08-06,0.0,0.0,0.0,0.0,0.0,7.5
2024-08-07,0.0,0.8999999999999986,0.0,0.3999999999999986,0.0,6.699999999999999
2024-08-08,0.0,0.3999999999999986,0.0,0.0,0.0,6.800000000000001
2024-08-09,0.0,0.0,0.0,0.0,0.0,7.300000000000001
2024-08-10,0.0,0.0,0.0,0.0,0.0,8.2
2024-08-11,0.0,0.0,0.0,0.0,0.0,8.899999999999999
2024-08-12,0.0,0.0,0.0,0.0,2.3000000000000007,8.8
2024-08-13,0.0,0.0,0.0,0.6999999999999993,0.0,7.600000000000001
2024-08-14,0.0,0.0,0.0,3.5,0.0,8.100000000000001
2024-08-15,0.0,0.0,0.0,1.6999999999999993,0.0,7.699999999999999
2024-08-16,0.0,0.0,0.0,1.6000000000000014,0.0,7.5
2024-08-17,0.0,0.8000000000000007,0.0,1.1999999999999993,0.0,7.0
2024-08-18,0.0,0.0,0.0,0.0,0.0,3.8999999999999986
2024-08-19,0.0,1.1000000000000014,0.0,0.0,0.0,2.6999999999999993
2024-08-20,0.0,0.0,0.0,0.0,0.0,2.8000000000000007
2024-08-21,0.0,1.8999999999999986,0.0,0.0,0.0,4.699999999999999
2024-08-22,0.0,0.3999999999999986,0.0,0.0,0.0,5.0
2024-08-23,0.0,0.0,0.0,1.0,0.0,5.800000000000001
2024-08-24,0.0,2.4000000000000004,0.0,3.1000000000000014,0.0,5.699999999999999
2024-08-25,0.0,3.0,0.0,0.0,0.0,4.800000000000001
2024-08-26,0.0,0.3999999999999986,0.0,0.0,0.0,6.100000000000001
2024-08-27,0.0,0.0,0.0,0.0,0.0,5.5
2024-08-28,0.0,0.0,0.0,1.1000000000000014,0.0,5.300000000000001
2024-08-29,0.0,0.8999999999999986,0.0,5.399999999999999,0.0,5.399999999999999
2024-08-30,0.0,1.6999999999999993,0.0,1.1999999999999993,0.0,6.100000000000001
2024-08-31,0.0,1.0,0.0,0.0,0.0,6.600000000000001
2024-09-01,0.0,0.0,0.0,0.0,0.0,6.100000000000001
2024-09-02,0.0,0.0,0.0,0.0,0.0,5.300000000000001
2024-09-03,0.0,0.0,0.0,2.5,0.0,4.199999999999999
2024-09-04,0.0,1.6999999999999993,0.0,4.699999999999999,0.0,3.6999999999999993
2024-09-05,0.0,0.8000000000000007,0.0,3.6999999999999993,0.0,1.8999999999999986
2024-09-06,0.0,0.0,0.0,2.3999999999999986,0.0,2.6000000000000014
2024-09-07,0.0,1.5,0.0,2.0,0.0,3.8999999999999986
2024-09-08,0.0,1.8999999999999986,0.0,3.8000000000000007,0.0,5.699999999999999
2024-09-09,0.0,2.8000000000000007,0.0,0.0,0.0,2.5
2024-09-10,1.5,3.8000000000000007,0.0,0.0,0.0,1.8999999999999986
2024-09-11,2.9000000000000004,6.800000000000001,0.0,0.0,0.0,0.0
2024-09-12,6.0,8.2,0.0,0.0,0.0,0.0
2024-09-13,6.5,7.300000000000001,0.5,0.0,0.0,0.0
2024-09-14,4.300000000000001,6.300000000000001,1.6999999999999993,0.0,0.0,0.0
2024-09-15,4.5,4.5,0.0,0.0,0.0,0.0
2024-09-16,2.8000000000000007,2.9000000000000004,0.0,0.0,0.0,0.0
2024-09-17,0.0,3.3000000000000007,1.5,0.0,0.0,0.0
2024-09-18,0.0,0.5,0.8000000000000007,0.0,0.0,0.0
2024-09-19,0.0,0.0,0.1999999999999993,0.0,0.0,0.0
2024-09-20,0.6000000000000014,0.6000000000000014,0.0,0.0,0.0,0.0
2024-09-21,1.6000000000000014,0.0,0.0,0.0,0.0,0.0
2024-09-22,1.3999999999999986,0.6999999999999993,0.0,0.0,0.0,0.0
2024-09-23,1.1999999999999993,2.3000000000000007,0.0,0.0,0.0,0.0
2024-09-24,3.1999999999999993,3.4000000000000004,0.0,0.0,0.0,0.0
2024-09-25,2.9000000000000004,4.4,0.0,0.0,0.0,0.0
2024-09-26,1.6999999999999993,4.199999999999999,0.0,0.0,0.0,0.0
2024-09-27,1.8000000000000007,7.300000000000001,0.0,0.0,0.0,1.5
2024-09-28,5.5,8.8,0.0,0.0,0.0,0.0
2024-09-29,8.4,7.1,0.3000000000000007,0.0,0.0,0.0
2024-09-30,7.800000000000001,4.1,1.1000000000000014,0.0,0.0,0.0
2024-10-01,7.800000000000001,5.6,0.10000000000000142,0.0,0.0,0.0
2024-10-02,8.3,4.199999999999999,0.0,0.0,0.0,0.0
2024-10-03,7.0,6.5,0.0,0.0,0.0,0.0
2024-10-04,6.6,7.699999999999999,1.0,0.0,0.0,0.0
2024-10-05,7.199999999999999,6.4,2.0999999999999996,0.0,0.0,0.0
2024-10-06,8.7,4.300000000000001,3.0,0.0,0.0,0.0
2024-10-07,7.1,3.9000000000000004,0.0,0.0,0.0,0.0
2024-10-08,3.0,3.9000000000000004,0.0,0.0,0.0,0.0
2024-10-09,1.8999999999999986,4.199999999999999,0.0,0.0,0.0,0.0
2024-10-10,2.5,8.4,0.0,0.0,0.0,0.0
2024-10-11,9.0,11.0,0.10000000000000142,0.0,0.0,0.0
2024-10-12,9.7,7.4,1.3000000000000007,0.0,0.0,0.0
2024-10-13,7.6,10.1,1.3000000000000007,0.0,0.0,0.0
2024-10-14,8.8,7.800000000000001,0.8000000000000007,0.0,0.0,0.0
2024-10-15,10.0,4.9,0.0,0.0,0.0,0.0
2024-10-16,9.2,0.8000000000000007,0.0,0.0,0.0,0.0
2024-10-17,6.300000000000001,3.1999999999999993,0.0,0.0,0.0,0.0
2024-10-18,5.199999999999999,6.699999999999999,0.0,0.0,0.0,0.0
2024-10-19,4.300000000000001,4.300000000000001,0.6999999999999993,0.0,0.0,0.0
2024-10-20,5.1,4.1,0.8999999999999986,0.0,0.0,0.0
2024-10-21,2.5,5.5,0.0,0.0,0.0,0.0
2024-10-22,4.9,6.800000000000001,0.0,0.0,0.0,0.0
2024-10-23,8.0,6.6,0.3000000000000007,0.0,0.0,0.0
2024-10-24,9.2,5.5,0.0,0.0,0.0,0.0
2024-10-25,6.699999999999999,4.1,0.0,0.0,0.0,0.0
2024-10-26,7.300000000000001,6.4,0.0,0.0,0.0,0.0
2024-10-27,6.4,7.9,0.0,0.0,0.0,0.0
2024-10-28,6.4,4.6,0.3000000000000007,0.0,0.0,0.0
2024-10-29,4.9,4.0,1.0,0.0,0.0,0.0
2024-10-30,5.1,7.300000000000001,1.8000000000000007,0.0,0.0,0.0
2024-10-31,6.4,8.4,1.8000000000000007,0.0,0.0,0.0
2024-11-01,7.1,7.9,2.1999999999999993,0.0,0.0,0.0
2024-11-02,10.0,5.800000000000001,3.0999999999999996,0.0,0.0,0.0
2024-11-03,13.5,6.0,3.5,0.0,0.0,0.0
2024-11-04,9.6,7.1,3.3000000000000007,0.0,0.0,0.0
2024-11-05,10.7,7.199999999999999,4.1,0.0,0.0,0.0
2024-11-06,14.0,7.199999999999999,4.1,0.0,0.0,0.0
2024-11-07,12.7,7.1,4.300000000000001,0.0,0.0,0.0
2024-11-08,13.1,9.2,4.0,0.0,0.0,0.0
2024-11-09,14.3,10.1,3.5,0.0,0.0,0.0
2024-11-10,16.6,9.6,4.0,0.0,0.0,0.0
2024-11-11,13.8,9.0,5.4,0.0,0.0,0.0
2024-11-12,14.1,9.3,6.199999999999999,0.0,0.0,0.0
2024-11-13,12.9,9.3,8.0,0.0,0.0,0.0
2024-11-14,11.8,8.6,9.1,0.0,0.0,0.0
2024-11-15,11.3,9.8,9.3,0.0,0.0,0.0
2024-11-16,11.4,10.6,9.6,0.0,0.0,0.0
2024-11-17,11.9,9.8,8.1,0.0,0.0,0.0
2024-11-18,13.9,10.9,3.0,0.0,0.0,0.0
2024-11-19,14.5,13.5,2.5999999999999996,0.0,0.0,0.0
2024-11-20,16.3,16.5,1.3999999999999986,0.0,0.0,0.0
2024-11-21,17.0,17.5,5.9,0.0,0.0,0.0
2024-11-22,16.6,15.0,3.9000000000000004,0.0,0.0,0.0
2024-11-23,16.0,9.8,11.1,0.0,0.0,0.0
2024-11-24,9.9,2.0,10.8,0.0,0.0,0.0
2024-11-25,5.6,7.800000000000001,9.4,0.0,0.0,0.0
2024-11-26,9.2,11.1,2.8000000000000007,0.0,0.0,0.0
2024-11-27,12.0,12.0,3.0999999999999996,0.0,0.0,0.0
2024-11-28,11.7,15.6,4.6,0.0,0.0,0.0
2024-11-29,13.7,11.9,5.4,0.0,0.0,0.0
2024-11-30,15.1,6.699999999999999,9.0,0.0,0.0,0.0
2024-12-01,17.7,6.300000000000001,8.9,0.0,0.0,0.0
2024-12-02,15.7,8.9,10.4,0.0,0.0,0.0
2024-12-03,12.8,12.2,9.0,0.0,0.0,0.0
2024-12-04,14.3,12.0,7.5,0.0,0.0,0.0
2024-12-05,14.7,6.199999999999999,8.4,0.0,0.0,0.0
2024-12-06,14.1,10.0,10.2,0.0,0.0,0.0
2024-12-07,13.0,9.8,8.9,0.0,0.0,0.0
2024-12-08,13.9,10.9,8.0,0.0,0.0,0.0
2024-12-09,14.8,10.6,9.2,0.0,0.0,0.0
2024-12-10,15.1,11.2,9.6,0.0,0.0,0.0
2024-12-11,15.9,11.8,9.5,0.0,0.0,0.0
2024-12-12,16.6,11.6,10.1,0.0,0.0,0.0
2024-12-13,16.9,12.8,8.7,0.0,0.0,0.0
2024-12-14,18.3,12.7,8.7,0.0,0.0,0.0
2024-12-15,13.2,9.2,10.0,0.0,0.0,0.0
2024-12-16,8.4,7.800000000000001,11.4,0.0,0.0,0.0
2024-12-17,9.2,9.7,10.5,0.0,0.0,0.0
2024-12-18,10.0,5.4,10.8,0.0,0.0,0.0
2024-12-19,7.4,11.1,7.9,0.0,0.0,0.0
2024-12-20,13.1,12.6,7.9,0.0,0.0,0.0
2024-12-21,13.6,9.9,10.9,0.0,0.0,0.0
2024-12-22,12.6,12.3,11.3,0.0,0.0,0.0
2024-12-23,14.8,12.8,10.7,0.0,0.0,0.0
2024-12-24,14.6,8.7,10.9,0.0,0.0,0.0
2024-12-25,15.7,8.7,10.5,0.0,0.0,0.0
2024-12-26,12.7,10.6,9.4,0.0,0.0,0.0
2024-12-27,14.4,11.5,11.2,0.0,0.0,0.0
2024-12-28,19.2,12.6,11.5,0.0,0.0,0.0
2024-12-29,19.0,12.3,11.2,0.0,0.0,0.0
2024-12-30,15.5,10.7,11.1,0.0,0.0,0.0
2024-12-31,16.3,8.6,11.3,0.0,0.0,0.0
2025-01-01,13.4,9.0,11.7,0.0,0.0,0.0
2025-01-02,13.7,15.9,10.9,0.0,0.0,0.0
2025-01-03,17.1,17.7,6.0,0.0,0.0,0.0
2025-01-04,19.1,17.3,9.9,0.0,0.0,0.0
2025-01-05,19.1,10.3,8.2,0.0,0.0,0.0
2025-01-06,10.9,10.7,4.4,0.0,0.0,0.0
2025-01-07,12.6,15.6,4.300000000000001,0.0,0.0,0.0
2025-01-08,16.4,17.4,6.5,0.0,0.0,0.0
2025-01-09,17.4,17.0,5.0,0.0,0.0,0.0
2025-01-10,17.4,18.7,5.1,0.0,0.0,0.0
2025-01-11,17.9,20.2,7.1,0.0,0.0,0.0
2025-01-12,18.9,18.7,9.9,0.0,0.0,0.0
2025-01-13,21.5,14.7,11.6,0.0,0.0,0.0
2025-01-14,19.5,12.8,11.8,0.0,0.0,0.0
2025-01-15,15.3,9.4,14.5,0.0,0.0,0.0
2025-01-16,15.9,10.6,12.0,0.0,0.0,0.0
2025-01-17,18.4,12.7,10.5,0.0,0.0,0.0
2025-01-18,20.0,15.4,8.9,0.0,0.0,0.0
2025-01-19,18.2,15.5,9.1,0.0,0.0,0.0
2025-01-20,16.4,14.5,8.3,0.0,0.0,0.0
2025-01-21,19.7,15.7,8.9,0.0,0.0,0.0
2025-01-22,18.4,14.8,9.3,0.0,0.0,0.0
2025-01-23,16.3,13.4,4.699999999999999,0.0,0.0,0.0
2025-01-24,13.8,9.1,5.800000000000001,0.0,0.0,0.0
2025-01-25,9.1,12.6,7.699999999999999,0.0,0.0,0.0
2025-01-26,11.3,13.2,5.9,0.0,0.0,0.0
2025-01-27,10.5,10.4,5.1,0.0,0.0,0.0
2025-01-28,11.1,9.6,4.0,0.0,0.0,0.0
2025-01-29,12.5,12.0,7.300000000000001,0.0,0.0,0.0
2025-01-30,12.8,13.4,9.5,0.0,0.0,0.0
2025-01-31,14.0,12.8,8.4,0.0,0.0,0.0
2025-02-01,15.8,12.8,8.5,0.0,0.0,0.0
2025-02-02,16.4,14.6,9.2,0.0,0.0,0.0
2025-02-03,17.7,13.9,8.4,0.0,0.0,0.0
2025-02-04,18.6,9.8,9.5,0.0,0.0,0.0
2025-02-05,17.6,12.1,10.3,0.0,0.0,0.0
2025-02-06,14.9,14.1,10.3,0.0,0.0,0.0
2025-02-07,16.1,14.6,9.6,0.0,0.0,0.0
2025-02-08,16.1,13.3,9.0,0.0,0.0,0.0
2025-02-09,17.9,14.6,6.1,0.0,0.0,0.0
2025-02-10,18.0,14.4,8.5,0.0,0.0,0.0
2025-02-11,18.6,14.3,8.7,0.0,0.0,0.0
2025-02-12,20.5,13.6,6.9,0.0,0.0,0.0
2025-02-13,19.5,14.6,6.9,0.0,0.0,0.0
2025-02-14,18.5,15.5,6.6,0.0,0.0,0.0
2025-02-15,20.0,14.8,9.9,0.0,0.0,0.0
2025-02-16,21.5,15.2,10.6,0.0,0.0,0.0
2025-02-17,25.3,16.3,9.6,0.0,0.0,0.0
2025-02-18,25.4,15.6,9.3,0.0,0.0,0.0
2025-02-19,24.5,13.5,8.7,0.0,0.0,0.0
2025-02-20,21.4,7.0,6.800000000000001,0.0,0.0,0.0
2025-02-21,15.9,5.300000000000001,8.2,0.0,0.0,0.0
2025-02-22,14.2,7.6,8.0,0.0,0.0,0.0
2025-02-23,11.7,9.0,7.9,0.0,0.0,0.0
2025-02-24,12.2,7.5,7.1,0.0,0.0,0.0
2025-02-25,9.8,9.9,5.9,0.0,0.0,0.0
2025-02-26,12.2,12.5,5.9,0.0,0.0,0.0
2025-02-27,12.0,12.4,7.300000000000001,0.0,0.0,0.0
2025-02-28,14.6,13.3,7.300000000000001,0.0,0.0,0.0
2025-03-01,14.7,14.0,7.6,0.0,0.0,0.0
2025-03-02,14.5,14.4,6.6,0.0,0.0,0.0
2025-03-03,12.6,13.7,7.9,0.0,0.0,0.0
2025-03-04,13.3,12.7,8.5,0.0,0.0,0.0
2025-03-05,11.3,11.6,7.800000000000001,0.0,0.0,0.0
2025-03-06,10.4,8.6,7.4,0.0,0.0,0.0
2025-03-07,9.6,5.800000000000001,6.9,0.0,0.0,0.0
2025-03-08,9.4,6.800000000000001,5.300000000000001,0.0,0.0,0.0
2025-03-09,9.7,7.1,3.5,0.0,0.0,0.0
2025-03-10,10.5,8.8,2.9000000000000004,0.0,0.0,0.0
2025-03-11,13.2,11.5,3.4000000000000004,0.0,0.0,0.0
2025-03-12,12.8,13.6,4.4,0.0,0.0,0.0
2025-03-13,13.7,14.3,4.6,0.0,0.0,0.0
2025-03-14,13.7,14.4,2.0999999999999996,0.0,0.0,0.0
2025-03-15,14.2,14.0,2.8000000000000007,0.0,0.0,0.0
2025-03-16,14.7,14.1,6.199999999999999,0.0,0.0,0.0
2025-03-17,15.6,12.2,8.6,0.0,0.0,0.0
2025-03-18,16.4,12.3,8.5,0.0,0.0,0.0
2025-03-19,14.4,9.5,9.5,0.0,0.0,0.0
2025-03-20,11.5,5.6,8.0,0.0,0.0,0.0
2025-03-21,9.3,4.9,5.9,0.0,0.0,0.0
2025-03-22,9.5,5.1,4.699999999999999,0.0,0.0,0.0
2025-03-23,8.5,7.199999999999999,2.3000000000000007,0.0,0.0,0.0
2025-03-24,7.9,8.7,3.5999999999999996,0.0,0.0,0.0
2025-03-25,9.3,7.9,5.1,0.0,0.0,0.0
2025-03-26,10.2,6.0,5.1,0.0,0.0,0.0
2025-03-27,11.7,7.9,6.199999999999999,0.0,0.0,0.0
2025-03-28,10.4,7.9,7.199999999999999,0.0,0.0,0.0
2025-03-29,9.2,9.4,6.199999999999999,0.0,0.0,0.0
2025-03-30,12.3,5.800000000000001,3.9000000000000004,0.0,0.0,0.0
2025-03-31,10.8,7.4,5.5,0.0,0.0,0.0
2025-04-01,10.1,8.8,7.1,0.0,0.0,0.0
2025-04-02,9.7,6.9,5.199999999999999,0.0,0.0,0.0
2025-04-03,7.699999999999999,4.800000000000001,4.1,0.0,0.0,0.0
2025-04-04,5.5,3.1999999999999993,4.5,0.0,0.0,0.0
2025-04-05,11.3,6.699999999999999,4.699999999999999,0.0,0.0,0.0
2025-04-06,14.4,8.2,4.5,0.0,0.0,0.0
2025-04-07,10.8,8.7,6.9,0.0,0.0,0.0
2025-04-08,9.8,8.1,7.1,0.0,0.0,0.0
2025-04-09,8.7,9.0,6.300000000000001,0.0,0.0,0.0
2025-04-10,9.2,7.4,4.9,0.0,0.0,0.0
2025-04-11,8.3,3.6999999999999993,4.0,0.0,0.0,0.0
2025-04-12,5.4,2.6999999999999993,3.6999999999999993,0.0,0.0,0.0
2025-04-13,2.9000000000000004,4.300000000000001,1.6999999999999993,0.0,0.0,0.0
2025-04-14,2.1999999999999993,6.699999999999999,0.6000000000000014,0.0,0.0,0.0
2025-04-15,1.3999999999999986,5.300000000000001,0.6000000000000014,0.0,0.0,0.0
2025-04-16,0.0,6.9,0.6000000000000014,0.0,0.0,0.0
2025-04-17,0.0,6.300000000000001,3.3000000000000007,0.0,0.0,0.0
2025-04-18,5.199999999999999,5.0,4.4,0.0,0.0,0.0
2025-04-19,8.8,5.4,3.4000000000000004,0.0,0.0,0.0
2025-04-20,5.6,7.9,2.3000000000000007,0.0,0.0,0.0
2025-04-21,3.6999999999999993,5.800000000000001,1.3000000000000007,0.0,0.0,0.0
2025-04-22,4.5,6.1,0.6000000000000014,0.0,0.0,0.0
2025-04-23,5.1,7.9,1.6999999999999993,0.0,0.0,0.0
2025-04-24,5.1,7.0,2.0,0.0,0.0,0.0
2025-04-25,6.800000000000001,7.4,2.6999999999999993,0.0,0.0,0.0
2025-04-26,7.800000000000001,5.6,2.1999999999999993,0.0,0.0,0.0
2025-04-27,6.9,3.1999999999999993,1.5,0.0,0.0,0.0
2025-04-28,3.9000000000000004,0.8000000000000007,1.5,0.0,0.0,0.0
2025-04-29,2.0999999999999996,1.1000000000000014,0.8000000000000007,0.0,0.0,0.0
2025-04-30,1.1999999999999993,0.1999999999999993,0.0,0.0,0.0,0.0
2025-05-01,0.0,0.0,0.0,0.0,0.0,0.0
2025-05-02,0.0,0.0,0.0,0.0,0.0,0.0
2025-05-03,3.0,3.3000000000000007,0.0,0.0,0.0,0.0
2025-05-04,6.6,7.699999999999999,0.0,0.0,0.0,0.0
2025-05-05,9.0,8.6,0.0,0.0,0.0,0.0
2025-05-06,8.7,7.9,0.6999999999999993,0.0,0.0,0.0
2025-05-07,6.800000000000001,6.800000000000001,1.8999999999999986,0.0,0.0,0.0
2025-05-08,6.5,6.1,2.0999999999999996,0.0,0.0,0.0
2025-05-09,4.699999999999999,5.199999999999999,2.1999999999999993,0.0,0.0,0.0
2025-05-10,3.5999999999999996,2.0999999999999996,0.8999999999999986,0.0,0.0,0.0
2025-05-11,5.6,0.10000000000000142,0.6000000000000014,0.0,0.0,0.0
2025-05-12,5.5,0.0,0.3999999999999986,0.0,0.0,0.0
2025-05-13,3.5,0.1999999999999993,0.3999999999999986,0.0,0.0,0.0
2025-05-14,1.3000000000000007,2.0999999999999996,0.10000000000000142,0.0,0.0,0.0
2025-05-15,6.0,5.800000000000001,0.0,0.0,0.0,0.0
2025-05-16,6.0,4.800000000000001,1.0,0.0,0.0,0.0
2025-05-17,6.9,3.9000000000000004,2.3000000000000007,0.0,0.0,0.0
2025-05-18,7.6,4.5,0.10000000000000142,0.0,0.0,0.0
2025-05-19,5.5,3.4000000000000004,0.0,0.0,0.0,0.0
2025-05-20,1.8000000000000007,1.8999999999999986,0.0,0.0,0.0,0.0
2025-05-21,1.0,3.0,0.0,0.0,0.0,0.0
2025-05-22,6.199999999999999,6.1,0.0,0.0,0.0,0.0
2025-05-23,8.9,5.199999999999999,0.5,0.0,0.0,0.0
2025-05-24,6.1,1.5,0.6000000000000014,0.0,0.0,0.0
2025-05-25,3.9000000000000004,1.3999999999999986,0.6999999999999993,0.0,0.0,0.0
2025-05-26,2.5999999999999996,3.4000000000000004,0.0,0.0,0.0,0.0
2025-05-27,2.1999999999999993,2.5999999999999996,0.0,0.0,0.0,0.0
2025-05-28,1.8000000000000007,1.0,0.0,0.0,0.0,0.0
2025-05-29,3.6999999999999993,0.0,0.0,0.0,0.0,1.1999999999999993
2025-05-30,0.0,0.0,0.0,0.0,0.0,0.6000000000000014
2025-05-31,0.0,0.0,0.0,0.0,0.0,2.3000000000000007
2025-06-01,0.0,0.5,0.0,0.0,0.0,2.6999999999999993
2025-06-02,0.0,1.3000000000000007,0.0,0.0,0.0,2.1999999999999993
2025-06-03,0.0,3.5999999999999996,0.0,0.0,0.0,2.1999999999999993
2025-06-04,0.0,3.5,0.0,0.0,0.0,2.6000000000000014
2025-06-05,0.0,4.0,0.0,0.0,0.0,2.8999999999999986
2025-06-06,0.0,3.0999999999999996,0.0,0.0,0.0,2.6999999999999993
2025-06-07,0.3000000000000007,4.6,0.0,0.0,0.0,4.199999999999999
2025-06-08,2.3000000000000007,4.6,0.0,0.0,0.0,4.699999999999999
2025-06-09,4.199999999999999,2.6999999999999993,0.0,0.0,0.0,3.1999999999999993
2025-06-10,3.3000000000000007,0.3999999999999986,0.0,0.0,0.0,3.0
2025-06-11,2.1999999999999993,0.5,0.0,0.0,0.0,4.5
2025-06-12,1.3999999999999986,0.0,0.0,0.0,0.0,6.300000000000001
2025-06-13,0.0,0.0,0.0,0.0,0.8000000000000007,7.199999999999999
2025-06-14,0.0,0.0,0.0,1.0,0.0,7.100000000000001
2025-06-15,0.0,0.0,0.0,2.0,0.0,7.600000000000001
2025-06-16,0.0,0.0,0.0,0.0,0.0,7.300000000000001
2025-06-17,0.0,0.0,0.0,0.0,0.0,3.3999999999999986
2025-06-18,0.0,0.0,0.0,0.3000000000000007,0.8000000000000007,2.5
2025-06-19,0.0,0.0,0.0,0.0,3.3000000000000007,4.600000000000001
2025-06-20,0.0,0.0,0.0,0.0,1.3999999999999986,5.899999999999999
2025-06-21,0.0,0.0,0.0,0.0,3.5,6.899999999999999
2025-06-22,0.0,0.0,0.0,5.100000000000001,0.10000000000000142,5.899999999999999
2025-06-23,0.0,0.0,0.0,1.0,0.0,5.5
2025-06-24,0.10000000000000142,0.0,0.0,0.0,0.0,5.600000000000001
2025-06-25,0.0,0.0,0.0,0.0,0.0,6.699999999999999
2025-06-26,0.0,0.0,0.0,0.0,0.0,6.600000000000001
2025-06-27,0.0,0.0,0.0,0.0,0.0,8.0
2025-06-28,0.0,0.0,0.0,0.0,1.3000000000000007,9.3
2025-06-29,0.0,0.0,0.0,1.6000000000000014,1.6999999999999993,8.600000000000001
2025-06-30,0.0,0.0,0.0,0.0,3.6999999999999993,8.8
2025-07-01,0.0,0.0,0.0,2.3999999999999986,6.199999999999999,9.0
2025-07-02,0.0,0.0,0.0,7.699999999999999,0.0,10.200000000000003
2025-07-03,0.0,0.0,0.0,1.3999999999999986,0.0,10.399999999999999
2025-07-04,0.0,0.0,0.0,0.0,0.0,9.100000000000001
2025-07-05,0.0,0.0,0.0,0.5,0.0,7.899999999999999
2025-07-06,0.0,0.0,0.0,1.6000000000000014,0.0,7.600000000000001
2025-07-07,0.0,1.5,0.0,0.0,0.0,4.300000000000001
2025-07-08,0.1999999999999993,0.6000000000000014,0.0,0.0,0.0,4.399999999999999
2025-07-09,0.6000000000000014,0.0,0.0,0.0,0.0,1.8999999999999986
2025-07-10,0.3000000000000007,0.0,0.0,0.0,1.8000000000000007,1.6999999999999993
2025-07-11,0.8999999999999986,0.0,0.0,0.0,3.3999999999999986,2.8999999999999986
2025-07-12,2.3000000000000007,0.0,0.0,0.0,2.0,3.8000000000000007
2025-07-13,0.10000000000000142,0.0,0.0,0.0,0.1999999999999993,2.0
2025-07-14,0.0,0.0,0.0,0.0,0.0,2.8000000000000007
2025-07-15,0.0,0.0,0.0,0.0,0.0,5.600000000000001
2025-07-16,0.6999999999999993,0.0,0.0,0.0,0.0,6.800000000000001
2025-07-17,1.3000000000000007,0.0,0.0,0.0,0.0,6.199999999999999
2025-07-18,0.0,0.0,0.0,0.0,1.6000000000000014,5.699999999999999
2025-07-19,0.0,0.0,0.0,0.0,0.0,6.800000000000001
2025-07-20,0.0,0.0,0.0,1.3999999999999986,0.0,6.899999999999999
2025-07-21,0.0,0.0,0.0,0.0,0.0,7.100000000000001
2025-07-22,0.0,0.0,0.0,0.0,0.0,6.399999999999999
2025-07-23,0.3999999999999986,0.0,0.0,0.0,0.0,5.699999999999999
2025-07-24,0.0,0.0,0.0,0.0,0.0,6.199999999999999
2025-07-25,0.0,0.0,0.0,0.0,0.0,7.800000000000001
2025-07-26,0.0,0.0,0.0,0.0,0.0,4.100000000000001
2025-07-27,0.0,0.0,0.0,0.0,0.0,2.8000000000000007
2025-07-28,0.0,0.0,0.0,0.0,0.0,1.5
2025-07-29,0.8999999999999986,0.0,0.0,0.0,0.0,1.3000000000000007
2025-07-30,0.8000000000000007,0.0,0.0,0.0,0.0,2.1000000000000014
2025-07-31,1.6000000000000014,0.0,0.0,0.0,0.0,3.5
2025-08-01,0.8000000000000007,1.5,0.0,0.0,0.0,3.3999999999999986
2025-08-02,0.6000000000000014,1.3000000000000007,0.0,0.0,0.0,3.3999999999999986
2025-08-03,1.6999999999999993,0.0,0.0,0.0,0.0,2.8000000000000007
2025-08-04,0.3999999999999986,0.0,0.0,0.0,0.0,2.6999999999999993
2025-08-05,0.10000000000000142,0.8999999999999986,0.0,0.0,0.0,4.899999999999999
2025-08-06,1.8000000000000007,0.8999999999999986,0.0,0.0,0.0,4.800000000000001
2025-08-07,0.0,0.0,0.0,0.0,0.0,5.699999999999999
2025-08-08,0.0,0.0,0.0,0.0,0.0,7.0
2025-08-09,0.0,0.0,0.0,0.0,0.0,7.600000000000001
2025-08-10,0.0,0.0,0.0,0.0,0.0,8.100000000000001
2025-08-11,0.0,0.0,0.0,0.0,0.8000000000000007,9.600000000000001
2025-08-12,0.0,0.0,0.0,0.0,2.6999999999999993,10.0
2025-08-13,0.0,0.0,0.0,1.8000000000000007,0.1999999999999993,9.7
2025-08-14,0.0,0.0,0.0,3.5,0.0,9.2
2025-08-15,0.0,0.0,0.0,4.399999999999999,1.1000000000000014,7.800000000000001
2025-08-16,0.0,0.0,0.0,0.0,0.0,6.800000000000001
2025-08-17,0.10000000000000142,0.0,0.0,0.0,0.0,6.0
2025-08-18,0.0,0.0,0.0,0.0,0.0,5.100000000000001
2025-08-19,0.0,0.0,0.0,0.0,0.0,4.800000000000001
2025-08-20,0.0,0.6999999999999993,0.0,0.0,0.0,5.300000000000001
2025-08-21,0.3000000000000007,1.1999999999999993,0.0,0.0,0.0,4.0
2025-08-22,2.4000000000000004,0.6000000000000014,0.0,0.0,0.0,2.1999999999999993
2025-08-23,3.8000000000000007,0.0,0.0,0.0,0.0,2.6000000000000014
2025-08-24,4.199999999999999,0.0,0.0,0.0,0.0,3.0
2025-08-25,3.4000000000000004,0.0,0.0,0.0,0.0,3.1999999999999993
2025-08-26,2.5,0.0,0.0,0.0,0.0,3.8999999999999986
2025-08-27,0.0,0.0,0.0,0.0,0.0,4.399999999999999
2025-08-28,0.0,0.8999999999999986,0.0,0.0,0.0,6.800000000000001
2025-08-29,0.0,1.5,0.0,0.0,0.0,2.3999999999999986
2025-08-30,0.0,1.1999999999999993,0.0,0.0,0.0,0.0
2025-08-31,0.0,1.0,0.0,0.0,0.0,0.0
2025-09-01,0.0,1.6000000000000014,0.0,0.0,0.0,0.8999999999999986
2025-09-02,0.6000000000000014,2.3000000000000007,0.0,0.0,0.0,0.8000000000000007
2025-09-03,0.0,0.3000000000000007,0.0,0.0,0.0,0.0
2025-09-04,0.0,1.8999999999999986,0.0,0.0,0.0,0.1999999999999993
2025-09-05,0.10000000000000142,2.1999999999999993,0.0,0.0,0.0,1.1999999999999993
2025-09-06,1.3000000000000007,0.3999999999999986,0.0,0.0,0.0,1.5
2025-09-07,1.6000000000000014,0.0,0.0,0.0,0.0,2.0
2025-09-08,1.1000000000000014,1.6000000000000014,0.0,0.0,0.0,2.1999999999999993
2025-09-09,0.0,2.4000000000000004,0.0,0.0,0.0,3.3000000000000007
2025-09-10,0.0,2.4000000000000004,0.0,0.0,0.0,0.1999999999999993
2025-09-11,0.8999999999999986,3.6999999999999993,0.0,0.0,0.0,0.3999999999999986
2025-09-12,2.5999999999999996,4.1,0.0,0.0,0.0,0.6000000000000014
2025-09-13,3.1999999999999993,4.0,0.0,0.0,0.0,0.10000000000000142
2025-09-14,2.8000000000000007,4.4,0.0,0.0,0.0,1.0
2025-09-15,1.8999999999999986,2.3000000000000007,0.0,0.0,0.0,0.8999999999999986
2025-09-16,2.4000000000000004,3.3000000000000007,0.0,0.0,0.0,1.8000000000000007
2025-09-17,3.8000000000000007,2.0,0.0,0.0,0.0,2.8999999999999986
2025-09-18,1.1000000000000014,0.0,0.0,0.0,0.0,2.0
2025-09-19,0.0,0.0,0.0,0.0,0.0,2.8000000000000007
2025-09-20,0.0,1.3000000000000007,0.0,0.0,0.0,3.5
2025-09-21,0.0,5.4,0.0,0.0,0.0,2.3999999999999986
2025-09-22,5.1,6.6,0.0,0.0,0.0,1.3999999999999986
2025-09-23,7.1,6.5,0.0,0.0,0.0,0.0
2025-09-24,7.199999999999999,4.800000000000001,0.0,0.0,0.0,0.0
2025-09-25,6.9,4.6,0.0,0.0,0.0,0.0
2025-09-26,5.9,5.199999999999999,0.0,0.0,0.0,0.0
2025-09-27,4.9,4.300000000000001,0.0,0.0,0.0,0.0
2025-09-28,5.800000000000001,4.199999999999999,0.0,0.0,0.0,0.0
2025-09-29,6.800000000000001,4.800000000000001,0.0,0.0,0.0,0.0
2025-09-30,8.6,4.300000000000001,0.0,0.0,0.0,0.0
2025-10-01,9.3,4.9,0.0,0.0,0.0,0.0
2025-10-02,9.4,3.5,2.1999999999999993,0.0,0.0,0.0
2025-10-03,9.8,1.8000000000000007,4.1,0.0,0.0,0.0
2025-10-04,8.6,4.800000000000001,3.8000000000000007,0.0,0.0,0.0
2025-10-05,6.800000000000001,5.199999999999999,0.0,0.0,0.0,0.0
2025-10-06,6.0,4.1,2.8000000000000007,0.0,0.0,0.0
2025-10-07,6.300000000000001,3.9000000000000004,2.4000000000000004,0.0,0.0,0.0
2025-10-08,4.0,4.300000000000001,1.1000000000000014,0.0,0.0,0.0
2025-10-09,5.1,5.699999999999999,0.0,0.0,0.0,0.0
2025-10-10,4.6,4.1,0.0,0.0,0.0,0.0
2025-10-11,3.9000000000000004,5.300000000000001,0.0,0.0,0.0,0.0
2025-10-12,5.4,6.699999999999999,0.0,0.0,0.0,0.0
2025-10-13,6.9,4.300000000000001,0.0,0.0,0.0,0.0
2025-10-14,8.2,5.6,0.0,0.0,0.0,0.0
2025-10-15,6.9,6.4,0.0,0.0,0.0,0.0
2025-10-16,6.699999999999999,5.699999999999999,0.8000000000000007,0.0,0.0,0.0
2025-10-17,7.5,5.199999999999999,0.10000000000000142,0.0,0.0,0.0
2025-10-18,11.2,5.5,0.6999999999999993,0.0,0.0,0.0
2025-10-19,13.2,4.4,1.1999999999999993,0.0,0.0,0.0
2025-10-20,10.2,4.800000000000001,1.1999999999999993,0.0,0.0,0.0
2025-10-21,6.4,5.199999999999999,1.0,0.0,0.0,0.0
2025-10-22,5.800000000000001,6.6,1.3000000000000007,0.0,0.0,0.0
2025-10-23,5.5,8.2,0.0,0.0,0.0,0.0
2025-10-24,7.199999999999999,9.4,1.1000000000000014,0.0,0.0,0.0
2025-10-25,8.9,8.9,1.1000000000000014,0.0,0.0,0.0
2025-10-26,10.2,10.4,0.0,0.0,0.0,0.0
2025-10-27,11.0,6.9,3.0999999999999996,0.0,0.0,0.0
2025-10-28,9.6,5.6,3.3000000000000007,0.0,0.0,0.0
2025-10-29,7.800000000000001,7.0,1.8000000000000007,0.0,0.0,0.0
2025-10-30,7.699999999999999,8.7,0.0,0.0,0.0,0.0
2025-10-31,10.1,3.5,0.0,0.0,0.0,0.0
2025-11-01,7.6,5.199999999999999,0.6000000000000014,0.0,0.0,0.0
2025-11-02,7.0,8.7,0.8999999999999986,0.0,0.0,0.0
2025-11-03,8.4,5.199999999999999,0.3000000000000007,0.0,0.0,0.0
2025-11-04,7.5,3.5999999999999996,3.8000000000000007,0.0,0.0,0.0
2025-11-05,8.5,2.5,5.4,0.0,0.0,0.0
2025-11-06,9.6,3.0,5.5,0.0,0.0,0.0
2025-11-07,10.5,4.699999999999999,5.199999999999999,0.0,0.0,0.0
2025-11-08,13.4,5.800000000000001,3.8000000000000007,0.0,0.0,0.0
2025-11-09,13.4,7.800000000000001,4.0,0.0,0.0,0.0
2025-11-10,10.3,6.1,5.699999999999999,0.0,0.0,0.0
2025-11-11,11.5,5.800000000000001,6.300000000000001,0.0,0.0,0.0
2025-11-12,10.4,3.5999999999999996,6.1,0.0,0.0,0.0
2025-11-13,7.199999999999999,3.5999999999999996,5.6,0.0,0.0,0.0
2025-11-14,8.2,5.0,5.1,0.0,0.0,0.0
2025-11-15,12.7,6.199999999999999,2.1999999999999993,0.0,0.0,0.0
2025-11-16,11.8,8.8,1.6999999999999993,0.0,0.0,0.0
2025-11-17,14.7,12.4,1.0,0.0,0.0,0.0
2025-11-18,15.1,14.8,3.8000000000000007,0.0,0.0,0.0
2025-11-19,15.1,14.5,7.300000000000001,0.0,0.0,0.0
2025-11-20,16.1,16.8,5.300000000000001,0.0,0.0,0.0
2025-11-21,19.3,15.6,6.300000000000001,0.0,0.0,0.0
2025-11-22,20.1,12.7,10.8,0.0,0.0,0.0
2025-11-23,20.9,10.3,12.4,0.0,0.0,0.0
2025-11-24,18.1,12.4,7.199999999999999,0.0,0.0,0.0
2025-11-25,16.6,12.9,5.4,0.0,0.0,0.0
2025-11-26,16.7,14.5,8.7,0.0,0.0,0.0
2025-11-27,15.9,6.4,9.9,0.0,0.0,0.0
2025-11-28,13.2,7.300000000000001,9.9,0.0,0.0,0.0
2025-11-29,11.8,8.9,11.4,0.0,0.0,0.0
2025-11-30,12.0,12.8,11.5,0.0,0.0,0.0
2025-12-01,14.5,8.0,8.9,0.0,0.0,0.0
2025-12-02,17.1,9.2,7.699999999999999,0.0,0.0,0.0
2025-12-03,16.1,11.7,9.8,0.0,0.0,0.0
2025-12-04,16.3,11.4,9.3,0.0,0.0,0.0
2025-12-05,14.8,13.4,8.5,0.0,0.0,0.0
2025-12-06,15.8,7.9,9.2,0.0,0.0,0.0
2025-12-07,12.3,7.0,8.0,0.0,0.0,0.0
2025-12-08,8.2,6.0,9.3,0.0,0.0,0.0
2025-12-09,7.1,4.699999999999999,9.2,0.0,0.0,0.0
2025-12-10,7.9,7.1,10.0,0.0,0.0,0.0
2025-12-11,9.4,8.7,10.2,0.0,0.0,0.0
2025-12-12,13.5,7.699999999999999,11.0,0.0,0.0,0.0
2025-12-13,12.4,11.6,11.2,0.0,0.0,0.0
2025-12-14,13.3,9.8,9.5,0.0,0.0,0.0
2025-12-15,13.8,7.5,8.8,0.0,0.0,0.0
2025-12-16,15.5,8.3,6.4,0.0,0.0,0.0
2025-12-17,17.4,11.7,4.300000000000001,0.0,0.0,0.0
2025-12-18,12.8,7.0,5.300000000000001,0.0,0.0,0.0
2025-12-19,11.3,9.3,6.1,0.0,0.0,0.0
2025-12-20,11.7,11.5,7.800000000000001,0.0,0.0,0.0
2025-12-21,11.9,9.2,8.8,0.0,0.0,0.0
2025-12-22,14.9,8.8,7.800000000000001,0.0,0.0,0.0
2025-12-23,16.2,11.1,5.9,0.0,0.0,0.0
2025-12-24,20.6,13.0,8.1,0.0,0.0,0.0
2025-12-25,25.0,14.2,7.800000000000001,0.0,0.0,0.0
2025-12-26,22.6,13.8,9.2,0.0,0.0,0.0
2025-12-27,17.7,12.9,10.5,0.0,0.0,0.0
2025-12-28,18.6,11.5,12.2,0.0,0.0,0.0
2025-12-29,16.3,13.1,12.5,0.0,0.0,0.0
2025-12-30,18.3,13.5,11.1,0.0,0.0,0.0
2025-12-31,18.1,17.3,12.1,0.0,0.0,0.0
2026-01-01,15.8,15.3,12.7,0.0,0.0,0.0
2026-01-02,16.7,16.2,8.0,0.0,0.0,0.0
2026-01-03,18.6,17.7,5.1,0.0,0.0,0.0
2026-01-04,20.7,19.0,5.6,0.0,0.0,0.0
2026-01-05,21.3,19.3,6.0,0.0,0.0,0.0
2026-01-06,23.5,19.1,9.5,0.0,0.0,0.0
2026-01-07,24.2,15.1,13.4,0.0,0.0,0.0
2026-01-08,25.6,14.5,14.5,0.0,0.0,0.0
2026-01-09,25.0,14.2,6.1,0.0,0.0,0.0
2026-01-10,23.4,16.5,10.5,0.0,0.0,0.0
2026-01-11,24.5,14.0,13.0,0.0,0.0,0.0
2026-01-12,25.1,8.0,14.0,0.0,0.0,0.0
2026-01-13,17.3,8.5,8.6,0.0,0.0,0.0
2026-01-14,15.1,13.6,6.199999999999999,0.0,0.0,0.0
2026-01-15,15.8,9.7,6.1,0.0,0.0,0.0
2026-01-16,14.8,11.3,9.4,0.0,0.0,0.0
2026-01-17,16.8,10.5,9.4,0.0,0.0,0.0
2026-01-18,17.1,9.8,8.6,0.0,0.0,0.0
2026-01-19,17.9,9.6,7.4,0.0,0.0,0.0
2026-01-20,19.8,9.2,7.6,0.0,0.0,0.0
2026-01-21,21.3,9.9,10.3,0.0,0.0,0.0
2026-01-22,22.0,9.2,9.8,0.0,0.0,0.0
2026-01-23,23.8,10.8,9.2,0.0,0.0,0.0
2026-01-24,21.3,11.0,6.0,0.0,0.0,0.0
2026-01-25,20.4,11.6,8.2,0.0,0.0,0.0
2026-01-26,18.7,12.9,10.2,0.0,0.0,0.0
2026-01-27,18.8,11.1,10.6,0.0,0.0,0.0
2026-01-28,18.5,12.9,6.5,0.0,0.0,0.0
2026-01-29,19.3,13.9,8.4,0.0,0.0,0.0
2026-01-30,20.7,10.8,9.7,0.0,0.0,0.0
2026-01-31,22.3,10.6,8.6,0.0,0.0,0.0
2026-02-01,25.2,11.0,9.8,0.0,0.0,0.0
2026-02-02,26.7,11.2,10.8,0.0,0.0,0.0
2026-02-03,25.0,13.3,5.4,0.0,0.0,0.0
2026-02-04,23.8,11.7,6.199999999999999,0.0,0.0,0.0
2026-02-05,21.5,10.7,7.1,0.0,0.0,0.0
2026-02-06,17.8,9.3,4.800000000000001,0.0,0.0,0.0
2026-02-07,16.8,9.4,7.300000000000001,0.0,0.0,0.0
2026-02-08,17.6,9.5,7.199999999999999,0.0,0.0,0.0
2026-02-09,17.8,9.9,7.0,0.0,0.0,0.0
2026-02-10,16.6,9.0,7.6,0.0,0.0,0.0
2026-02-11,13.9,8.0,6.300000000000001,0.0,0.0,0.0
2026-02-12,12.8,10.0,7.0,0.0,0.0,0.0
2026-02-13,17.0,11.8,6.9,0.0,0.0,0.0
2026-02-14,18.0,14.6,6.199999999999999,0.0,0.0,0.0
2026-02-15,20.3,13.0,7.199999999999999,0.0,0.0,0.0
2026-02-16,21.8,11.5,7.6,0.0,0.0,0.0
2026-02-17,20.5,13.9,7.0,0.0,0.0,0.0
2026-02-18,20.2,14.0,8.2,0.0,0.0,0.0
2026-02-19,22.3,12.6,5.800000000000001,0.0,0.0,0.0
2026-02-20,21.7,10.4,8.2,0.0,0.0,0.0
2026-02-21,14.1,7.0,9.1,0.0,0.0,0.0
2026-02-22,10.7,6.199999999999999,8.1,0.0,0.0,0.0
2026-02-23,11.0,7.6,7.5,0.0,0.0,0.0
2026-02-24,12.3,5.800000000000001,5.199999999999999,0.0,0.0,0.0
2026-02-25,13.4,5.800000000000001,5.0,0.0,0.0,0.0
2026-02-26,10.9,6.9,5.5,0.0,0.0,0.0
2026-02-27,7.1,6.699999999999999,6.800000000000001,0.0,0.0,0.0
2026-02-28,5.800000000000001,9.8,6.199999999999999,0.0,0.0,0.0
2026-03-01,10.0,8.5,6.6,0.0,0.0,0.0
2026-03-02,11.1,6.9,5.800000000000001,0.0,0.0,0.0
2026-03-03,10.8,8.7,5.1,0.0,0.0,0.0
2026-03-04,12.1,9.6,5.199999999999999,0.0,0.0,0.0
2026-03-05,13.5,6.5,4.6,0.0,0.0,0.0
2026-03-06,11.5,8.8,5.300000000000001,0.0,0.0,0.0
2026-03-07,9.8,9.9,5.1,0.0,0.0,0.0
2026-03-08,9.6,9.2,4.1,0.0,0.0,0.0
2026-03-09,9.5,8.3,5.800000000000001,0.0,0.0,0.0
2026-03-10,9.2,8.0,5.4,0.0,0.0,0.0
2026-03-11,7.0,7.800000000000001,5.300000000000001,0.0,0.0,0.0
2026-03-12,8.5,8.4,6.199999999999999,0.0,0.0,0.0
2026-03-13,8.2,10.3,6.699999999999999,0.0,0.0,0.0
2026-03-14,8.5,12.1,6.800000000000001,0.0,0.0,0.0
2026-03-15,12.3,11.2,4.0,0.0,0.0,0.0
2026-03-16,13.1,9.7,4.4,0.0,0.0,0.0
2026-03-17,12.9,6.9,5.300000000000001,0.0,0.0,0.0
2026-03-18,11.7,6.199999999999999,7.800000000000001,0.0,0.0,0.0
2026-03-19,10.5,7.800000000000001,6.1,0.0,0.0,0.0
2026-03-20,10.6,9.7,5.800000000000001,0.0,0.0,0.0
2026-03-21,11.5,10.5,6.800000000000001,0.0,0.0,0.0
2026-03-22,10.8,11.0,7.699999999999999,0.0,0.0,0.0
2026-03-23,9.4,8.8,7.9,0.0,0.0,0.0
2026-03-24,8.0,7.5,7.0,0.0,0.0,0.0
2026-03-25,8.1,11.0,6.699999999999999,0.0,0.0,0.0
2026-03-26,13.6,12.2,8.1,0.0,0.0,0.0
2026-03-27,14.6,9.2,9.6,0.0,0.0,0.0
2026-03-28,13.2,11.0,7.4,0.0,0.0,0.0
2026-03-29,12.4,11.1,7.199999999999999,0.0,0.0,0.0
2026-03-30,12.8,8.9,6.9,0.0,0.0,0.0
2026-03-31,13.0,6.6,7.6,0.0,0.0,0.0
2026-04-01,12.6,6.800000000000001,7.0,0.0,0.0,0.0
2026-04-02,11.8,9.5,6.4,0.0,0.0,0.0
2026-04-03,10.9,6.6,3.3000000000000007,0.0,0.0,0.0
2026-04-04,7.0,6.800000000000001,2.5999999999999996,0.0,0.0,0.0
2026-04-05,6.300000000000001,7.5,2.4000000000000004,0.0,0.0,0.0
2026-04-06,9.3,8.6,1.1000000000000014,0.0,0.0,0.0
2026-04-07,11.0,5.0,2.0999999999999996,0.0,0.0,0.0
2026-04-08,11.3,0.3000000000000007,1.6999999999999993,0.0,0.0,0.0
2026-04-09,12.2,2.6999999999999993,1.8000000000000007,0.0,0.0,0.0
2026-04-10,13.3,8.7,1.6000000000000014,0.0,0.0,0.0
2026-04-11,10.8,7.4,1.3999999999999986,0.0,0.0,0.0
2026-04-12,9.7,7.199999999999999,0.0,0.0,0.0,0.0
2026-04-13,7.6,8.7,0.0,0.0,0.0,0.0
2026-04-14,7.0,6.6,0.8999999999999986,0.0,0.0,0.0
2026-04-15,7.6,3.9000000000000004,1.6000000000000014,0.0,0.0,0.0
2026-04-16,4.199999999999999,4.6,0.8999999999999986,0.0,0.0,0.0
2026-04-17,3.8000000000000007,4.199999999999999,0.0,0.0,0.0,0.0
2026-04-18,2.8000000000000007,4.800000000000001,0.0,0.0,0.0,0.0
2026-04-19,6.699999999999999,6.699999999999999,0.0,0.0,0.0,0.0
2026-04-20,10.8,7.9,0.0,0.0,0.0,0.0
2026-04-21,10.3,8.1,0.0,0.0,0.0,0.0
2026-04-22,8.7,6.5,1.8000000000000007,0.0,0.0,0.0
2026-04-23,7.9,5.9,3.4000000000000004,0.0,0.0,0.0
2026-04-24,8.0,6.5,3.5999999999999996,0.0,0.0,0.0
2026-04-25,8.3,4.9,1.6000000000000014,0.0,0.0,0.0
2026-04-26,9.0,4.5,1.3000000000000007,0.0,0.0,0.0
2026-04-27,7.6,3.5,0.6999999999999993,0.0,0.0,0.0
2026-04-28,8.0,5.699999999999999,0.0,0.0,0.0,0.0
2026-04-29,8.6,4.800000000000001,0.0,0.0,0.0,0.0
2026-04-30,5.800000000000001,2.3000000000000007,0.8999999999999986,0.0,0.0,0.0
2026-05-01,1.8999999999999986,0.3999999999999986,2.5,0.0,0.0,0.0
2026-05-02,0.0,2.0,2.8000000000000007,0.0,0.0,0.0
2026-05-03,0.0,2.5999999999999996,1.6000000000000014,0.1999999999999993,0.0,0.0
2026-05-04,0.0,4.1,1.1000000000000014,0.0,0.0,0.0
2026-05-05,2.4000000000000004,4.5,1.1999999999999993,0.0,0.0,0.0
2026-05-06,6.699999999999999,7.1,0.3000000000000007,0.0,0.0,0.0
2026-05-07,9.3,6.699999999999999,0.0,0.0,0.0,0.0
2026-05-08,8.1,4.6,0.10000000000000142,0.0,0.0,0.0
2026-05-09,6.4,2.5999999999999996,0.0,0.0,0.0,0.0
2026-05-10,4.300000000000001,6.5,0.0,0.0,0.0,0.0
2026-05-11,5.6,9.2,0.0,0.0,0.0,0.0
2026-05-12,10.0,7.4,0.0,0.0,0.0,0.0
2026-05-13,9.2,7.699999999999999,1.3999999999999986,0.0,0.0,0.0
2026-05-14,9.0,9.1,1.5,0.0,0.0,0.0
2026-05-15,7.9,7.800000000000001,2.0,0.0,0.0,0.0
2026-05-16,7.6,7.1,2.9000000000000004,0.0,0.0,0.0
2026-05-17,6.1,5.699999999999999,2.5999999999999996,0.0,0.0,0.0
2026-05-18,4.4,6.699999999999999,1.6000000000000014,0.0,0.0,0.0
2026-05-19,3.0999999999999996,4.0,0.3000000000000007,0.0,0.0,0.0
2026-05-20,1.1000000000000014,2.6999999999999993,0.0,0.0,0.0,0.0
2026-05-21,1.5,0.8999999999999986,0.0,0.0,0.0,0.0
2026-05-22,0.0,0.0,0.0,0.0,0.0,0.5
2026-05-23,0.0,0.0,0.0,0.0,2.8000000000000007,0.6999999999999993
2026-05-24,0.0,0.0,0.0,0.6000000000000014,2.6000000000000014,1.6000000000000014
2026-05-25,0.0,0.0,0.0,0.0,5.100000000000001,2.5
2026-05-26,0.0,0.0,0.0,0.6999999999999993,6.300000000000001,3.3999999999999986
2026-05-27,0.0,0.0,0.0,0.0,0.6999999999999993,4.5
2026-05-28,1.8999999999999986,0.0,0.0,0.0,1.6000000000000014,4.699999999999999
2026-05-29,0.0,0.0,0.0,0.0,0.6000000000000014,2.3000000000000007
2026-05-30,0.0,0.0,0.0,0.0,1.5,2.1000000000000014
2026-05-31,0.1999999999999993,0.0,0.0,0.0,0.0,2.5
2026-06-01,0.3000000000000007,0.1999999999999993,0.0,0.0,0.0,2.1000000000000014
2026-06-02,0.0,1.8000000000000007,0.0,0.0,0.0,2.0
2026-06-03,0.0,2.9000000000000004,0.0,0.0,0.0,0.3999999999999986
2026-06-04,0.0,3.1999999999999993,0.0,0.0,0.0,0.3999999999999986
2026-06-05,0.8999999999999986,3.4000000000000004,0.0,0.0,0.0,0.0
2026-06-06,0.0,3.6999999999999993,0.0,0.0,0.0,1.5
2026-06-07,0.0,2.9000000000000004,0.0,0.0,0.0,1.8999999999999986
2026-06-08,0.0,3.6999999999999993,0.0,0.0,0.0,3.3999999999999986
2026-06-09,0.0,4.699999999999999,0.0,0.0,0.0,2.8000000000000007
2026-06-10,2.4000000000000004,5.4,0.0,0.0,0.0,2.8000000000000007
2026-06-11,2.9000000000000004,5.199999999999999,0.0,0.0,0.0,1.8999999999999986
2026-06-12,3.1999999999999993,0.8000000000000007,0.0,0.0,0.0,2.8000000000000007
2026-06-13,2.0,1.6999999999999993,0.0,0.0,0.0,3.8000000000000007
2026-06-14,4.199999999999999,1.6000000000000014,0.0,0.0,0.0,3.6999999999999993
2026-06-15,3.5999999999999996,0.6000000000000014,0.0,0.0,0.0,3.0
2026-06-16,2.5999999999999996,0.0,0.0,0.0,0.0,3.3999999999999986
2026-06-17,0.10000000000000142,0.0,0.0,0.0,0.0,4.899999999999999
2026-06-18,0.0,0.0,0.0,1.5,0.0,6.100000000000001
2026-06-19,0.0,0.0,0.0,3.6999999999999993,1.6000000000000014,7.300000000000001
2026-06-20,0.0,0.0,0.0,2.3999999999999986,0.0,7.699999999999999
2026-06-21,0.0,0.0,0.0,1.6999999999999993,2.0,8.399999999999999
2026-06-22,0.0,0.0,0.0,0.0,0.8999999999999986,7.5
2026-06-23,0.0,0.0,0.0,0.0,3.8000000000000007,7.199999999999999
2026-06-24,0.0,0.0,0.0,3.1000000000000014,6.199999999999999,6.100000000000001
2026-06-25,0.0,0.0,0.0,6.600000000000001,4.0,6.899999999999999
2026-06-26,0.0,0.0,0.0,5.600000000000001,8.2,7.100000000000001
2026-06-27,0.0,0.0,0.0,9.7,4.600000000000001,8.3
2026-06-28,0.0,0.0,0.0,10.899999999999999,0.5,8.8
2026-06-29,0.0,0.0,0.0,2.5,0.0,9.2
2026-06-30,0.0,0.0,0.0,1.5,0.0,8.899999999999999
2026-07-01,0.0,0.0,0.0,0.0,0.0,7.899999999999999
2026-07-02,0.0,0.0,0.0,0.0,0.0,4.300000000000001
2026-07-03,0.0,0.0,0.0,0.0,0.0,4.600000000000001
2026-07-04,1.6999999999999993,0.0,0.0,0.0,0.10000000000000142,5.5
2026-07-05,0.0,0.0,0.0,0.0,0.5,5.100000000000001
2026-07-06,1.0,0.0,0.0,0.0,3.1000000000000014,6.399999999999999
2026-07-07,0.0,0.0,0.0,0.0,3.6000000000000014,6.0
2026-07-08,1.0,0.0,0.0,0.0,5.0,5.699999999999999
2026-07-09,0.0,0.0,0.0,0.0,6.300000000000001,6.0
2026-07-10,0.0,0.0,0.0,0.0,4.100000000000001,7.199999999999999
2026-07-11,0.0,0.0,0.0,0.0,1.8999999999999986,7.699999999999999
2026-07-12,0.0,0.0,0.0,2.5,0.5,7.300000000000001
2026-07-13,0.0,0.0,0.0,1.3999999999999986,0.0,7.5
2026-07-14,0.0,0.0,0.0,0.0,0.3000000000000007,8.3
2026-07-15,0.0,0.0,0.0,0.0,0.8999999999999986,8.2
2026-07-16,0.0,0.0,0.0,1.3000000000000007,0.3999999999999986,9.100000000000001
2026-07-17,0.0,0.0,0.0,1.1999999999999993,0.10000000000000142,9.600000000000001
2026-07-18,0.0,0.0,0.0,0.0,0.0,9.5
2026-07-19,1.1000000000000014,0.0,0.0,0.0,0.0,9.0
2026-07-20,2.5999999999999996,0.0,0.0,0.0,0.0,9.3
2026-07-21,0.6000000000000014,0.0,0.0,0.0,0.0,9.100000000000001
2026-07-22,2.0,0.0,0.0,0.0,0.0,8.3
2026-07-23,1.8000000000000007,0.0,0.0,0.0,0.0,6.600000000000001
2026-07-24,1.5,0.0,0.0,0.0,1.3999999999999986,6.600000000000001
2026-07-25,0.0,0.0,0.0,0.0,0.6999999999999993,5.300000000000001
2026-07-26,0.0,0.0,0.0,0.0,0.0,6.600000000000001
2026-07-27,0.0,0.0,0.0,0.0,0.0,6.0
2026-07-28,0.10000000000000142,0.0,0.0,0.0,1.5,7.899999999999999
