date,corridor_BY,corridor_DE,corridor_DZ,corridor_LY,corridor_MA,corridor_NO,corridor_RU-Baltic,corridor_TR,corridor_UA,point_Almería,point_Dornum / NETRA (OGE),point_Dunkerque,point_Easington,point_Emden (EPT1) (GTS),point_Emden (EPT1) (GUD),point_Emden (EPT1) (OGE),point_GCP GAZ-SYSTEM/UA TSO,point_Gela,point_Greifswald / NEL,point_Greifswald / OPAL,point_Isaccea (RO) - Orlovka (UA) II,point_Kipi (TR) / Kipi (GR),point_Kipoi,point_Kondratki,point_Kotlovka,point_Luhamaa,point_Mazara del Vallo,point_Narva,point_St. Fergus,point_Strandzha 2 (BG) / Malkoclar (TR),point_Tarifa,point_Tieterowka,point_Uzhhorod (UA) - Velké Kapušany (SK),point_VIP Bereg (HU) / VIP Bereg (UA),point_VIP Mediesu Aurit - Isaccea (RO-UA),point_Värska,point_Wysokoje,point_Zeebrugge ZPT
2023-01-01,46.534479,0.0,920.115409,76.355755,0.0,4060.5068562,0.0,635.100318,434.98992325,306.960269,649.3273722,413.935627,795.314291,304.2087979,305.887512,348.7193121,26.35140342,76.355755,0.0,0.0,0.0,0.0,368.641102,0.0,46.534479,0.0,613.15514,0.0,767.52343,266.459216,0.0,0.0,392.188564,16.44995583,0.0,0.0,0.0,475.590514
2023-01-02,50.644031,0.0,826.645135,92.979611,0.0,4059.0316494,0.0,635.396008,430.50614563,308.816514,652.1476719,411.470375,832.097568,265.3604583,306.521026,351.4621672,26.76711572,92.979611,0.0,0.0,0.0,5.008044,368.776695,0.0,50.644031,0.0,517.828621,0.0,763.800389,261.611269,0.0,0.0,391.024778,12.71425191,0.0,0.0,0.0,476.171994
2023-01-03,50.082734,0.0,826.443731,93.258358,0.0,4035.5724853,0.0,638.382096,462.94147519999996,308.670115,619.591353,475.665032,730.559477,306.85426739999997,309.889497,349.91753289999997,24.068787739999998,93.258358,0.0,0.0,0.0,5.009255,369.012197,0.0,50.082734,0.0,517.773616,0.0,766.459376,264.360644,0.0,0.0,395.727221,43.14546646,0.0,0.0,0.0,476.63595
2023-01-04,54.113088,0.0,854.704467,92.459214,0.0,3936.6244425,0.0,645.972171,410.30538393,309.378593,568.1260836,503.751528,695.999677,218.01311669999998,311.89347,407.08043119999996,31.65051575,92.459214,0.0,0.0,0.0,5.007293,374.319648,0.0,54.113088,0.0,545.325874,0.0,754.011686,266.64523,0.0,0.0,353.643477,25.01139118,0.0,0.0,0.0,477.74845
2023-01-05,65.921957,0.0,768.503058,33.217646,0.0,4025.3181786,0.0,626.185124,430.27210808,293.244639,602.8511947000001,512.559888,817.131516,241.1049293,326.635618,355.3758196,32.51140958,33.217646,0.0,0.0,0.0,5.009812,354.644804,0.0,65.921957,0.0,475.258419,0.0,690.958763,266.530508,0.0,0.0,344.748653,53.0120455,0.0,0.0,0.0,478.70045
2023-01-06,90.98787,0.0,813.231755,10.904238,0.0,4024.861143,0.0,633.594736,402.44775408000004,292.385363,625.9533667000001,534.159553,742.034905,276.29348830000004,314.392596,362.129194,31.21699627,10.904238,0.0,0.0,0.0,5.003543,354.670549,0.0,90.98787,0.0,520.846392,0.0,691.318279,273.920644,0.0,0.0,319.027914,52.202843810000005,0.0,0.0,0.0,478.579761
2023-01-07,94.107381,0.0,828.5625500000001,43.804974,0.0,3967.6379553,0.0,597.776278,393.19340691,291.729077,639.3914395,464.537244,778.498132,251.5803253,319.752819,366.1323645,28.17483518,43.804974,0.0,0.0,0.0,0.0,351.633034,0.0,94.107381,0.0,536.833473,0.0,671.272809,246.143244,0.0,0.0,319.414374,45.604197729999996,0.0,0.0,0.0,476.472822
2023-01-08,91.855423,0.0,812.8938880000001,43.703638,0.0,3962.4492724,0.0,604.623014,380.13801362000004,282.915415,639.4668296,452.429176,800.186448,219.858595,322.28787,395.3013748,26.7499028,43.703638,0.0,0.0,0.0,0.0,351.297892,0.0,91.855423,0.0,529.978473,0.0,654.444207,253.325122,0.0,0.0,319.226671,34.16143982,0.0,0.0,0.0,478.474772
2023-01-09,88.951127,0.0,845.174841,87.35028,0.0,4045.3980863,0.0,619.544575,373.71285409999996,286.375066,622.4311849,476.804082,859.145878,242.6110228,322.626162,390.86072160000003,32.14857519,87.35028,0.0,0.0,0.0,0.0,350.174612,0.0,88.951127,0.0,558.799775,0.0,654.419802,269.369963,0.0,0.0,319.425706,22.13857291,0.0,0.0,0.0,476.499233
2023-01-10,89.926246,0.0,760.588829,87.739657,0.0,4028.3360111,0.0,628.054911,380.93369207,286.842936,619.7682506,499.223167,849.546978,250.5383156,277.446909,428.24912489999997,27.494755859999998,87.739657,0.0,0.0,0.0,0.0,348.517139,0.0,89.926246,0.0,473.745893,0.0,625.028841,279.537772,0.0,0.0,318.416625,35.02231121,0.0,0.0,0.0,478.534425
2023-01-11,83.684899,0.0,746.229814,87.591556,0.0,3947.9572827,0.0,640.960695,381.31792601999996,287.037173,595.6342804,509.590043,781.310015,242.1791361,299.29251,414.12280419999996,22.22837963,87.591556,0.0,0.0,0.0,0.0,339.878857,0.0,83.684899,0.0,459.192641,0.0,629.344822,301.081838,0.0,0.0,317.943542,41.146004389999995,0.0,0.0,0.0,476.483672
2023-01-12,75.576847,0.0,750.974503,87.713588,0.0,3959.328755579,0.0,642.187013,379.30403662000003,286.897919,628.9597292999999,528.915032,768.504959,619.6731565,314.951527,0.43990877899999997,26.787066030000002,87.713588,0.0,0.0,0.0,0.0,340.501027,0.0,75.576847,0.0,464.076584,0.0,621.606857,301.685986,0.0,0.0,318.610966,33.90600459,0.0,0.0,0.0,476.277586
2023-01-13,71.813002,0.0,732.598154,87.705517,0.0,3954.9962478,0.0,614.348945,368.98129778,269.697583,618.394392,513.022747,801.665018,621.7675638,299.144731,0.0,27.633240649999998,87.705517,0.0,0.0,0.0,0.0,315.459959,0.0,71.813002,0.0,462.900571,0.0,622.000293,298.888986,0.0,0.0,316.679058,24.66899913,0.0,0.0,0.0,479.001503
2023-01-14,77.189838,0.0,744.004591,71.321096,0.0,3979.0797514,0.0,584.940259,370.25164527999993,268.725929,680.6216628,426.305082,840.004055,599.9052776,316.512018,0.0,26.78011103,71.321096,0.0,0.0,0.0,0.0,316.121543,0.0,77.189838,0.0,475.278662,0.0,636.059217,268.818716,0.0,0.0,319.484521,23.98701325,0.0,0.0,0.0,479.672439
2023-01-15,75.692912,0.0,746.156253,71.388849,0.0,4013.6724452999997,0.0,568.40989,363.05186186,270.992743,670.9931468,361.189637,881.86565,409.0683103,290.314217,252.05397119999998,26.42435556,71.388849,0.0,0.0,0.0,0.0,315.93701,0.0,75.692912,0.0,475.16351,0.0,668.627624,252.47288,0.0,0.0,319.361501,17.2660053,0.0,0.0,0.0,479.559889
2023-01-16,81.459932,0.0,764.3839029999999,82.300327,0.0,3990.1281462,0.0,606.830602,369.94787768,271.240164,655.430196,362.266419,887.126409,343.0764458,314.482073,277.9191414,26.24230143,82.300327,0.0,0.0,0.0,0.0,339.864014,0.0,81.459932,0.0,493.143739,0.0,670.211904,266.966588,0.0,0.0,318.572578,25.13299825,0.0,0.0,0.0,479.615558
2023-01-17,77.626824,0.0,766.628389,82.157011,0.0,3843.1349027,0.0,598.7901830000001,349.81066387,271.384906,669.5829577999999,400.551044,814.965581,332.0483005,319.267442,279.9117654,27.07438491,82.157011,0.0,0.0,0.0,0.0,340.094853,0.0,77.626824,0.0,495.243483,0.0,548.088879,258.69533,0.0,0.0,289.723275,33.01300396,0.0,0.0,0.0,478.718933
2023-01-18,74.309971,0.0,824.4864729999999,60.600638,0.0,3806.11722,0.0,593.159954,336.14966208,271.660859,645.2249898,351.222929,797.23844,335.1660475,299.380832,295.9364327,26.644406460000003,60.600638,0.0,0.0,0.0,0.0,345.357243,0.0,74.309971,0.0,552.825614,0.0,602.718805,247.802711,0.0,0.0,293.815232,15.690023619999998,0.0,0.0,0.0,479.228744
2023-01-19,85.208339,0.0,814.817321,65.822927,0.0,3806.3470703,0.0,590.65622,260.39041351000003,271.5358,644.743164,352.630192,761.288332,289.62005619999996,321.193914,325.3465061,26.659865879999998,65.822927,0.0,0.0,0.0,0.0,343.136054,0.0,85.208339,0.0,543.281521,0.0,631.712031,247.520166,0.0,0.0,207.131542,26.599005629999997,0.0,0.0,0.0,479.812875
2023-01-20,87.704293,0.0,797.696609,92.99818,0.0,3804.2757549,0.0,619.8921869999999,237.41865682,271.159181,644.8157885,277.580005,813.796792,333.862983,294.404262,340.3187974,20.130412120000003,92.99818,0.0,0.0,0.0,0.0,341.419801,0.0,87.704293,0.0,526.537428,0.0,620.152652,278.472386,0.0,0.0,212.079244,5.209000700000001,0.0,0.0,0.0,479.344475
2023-01-21,93.554576,0.0,720.7040099999999,66.075837,0.0,3813.1136809,0.0,646.042916,231.59227618999998,265.204978,648.0498311,346.419834,753.399773,280.4879856,310.368128,376.2521642,26.28434118,66.075837,0.0,0.0,0.0,0.0,381.088872,0.0,93.554576,0.0,455.499032,0.0,619.404265,264.954044,0.0,0.0,200.024933,5.28300201,0.0,0.0,0.0,478.7317
2023-01-22,98.011133,0.0,733.7074660000001,55.129352,0.0,3718.6106543,0.0,635.386266,236.210285,264.805008,621.660434,317.580285,691.682555,253.9063587,317.266638,374.17371060000005,28.82729584,55.129352,0.0,0.0,0.0,0.0,381.098108,0.0,98.011133,0.0,468.902458,0.0,666.00304,254.288158,0.0,0.0,201.066986,6.31600316,0.0,0.0,0.0,476.337633
2023-01-23,97.831854,0.0,669.383792,71.339036,0.019941,3727.2687035,0.0,647.677261,250.1875533,265.618765,619.8921126,296.562338,746.790727,295.3119554,308.330796,298.6072035,31.29947582,71.339036,0.0,0.0,0.0,0.0,381.200336,0.0,97.831854,0.0,403.765027,0.0,683.633474,266.476925,0.019941,0.0,207.192075,11.69600248,0.0,0.0,0.0,478.140097
2023-01-24,97.614402,0.0,653.020548,71.277764,0.0,3817.7052343,0.0,627.8948109999999,242.55088897000002,265.240608,597.053702,319.577991,757.195163,316.4061867,296.478388,364.2701316,29.98043902,71.277764,0.0,0.0,0.0,0.0,349.878095,0.0,97.614402,0.0,387.77994,0.0,687.46045,278.016716,0.0,0.0,210.096451,2.4739989500000004,0.0,0.0,0.0,479.263222
2023-01-25,96.813519,0.0,603.470688,76.609485,0.0,4002.3781811999997,0.0,638.121397,234.40992018,265.216523,585.9943587,382.577748,894.836653,289.49749410000004,275.53404,403.0452704,27.63934318,76.609485,0.0,0.0,0.0,0.0,353.227064,0.0,96.813519,0.0,338.254165,0.0,691.19602,284.894333,0.0,0.0,206.770577,0.0,0.0,0.0,0.0,479.696597
2023-01-26,97.501194,0.0,593.8183650000001,98.620246,0.0,3777.3397478,0.0,653.7942869999999,231.21769723,265.487886,576.5821429,283.312471,786.3886,270.38937530000004,306.930995,388.93551360000004,27.34989523,98.620246,0.0,0.0,0.0,5.011137,352.849703,0.0,97.501194,0.0,328.330479,0.0,685.2143,295.933447,0.0,0.0,202.121802,1.746,0.0,0.0,0.0,479.58635
2023-01-27,81.49822,0.0,598.914806,93.266942,0.0,3571.2888043,0.0,666.302924,248.6522117,265.487863,592.5948727,291.015018,636.064271,271.3886721,311.131142,314.9445235,26.870791699999998,93.266942,0.0,0.0,0.0,7.514089,354.366802,0.0,81.49822,0.0,333.426943,0.0,681.437472,304.422033,0.0,0.0,199.77642,22.005,0.0,0.0,0.0,472.712833
2023-01-28,85.326723,0.0,578.773185,76.90773,1.256489,3648.2091516,0.0,651.8534149999999,235.61024759,263.500053,599.6814704,321.552737,654.675337,256.9252451,295.335065,373.3125951,27.57219305,76.90773,0.0,0.0,0.0,7.513822,354.125407,0.0,85.326723,0.0,315.273132,0.0,668.611699,290.214186,1.256489,0.0,195.94503,12.09302454,0.0,0.0,0.0,478.115003
2023-01-29,81.490258,0.0,610.829902,33.267358,0.004121,3744.5303884,0.0,630.810655,240.40148744,262.413276,620.5082057999999,338.434203,767.931941,225.96263430000002,295.84149,394.7455733,26.033133109999998,33.267358,0.0,0.0,0.0,7.516943,353.980837,0.0,81.490258,0.0,348.416626,0.0,620.947177,269.312875,0.004121,0.0,202.354357,12.01399733,0.0,0.0,0.0,480.159164
2023-01-30,78.903223,0.0,615.83445,76.684212,0.155567,3701.3090583999997,0.0,646.145424,231.43918348,265.062578,584.7353075,398.09729,679.283201,253.1438199,303.010959,398.361584,20.703087359999998,76.684212,0.0,0.0,0.0,7.512499,354.191848,0.0,78.903223,0.0,350.771872,0.0,607.782083,284.441077,0.155567,0.0,198.731085,12.005011119999999,0.0,0.0,0.0,476.894814
2023-01-31,82.897609,0.0,614.7838429999999,76.122992,0.149129,3754.5263322,0.0,642.276911,242.01892024,264.07247,636.1884663999999,492.337628,666.208847,224.3798345,309.468806,374.85619330000003,31.30446621,76.122992,0.0,0.0,0.0,7.515662,353.687805,0.0,82.897609,0.0,350.711373,0.0,574.810282,281.073444,0.149129,0.0,197.385477,13.328977029999999,0.0,0.0,0.0,476.276275
2023-02-01,83.090041,0.0,797.044926,76.201923,1.481621,3053.4635355,0.0,682.189773,283.17835555,281.536669,638.7884371,424.423161,65.494293,222.3321969,297.302311,377.6171515,20.111723100000003,76.201923,0.0,0.0,0.0,7.515826,357.895089,0.0,83.090041,0.0,515.508257,0.0,551.857568,316.778858,1.481621,0.0,253.372637,9.69399545,0.0,0.0,0.0,475.648417
2023-02-02,84.519708,0.0,913.282887,81.553317,0.563249,3760.5745886,0.0,711.143526,287.10940886,281.365097,574.040803,458.369293,730.330157,281.8463258,283.697391,407.9662328,20.95671233,81.553317,0.0,0.0,0.0,7.516596,352.844433,0.0,84.519708,0.0,631.91779,0.0,547.542819,350.782497,0.563249,0.0,253.957699,12.19499753,0.0,0.0,0.0,476.781567
2023-02-03,83.305635,0.0,958.942936,81.631548,0.0,3689.5339869,0.0,706.03036,303.20302649,281.566053,630.6336136,481.224185,799.535338,273.9571682,294.054444,366.2824261,19.9937308,81.631548,0.0,0.0,0.0,7.521763,352.937209,0.0,83.305635,0.0,677.376883,0.0,364.944209,345.571388,0.0,0.0,271.345293,11.86400269,0.0,0.0,0.0,478.902603
2023-02-04,82.402774,0.0,931.100214,59.960506,0.0,3664.2374898,0.0,699.000166,287.83447123,281.308128,638.0115901,423.252111,805.048761,251.4050972,298.900911,398.8986665,19.93124804,59.960506,0.0,0.0,0.0,7.505568,353.753721,0.0,82.402774,0.0,649.792086,0.0,373.884972,337.740877,0.0,0.0,254.990224,12.912999189999999,0.0,0.0,0.0,474.835381
2023-02-05,83.052837,0.0,928.391795,59.831355,0.0,3731.8181763000002,0.0,719.1965650000001,283.02730326,281.332425,610.9538523,383.798208,820.367472,270.7156168,291.585613,400.3681392,18.85675131,59.831355,0.0,0.0,0.0,7.522294,354.743933,0.0,83.052837,0.0,647.05937,0.0,478.114514,356.930338,0.0,0.0,254.238546,9.932005949999999,0.0,0.0,0.0,475.914761
2023-02-06,82.475692,0.0,971.340731,75.97569,0.0,3752.4790068,0.0,784.428052,280.02422566,281.013935,616.5854506000001,395.16237,845.985664,242.22267430000002,292.141735,420.3663079,16.51650665,75.97569,0.0,0.0,0.0,7.512933,365.608831,0.0,82.475692,0.0,690.326796,0.0,463.616813,411.306288,0.0,0.0,253.566716,9.94100301,0.0,0.0,0.0,476.397992
2023-02-07,83.857229,0.0,969.793122,75.99131,0.0,3827.0651411,0.0,803.888412,278.43909548,281.451404,643.4895273,409.312466,817.55684,219.212394,319.504915,414.2701488,15.659132060000001,75.99131,0.0,0.0,0.0,7.596409,360.482573,0.0,83.857229,0.0,688.341718,0.0,526.933197,435.80943,0.0,0.0,252.628961,10.15100242,0.0,0.0,0.0,476.785653
2023-02-08,87.985609,0.0,957.5216829999999,76.102792,0.0,3801.420572,0.0,808.015987,309.75419232,282.987999,625.3794541,410.973192,786.979593,221.844175,301.551741,419.72812689999995,19.0493705,76.102792,0.0,0.0,0.0,7.522359,360.551667,0.0,87.985609,0.0,674.533684,0.0,558.544015,439.941961,0.0,0.0,269.771629,20.933192820000002,0.0,0.0,0.0,476.420275
2023-02-09,92.393153,0.0,969.828518,108.615837,0.0,3845.3681905000003,0.0,789.846621,297.40720602,282.728016,631.7881194,450.111775,767.972465,263.8453591,298.520883,385.789557,20.957118620000003,108.615837,0.0,0.0,0.0,7.523881,349.220527,0.0,92.393153,0.0,687.100502,0.0,571.266932,433.102213,0.0,0.0,263.900095,12.5499924,0.0,0.0,0.0,476.0731
2023-02-10,89.274203,0.0,968.246178,97.794838,0.0,3241.4492293000003,0.0,790.232706,321.34948351,282.871528,610.9404632999999,343.968224,413.276635,218.6716397,294.500305,323.78486730000003,20.087270320000002,97.794838,0.0,0.0,0.0,7.510108,349.131215,0.0,89.274203,0.0,685.37465,0.0,584.182394,433.591383,0.0,0.0,269.456216,31.805997190000003,0.0,0.0,0.0,452.124701
2023-02-11,94.789569,0.0,799.566885,59.83243,0.0,3783.24075,0.0,768.767852,342.48647425,283.323169,580.3736886,421.429092,723.547182,255.44638769999997,312.407709,403.0076757,20.023323920000003,59.83243,0.0,0.0,0.0,7.611749,360.261867,0.0,94.789569,0.0,516.243716,0.0,610.532593,400.894236,0.0,0.0,269.665169,52.79798133,0.0,0.0,0.0,476.496422
2023-02-12,94.783208,0.0,801.668279,60.010884,0.0,3917.8011656,0.0,716.1302890000001,342.63800086,283.610099,640.9445134,462.297193,773.929318,258.1872205,293.220433,416.0431867,20.031366239999997,60.010884,0.0,0.0,0.0,7.513311,360.413181,0.0,94.783208,0.0,518.05818,0.0,596.57747,348.203797,0.0,0.0,269.314632,53.29200262,0.0,0.0,0.0,476.601831
2023-02-13,90.751833,0.0,970.2226290000001,76.146405,0.0,3990.1339012,0.0,732.208306,330.26550019,283.182164,636.5447244,475.031975,819.573271,272.7261252,286.68764,398.13818660000004,20.85017249,76.146405,0.0,0.0,0.0,7.51168,352.499124,0.0,90.751833,0.0,687.040465,0.0,624.305954,372.197502,0.0,0.0,269.263311,40.152016700000004,0.0,0.0,0.0,477.126025
2023-02-14,85.118514,0.0,867.051518,76.219171,0.0,3905.1564523,0.0,729.677823,330.10141623000004,283.278714,616.6202797999999,452.823737,771.840269,290.017156,302.750338,371.2448575,21.23058084,76.219171,0.0,0.0,0.0,7.51794,352.544381,0.0,85.118514,0.0,583.772804,0.0,621.073468,369.615502,0.0,0.0,269.095836,39.77499939,0.0,0.0,0.0,478.786347
2023-02-15,86.870888,0.0,823.60547,76.2173,0.0,3959.8076402,0.0,728.9476169999999,382.65714826,283.137331,634.3577589,484.253222,794.517602,271.1208922,289.297221,372.5844581,19.44306147,76.2173,0.0,0.0,0.0,7.515982,340.516505,0.0,86.870888,0.0,540.468139,0.0,634.386861,380.91513,0.0,0.0,322.336091,40.87799579,0.0,0.0,0.0,479.289625
2023-02-16,79.332811,0.0,972.9347009999999,59.870898,0.0,3808.1348138,0.0,737.216404,383.91906582999997,282.973733,625.8892493,418.775671,760.932734,347.0789593,278.902944,300.83801619999997,18.475130489999998,59.870898,0.0,0.0,0.0,7.520364,338.631766,0.0,79.332811,0.0,689.960968,0.0,596.841034,391.064274,0.0,0.0,323.786933,41.657002340000005,0.0,0.0,0.0,478.876206
2023-02-17,72.894007,0.0,866.8275600000001,70.597791,0.0,3633.0387641,0.0,707.075397,392.52311463,282.163406,630.6844466,458.942422,547.521218,324.7888613,299.143504,323.29233619999997,20.55701643,70.597791,0.0,0.0,0.0,7.523719,338.698509,0.0,72.894007,0.0,584.664154,0.0,569.92417,360.853169,0.0,0.0,323.151087,48.81501120000001,0.0,0.0,0.0,478.741806
2023-02-18,77.211261,0.0,819.587207,59.927802,0.011303,3597.9882965,0.0,620.982319,432.28006584,298.655146,610.8305985,380.422751,384.558359,239.30401830000002,304.663458,421.3875247,20.13384578,59.927802,0.0,0.0,0.0,7.51928,311.573056,0.0,77.211261,0.0,520.932061,0.0,778.114715,301.889983,0.011303,0.0,358.278241,53.867979059999996,0.0,0.0,0.0,478.706872
2023-02-19,83.849682,0.0,679.4717989999999,61.065673,0.0,3718.8381075,0.0,600.846408,434.53650279,297.784561,632.9875779,467.209247,376.424167,246.545382,285.437579,412.6687936,19.770886960000002,61.065673,0.0,0.0,0.0,7.527181,338.666147,0.0,83.849682,0.0,381.687238,0.0,819.129708,254.65308,0.0,0.0,359.949833,54.81578283,0.0,0.0,0.0,478.435653
2023-02-20,83.870582,0.0,761.412025,32.921951,0.0,4000.1004296,0.0,590.503927,416.58500022,236.131701,626.3827442999999,509.969971,590.226619,279.7270618,297.264802,382.6375095,19.095327,32.921951,0.0,0.0,0.0,7.521632,305.756973,0.0,83.870582,0.0,525.280324,0.0,835.535133,277.225322,0.0,0.0,358.182664,39.30700922,0.0,0.0,0.0,478.356589
2023-02-21,94.637385,0.0,777.7944620000001,43.997845,0.0,3937.3514641,0.0,610.2196690000001,433.74799445,235.585497,629.4875743,450.971238,670.698911,252.5803333,309.311123,344.6398025,18.631879039999998,43.997845,0.0,0.0,0.0,7.520762,322.023169,0.0,94.637385,0.0,542.208965,0.0,804.241379,280.675738,0.0,0.0,369.307094,45.80902141,0.0,0.0,0.0,475.421103
2023-02-22,101.316664,0.0,779.8134729999999,54.980327,0.0,4017.2005601,0.0,599.545886,453.00830613,235.955705,626.3020471,388.450666,849.560494,300.7486395,307.388837,303.8316895,19.22526298,54.980327,0.0,0.0,0.0,7.513524,330.741018,0.0,101.316664,0.0,543.857768,0.0,762.861368,261.291344,0.0,0.0,391.729043,42.05400015,0.0,0.0,0.0,478.056819
2023-02-23,106.378916,0.0,810.945129,71.441115,0.0,3840.147376,0.0,587.514702,444.19844078,226.239969,629.0956454,330.330795,823.811772,324.3833069,260.713208,355.7859807,18.45738398,71.441115,0.0,0.0,0.0,7.520637,331.788971,0.0,106.378916,0.0,584.70516,0.0,637.873974,248.205094,0.0,0.0,384.384044,41.3570128,0.0,0.0,0.0,478.152694
2023-02-24,96.326461,0.0,820.8568710000001,93.143644,0.072126,3929.5492078,0.0,593.381427,441.45690336,236.373822,629.2910352,386.217842,853.83088,381.9850262,302.044369,261.0324094,18.314876390000002,93.143644,0.0,0.0,0.0,7.518293,337.176576,0.0,96.326461,0.0,584.483049,0.0,634.73509,248.686558,0.072126,0.0,383.206042,39.93598497,0.0,0.0,0.0,480.412556
2023-02-25,101.557577,0.0,805.85285,77.201096,0.0,3942.5715574,0.0,597.814378,418.07724834,236.636029,629.1360698,463.548442,836.694253,268.5412399,309.604615,353.8448667,19.852687449999998,77.201096,0.0,0.0,0.0,7.517024,337.173104,0.0,101.557577,0.0,569.216821,0.0,603.075557,253.12425,0.0,0.0,346.509582,51.714978890000005,0.0,0.0,0.0,478.126514
2023-02-26,98.272823,0.0,793.07321,77.294789,0.0,3924.3381244,0.0,604.710337,426.06266858000004,221.789098,641.2157863,441.517953,817.669693,267.9502306,313.780083,364.6328045,19.08411894,77.294789,0.0,0.0,0.0,5.026226,337.11927,0.0,98.272823,0.0,571.284112,0.0,599.095871,262.564841,0.0,0.0,355.791534,51.187015640000006,0.0,0.0,0.0,478.475703
2023-02-27,95.226727,0.0,848.072008,82.363981,0.002933,3957.7931583,0.0,636.303115,438.47745962,222.213484,627.9181825,451.214625,856.80245,254.0358199,291.348147,413.8457749,18.46237302,82.363981,0.0,0.0,0.0,7.510878,348.499987,0.0,95.226727,0.0,625.858524,0.0,584.380298,280.29225,0.002933,0.0,380.17508,39.8400066,0.0,0.0,0.0,478.247861
2023-02-28,84.570983,0.0,954.753099,77.090483,0.0,3946.9255001,0.0,672.435819,452.22275134,222.649699,632.4106222,427.188396,874.219581,225.0850961,311.721007,412.7533158,18.5439191,77.090483,0.0,0.0,0.0,0.0,348.201689,0.0,84.570983,0.0,732.1034,0.0,584.87461,324.23413,0.0,0.0,393.492615,40.18621724,0.0,0.0,0.0,478.672872
2023-03-01,87.57303,0.0,757.252676,120.761939,0.241638,4013.2496358,0.0,752.153702,484.46921381,222.816562,633.5537853,411.106061,902.088699,292.767538,289.497585,361.4217825,22.96291318,120.761939,0.0,0.0,0.0,7.58039,365.853124,0.0,87.57303,0.0,534.436114,0.0,644.386227,378.720188,0.241638,0.0,391.647255,69.85904563,0.0,0.0,0.0,478.427958
2023-03-02,94.493243,0.0,855.519807,99.091389,0.0,3982.2843765,0.0,730.1367730000001,478.77320102,222.55665,626.913297,444.53878,881.262878,253.2680614,294.170064,419.4248981,15.3060257,99.091389,0.0,0.0,0.0,7.512759,365.401242,0.0,94.493243,0.0,632.963157,0.0,584.362409,357.222772,0.0,0.0,391.642243,71.82493231999999,0.0,0.0,0.0,478.343989
2023-03-03,98.542106,0.0,703.369584,120.143712,0.0,3890.4530154,0.0,722.477799,482.630778,223.004032,634.8411434,389.319266,887.463168,236.2501432,296.302954,415.5687158,17.39407907,120.143712,0.0,0.0,0.0,7.513501,369.274371,0.0,98.542106,0.0,480.365552,0.0,551.980517,345.689927,0.0,0.0,393.4447,71.79199893,0.0,0.0,0.0,478.727108
2023-03-04,98.036957,0.0,529.396049,65.726767,0.0,3857.6955912,0.0,695.445628,461.61340075,202.247518,634.6248987,450.252266,790.806592,297.92200260000004,301.060968,351.00700689999996,24.06996864,65.726767,0.0,0.0,0.0,7.512319,368.307879,0.0,98.036957,0.0,327.148531,0.0,554.86101,319.62543,0.0,0.0,366.269432,71.27400011,0.0,0.0,0.0,477.160847
2023-03-05,107.70614,0.0,520.143701,65.483396,0.0,3922.5896079,0.0,699.322511,459.19445371999996,201.729633,625.7919571,450.337039,817.05068,323.0466783,280.450247,353.0024655,29.58981561,65.483396,0.0,0.0,0.0,7.512789,368.118547,0.0,107.70614,0.0,318.414068,0.0,600.213708,323.691175,0.0,0.0,359.559582,70.04505611,0.0,0.0,0.0,472.696833
2023-03-06,106.235152,0.0,724.829095,70.781103,0.0,3888.5331622000003,0.0,700.585601,482.16274117,229.988609,637.9782401,470.930136,793.490594,313.9766978,291.132175,339.67204530000004,28.067971739999997,70.781103,0.0,0.0,0.0,7.51191,368.127547,0.0,106.235152,0.0,494.840486,0.0,565.179605,324.946144,0.0,0.0,384.120868,69.97390143000001,0.0,0.0,0.0,476.173669
2023-03-07,98.442569,0.0,853.754289,114.119159,0.0,3633.934401,0.0,702.030696,492.63273444,230.433199,634.0478807000001,462.087935,580.97623,284.94451319999996,288.098219,346.5391061,25.575192219999998,114.119159,0.0,0.0,0.0,7.522671,369.427406,0.0,98.442569,0.0,623.32109,0.0,561.0862,325.080619,0.0,0.0,392.495526,74.56201622,0.0,0.0,0.0,476.154317
2023-03-08,104.492952,0.0,875.1470589999999,92.474997,0.0,3672.0749351,0.0,676.502342,498.33994911,230.621237,633.8675172999999,426.320542,721.363464,249.43534219999998,278.753094,328.1799896,29.76803558,92.474997,0.0,0.0,0.0,7.523327,364.890313,0.0,104.492952,0.0,644.525822,0.0,555.640175,304.088702,0.0,0.0,392.416956,76.15495753,0.0,0.0,0.0,478.514811
2023-03-09,97.207292,0.0,1074.007927,92.439462,0.007566,3746.4735993,0.0,675.9101479999999,496.5554134,230.373107,626.8009373,360.290275,737.880856,269.7257187,270.397978,394.72680130000003,29.061142699999998,92.439462,0.0,0.0,0.0,7.520339,364.992782,0.0,97.207292,0.0,843.63482,0.0,610.990219,303.397027,0.007566,0.0,391.182269,76.3120017,0.0,0.0,0.0,475.660814
2023-03-10,91.929825,0.0,1106.693363,114.075314,0.0,3701.6704195,0.0,628.915082,494.1423549,229.807787,612.0529064,434.603037,643.457539,288.7720628,281.291651,331.4220873,24.88733559,114.075314,0.0,0.0,0.0,7.52142,334.480043,0.0,91.929825,0.0,876.885576,0.0,637.273003,286.913619,0.0,0.0,392.771923,76.48309631000001,0.0,0.0,0.0,472.798133
2023-03-11,89.426209,0.0,971.554263,76.307261,0.0,3976.0721356999998,0.0,631.5974269999999,474.41804847,201.45025,595.4108387,481.846562,810.645567,272.9453371,284.666323,386.52619489999995,30.87269903,76.307261,0.0,0.0,0.0,7.509535,367.469706,0.0,89.426209,0.0,770.104013,0.0,674.169374,256.618186,0.0,0.0,362.541415,81.00393444,0.0,0.0,0.0,469.861939
2023-03-12,98.862657,0.0,960.516879,109.093265,0.0,3917.8488485000003,0.0,640.3572819999999,476.87993464,202.097972,630.1917119,490.803753,709.597931,295.59891830000004,287.683665,373.14505330000003,28.2611958,109.093265,0.0,0.0,0.0,7.518075,367.658588,0.0,98.862657,0.0,758.418907,0.0,652.744902,265.180619,0.0,0.0,366.91664,81.70209884,0.0,0.0,0.0,478.082914
2023-03-13,94.281696,0.0,1037.619179,130.785553,0.0,3902.1604453,0.0,648.407638,489.7315196,231.144042,633.2767182,474.139115,748.02321,376.2671527,232.58085,323.2062764,26.80543299,130.785553,0.0,0.0,0.0,7.511682,368.084726,0.0,94.281696,0.0,806.475137,0.0,635.554209,272.81123,0.0,0.0,384.615111,78.31097561,0.0,0.0,0.0,479.112914
2023-03-14,87.223218,0.0,1066.838551,120.050053,0.289924,3808.7642738,0.0,652.535159,493.5560457,230.55594,555.7011296000001,468.004562,723.419824,363.67826080000003,249.225405,352.31536439999996,23.80134869,120.050053,0.0,0.0,0.0,7.514238,369.511316,0.0,87.223218,0.0,836.282611,0.0,618.18032,275.509605,0.289924,0.0,392.52577,77.22892701,0.0,0.0,0.0,478.239408
2023-03-15,88.129215,0.0,984.2761,81.889865,0.0,3771.5350973,0.0,715.752837,481.27022529,230.107233,562.6231787,497.527441,709.246576,334.0187717,261.147992,355.30397389999996,13.97213906,81.889865,0.0,0.0,0.0,7.512258,370.259143,0.0,88.129215,0.0,754.168867,0.0,572.857158,337.981436,0.0,0.0,391.475107,75.82297923,0.0,0.0,0.0,478.810006
2023-03-16,83.358661,0.0,975.236094,81.856784,0.0,3806.7661144999997,0.0,712.938478,482.39500863,230.845543,563.5592653,537.33471,603.980205,236.03671519999997,271.30363,370.667524,11.07931887,81.856784,0.0,0.0,0.0,7.513316,369.483704,0.0,83.358661,0.0,744.390551,0.0,743.125562,335.941458,0.0,0.0,396.405692,74.90999776000001,0.0,0.0,0.0,480.758503
2023-03-17,82.326237,0.0,971.046627,103.847205,0.0,3729.6964171,0.0,701.824164,501.97623285,230.645179,564.4258487000001,474.041738,567.642621,240.433978,254.445215,366.8542394,29.25544393,103.847205,0.0,0.0,0.0,7.551458,370.693726,0.0,82.326237,0.0,740.401448,0.0,783.597177,323.57898,0.0,0.0,395.637772,77.08301692,0.0,0.0,0.0,478.2556
2023-03-18,82.607568,0.0,958.0336769999999,76.613002,0.0,3749.1999429,0.0,668.500731,465.29780394000005,204.431575,614.7699715,510.437967,619.112291,269.6933168,273.06857,401.09725260000005,30.85539863,76.613002,0.0,0.0,0.0,7.52753,372.263335,0.0,82.607568,0.0,753.602102,0.0,581.837107,288.709866,0.0,0.0,358.378504,76.06390131,0.0,0.0,0.0,479.183467
2023-03-19,78.510293,0.0,956.7203930000001,76.632733,0.0,3794.8629566,0.0,681.7549140000001,459.78209395,202.611433,592.7439873,502.351283,565.88684,219.7992361,288.314274,332.5337222,23.75814742,76.632733,0.0,0.0,0.0,7.511911,372.326495,0.0,78.510293,0.0,754.10896,0.0,815.371392,301.916508,0.0,0.0,359.547846,76.47610053,0.0,0.0,0.0,477.862222
2023-03-20,103.477108,0.0,948.546138,98.115162,0.0,3881.484315,0.0,680.442655,481.50282546,200.177897,633.7570516000001,522.825487,598.446356,274.2464492,278.380595,275.6024162,23.337092379999998,98.115162,0.0,0.0,0.0,7.51774,372.397171,0.0,103.477108,0.0,748.368241,0.0,817.454432,300.527744,0.0,0.0,382.157715,76.00801808,0.0,0.0,0.0,480.771528
2023-03-21,69.844162,0.0,941.520251,98.108203,0.0,3735.2277849,0.0,636.627067,500.86365544,200.716956,614.2873245,540.434109,715.549689,275.3881278,255.775576,375.3461646,24.95980299,98.108203,0.0,0.0,0.0,7.515902,361.211774,0.0,69.844162,0.0,740.803295,0.0,477.61308,267.899391,0.0,0.0,391.150921,84.75293145,0.0,0.0,0.0,480.833714
2023-03-22,58.449492,0.0,950.271742,98.412335,0.0,3897.1443928,0.0,662.2034219999999,507.87419492000004,202.083896,632.80661,539.602295,669.82628,285.134429,292.940454,348.04033780000003,33.05984757,98.412335,0.0,0.0,0.0,7.513886,366.014711,0.0,58.449492,0.0,748.187846,0.0,648.074651,288.674825,0.0,0.0,395.370398,79.44394935,0.0,0.0,0.0,480.719336
2023-03-23,68.053984,0.0,949.992925,98.944119,0.0,3738.9596722,0.0,675.790622,496.21713104,202.167221,574.4971998,534.138944,617.482574,247.5134367,287.007496,362.21081069999997,34.97573957,98.944119,0.0,0.0,0.0,7.507857,365.97236,0.0,68.053984,0.0,747.825704,0.0,635.619955,302.310405,0.0,0.0,390.813438,70.42795347,0.0,0.0,0.0,480.489256
2023-03-24,66.830157,0.0,933.596199,43.98265,0.0,3800.2303219,0.0,642.036349,499.78278022,186.067064,603.2639858,537.094901,639.823944,246.9433619,289.317612,382.0981532,41.95756093,43.98265,0.0,0.0,0.0,7.522114,366.230219,0.0,66.830157,0.0,747.529135,0.0,620.619081,268.284016,0.0,0.0,394.355209,63.47001029,0.0,0.0,0.0,481.069283
2023-03-25,61.653654,0.0,931.8993210000001,44.07942,0.0,3691.2207061,0.0,607.384056,449.02247377000003,180.135562,607.6338776,522.613089,592.63238,258.5469457,272.357109,337.8475708,41.634564270000006,44.07942,0.0,0.0,0.0,7.518328,358.122059,0.0,61.653654,0.0,751.763759,0.0,638.850351,241.743669,0.0,0.0,339.204852,68.1830575,0.0,0.0,0.0,460.739383
2023-03-26,63.06483,0.0,933.34573,44.135842,0.0,3786.5598867,0.0,606.676728,461.90663133,178.333151,626.4199652000001,524.901249,621.933548,267.920593,281.263628,349.3620025,44.89189721,44.135842,0.0,0.0,0.0,7.531086,358.407384,0.0,63.06483,0.0,755.012579,0.0,634.256609,240.738258,0.0,0.0,345.792774,71.22196012,0.0,0.0,0.0,480.502292
2023-03-27,75.598145,0.0,937.7444009999999,109.816533,0.0,3824.8802469,0.0,641.856944,480.32462766,185.160281,620.8907168,538.797593,636.936172,255.9609799,288.707401,366.7458242,33.90741275,109.816533,0.0,0.0,0.0,7.513309,358.269894,0.0,75.598145,0.0,752.58412,0.0,636.535846,276.073741,0.0,0.0,374.513159,71.90405591,0.0,0.0,0.0,480.305714
2023-03-28,68.879674,0.0,938.958312,109.871772,0.0,3851.9333719,0.0,667.734098,506.2013392,185.254347,608.2562578,540.83109,684.814365,260.1431307,292.779512,346.9592284,37.221965149999996,109.871772,0.0,0.0,0.0,7.515661,367.360704,0.0,68.879674,0.0,753.703965,0.0,637.399438,292.857733,0.0,0.0,401.618424,67.36095005,0.0,0.0,0.0,480.75035
2023-03-29,67.390528,0.0,939.0302389999999,103.819906,0.011827,3886.5180398,0.0,680.111622,505.61746010999997,186.827554,621.2266612000001,539.896315,748.900988,271.4892619,284.987886,340.1106527,33.83042881,103.819906,0.0,0.0,0.0,7.511889,368.349614,0.0,67.390528,0.0,752.202685,0.0,599.276158,304.250119,0.011827,0.0,401.182016,70.60501529999999,0.0,0.0,0.0,480.630117
2023-03-30,71.04484,0.0,919.416698,103.86352,0.0,3798.7648853,0.0,658.312148,504.98589234,188.07134,620.4341538,541.386963,732.558475,250.2757402,281.141989,371.9653023,34.589538229999995,103.86352,0.0,0.0,0.0,7.520379,368.497958,0.0,71.04484,0.0,731.345358,0.0,519.644215,282.293811,0.0,0.0,393.744409,76.65194511,0.0,0.0,0.0,481.358047
2023-03-31,65.034692,0.0,914.672097,103.887809,0.0,3920.6877516,0.0,625.017577,505.48138059,188.188118,620.4518187000001,541.778942,741.56936,303.9491578,274.660437,334.53234510000004,34.137337609999996,103.887809,0.0,0.0,0.0,7.519728,367.286233,0.0,65.034692,0.0,726.483979,0.0,623.103272,250.211616,0.0,0.0,394.379012,76.96503098000001,0.0,0.0,0.0,480.642419
2023-04-01,71.83557,0.0,1000.018561,87.450649,0.0,4000.3721265,0.0,653.876069,366.0572509,223.294818,603.8240088,539.490459,822.411534,336.39309280000003,268.008904,335.7887449,10.700525859999999,87.450649,0.0,0.0,0.0,5.004647,364.491264,0.0,71.83557,0.0,776.723743,0.0,613.801383,284.380158,0.0,0.0,348.264723,7.09200204,0.0,0.0,0.0,480.654
2023-04-02,69.91057,0.0,1011.509919,87.464264,0.0,3988.7646132,0.0,647.019941,365.17728573,223.051609,663.1235828,526.328216,792.23431,336.29465760000005,302.848143,267.9173058,10.26443129,87.464264,0.0,0.0,0.0,7.520364,343.348616,0.0,69.91057,0.0,788.45831,0.0,619.338631,296.150961,0.0,0.0,348.172851,6.740003440000001,0.0,0.0,0.0,480.679767
2023-04-03,72.037479,0.0,1057.596078,87.557724,0.0,3987.6790998,0.0,682.744284,384.35877486,261.061099,656.3482774,488.866453,818.819175,400.2727638,272.868854,236.9003466,10.21906757,87.557724,0.0,0.0,0.0,7.516191,365.486402,0.0,72.037479,0.0,796.534979,0.0,632.857338,309.741691,0.0,0.0,371.336713,2.80299429,0.0,0.0,0.0,480.745892
2023-04-04,69.168094,0.0,1176.4585,87.558386,0.0,3959.7386976,0.0,747.338344,418.46905407,260.745022,647.0888139,528.383831,742.057671,400.05169539999997,307.087613,243.70886430000002,10.46841643,87.558386,0.0,0.0,0.0,7.515142,365.665733,0.0,69.168094,0.0,915.713478,0.0,610.714248,374.157469,0.0,0.0,395.209648,12.790989640000001,0.0,0.0,0.0,480.645961
2023-04-05,72.78709,0.0,1193.481223,103.890451,0.0,3996.2791496,0.0,801.7534410000001,411.6458091,260.191697,648.8732145,534.957497,729.773327,371.7792478,311.824214,270.9397283,10.74644207,103.890451,0.0,0.0,0.0,7.528399,382.187895,0.0,72.78709,0.0,933.289526,0.0,647.053313,412.037147,0.0,0.0,393.83137,7.06799703,0.0,0.0,0.0,481.078608
2023-04-06,73.597068,0.0,1190.738628,109.212546,0.0,3930.6462075,0.0,818.159677,415.75453113000003,260.181902,637.2552901,536.086823,748.733206,310.126257,319.416722,315.8083074,10.65558559,109.212546,0.0,0.0,0.0,7.504447,365.627842,0.0,73.597068,0.0,930.556726,0.0,582.740141,445.027388,0.0,0.0,395.651947,9.44699854,0.0,0.0,0.0,480.479461
2023-04-07,70.788525,0.0,1071.026071,133.978444,0.0,3885.5375378,0.0,790.489929,362.05360490000004,243.895494,648.7086637000001,532.749964,774.101996,327.56041780000004,247.051662,351.80039930000004,10.123412740000001,133.978444,0.0,0.0,0.0,7.516446,364.598409,0.0,70.788525,0.0,827.130577,0.0,522.828891,418.375074,0.0,0.0,347.04619,4.8840021600000005,0.0,0.0,0.0,480.735544
2023-04-08,65.726607,0.0,1038.567141,103.480591,0.0,3351.594293,0.0,759.102467,362.30253407,204.077549,582.0122356,438.458031,464.773499,279.3131741,267.313566,333.6480793,9.100552089999999,103.480591,0.0,0.0,0.0,7.513744,364.66066,0.0,65.726607,0.0,834.489592,0.0,536.763164,386.928063,0.0,0.0,346.764982,6.43699998,0.0,0.0,0.0,449.312544
2023-04-09,56.498132,0.0,1035.841878,81.955655,0.0,3442.5291407,0.0,742.535833,362.58005769,204.108258,654.6402451,519.816564,401.725223,284.5609446,280.945033,283.497187,9.46834265,81.955655,0.0,0.0,0.0,7.534511,364.433664,0.0,56.498132,0.0,831.73362,0.0,544.126088,370.567658,0.0,0.0,347.013711,6.09800404,0.0,0.0,0.0,473.217856
2023-04-10,55.218592,0.0,1076.289552,70.979406,0.0,3813.4365734000003,0.0,727.261734,362.86710827999997,244.312901,636.7242864,535.868889,661.575187,303.2854931,309.244068,284.19964489999995,10.18852409,70.979406,0.0,0.0,0.0,7.516965,364.573219,0.0,55.218592,0.0,831.976651,0.0,602.657863,355.17155,0.0,0.0,346.71858,5.96000419,0.0,0.0,0.0,479.881142
2023-04-11,49.295718,0.0,1075.158255,87.293087,0.0,3927.7671868,0.0,742.743067,381.48125306,243.860385,641.2090577,535.780305,695.807991,292.40520310000005,303.247374,344.528922,10.259836060000001,87.293087,0.0,0.0,0.0,7.519792,364.360303,0.0,49.295718,0.0,831.29787,0.0,633.491292,370.862972,0.0,0.0,371.221417,0.0,0.0,0.0,0.0,481.297042
2023-04-12,43.84251,0.0,1078.546013,76.297543,0.0,3743.9822976,0.0,814.327003,399.16636772,244.457194,640.1465154,535.91373,518.823949,274.03162260000005,286.204281,345.9459506,9.496487720000001,76.297543,0.0,0.0,0.0,7.5175,369.558659,0.0,43.84251,0.0,834.088819,0.0,661.764957,437.250844,0.0,0.0,389.66988,0.0,0.0,0.0,0.0,481.151292
2023-04-13,40.026021,0.0,1136.2993589999999,65.344398,0.0,3929.6593119,0.0,821.1703699999999,408.55921662000003,244.376968,638.7958667,535.872873,664.915448,260.4420966,313.897388,365.86483660000005,8.12471087,65.344398,0.0,0.0,0.0,7.518274,364.906905,0.0,40.026021,0.0,891.922391,0.0,668.943009,448.745191,0.0,0.0,390.510512,9.92399375,0.0,0.0,0.0,480.927794
2023-04-14,39.619354,0.0,1137.2954559999998,81.633908,0.0,3801.1686578,0.0,770.551837,418.66786026,243.815292,640.7920048999999,535.298556,543.89021,305.49505980000004,288.254873,348.3779541,11.037120060000001,81.633908,0.0,0.0,0.0,7.515082,364.612661,0.0,39.619354,0.0,893.480164,0.0,658.570406,398.424094,0.0,0.0,395.331734,12.299006199999999,0.0,0.0,0.0,480.489594
2023-04-15,39.827722,0.0,1090.17984,76.739612,0.0,3810.4437644,0.0,739.06269,382.29677485999997,203.922089,647.8911611,532.935703,564.103899,320.466268,308.677503,328.3047753,11.10459375,76.739612,0.0,0.0,0.0,7.522637,364.874223,0.0,39.827722,0.0,886.257751,0.0,627.690405,366.66583,0.0,0.0,361.010201,10.18198011,0.0,0.0,0.0,480.37405
2023-04-16,44.164002,0.0,1112.774611,76.358337,0.0,3639.2102431,0.0,743.402163,382.26240648,220.357593,671.4738662999999,535.533403,382.957489,299.3267086,299.094666,334.6987792,11.04687277,76.358337,0.0,0.0,0.0,7.51567,364.946899,0.0,44.164002,0.0,892.417018,0.0,635.197462,370.939594,0.0,0.0,361.044543,10.170990710000002,0.0,0.0,0.0,480.927869
2023-04-17,46.55318,0.0,1149.836537,103.82524,0.059554,3543.2295207,0.0,774.1138080000001,392.73029958,260.390428,651.8895392000001,446.697587,383.184485,282.45975530000004,296.478271,365.8075242,8.46251658,103.82524,0.0,0.0,0.0,7.494811,370.202642,0.0,46.55318,0.0,889.446109,0.0,633.635034,396.416355,0.059554,0.0,384.267783,0.0,0.0,0.0,0.0,483.077325
2023-04-18,49.919098,0.0,1183.690811,92.855882,0.0,3556.8849606,0.0,832.173217,413.9222101,260.457713,610.5657903,524.721446,356.181055,240.1841555,302.743008,395.6775048,12.65027322,92.855882,0.0,0.0,0.0,7.515148,370.169794,0.0,49.919098,0.0,923.233098,0.0,647.147559,454.488275,0.0,0.0,394.021939,7.24999788,0.0,0.0,0.0,479.664442
2023-04-19,47.51645,0.0,1162.235257,92.748598,0.0,3543.8323233,0.0,842.837779,408.85631494,237.336983,518.6620546,535.250923,434.587508,230.8500774,303.766784,388.3160383,8.93099503,92.748598,0.0,0.0,0.0,7.524832,370.179281,0.0,47.51645,0.0,924.898274,0.0,651.703585,465.133666,0.0,0.0,392.30932,7.61599991,0.0,0.0,0.0,480.695353
2023-04-20,41.608912,0.0,1165.242698,82.322233,0.0,3620.5969623,0.0,819.707066,410.42756643,237.607139,526.7097138,539.489629,413.842231,288.1481857,301.012769,391.7553298,10.318203720000001,82.322233,0.0,0.0,0.0,7.526875,354.437647,0.0,41.608912,0.0,927.635559,0.0,679.004243,457.742544,0.0,0.0,394.257375,5.85198771,0.0,0.0,0.0,480.634861
2023-04-21,35.482778,0.0,1163.192214,82.066182,0.0,3613.7546623999997,0.0,800.320818,407.18581666,223.730797,593.6714375,535.367455,411.742529,284.7082814,303.913975,324.8432735,10.70576534,82.066182,0.0,0.0,0.0,7.520286,370.155185,0.0,35.482778,0.0,939.461417,0.0,678.349522,422.645347,0.0,0.0,393.733049,2.74700232,0.0,0.0,0.0,481.158189
2023-04-22,37.321232,0.0,1165.005028,65.723069,0.0,3455.2346439000003,0.0,717.387017,385.64766307,220.586395,624.526518,521.213213,211.893218,253.0533675,304.718788,382.96542939999995,15.36854038,65.723069,0.0,0.0,0.0,7.62602,370.273273,0.0,37.321232,0.0,944.418633,0.0,673.094846,339.487724,0.0,0.0,363.684118,6.595004690000001,0.0,0.0,0.0,483.769264
2023-04-23,41.492018,0.0,1155.449683,65.581181,0.0,3292.8595481,0.0,707.153634,385.16047004999996,220.831118,629.9776455,526.920074,117.856668,287.7637321,300.730347,359.6342105,15.3243668,65.581181,0.0,0.0,0.0,7.52292,370.389781,0.0,41.492018,0.0,934.618565,0.0,595.512477,329.240933,0.0,0.0,363.251111,6.58499225,0.0,0.0,0.0,474.464394
2023-04-24,49.962225,0.0,1164.10315,98.422698,0.0,3309.3373821,0.0,718.194968,390.77428512,242.13076,627.4818549,541.046763,121.552273,257.4557756,282.011876,409.4625626,10.0404663,98.422698,0.0,0.0,0.0,7.498637,366.783284,0.0,49.962225,0.0,921.97239,0.0,592.284705,343.913047,0.0,0.0,376.065823,4.667995820000001,0.0,0.0,0.0,478.041572
2023-04-25,49.224389,0.0,1139.477061,98.441809,4.7e-05,3336.7859515,0.0,690.727609,396.79683187,241.385873,695.0081475,538.546706,167.008377,287.6525182,275.132155,336.5282628,8.92485517,98.441809,0.0,0.0,0.0,5.004756,369.185659,0.0,49.224389,0.0,898.091188,0.0,556.878854,316.537194,4.7e-05,0.0,376.115968,11.756008699999999,0.0,0.0,0.0,480.030931
2023-04-26,56.812889,0.0,1139.080078,98.339679,0.0,3550.3143759000004,0.0,656.1179950000001,389.27622479,239.770471,639.3591022,539.304262,373.992568,282.7349411,295.641507,347.5539246,9.48448279,98.339679,0.0,0.0,0.0,7.520109,335.162123,0.0,56.812889,0.0,899.309607,0.0,591.761013,313.435763,0.0,0.0,379.791742,0.0,0.0,0.0,0.0,479.967058
2023-04-27,61.419102,0.0,1155.359069,98.561768,0.0,3466.9670063,0.0,660.330868,410.42537337,236.926981,644.2982929,536.26749,317.452963,282.75198389999997,267.74809,363.4583665,10.008666119999999,98.561768,0.0,0.0,0.0,7.51385,334.645049,0.0,61.419102,0.0,918.432088,0.0,574.194914,318.171969,0.0,0.0,394.451717,5.96499025,0.0,0.0,0.0,480.794906
2023-04-28,53.707327,0.0,1164.4558140000001,65.755057,0.0,3427.2796872,0.0,660.454347,407.83454761,237.320209,640.6572388999999,488.577009,307.238187,345.86889130000003,294.391113,288.918086,9.66812256,65.755057,0.0,0.0,0.0,7.526706,335.451283,0.0,53.707327,0.0,927.135605,0.0,580.500537,317.476358,0.0,0.0,394.707419,3.4590060499999997,0.0,0.0,0.0,481.128625
2023-04-29,52.76607,0.0,1145.835805,98.495541,0.0,3379.6708266,0.0,609.47234,384.28733613,220.455942,626.2780846,475.252762,326.925687,284.76073130000003,275.911625,341.2369807,13.067575439999999,98.495541,0.0,0.0,0.0,7.521908,331.844919,0.0,52.76607,0.0,925.379863,0.0,568.788581,270.105513,0.0,0.0,350.476757,20.743003690000002,0.0,0.0,0.0,480.516375
2023-04-30,57.497192,0.0,1158.259405,98.199651,0.0,3425.0920382,0.0,596.261665,384.7582927,220.782027,635.5609793,486.201685,288.918214,281.7286787,279.244544,341.24120419999997,13.586302230000001,98.199651,0.0,0.0,0.0,6.014056,331.873551,0.0,57.497192,0.0,937.477378,0.0,630.890816,258.374058,0.0,0.0,348.552992,22.618998469999998,0.0,0.0,0.0,481.305917
2023-05-01,47.755136,0.0,1149.5005179999998,0.0,0.0,3503.4956994,0.0,614.869428,363.36628208,279.311825,631.5695617,479.347344,370.204834,278.19748439999995,292.673177,335.70431030000003,1.61939226,0.0,0.0,0.0,0.0,0.0,332.344951,0.0,47.755136,0.0,870.188693,0.0,637.20138,282.524477,0.0,0.0,348.895897,12.85099282,0.0,0.0,0.0,478.597608
2023-05-02,53.865261,0.0,1000.13699,0.0,0.0,3416.7718839,0.0,645.990819,377.293956,279.218941,635.8084362000001,487.515899,229.07455,264.8694654,302.387202,373.25410930000004,0.0,0.0,0.0,0.0,0.0,4.960042,344.620875,0.0,53.865261,0.0,720.918049,0.0,644.602833,296.409902,0.0,0.0,377.293956,0.0,0.0,0.0,0.0,479.259389
2023-05-03,53.098219,0.0,989.355537,0.0,0.0,3394.092706,0.0,685.699628,392.508312,279.248373,589.5872698,532.715891,240.164231,305.0372059,259.50759,383.9329753,0.0,0.0,0.0,0.0,0.0,7.519472,372.94484,0.0,53.098219,0.0,710.107164,0.0,602.362601,305.235316,0.0,0.0,392.508312,0.0,0.0,0.0,0.0,480.784942
2023-05-04,57.237788,0.0,983.773179,0.0,0.0,3545.4547988000004,0.0,623.880888,394.875719,278.970338,606.7974729,532.318988,341.479765,310.09646630000003,295.108461,332.1540936,0.0,0.0,0.0,0.0,0.0,5.005866,322.234336,0.0,57.237788,0.0,704.802841,0.0,646.892902,296.640686,0.0,0.0,394.875719,0.0,0.0,0.0,0.0,480.60665
2023-05-05,52.704747,0.0,986.775617,0.0,0.0,2920.9143082,0.0,637.830751,393.864555,278.508714,587.9201082999999,267.563126,120.814976,260.6480512,258.929697,340.5081477,0.0,0.0,0.0,0.0,0.0,6.009797,333.421832,0.0,52.704747,0.0,708.266903,0.0,636.910344,298.399122,0.0,0.0,393.864555,0.0,0.0,0.0,0.0,447.619858
2023-05-06,62.874476,0.0,980.528585,0.0,0.0,3211.1629365,0.0,591.900067,388.60729869,272.482258,632.0928901,429.096731,166.32459,271.3076303,262.651329,340.0846331,0.060791809999999995,0.0,0.0,0.0,0.0,0.0,333.388162,0.0,62.874476,0.0,708.046327,0.0,647.199389,258.511905,0.0,0.0,381.405501,7.14100588,0.0,0.0,0.0,462.405744
2023-05-07,56.035262,0.0,981.102404,0.0,0.0,3349.5487999,0.0,591.3313519999999,391.15555345999996,272.606867,629.0260767000001,521.454723,201.314912,268.5988908,260.836322,341.4356704,3.27914336,0.0,0.0,0.0,0.0,0.0,333.496158,0.0,56.035262,0.0,708.495537,0.0,655.806901,257.835194,0.0,0.0,383.192414,4.6839961,0.0,0.0,0.0,471.075304
2023-05-08,48.252677,0.0,980.803447,0.0,0.0,3630.9790531999997,0.0,639.638516,386.53110545,272.830487,714.8519652,514.387205,340.076764,299.9920719,308.425959,350.28286510000004,4.55113945,0.0,0.0,0.0,0.0,5.026577,333.404784,0.0,48.252677,0.0,707.97296,0.0,617.551865,301.207155,0.0,0.0,381.979966,0.0,0.0,0.0,0.0,485.410358
2023-05-09,47.272959,0.0,991.008099,0.0,0.0,3633.2964549,0.0,643.7780759999999,316.8768469,280.590424,720.4536712,531.807502,345.372299,658.1728027,314.128288,0.0,4.5210509000000005,0.0,0.0,0.0,0.0,5.002619,333.745732,0.0,47.272959,0.0,710.417675,0.0,571.282081,305.029725,0.0,0.0,312.355796,0.0,0.0,0.0,0.0,492.079811
2023-05-10,43.724652,0.0,1180.632811,0.0,0.0,2723.3918341999997,0.0,645.524996,390.56044773,280.286412,798.6985364,525.667681,0.0,585.0106258,321.955213,0.0,0.00695073,0.0,0.0,0.0,0.0,7.517755,335.154869,0.0,43.724652,0.0,900.346399,0.0,0.0,302.852372,0.0,0.0,390.553497,0.0,0.0,0.0,0.0,492.059778
2023-05-11,39.215775,0.0,1195.22343,0.0,0.0,3603.99290941,0.0,648.927356,394.839291,264.237961,759.5711944,530.572516,337.295362,567.1311833999999,322.459264,59.57116261,0.0,0.0,0.0,0.0,0.0,5.000554,335.429419,0.0,39.215775,0.0,930.985469,0.0,535.854455,308.497383,0.0,0.0,394.839291,0.0,0.0,0.0,0.0,491.537772
2023-05-12,36.871632,0.0,965.535606,0.0,0.0,3604.8512236999995,0.0,625.2547529999999,396.405932,247.190861,714.3914573999999,537.983025,327.535055,376.4064649,317.286294,280.45448339999996,0.0,0.0,0.0,0.0,0.0,0.0,334.90042,0.0,36.871632,0.0,718.344745,0.0,559.160816,290.354333,0.0,0.0,396.405932,0.0,0.0,0.0,0.0,491.633628
2023-05-13,42.379049,0.0,1150.688165,21.894424,0.0,3486.5064482,0.0,589.272302,405.55654795,248.083851,603.0943034,520.497791,330.716328,294.6584661,315.348724,343.0963007,0.0,21.894424,0.0,0.0,0.0,0.0,334.659675,0.0,42.379049,0.0,902.604314,0.0,594.975304,254.612627,0.0,0.0,393.701546,11.85500195,0.0,0.0,0.0,484.119231
2023-05-14,45.615371,0.0,1160.445528,10.950442,0.0,3390.1747006,0.0,570.007778,408.41541552999996,247.996575,624.8415489,526.85057,269.458189,286.1201349,313.31885,341.8138268,2.98746578,10.950442,0.0,0.0,0.0,0.0,334.507126,0.0,45.615371,0.0,912.448953,0.0,541.464345,235.500652,0.0,0.0,394.070952,11.35699775,0.0,0.0,0.0,486.307236
2023-05-15,26.624738,0.0,965.919386,32.881534,0.0,3324.1826503,0.0,596.013616,406.16365134,247.679243,656.8863756000001,425.575287,260.761745,278.63158239999996,307.870198,276.3614263,4.470001900000001,32.881534,0.0,0.0,0.0,0.0,334.721425,0.0,26.624738,0.0,718.240143,0.0,638.035847,261.292191,0.0,0.0,393.682653,8.01099644,0.0,0.0,0.0,480.060189
2023-05-16,53.46952,0.0,1148.1850670000001,32.824921,0.0,3233.2136621,0.0,559.691242,402.32083588999996,238.169951,613.7672896,325.138717,194.735854,283.7087429,271.22897,314.9149896,4.36497989,32.824921,0.0,0.0,0.0,0.0,301.093204,0.0,53.46952,0.0,910.015116,0.0,743.669704,258.598038,0.0,0.0,397.955856,0.0,0.0,0.0,0.0,486.049395
2023-05-17,51.473727,0.0,1180.339205,109.04807,0.0,3360.9886278,0.0,591.303298,402.73817151000003,247.467074,607.020174,459.255239,163.186529,281.19030239999995,262.310893,362.1231284,4.3070035099999995,109.04807,0.0,0.0,0.0,0.0,331.229393,0.0,51.473727,0.0,932.872131,0.0,745.023935,260.073905,0.0,0.0,398.431168,0.0,0.0,0.0,0.0,480.878427
2023-05-18,46.715634,0.0,927.5128119999999,221.338643,0.0,3270.2474204,0.0,595.85712,398.62667177,247.612101,627.2809407000001,471.82596,143.17009,276.805729,260.722111,312.2530547,0.0014197699999999999,221.338643,0.0,0.0,0.0,0.0,331.021876,0.0,46.715634,0.0,679.900711,0.0,697.690582,264.835244,0.0,0.0,398.625252,0.0,0.0,0.0,0.0,480.498953
2023-05-19,47.011021,0.0,891.024269,166.05056,0.0,2852.1809981,0.0,586.1242970000001,398.748928,247.008289,641.1732606,216.482393,69.724587,238.69231440000001,243.511083,308.4954551,0.0,166.05056,0.0,0.0,0.0,0.0,331.227478,0.0,47.011021,0.0,644.01598,0.0,683.728747,254.896819,0.0,0.0,398.748928,0.0,0.0,0.0,0.0,450.373158
2023-05-20,42.799561,0.0,881.111076,177.064066,0.0,2937.5969133,0.0,548.7769579999999,411.80110993,246.658096,685.2518622,208.231413,59.287977,261.9081422,268.172165,277.5836759,4.32024062,177.064066,0.0,0.0,0.0,0.0,331.056628,0.0,42.799561,0.0,634.45298,0.0,783.795678,217.72033,0.0,0.0,396.428875,11.051994310000001,0.0,0.0,0.0,393.366
2023-05-21,37.844577,0.0,846.207906,191.445595,0.0,2927.3866909,0.0,552.44826,412.3432963,247.203093,666.495762,214.087208,59.790274,261.44782380000004,268.124408,303.2167321,4.52785558,191.445595,0.0,0.0,0.0,0.0,331.170197,0.0,37.844577,0.0,599.004813,0.0,780.737741,221.278063,0.0,0.0,396.778437,11.037003720000001,0.0,0.0,0.0,373.486742
2023-05-22,14.045073,0.0,609.5118259999999,175.123108,0.0,2846.9069685,0.0,534.90571,396.45815309,247.437075,645.5503025,280.130992,57.460424,275.1496971,272.386266,247.9172369,4.80430509,175.123108,0.0,0.0,0.0,0.0,331.077438,0.0,14.045073,0.0,362.074751,0.0,716.513572,203.828272,0.0,0.0,391.643848,0.01,0.0,0.0,0.0,351.798478
2023-05-23,48.407942,0.0,584.779865,170.643886,0.0,2611.8904872000003,0.0,537.705155,409.61420658,246.307004,444.26628960000005,313.256672,60.302341,270.3362971,227.411149,336.0780725,0.87424349,170.643886,0.0,0.0,0.0,0.0,331.003286,0.0,48.407942,0.0,338.472861,0.0,550.03981,206.701869,0.0,0.0,395.489962,13.25000109,0.0,0.0,0.0,410.199856
2023-05-24,51.808533,0.0,592.155718,170.709397,0.0,2551.8212566,0.0,543.428951,396.804117,245.570065,566.8101104,214.29521,59.003065,263.5757036,227.628157,281.4925916,0.0,170.709397,0.0,0.0,0.0,5.009359,331.062543,0.0,51.808533,0.0,346.585653,0.0,517.468752,207.357049,0.0,0.0,396.804117,0.0,0.0,0.0,0.0,421.547667
2023-05-25,15.5009,0.0,580.567093,175.124813,0.0,2518.4553758,0.0,542.81705,396.661903,246.972659,612.1773168999999,302.894466,73.382958,159.6031549,252.043216,235.551591,0.0,175.124813,0.0,0.0,0.0,7.521163,331.098637,0.0,15.5009,0.0,333.594434,0.0,402.809248,204.19725,0.0,0.0,396.660903,0.001,0.0,0.0,0.0,479.993425
2023-05-26,41.301453,0.0,584.153284,175.122438,0.0,2662.5184038,0.0,557.211871,396.434476,247.485575,634.5595807000001,212.211287,61.575727,255.5754123,276.734835,299.95000780000004,0.0,175.122438,0.0,0.0,0.0,0.0,347.769399,0.0,41.301453,0.0,336.667709,0.0,525.669701,209.442472,0.0,0.0,396.434476,0.0,0.0,0.0,0.0,396.241853
2023-05-27,50.785376,0.0,587.044261,144.510922,0.0,2706.6276109,0.0,547.97619,404.77190097000005,248.130884,645.5285306000001,179.965823,65.732964,271.85835560000004,282.143004,270.2738107,0.0,144.510922,0.0,0.0,0.0,0.0,350.364007,0.0,50.785376,0.0,338.913377,0.0,570.352306,197.612183,0.0,0.0,397.3679,7.404000969999999,0.0,0.0,0.0,420.772817
2023-05-28,52.432835,0.0,587.562376,180.601273,0.0,2684.2885064,0.0,527.227818,408.79437293,244.084667,651.6023787,191.814436,62.702598,261.8859956,270.341859,271.86315410000003,3.8792496,180.601273,0.0,0.0,0.0,0.0,334.266552,0.0,52.432835,0.0,343.477709,0.0,580.288677,192.961266,0.0,0.0,397.653122,7.26200133,0.0,0.0,0.0,393.789408
2023-05-29,44.079915,0.0,577.706153,131.381767,0.0,2628.2157914,0.0,535.751486,400.06632766,248.174179,624.9028433999999,149.904226,66.117044,284.0932157,258.374816,271.9866493,3.81853466,131.381767,0.0,0.0,0.0,5.998272,333.680331,0.0,44.079915,0.0,329.531974,0.0,559.821816,196.072883,0.0,0.0,396.247793,0.0,0.0,0.0,0.0,413.015181
2023-05-30,46.333122,0.0,575.310678,153.897199,0.0,2642.5298644,0.0,539.951138,392.69635602999995,247.82401,655.2604134,236.557517,64.890326,189.3254058,282.330829,258.9761602,1.87184503,153.897199,0.0,0.0,0.0,7.519541,333.6335,0.0,46.333122,0.0,327.486668,0.0,557.140374,198.798097,0.0,0.0,390.824511,0.0,0.0,0.0,0.0,398.048839
2023-05-31,40.724887,0.0,565.651401,120.335967,0.0,2701.6936617,0.0,535.127833,399.55859349,248.017891,678.773912,247.801404,62.596346,154.6475546,274.424392,251.24220309999998,0.0,120.335967,0.0,0.0,0.0,7.517782,330.699643,0.0,40.724887,0.0,317.63351,0.0,604.840611,196.910408,0.0,0.0,396.28159,3.2770034900000002,0.0,0.0,0.0,427.367239
2023-06-01,42.676969,0.0,1007.208032,143.166271,0.0,2634.4755551,0.0,592.839519,395.58029,296.415279,661.2936737,109.50929,68.50909,242.55083280000002,216.744957,251.0113196,0.0,143.166271,0.0,0.0,0.0,7.518811,330.756614,0.0,42.676969,0.0,710.792753,0.0,645.567659,254.564094,0.0,0.0,395.58029,0.0,0.0,0.0,0.0,439.288733
2023-06-02,41.484151,0.0,995.221256,120.589684,0.0,2729.9449914,0.0,587.705599,0.0,283.784343,616.8361815,196.015327,67.699013,251.5826147,269.448709,262.4770082,0.0,120.589684,0.0,0.0,0.0,5.004327,331.684697,0.0,41.484151,0.0,711.436913,0.0,643.304488,251.016575,0.0,0.0,0.0,0.0,0.0,0.0,0.0,422.58165
2023-06-03,45.052269,0.0,991.502231,93.02141,0.0,2737.9862983000003,0.0,569.573093,396.219023,284.006118,608.0023796,244.722658,63.870923,237.0103986,271.928349,248.6163551,0.0,93.02141,0.0,0.0,0.0,6.0067,331.006505,0.0,45.052269,0.0,707.496113,0.0,644.100779,232.559888,0.0,0.0,396.219023,0.0,0.0,0.0,0.0,419.734456
2023-06-04,38.499155,0.0,989.4560569999999,92.652655,0.0,2260.2727131,0.0,537.0307359999999,395.857305,283.773177,611.7962173,280.028682,0.0,249.3469426,262.867428,251.0152642,0.0,92.652655,0.0,0.0,0.0,0.0,331.104264,0.0,38.499155,0.0,705.68288,0.0,193.579382,205.926472,0.0,0.0,395.857305,0.0,0.0,0.0,0.0,411.638797
2023-06-05,35.629791,0.0,936.784548,86.580085,0.0,2718.075251,0.0,340.980552,391.56506,199.956004,614.3011027,278.43877,68.212319,254.1516654,258.812662,260.3200689,0.0,86.580085,0.0,0.0,0.0,7.519088,331.014742,0.0,35.629791,0.0,736.828544,0.0,551.843788,2.446722,0.0,0.0,391.56506,0.0,0.0,0.0,0.0,431.994875
2023-06-06,36.988071,0.0,920.105475,70.386046,0.0,2723.0358654,0.0,333.345479,398.656999,199.795836,583.939794,304.350764,62.8392,230.3304112,262.948634,276.73355219999996,0.0,70.386046,0.0,0.0,0.0,0.0,330.898757,0.0,36.988071,0.0,720.309639,0.0,618.640499,2.446722,0.0,0.0,398.656999,0.0,0.0,0.0,0.0,383.253011
2023-06-07,35.003813,0.0,915.620238,70.300567,0.0,2759.520191,0.0,330.850113,399.208048,199.959979,629.8028883,324.310485,65.057069,277.3102893,273.072723,277.60830239999996,0.0,70.300567,0.0,0.0,0.0,0.0,330.850113,0.0,35.003813,0.0,715.660259,0.0,636.296775,0.0,0.0,0.0,399.208048,0.0,0.0,0.0,0.0,276.061659
2023-06-08,41.366626,0.0,935.808237,70.370735,0.0,2687.8808076,0.0,331.07644600000003,200.249629,200.058019,605.5587056,304.941643,61.309154,244.5574442,268.925827,292.2564588,0.0,70.370735,0.0,0.0,0.0,0.0,331.076269,0.0,41.366626,0.0,735.750218,0.0,622.890188,0.000177,0.0,0.0,200.249629,0.0,0.0,0.0,0.0,287.441387
2023-06-09,30.930887,0.0,931.744819,70.434936,0.0,2686.2626552,0.0,331.252011,363.941055,199.704065,599.5170974,287.923462,65.905468,226.9774242,280.155391,221.5543296,0.0,70.434936,0.0,0.0,0.0,0.0,331.251834,0.0,30.930887,0.0,732.040754,0.0,622.601602,0.000177,0.0,0.0,363.941055,0.0,0.0,0.0,0.0,381.627881
2023-06-10,34.133222,0.0,934.784409,70.322076,0.0,2763.4895306,0.0,338.52621,414.07764051,199.725949,599.176991,307.583145,70.406248,242.5899585,273.02368,236.77702109999998,0.0,70.322076,0.0,0.0,0.0,7.518764,331.007446,0.0,34.133222,0.0,735.05846,0.0,634.757434,0.0,0.0,0.0,396.349647,17.72799351,0.0,0.0,0.0,399.175053
2023-06-11,39.52878,0.0,917.255845,70.603763,0.0,2830.2289878,0.0,338.383721,434.0767479,200.031569,586.6826775,280.830323,69.543968,294.7828909,258.311148,268.9548324,0.0,70.603763,0.0,0.0,0.0,7.520531,330.86319,0.0,39.52878,0.0,717.224276,0.0,619.107459,0.0,0.0,0.0,416.289747,17.7870009,0.0,0.0,0.0,452.015689
2023-06-12,33.468964,0.0,933.9442839999999,54.254598,0.0,2922.0239806,0.0,578.383055,417.67421678000005,200.430404,591.5708137,326.802035,68.397348,283.6574139,272.715999,266.579664,2.82935078,54.254598,0.0,0.0,0.0,7.520637,330.967543,0.0,33.468964,0.0,733.51388,0.0,632.359504,239.894875,0.0,0.0,414.844866,0.0,0.0,0.0,0.0,479.941203
2023-06-13,32.867666,0.0,926.961744,54.241431,0.0,2998.2326759000002,0.0,636.0659,11.15000515,199.813201,599.2235261000001,340.824995,70.629341,347.5174255,282.35697,253.89019430000002,0.0,54.241431,0.0,0.0,0.0,7.58067,330.848322,0.0,32.867666,0.0,727.148543,0.0,625.770791,297.636908,0.0,0.0,0.0,11.15000515,0.0,0.0,0.0,478.019433
2023-06-14,37.459476,0.0,925.192487,70.445164,0.0,3067.7117653,0.0,611.88062,300.60158685,200.382472,576.0895142999999,386.969005,154.483777,341.7563268,282.906794,261.7996632,0.0,70.445164,0.0,0.0,0.0,7.499569,308.983629,0.0,37.459476,0.0,724.810015,0.0,582.919632,295.397422,0.0,0.0,283.621583,16.980003850000003,0.0,0.0,0.0,480.787053
2023-06-15,42.943642,0.0,961.622965,70.4698,0.0,3009.7609727999998,0.0,690.928911,12.73399561,223.454844,563.1065858,313.930208,208.980303,326.90936830000004,279.642667,260.51840169999997,0.0,70.4698,0.0,0.0,0.0,7.563011,330.953709,0.0,42.943642,0.0,738.168121,0.0,587.426247,352.412191,0.0,0.0,0.0,12.73399561,0.0,0.0,0.0,469.247192
2023-06-16,32.301509,0.0,733.704899,59.618825,0.0,2901.8799305,0.0,755.6725,401.95154,0.0,606.2889107999999,360.107847,83.398276,336.61206860000004,224.343871,260.0240811,0.0,59.618825,0.0,0.0,0.0,7.517421,333.417727,0.0,32.301509,0.0,733.704899,0.0,579.998415,414.737352,0.0,0.0,401.95154,0.0,0.0,0.0,0.0,451.106461
2023-06-17,41.689651,0.0,738.200948,54.329041,0.0,2617.2785483,0.0,727.768748,422.90459972,0.003501,548.2526156,279.180365,91.488059,251.700572,260.012745,186.41058669999998,4.68135505,54.329041,0.0,0.0,0.0,7.515308,330.946685,0.0,41.689651,0.0,738.197447,0.0,589.835222,389.306755,0.0,0.0,380.778248,37.44499667,0.0,0.0,0.0,410.398383
2023-06-18,41.073784,0.0,816.280594,54.348461,0.215773,2976.3603239,0.0,709.0334600000001,422.71427608,85.275139,613.0813172000001,344.390264,137.258864,305.9519769,282.5936,262.3027368,5.63978313,54.348461,0.0,0.0,0.0,7.516145,330.883252,0.0,41.073784,0.0,731.005455,0.0,572.714507,370.634063,0.215773,0.0,380.831511,36.24298195,0.0,0.0,0.0,458.067058
2023-06-19,42.639849,0.0,779.713667,65.331458,0.0,2863.7091058,0.0,712.426426,392.6083478,65.74307,591.9476637,257.296258,101.172828,302.7841851,253.947251,264.968405,4.74943455,65.331458,0.0,0.0,0.0,7.515416,330.986835,0.0,42.639849,0.0,713.970597,0.0,627.343221,373.924175,0.0,0.0,359.20892,28.64999325,0.0,0.0,0.0,464.249294
2023-06-20,36.1044,0.0,848.633653,76.014618,0.0,2866.5277899000002,0.0,726.280655,418.5294383,150.646853,589.1353195,261.035433,98.496971,289.1111103,265.160823,268.2923591,0.16556547,76.014618,0.0,0.0,0.0,7.512484,330.843891,0.0,36.1044,0.0,697.9868,0.0,649.134149,387.92428,0.0,0.0,396.332871,22.031001829999997,0.0,0.0,0.0,446.161625
2023-06-21,39.466302,0.0,786.111377,54.31864,0.0,2655.6870325,0.0,738.611469,416.6013178,85.125381,537.5573504,256.647627,80.207272,220.4247315,241.301636,256.5945086,0.0,54.31864,0.0,0.0,0.0,7.558207,333.486968,0.0,39.466302,0.0,700.985996,0.0,652.111463,397.566294,0.0,0.0,396.471315,20.1300028,0.0,0.0,0.0,410.842444
2023-06-22,40.474173,0.0,881.0336219999999,59.938527,0.0,2660.8819470999997,0.0,732.562269,432.89130729,194.989034,559.3152122,146.791634,62.397681,291.4044645,259.79067,237.1632204,0.0,59.938527,0.0,0.0,0.0,7.527774,334.847546,0.0,40.474173,0.0,686.044588,0.0,652.241995,390.186949,0.0,0.0,402.793295,30.09801229,0.0,0.0,0.0,451.77707
2023-06-23,40.941401,0.0,827.8635949999999,70.756358,0.0,2702.2999122,0.0,726.287743,449.36070398,161.523654,566.381906,247.065723,59.232521,281.07976260000004,255.228662,236.8974556,0.0,70.756358,0.0,0.0,0.0,7.523047,337.851947,0.0,40.941401,0.0,666.339941,0.0,640.397035,380.912749,0.0,0.0,402.884701,46.47600298,0.0,0.0,0.0,416.016847
2023-06-24,45.240557,0.0,768.202886,70.56609,0.0,2807.2908030999997,0.0,701.248083,458.37692304999996,83.788936,602.5326626,252.782878,63.052105,277.8372185,246.801923,292.92223,0.0,70.56609,0.0,0.0,0.0,7.510956,342.903483,0.0,45.240557,0.0,684.41395,0.0,614.965694,350.833644,0.0,0.0,399.46693,58.90999305,0.0,0.0,0.0,456.396092
2023-06-25,38.665571,0.0,771.115044,70.446235,0.0,2853.4629126,0.0,709.3492080000001,462.55815591000004,108.308309,632.6123982,267.558776,65.258553,236.4980836,245.885645,296.26156280000004,4.12995174,70.446235,0.0,0.0,0.0,7.513375,342.730111,0.0,38.665571,0.0,662.806735,0.0,631.175588,359.105722,0.0,0.0,399.393203,59.03500117,0.0,0.0,0.0,478.212306
2023-06-26,59.40146,0.0,806.652236,76.044563,0.0,2801.571366,0.0,733.379609,441.27705294,116.536424,608.6920392999999,261.625237,70.14648,230.4036158,273.515734,248.8909299,4.91348858,76.044563,0.0,0.0,0.0,7.520426,342.926228,0.0,59.40146,0.0,690.115812,0.0,635.796456,382.932955,0.0,0.0,398.41256,37.95100436,0.0,0.0,0.0,472.500874
2023-06-27,51.565097,0.0,813.3375020000001,86.647259,0.0,2820.9483239,0.0,747.514876,464.31770543,90.499986,623.3228311,232.522888,69.059045,279.3292548,284.130567,223.373558,0.6156079,86.647259,0.0,0.0,0.0,7.517616,358.884849,0.0,51.565097,0.0,722.837516,0.0,637.649454,381.112411,0.0,0.0,400.3461,63.35599753,0.0,0.0,0.0,471.560726
2023-06-28,56.247234,0.0,925.681179,76.016945,0.0,2834.1552406,0.0,759.896481,435.71446861000004,202.473646,611.7925041,229.394948,75.566071,262.8592148,278.360353,273.70892069999996,0.0,76.016945,0.0,0.0,0.0,7.528191,370.387677,0.0,56.247234,0.0,723.207533,0.0,630.376415,381.980613,0.0,0.0,398.48448,37.22998861,0.0,0.0,0.0,472.096814
2023-06-29,54.017839,0.0,931.075589,65.224786,0.0,2754.2426421,0.0,753.471778,451.31476721,203.771408,634.2576806000001,170.860991,59.605269,254.94373180000002,282.359737,243.02150269999998,7.64550781,65.224786,0.0,0.0,0.0,7.518271,369.335935,0.0,54.017839,0.0,727.304181,0.0,629.020427,376.617572,0.0,0.0,400.80226,42.8669994,0.0,0.0,0.0,480.173303
2023-06-30,67.513719,0.0,919.3530000000001,70.425117,0.0,2751.8494187,0.0,774.816132,463.44962323,203.796865,643.2996952000001,226.758954,61.65456,248.1262879,274.540929,245.7924956,5.01122493,70.425117,0.0,0.0,0.0,7.508462,368.748618,0.0,67.513719,0.0,715.556135,0.0,575.687558,398.559052,0.0,0.0,402.830396,55.608002299999995,0.0,0.0,0.0,475.988939
2023-07-01,58.991895,0.0,1023.4464519999999,70.598058,0.0,2717.8244801,0.0,788.959408,496.46588120999996,297.307748,589.4930379,252.120811,72.595207,241.75500680000002,275.458537,293.3487374,23.67951248,70.598058,0.0,0.0,0.0,7.500162,382.400216,0.0,58.991895,0.0,726.138704,0.0,563.694787,399.05903,0.0,0.0,394.29137,78.49499873,0.0,0.0,0.0,429.358356
2023-07-02,58.266952,0.0,1002.25908,59.53396,0.0,2775.5105228,0.0,761.27723,494.53969929,302.455646,590.509398,263.212402,73.885716,240.32757990000002,278.722632,299.2073329,23.811584460000002,59.53396,0.0,0.0,0.0,7.506178,382.489564,0.0,58.266952,0.0,699.803434,0.0,605.134476,371.281488,0.0,0.0,392.523116,78.20499883,0.0,0.0,0.0,424.510986
2023-07-03,58.739256,0.0,1014.5659350000001,81.158995,0.0,2949.7969562,0.0,804.217029,490.02611003,309.153932,609.2578297,308.116356,92.434347,265.9698524,273.54892,281.6506031,15.618966519999999,81.158995,0.0,0.0,0.0,7.604471,371.512775,0.0,58.739256,0.0,705.412003,0.0,652.823939,425.099783,0.0,0.0,393.668139,80.73900451,0.0,0.0,0.0,465.995109
2023-07-04,59.795724,0.0,1019.431069,54.203779,0.0,2971.069701,0.0,806.4315519999999,506.01532935,308.16477,600.4078298,381.011541,75.793691,275.1995923,253.528662,270.30527989999996,13.24664876,54.203779,0.0,0.0,0.0,7.510355,339.870192,0.0,59.795724,0.0,711.266299,0.0,647.861127,459.051005,0.0,0.0,407.743723,85.02495759,0.0,0.0,0.0,466.961978
2023-07-05,58.374444,0.0,1012.243591,54.385216,0.069227,3043.938896,0.0,763.166612,501.10079844,308.007252,587.7353452000001,399.675954,63.792952,315.3074671,253.945425,273.8518357,15.791199429999999,54.385216,0.0,0.0,0.0,7.519116,339.938755,0.0,58.374444,0.0,704.236339,0.0,668.554761,415.708741,0.069227,0.0,406.650597,78.65900201000001,0.0,0.0,0.0,481.075156
2023-07-06,61.186219,0.0,993.534676,54.401526,0.0,3000.9273347,0.0,801.472266,494.11484226,304.809192,592.3895632,376.977338,80.966965,288.0360108,232.703724,273.1042697,16.02289555,54.401526,0.0,0.0,0.0,7.527894,339.991311,0.0,61.186219,0.0,688.725484,0.0,674.8454,453.953061,0.0,0.0,393.11095,84.98099671,0.0,0.0,0.0,481.904064
2023-07-07,61.739899,0.0,982.2677289999999,65.602759,0.0,3009.8372994,0.0,808.482278,498.68088421,304.902075,575.3730687000001,366.204833,79.786663,281.7330704,271.042047,274.7372443,19.77118836,65.602759,0.0,0.0,0.0,7.529209,339.498875,0.0,61.739899,0.0,677.365654,0.0,681.127498,461.454194,0.0,0.0,393.878712,85.03098385,0.0,0.0,0.0,479.832875
2023-07-08,70.559984,0.0,971.8388239999999,70.939595,0.0,3132.9879727000002,0.0,787.773885,464.45530999,305.044831,606.273679,445.588751,106.927313,282.503253,277.918714,254.7552097,39.07899604,70.939595,0.0,0.0,0.0,7.512186,339.894508,0.0,70.559984,0.0,666.793993,0.0,677.466522,440.367191,0.0,0.0,361.613313,63.763000950000006,0.0,0.0,0.0,481.554531
2023-07-09,49.226067,0.0,940.357702,38.146579,0.0,3111.3230591,0.0,758.5792610000001,466.43060757,304.905884,598.4470571,434.464333,122.281445,305.469571,269.701699,271.737408,44.33860455,38.146579,0.0,0.0,0.0,7.526433,340.194806,0.0,49.226067,0.0,635.451818,0.0,627.592254,410.858022,0.0,0.0,361.35499,60.737013020000006,0.0,0.0,0.0,481.629292
2023-07-10,0.0,0.0,958.1402489999999,87.046376,0.0,3013.3615746,0.0,814.815603,472.80227973,305.752574,580.0978861,441.812675,73.299341,401.70959569999997,258.004705,192.0362308,44.532438570000004,87.046376,0.0,0.0,0.0,7.57069,340.02365,0.0,0.0,0.0,652.387675,0.0,587.779183,467.221263,0.0,0.0,360.554839,67.71500216,0.0,0.0,0.0,478.621958
2023-07-11,0.0,0.0,998.9611580000001,65.279604,0.0,3003.8760343,37.587044,833.519966,485.67513607,306.50508,629.2165428999999,440.858537,74.137926,327.63001310000004,281.763462,214.7820503,10.84889144,65.279604,0.0,0.0,0.0,7.516572,334.050308,0.0,0.0,37.587044,692.456078,0.0,553.83858,491.953086,0.0,0.0,389.997246,84.82899863,0.0,0.0,0.0,481.648923
2023-07-12,0.0,0.0,1003.5670929999999,54.381285,0.0,3084.2628032000002,34.45699,840.616612,516.58410976,305.997511,622.7167642000001,492.081134,83.460986,322.9868553,271.826526,219.80987969999998,19.6237678,54.381285,0.0,0.0,0.0,7.519233,334.597746,0.0,0.0,34.45699,697.569582,0.0,591.209652,498.499633,0.0,0.0,412.516391,84.44395096,0.0,0.0,0.0,480.171006
2023-07-13,0.0,0.0,1001.219989,54.730289,0.0,3048.616657,39.431562,843.6108849999999,480.30849944000005,306.167142,617.599587,499.286685,103.140676,276.640474,245.653807,232.641748,33.24097638,54.730289,0.0,0.0,0.0,7.513751,340.657093,0.0,0.0,39.431562,695.052847,0.0,597.097094,495.440041,0.0,0.0,369.404507,77.66301606,0.0,0.0,0.0,476.556586
2023-07-14,0.0,0.0,1012.5095489999999,54.527675,0.0,2979.0830187,45.854721,863.4187989999999,513.35521908,303.975846,572.0873241,442.995043,132.349011,323.3583158,228.378562,214.20732280000001,40.22272815,54.527675,0.0,0.0,0.0,7.523797,334.349975,0.0,0.0,45.854721,708.533703,0.0,591.565571,521.545027,0.0,0.0,400.00751,73.12498093,0.0,0.0,0.0,474.141869
2023-07-15,0.0,0.0,1007.723476,76.5608,0.0,3482.9005134999998,45.377013,820.960086,469.41410248,303.451053,660.2692366,525.750598,433.16911,323.89128869999996,259.914199,228.31827919999998,51.680762630000004,76.5608,0.0,0.0,0.0,7.52844,321.944055,0.0,0.0,45.377013,704.272423,0.0,578.42351,491.487591,0.0,0.0,333.10834,84.62499985,0.0,0.0,0.0,473.164292
2023-07-16,0.0,0.0,991.1760350000001,27.299365,0.0,3595.5691608,39.89235,704.767104,470.94153716000005,302.838204,667.9539417000001,532.077523,646.146791,334.47643839999995,215.138848,228.5151287,52.22396449,27.299365,0.0,0.0,0.0,7.575163,322.095739,0.0,0.0,39.89235,688.337831,0.0,490.473371,375.096202,0.0,0.0,334.157572,84.56000067000001,0.0,0.0,0.0,480.787119
2023-07-17,0.0,0.0,1005.6935040000001,76.340155,0.0,3684.5461488,34.59985,790.63736,466.93908591999997,304.161991,669.3745362999999,526.534015,690.491334,316.2602378,217.136643,232.7598847,42.29535038,76.340155,0.0,0.0,0.0,7.517662,334.811465,0.0,0.0,34.59985,701.531513,0.0,553.965301,448.308233,0.0,0.0,353.720741,70.92299454,0.0,0.0,0.0,478.024197
2023-07-18,0.0,0.0,962.770014,65.73284,0.0,3778.049298,35.532289,739.750785,498.91015905999996,263.683453,648.1154338,526.005963,716.114325,314.1775972,248.325723,283.438765,48.70710607,65.73284,0.0,0.0,0.0,7.51296,334.449714,0.0,0.0,35.532289,699.086561,0.0,564.855833,397.788111,0.0,0.0,390.191065,60.01198799,0.0,0.0,0.0,477.015658
2023-07-19,0.0,0.0,964.273271,66.269971,0.0,3615.4886848,38.531571,825.993136,483.32643938,264.05262,666.1934071000001,508.505383,646.332814,283.069818,269.342406,236.56054669999997,47.085047859999996,66.269971,0.0,0.0,0.0,7.510314,334.388014,0.0,0.0,38.531571,700.220651,0.0,527.627871,484.094808,0.0,0.0,376.197386,60.044005520000006,0.0,0.0,0.0,477.856439
2023-07-20,0.0,0.0,949.5494269999999,66.498357,0.0,3735.7926804,38.501166,829.125929,499.42254837,264.100931,646.2389336,521.806244,729.240917,291.572885,252.66519,285.6602308,49.942744450000006,66.498357,0.0,0.0,0.0,7.512884,333.768543,0.0,0.0,38.501166,685.448496,0.0,531.275788,487.844502,0.0,0.0,371.045785,78.43401892,0.0,0.0,0.0,477.332492
2023-07-21,0.0,0.0,900.051029,66.87768,0.0,3736.5767413000003,39.608833,844.989108,490.38467305,263.82337,642.5812781000001,522.145219,697.416105,291.5619435,283.750228,286.4073237,44.68422544,66.87768,0.0,0.0,0.0,7.515723,334.482816,0.0,0.0,39.608833,636.227659,0.0,535.4995,502.990569,0.0,0.0,360.404453,85.29599461,0.0,0.0,0.0,477.215144
2023-07-22,0.0,0.0,881.475017,33.450837,0.0,3770.0002839999997,45.575185,830.055636,447.94600592000006,227.067117,654.9633079,526.315081,720.914319,295.9031787,284.38643,275.46375439999997,51.752529530000004,33.450837,0.0,0.0,0.0,7.515904,333.479099,0.0,0.0,45.575185,654.4079,0.0,534.819221,489.060633,0.0,0.0,311.082482,85.11099439,0.0,0.0,0.0,477.234992
2023-07-23,0.0,0.0,852.7642020000001,33.311686,0.0,3828.7998127,28.727854,821.351869,440.84041426,227.116658,634.4235302999999,526.367449,777.728855,295.40923339999995,284.349293,297.810179,45.44949728,33.311686,0.0,0.0,0.0,7.513491,333.350965,0.0,0.0,28.727854,625.647544,0.0,535.21229,480.487413,0.0,0.0,310.502912,84.88800498,0.0,0.0,0.0,477.498983
2023-07-24,19.572998,0.0,902.70148,55.410762,0.0,3877.2951927,0.0,826.689032,458.98941386,262.330211,629.637385,531.789658,792.650016,323.3667172,289.792523,297.7917285,32.6005522,55.410762,0.0,0.0,0.0,7.519303,333.350024,0.0,19.572998,0.0,640.371269,0.0,534.945343,485.819705,0.0,0.0,341.488851,84.90001065999999,0.0,0.0,0.0,477.321822
2023-07-25,22.202463,0.0,898.967639,55.589664,0.0,3920.1164246,0.0,853.082496,476.30718497000004,262.261484,638.3145394,533.676602,799.997751,336.9130736,286.311727,291.1692066,34.08589001,55.589664,0.0,0.0,0.0,7.51642,339.935271,0.0,22.202463,0.0,636.706155,0.0,556.086036,505.630805,0.0,0.0,385.941295,56.27999996,0.0,0.0,0.0,477.647489
2023-07-26,21.449654,0.0,932.4906880000001,55.751685,0.0,3780.8710434,0.0,829.992342,486.30194137,262.775417,605.429826,540.06578,737.430422,327.3795709,259.979553,318.7743325,39.34985721,55.751685,0.0,0.0,0.0,7.525022,339.810973,0.0,21.449654,0.0,669.715271,0.0,514.487331,482.656347,0.0,0.0,362.22807,84.72401416,0.0,0.0,0.0,477.324228
2023-07-27,21.231483,0.0,976.6050640000001,55.380445,0.0,3809.3601938,0.0,841.285706,477.68377357,263.928792,566.628097,530.927489,822.50001,315.4453465,272.313274,316.8507133,44.24499654,55.380445,0.0,0.0,0.0,7.515958,339.395076,0.0,21.231483,0.0,712.676272,0.0,506.915239,494.374672,0.0,0.0,352.234775,81.20400203,0.0,0.0,0.0,477.780025
2023-07-28,21.18523,0.0,951.092429,55.728095,0.0,3786.4445117,0.0,835.770294,439.31782325,264.118935,568.1443611,530.036036,783.318393,320.09808710000004,296.615233,302.8922635,45.56029146,55.728095,0.0,0.0,0.0,7.511537,333.559974,0.0,21.18523,0.0,686.973494,0.0,508.076838,494.698783,0.0,0.0,309.158534,84.59899779000001,0.0,0.0,0.0,477.2633
2023-07-29,58.20668,0.0,901.590812,56.041082,0.0,3775.243735,0.0,814.932773,429.5082161,227.439336,616.1244431,534.077856,757.092109,301.4534629,284.79988,293.838154,53.01707485,56.041082,0.0,0.0,0.0,7.516901,332.890195,0.0,58.20668,0.0,674.151476,0.0,510.211622,474.525677,0.0,0.0,291.84915,84.64199125,0.0,0.0,0.0,477.646208
2023-07-30,62.534986,0.0,891.6211900000001,22.235602,0.0,3701.8896128,0.0,809.450663,429.97130719999996,227.146278,614.6909258,526.417147,731.099855,303.9143752,283.377578,296.5975298,53.88007745,22.235602,0.0,0.0,0.0,7.517205,332.904031,0.0,62.534986,0.0,664.474912,0.0,468.264271,469.029427,0.0,0.0,291.270229,84.82100075,0.0,0.0,0.0,477.527931
2023-07-31,60.473406,0.0,945.7957449999999,56.130755,0.0,3825.8456349,0.0,816.580648,433.02054380000004,262.427755,621.9080711,531.515057,846.188924,305.2848095,280.757511,295.19323330000003,55.63668998,56.130755,0.0,0.0,0.0,7.520552,333.583621,0.0,60.473406,0.0,683.36799,0.0,467.822446,475.476475,0.0,0.0,292.546864,84.83698982,0.0,0.0,0.0,477.175583
2023-08-01,61.58155,0.0,970.2144969999999,22.721406,0.0,3555.3934902,0.0,863.6269880000001,456.73388569,273.699771,602.1100809,525.354565,586.031907,311.6247644,308.032923,269.42293689999997,50.7070397,22.721406,0.0,0.0,0.0,7.519353,329.909838,0.0,61.58155,0.0,696.514726,0.0,475.054791,526.197797,0.0,0.0,329.153853,76.87299299,0.0,0.0,0.0,477.761522
2023-08-02,62.207391,0.0,972.056517,22.404738,0.0,3482.7645218,0.0,866.5899320000001,464.11455242,273.619356,613.7962732999999,505.830114,592.583662,298.2378065,307.539611,246.236802,50.05172965,22.404738,0.0,0.0,0.0,7.517028,331.808782,0.0,62.207391,0.0,698.437161,0.0,441.229131,527.264122,0.0,0.0,336.58584,77.47698276999999,0.0,0.0,0.0,477.311122
2023-08-03,62.113109,0.0,949.240509,22.602647,0.0,3364.0034522,0.0,862.3351710000001,467.57206483,261.553965,646.6983977000001,523.433634,466.625742,300.48229580000003,282.637152,260.53974669999997,49.246509759999995,22.602647,0.0,0.0,0.0,7.518698,332.475126,0.0,62.113109,0.0,687.686544,0.0,405.941278,522.341347,0.0,0.0,340.83055,77.49500506999999,0.0,0.0,0.0,477.645206
2023-08-04,55.557916,0.0,985.427809,22.333295,0.0,3382.2230894,0.0,877.7240979999999,495.32417465,273.363891,632.5482777999999,526.418821,487.428431,300.0571177,272.934552,283.9505329,33.82196056,22.333295,0.0,0.0,0.0,7.508351,332.181431,0.0,55.557916,0.0,712.063918,0.0,401.293751,538.034316,0.0,0.0,384.581219,76.92099509,0.0,0.0,0.0,477.591606
2023-08-05,53.245161,0.0,929.89895,22.373874,0.0,3573.5188762,0.0,852.519413,479.07188883000003,201.664667,648.7585767999999,529.337337,623.907382,301.99514960000005,302.378435,247.91677080000002,36.367277689999995,22.373874,0.0,0.0,0.0,7.511597,333.2129,0.0,53.245161,0.0,728.234283,0.0,441.477444,511.794916,0.0,0.0,365.160613,77.54399814,0.0,0.0,0.0,477.747781
2023-08-06,42.516265,0.0,925.1106460000001,22.306101,0.0,3652.1979737,0.0,834.941372,482.95929148,204.807934,652.3723258,532.614162,676.550941,301.28605369999997,315.017252,255.1763172,38.63820011,22.306101,0.0,0.0,0.0,7.507941,333.19004,0.0,42.516265,0.0,720.302712,0.0,442.146344,494.243391,0.0,0.0,366.403188,77.91790337,0.0,0.0,0.0,477.034578
2023-08-07,38.798621,0.0,999.222998,33.378654,0.0,3704.8403278,0.0,842.91859,475.11435256,275.259481,633.7431313,530.25698,704.418279,414.43866460000004,262.941573,212.1667859,32.69796802,33.378654,0.0,0.0,0.0,7.51334,333.265653,0.0,38.798621,0.0,723.963517,0.0,472.448772,502.139597,0.0,0.0,365.01838,77.39800454,0.0,0.0,0.0,474.426142
2023-08-08,39.331177,0.0,999.735242,33.28533,0.013678,3671.4963984,0.0,839.18325,469.34182752,275.031365,623.6188728999999,529.051363,682.012888,405.3691615,260.804195,214.726572,31.13336682,33.28533,0.0,0.0,0.0,7.513403,333.381681,0.0,39.331177,0.0,724.703877,0.0,482.15341,498.288166,0.013678,0.0,354.694461,83.5139997,0.0,0.0,0.0,473.759936
2023-08-09,45.610328,0.0,995.709441,33.376241,0.030918,3781.4827468,0.0,840.571853,469.65344673000004,274.693593,603.1604399,534.358493,774.238268,385.640703,289.707135,226.89553890000002,23.91367602,33.376241,0.0,0.0,0.0,7.521533,333.683032,0.0,45.610328,0.0,721.015848,0.0,493.501888,499.367288,0.030918,0.0,362.13276,83.60701071,0.0,0.0,0.0,473.980281
2023-08-10,42.406067,0.0,1000.377856,22.610058,0.0,3640.4027324999997,0.0,855.0695900000001,474.02399894,274.598297,576.9393172,539.462709,658.979839,379.0457517,313.394674,220.32368359999998,15.9902266,22.610058,0.0,0.0,0.0,7.519572,333.14981,0.0,42.406067,0.0,725.779559,0.0,484.10983,514.400208,0.0,0.0,395.280758,62.75301434000001,0.0,0.0,0.0,468.146928
2023-08-11,44.356183,0.0,994.166646,66.571536,0.0,3595.3048615999996,0.0,851.366443,470.45006023999997,274.196907,592.3586955,529.340369,651.19351,374.309219,289.818861,215.5224661,13.405855619999999,66.571536,0.0,0.0,0.0,7.512333,337.05968,0.0,44.356183,0.0,719.969739,0.0,462.990838,506.79443,0.0,0.0,391.102212,65.94199262,0.0,0.0,0.0,479.770903
2023-08-12,42.161416,0.0,903.310126,55.422494,0.0,3651.4217184,0.0,804.073072,474.87785813999994,210.678362,558.3889733999999,528.069129,740.582544,342.06964339999996,309.790755,241.8975696,29.16008506,55.422494,0.0,0.0,0.0,7.655622,333.582684,0.0,42.161416,0.0,692.631764,0.0,447.743604,462.834766,0.0,0.0,374.227767,71.49000608,0.0,0.0,0.0,482.8795
2023-08-13,38.436536,0.0,908.272822,55.476222,0.0,3647.807897,0.0,781.341902,476.82672716999997,215.583382,553.4458419,530.155652,700.447292,354.92636369999997,315.784184,231.4251274,30.43640577,55.476222,0.0,0.0,0.0,7.515209,333.37253,0.0,38.436536,0.0,692.68944,0.0,478.845255,440.454163,0.0,0.0,374.757322,71.6329994,0.0,0.0,0.0,482.778181
2023-08-14,39.12213,0.0,961.648909,66.142043,0.0,3693.1761342,0.0,799.677948,477.28741060000004,236.991001,563.6874381,532.705658,757.004022,363.2920935,299.007502,245.6236726,31.21600441,66.142043,0.0,0.0,0.0,7.532248,333.665539,0.0,39.12213,0.0,724.657908,0.0,457.520745,458.480161,0.0,0.0,374.362405,71.70900119,0.0,0.0,0.0,474.335003
2023-08-15,43.38001,0.0,915.0293959999999,44.064331,0.0,3675.5584553,0.0,836.387469,470.36413893,240.972819,582.3514819,532.543327,728.878134,343.69754539999997,307.217465,247.149675,33.883954880000005,44.064331,0.0,0.0,0.0,7.526258,333.683589,0.0,43.38001,0.0,674.056577,0.0,455.317224,495.177622,0.0,0.0,360.705188,75.77499605,0.0,0.0,0.0,478.403603
2023-08-16,42.974666,0.0,983.924125,44.124677,0.0,3672.8690812,0.0,880.035723,497.94730735,274.300484,600.1136892000001,533.158803,674.795998,396.903036,319.292357,217.767971,33.49504072,44.124677,0.0,0.0,0.0,7.517199,333.716958,0.0,42.974666,0.0,709.623641,0.0,452.361071,538.801566,0.0,0.0,390.941282,73.51098463,0.0,0.0,0.0,478.476156
2023-08-17,50.770386,0.0,991.8125729999999,55.208083,0.0,3651.2421475,0.0,854.5484349999999,489.89749186,274.076107,583.2699094,532.78896,715.162211,353.2403421,320.887324,221.913207,35.87475826,55.208083,0.0,0.0,0.0,7.511379,332.613954,0.0,50.770386,0.0,717.736466,0.0,449.634191,514.423102,0.0,0.0,380.407693,73.6150406,0.0,0.0,0.0,474.346003
2023-08-18,49.023881,0.0,989.9485050000001,55.222541,0.0,3626.225385,0.0,841.91208,488.56115132,273.111574,569.7358293,533.340981,694.814029,378.9089735,302.314863,229.0930962,43.090114039999996,55.222541,0.0,0.0,0.0,7.513905,333.584406,0.0,49.023881,0.0,716.836931,0.0,444.047544,500.813769,0.0,0.0,370.229584,75.24145328,0.0,0.0,0.0,473.970069
2023-08-19,47.378878,0.0,925.450255,44.251303,0.0,3329.4768531,0.0,806.480581,456.74150168,218.352939,561.1351865,532.194462,401.224406,381.4774251,318.441821,208.2990625,39.8990002,44.251303,0.0,0.0,0.0,7.526469,333.551151,0.0,47.378878,0.0,707.097316,0.0,452.445362,465.402961,0.0,0.0,340.97209,75.87041148,0.0,0.0,0.0,474.259128
2023-08-20,48.855435,0.0,936.905526,44.305991,0.0,3312.8158314,0.0,814.9841379999999,460.06727195,218.110013,571.0593594,522.627522,405.575623,375.34093210000003,317.29626,205.55987290000002,44.43367283,44.305991,0.0,0.0,0.0,7.51263,333.715195,0.0,48.855435,0.0,718.795513,0.0,449.718256,473.756313,0.0,0.0,339.750138,75.88346112,0.0,0.0,0.0,465.638006
2023-08-21,48.147238,0.0,976.8930770000001,55.603718,0.0,3377.8306788,0.0,858.7311940000001,471.87166113,273.003999,582.1645907999999,521.141983,480.489551,355.5337511,308.905966,206.36960390000002,30.794634390000002,55.603718,0.0,0.0,0.0,7.510428,333.590722,0.0,48.147238,0.0,703.889078,0.0,449.185777,517.630044,0.0,0.0,363.939523,77.13750374,0.0,0.0,0.0,474.039456
2023-08-22,47.11906,0.0,990.682751,77.415061,0.0,3369.6256238,0.0,868.7665410000001,501.04035341,273.466853,642.4124443,535.715335,422.328173,335.5178406,310.069382,195.10761490000002,36.92886986,77.415061,0.0,0.0,0.0,7.512877,333.586806,0.0,47.11906,0.0,717.215898,0.0,453.895401,527.666858,0.0,0.0,391.703729,72.40775454999999,0.0,0.0,0.0,474.579433
2023-08-23,50.790535,0.0,995.51718,76.97248,0.0,3433.7283481,0.0,909.445584,457.19032451000004,274.212711,634.8631831,533.318657,468.503284,333.979298,307.366733,245.107953,28.709913309999997,76.97248,0.0,0.0,0.0,7.511938,336.105391,0.0,50.790535,0.0,721.304469,0.0,435.882612,565.828255,0.0,0.0,389.389468,39.090943200000005,0.0,0.0,0.0,474.706628
2023-08-24,38.911048,0.0,983.704021,87.757766,0.0,2863.0393861000002,0.0,902.782316,487.53857555,273.830626,605.5279671000001,498.617883,147.342009,285.5734119,307.722818,223.1715501,42.84330204,87.757766,0.0,0.0,0.0,7.511938,344.918537,0.0,38.911048,0.0,709.873395,0.0,323.016075,550.351841,0.0,0.0,390.455328,54.23994551,0.0,0.0,0.0,472.067672
2023-08-25,42.740402,0.0,985.308938,76.964462,0.0,2519.8435264,0.0,875.057463,505.50192234,273.774224,582.2758193999999,338.977219,111.141469,245.24206809999998,252.269226,215.77265690000002,43.75707045,76.964462,0.0,0.0,0.0,7.515087,333.898363,0.0,42.740402,0.0,711.534714,0.0,329.217874,533.644013,0.0,0.0,378.21114,83.53371189,0.0,0.0,0.0,444.947194
2023-08-26,47.906932,0.0,895.996499,44.085896,0.0,2026.9305116,0.0,860.9927859999999,498.68548632,210.302003,555.7357632000001,0.0,139.95337,236.0316368,177.027019,162.3299996,39.47545133,44.085896,0.0,0.0,0.0,7.5183,333.37405,0.0,47.906932,0.0,685.694496,0.0,346.660765,520.100436,0.0,0.0,374.730462,84.47957299,0.0,0.0,0.0,409.191958
2023-08-27,47.718283,0.0,886.000317,43.920912,0.0,1948.7569533,0.0,863.81552,487.31648377,210.738549,526.2277962,0.0,141.140757,256.5704861,169.461287,138.513644,32.34520705,43.920912,0.0,0.0,0.0,7.513692,333.243804,0.0,47.718283,0.0,675.261768,0.0,273.06345,523.058024,0.0,0.0,368.740487,86.23078972,0.0,0.0,0.0,443.779533
2023-08-28,49.698182,0.0,973.2458809999999,76.822941,0.0,2007.5592286400001,0.0,860.664862,496.3693688,272.71475,528.597964,0.0,112.719933,296.5030132,148.104252,97.28540744,33.32578232,76.822941,0.0,0.0,0.0,7.514261,352.267476,0.0,49.698182,0.0,700.531131,0.0,424.863073,500.883125,0.0,0.0,378.360478,84.68310848,0.0,0.0,0.0,399.485586
2023-08-29,53.021766,0.0,1018.244309,54.958556,0.0,2077.1703496,0.0,826.656208,516.39287845,261.736892,551.3984362,0.0,314.551229,62.3285082,58.895947,138.9720042,43.49220346,54.958556,0.0,0.0,0.0,7.544623,334.977619,0.0,53.021766,0.0,756.507417,0.0,489.558117,484.133966,0.0,0.0,403.213598,69.68707699,0.0,0.0,0.0,461.466108
2023-08-30,48.788507,0.0,1034.303586,55.060108,0.0,2077.5626064,0.0,900.5407600000001,533.77490019,272.823886,616.4922992999999,0.0,106.779844,277.5162944,125.676084,268.1946367,44.85975235,55.060108,0.0,0.0,0.0,7.517541,336.124094,0.0,48.788507,0.0,761.4797,0.0,479.101104,556.899125,0.0,0.0,414.079229,74.83591884,0.0,0.0,0.0,203.802344
2023-08-31,49.67366,0.0,1034.040604,55.048894,0.0,2075.1604155,0.0,918.4210059999999,521.2207099999999,273.504518,568.3462529,0.0,102.152012,328.7868843,129.838366,248.0129503,37.05641228,55.048894,0.0,0.0,0.0,7.511665,335.577742,0.0,49.67366,0.0,760.536086,0.0,461.394732,575.331599,0.0,0.0,407.07408,77.09021772,0.0,0.0,0.0,236.629218
2023-09-01,53.03777,0.0,1131.119612,55.18309,0.0,2184.8981281,0.0,849.388327,454.77053917,278.286371,684.4291341,0.0,85.819852,312.83372110000005,129.323114,234.75047890000002,37.85403187,55.18309,0.0,0.0,0.0,7.515461,333.256908,0.0,53.03777,0.0,852.833241,0.0,463.475295,508.615958,0.0,0.0,342.131824,74.7846833,0.0,0.0,0.0,274.266533
2023-09-02,51.394433,0.0,1080.873249,44.208916,0.0,1630.0211087769999,0.0,775.7650219999999,461.72505774,245.143053,503.9015258,0.0,71.29426,215.1929725,171.158803,0.032402477,41.51790037,44.208916,0.0,0.0,0.0,7.516409,329.371944,0.0,51.394433,0.0,835.730196,0.0,484.59033,438.876669,0.0,0.0,334.427024,85.78013337,0.0,0.0,0.0,183.850815
2023-09-03,43.298663,0.0,1054.6277360000001,43.978018,0.0,1563.0394388,0.0,782.692979,472.25508239000004,244.835611,418.1801,0.0,80.194377,217.9498408,172.845333,0.0,52.5358246,43.978018,0.0,0.0,0.0,7.51705,333.844474,0.0,43.298663,0.0,809.792125,0.0,492.200874,441.331455,0.0,0.0,333.956762,85.76249579,0.0,0.0,0.0,181.668914
2023-09-04,26.59758,0.0,1118.47802,55.122996,0.0,1565.229949128,0.0,831.621912,461.14801333,280.471706,396.4484312,0.0,78.031973,242.3451373,182.809129,0.000383628,49.015043320000004,55.122996,0.0,0.0,0.0,7.529614,351.803504,0.0,26.59758,0.0,838.006314,0.0,494.149021,472.288794,0.0,0.0,326.410597,85.72237301,0.0,0.0,0.0,171.445874
2023-09-05,21.227293,0.0,1028.207536,82.513411,0.0,1599.8841077,0.0,820.91354,463.66100383,280.610723,356.11494960000005,0.0,66.692067,231.7920261,171.736616,0.0,44.81271506,82.513411,0.0,0.0,0.0,7.517136,331.045282,0.0,21.227293,0.0,747.596813,0.0,499.439139,482.351122,0.0,0.0,333.015524,85.83276477,0.0,0.0,0.0,274.10931
2023-09-06,21.16191,0.0,1023.269864,99.164333,0.0,1587.7699071060001,0.0,847.614188,483.06077549,281.129151,318.5259947,0.0,70.244781,256.6049336,163.873926,0.001993806,48.137305409999996,99.164333,0.0,0.0,0.0,7.507623,335.483727,0.0,21.16191,0.0,742.140713,0.0,480.261528,504.622838,0.0,0.0,349.179207,85.74426308,0.0,0.0,0.0,298.25675
2023-09-07,21.198701,0.0,1014.56493,98.924544,0.0,1433.8778099,0.0,853.678905,458.27533682,279.981691,314.6754326,0.0,56.050468,187.43374930000002,164.066335,0.0,46.11429649,98.924544,0.0,0.0,0.0,7.520001,333.265227,0.0,21.198701,0.0,734.583239,0.0,470.0649,512.893677,0.0,0.0,326.506361,85.65467933,0.0,0.0,0.0,241.586925
2023-09-08,21.106215,0.0,1015.825284,99.074195,0.0,1569.9649032,0.0,849.231978,461.1316835,277.854935,339.9443835,0.0,60.280317,303.7153107,166.718183,0.0,43.48154154,99.074195,0.0,0.0,0.0,7.513751,346.444033,0.0,21.106215,0.0,737.970349,0.0,463.873906,495.274194,0.0,0.0,332.861122,84.78901995999999,0.0,0.0,0.0,235.432803
2023-09-09,20.284022,0.0,922.756678,99.11058,0.0,1544.8305518,0.0,800.52576,471.09880662,221.61826,284.1723813,0.0,78.020409,277.8236685,156.592309,0.0,53.88159917,99.11058,0.0,0.0,0.0,7.511435,331.061423,0.0,20.284022,0.0,701.138418,0.0,471.495556,461.952902,0.0,0.0,343.247221,73.96998645000001,0.0,0.0,0.0,276.726228
2023-09-10,21.098956,0.0,855.019281,99.179245,0.0,1519.5094279,0.0,843.812813,472.03768599,221.437107,312.96808980000003,0.0,57.84208,240.3501311,220.75433,0.0,54.277032,99.179245,0.0,0.0,0.0,7.509411,378.312814,0.0,21.098956,0.0,633.582174,0.0,475.225426,457.990588,0.0,0.0,343.75969,74.00096398999999,0.0,0.0,0.0,212.369371
2023-09-11,22.179713,0.0,873.556068,88.435856,0.0,1585.5826293,0.0,889.3331129999999,471.66173351,279.279034,290.3533342,162.623524,49.342907,235.8560521,147.238771,0.0,45.54423596,88.435856,0.0,0.0,0.0,7.509182,379.103037,0.0,22.179713,0.0,594.277034,0.0,480.265232,502.720894,0.0,0.0,352.127503,73.98999454999999,0.0,0.0,0.0,219.902809
2023-09-12,19.228395,0.0,857.049428,77.373057,0.0,1667.5987792,0.0,892.243472,491.54281685,267.074767,429.9354513,7.286729,46.104779,253.7635189,247.5107,0.0,45.30072064,77.373057,0.0,0.0,0.0,7.525795,378.5395,0.0,19.228395,0.0,589.974661,0.0,497.914669,506.178177,0.0,0.0,373.138109,73.10398721,0.0,0.0,0.0,185.082932
2023-09-13,21.826446,0.0,962.720082,88.448535,0.0,1701.6751906999998,0.0,903.341059,480.32994440000004,279.602919,403.1855465,1.186931,51.998294,268.4687782,215.676434,0.0,45.89338814,88.448535,0.0,0.0,0.0,7.521284,379.406164,0.0,21.826446,0.0,683.117163,0.0,492.847018,516.413611,0.0,0.0,367.15955,67.27700626000001,0.0,0.0,0.0,268.312189
2023-09-14,21.007878,0.0,962.7951009999999,66.33804,0.0,1714.7043702,0.0,890.159083,485.71707749,279.860654,392.5056806,64.911846,44.990849,295.4675626,203.699215,0.0,49.64259049,66.33804,0.0,0.0,0.0,7.515081,341.555091,0.0,21.007878,0.0,682.934447,0.0,470.826356,541.088911,0.0,0.0,363.607502,72.466985,0.0,0.0,0.0,242.302861
2023-09-15,19.091638,0.0,1130.180333,66.297004,0.0,1765.6363976,0.0,901.726065,469.69092743,280.322941,385.9394381,63.746592,48.563919,294.6559045,203.082623,0.0,47.58408254,66.297004,0.0,0.0,0.0,7.517748,351.699148,0.0,19.091638,0.0,849.857392,0.0,491.61411,542.509169,0.0,0.0,349.512837,72.59400789,0.0,0.0,0.0,278.033811
2023-09-16,19.178985,0.0,1091.874282,55.21365,0.0,1859.7325415999999,0.0,849.000017,451.57213984,249.857835,524.65225,83.218841,56.859292,221.4810566,214.596504,0.0,38.95355124,55.21365,0.0,0.0,0.0,7.515995,352.039248,0.0,19.178985,0.0,842.016447,0.0,498.82112,489.444774,0.0,0.0,340.070603,72.54798559999999,0.0,0.0,0.0,260.103478
2023-09-17,21.32603,0.0,1090.415611,55.225633,0.0,1891.7437665000002,0.0,831.302199,460.17107787,245.61963,594.9505026,101.300362,52.159867,212.3476869,208.335081,0.0,46.338531079999996,55.225633,0.0,0.0,0.0,7.519609,351.874846,0.0,21.32603,0.0,844.795981,0.0,476.994236,471.907744,0.0,0.0,341.256558,72.57598879000001,0.0,0.0,0.0,245.656031
2023-09-18,20.64415,0.0,1130.46866,71.77091,0.0,2065.0429685,0.0,846.025113,474.16573087,280.256059,636.5831302,140.533332,66.493948,257.54621430000003,206.297762,0.0,42.67824263,71.77091,0.0,0.0,0.0,7.522962,341.375424,0.0,20.64415,0.0,850.212601,0.0,477.950115,497.126727,0.0,0.0,352.022481,79.46500723999999,0.0,0.0,0.0,279.638467
2023-09-19,19.51144,0.0,1124.380271,49.585729,0.0,1895.1493019,0.0,802.72108,484.67204187999994,280.16282,678.1841323,55.72651,65.192325,245.6764186,192.953319,0.0,47.30896792,49.585729,0.0,0.0,0.0,7.514297,374.560703,0.0,19.51144,0.0,844.217451,0.0,473.601858,420.64608,0.0,0.0,364.38208,72.98099395999999,0.0,0.0,0.0,183.814739
2023-09-20,21.288866,0.0,1135.019135,49.778716,0.0,1701.5865736,0.0,768.692633,471.67138982,278.988129,449.07583239999997,113.300375,61.896201,232.6650382,159.48211,0.0,46.31358427,49.778716,0.0,0.0,0.0,7.517021,338.692915,0.0,21.288866,0.0,856.031006,0.0,508.801656,422.482697,0.0,0.0,352.274817,73.08298855,0.0,0.0,0.0,176.365361
2023-09-21,37.75277,0.0,1141.188647,44.381999,0.0,2322.4077515999998,0.0,797.940794,478.46775347,279.598234,673.3031839,281.727182,75.382568,276.3906077,174.072785,0.0,45.293747,44.381999,0.0,0.0,0.0,7.514098,341.853908,0.0,37.75277,0.0,861.590413,0.0,537.253397,448.572788,0.0,0.0,360.129004,73.04500247,0.0,0.0,0.0,304.278028
2023-09-22,44.838453,0.0,1153.572122,44.14174,0.0,2565.5518135,0.0,900.737555,483.60199196,277.778873,678.6743281,315.508595,39.396662,289.1283818,175.039776,175.5803826,42.88605246,44.14174,0.0,0.0,0.0,7.596385,340.84332,0.0,44.838453,0.0,875.793249,0.0,530.551535,552.29785,0.0,0.0,374.223972,66.4919675,0.0,0.0,0.0,361.672153
2023-09-23,37.878491,0.0,1114.79402,27.679879,0.0,2511.4609633,0.0,890.845241,456.4650438,253.968332,652.0231637999999,265.095731,48.085108,227.329039,177.300157,164.9392685,33.83308843,27.679879,0.0,0.0,0.0,7.52191,355.673554,0.0,37.878491,0.0,860.825688,0.0,538.059614,527.649777,0.0,0.0,368.628954,54.00300137,0.0,0.0,0.0,438.628882
2023-09-24,39.152744,0.0,1119.149904,27.690228,0.0,2448.7868436,0.0,870.823752,457.78739932,247.398796,669.0360307000001,241.310162,53.298491,197.5614817,176.219261,138.8327592,34.54629206,27.690228,0.0,0.0,0.0,7.594772,355.577978,0.0,39.152744,0.0,871.751108,0.0,530.285947,507.651002,0.0,0.0,369.227092,54.01401526,0.0,0.0,0.0,442.242711
2023-09-25,40.355639,0.0,1163.351294,49.553106,0.0,2865.9135403,0.0,897.088579,454.51588041,280.327602,643.7463876,421.579202,221.675884,247.7110921,153.090683,198.3039356,33.13692892,49.553106,0.0,0.0,0.0,7.516022,355.442155,0.0,40.355639,0.0,883.023692,0.0,525.860103,534.130402,0.0,0.0,368.711955,52.66699649,0.0,0.0,0.0,453.946253
2023-09-26,44.034368,0.0,1167.570599,49.591474,0.0,2577.7625276999997,0.0,897.8459509999999,482.66790431000004,280.051673,559.0806445,332.648328,53.611577,264.67740169999996,148.355804,238.4635325,33.28250362,49.591474,0.0,0.0,0.0,7.509559,355.74454,0.0,44.034368,0.0,887.518926,0.0,526.546364,534.591852,0.0,0.0,393.497383,55.88801769,0.0,0.0,0.0,454.378876
2023-09-27,44.321443,0.0,1161.756826,49.714915,0.0,2754.12480572,0.0,928.679956,489.64318932,279.638619,91.85212931999999,435.28515,421.346178,240.4237348,262.542224,323.21374060000005,32.80596784,49.714915,0.0,0.0,0.0,7.509371,355.929763,0.0,44.321443,0.0,882.118207,0.0,523.661918,565.240822,0.0,0.0,398.555229,58.28199248,0.0,0.0,0.0,455.799731
2023-09-28,42.115761,0.0,1144.720826,76.988197,0.0,2796.8481841,0.0,933.74815,469.25047822,280.391314,275.1909543,513.176389,269.48876,255.62414330000001,268.249204,254.5223465,32.35892091,76.988197,0.0,0.0,0.0,7.498111,355.742823,0.0,42.115761,0.0,864.329512,0.0,501.465464,570.507216,0.0,0.0,373.372553,63.51900431,0.0,0.0,0.0,459.130923
2023-09-29,51.110467,0.0,1143.3404600000001,76.930588,0.0,2975.8187394,0.0,935.146699,481.85989269000004,280.814943,420.8858791,496.73937,368.196781,236.55992709999998,260.308931,217.3791842,27.33571053,76.930588,0.0,0.0,0.0,7.514783,367.338078,0.0,51.110467,0.0,862.525517,0.0,516.331842,560.293838,0.0,0.0,396.248189,58.27599316,0.0,0.0,0.0,459.416825
2023-09-30,45.68508,0.0,1130.063779,38.578922,0.0,3116.0686104,0.0,864.428235,458.835323,260.741236,593.9740864,440.874349,415.576581,271.6971622,253.958007,176.4501448,27.246234620000003,38.578922,0.0,0.0,0.0,7.513368,344.649537,0.0,45.68508,0.0,869.322543,0.0,506.559752,512.26533,0.0,0.0,371.230076,60.35901238,0.0,0.0,0.0,456.978528
2023-10-01,51.662964,0.0,855.338017,93.628712,0.0,3144.8318123,0.0,752.686367,406.83190536,314.508959,525.4851468,422.416536,492.15966,278.2795401,258.184445,183.93161840000002,15.666163970000001,93.628712,0.0,0.0,0.0,7.511977,352.459693,0.0,51.662964,0.0,540.829058,0.0,529.298247,392.714697,0.0,0.0,342.138741,49.02700039,0.0,0.0,0.0,455.076619
2023-10-02,62.262547,0.0,949.454131,55.262644,0.0,3191.9907843,0.0,756.572539,458.23959257,314.208094,497.34719789999997,447.713722,540.070777,250.66383390000001,253.096262,226.6372395,16.18362399,55.262644,0.0,0.0,0.0,7.515653,349.959717,0.0,62.262547,0.0,635.246037,0.0,521.600766,399.097169,0.0,0.0,382.110956,59.94501258,0.0,0.0,0.0,454.860986
2023-10-03,61.372604,0.0,946.1999129999999,77.194742,0.0,3099.383042,0.0,759.845818,494.87293397,314.245664,457.9048528,420.616575,458.349063,304.9894205,258.318857,231.2287877,34.519693600000004,77.194742,0.0,0.0,0.0,7.512719,349.975288,0.0,61.372604,0.0,631.954249,0.0,503.896923,402.357811,0.0,0.0,388.710235,71.64300537000001,0.0,0.0,0.0,464.078563
2023-10-04,67.594273,0.0,943.343572,66.153538,0.0,3038.2758722999997,0.0,773.4600399999999,426.17472884,315.063112,533.2629697,510.437492,294.465776,302.9816715,264.343643,212.2260101,46.92878286,66.153538,0.0,0.0,0.0,7.516476,349.698356,0.0,67.594273,0.0,628.28046,0.0,455.624827,416.245208,0.0,0.0,295.069939,84.17600698000001,0.0,0.0,0.0,464.933483
2023-10-05,68.648497,0.0,944.279473,55.184856,0.0,3280.8199535000003,0.0,787.347586,433.15034498,315.060462,479.1208949,545.925381,385.669352,367.0080396,279.400329,270.354906,40.04784213,55.184856,0.0,0.0,0.0,7.514348,350.140505,0.0,68.648497,0.0,629.219011,0.0,485.335909,429.692733,0.0,0.0,321.46751,71.63499284999999,0.0,0.0,0.0,468.005142
2023-10-06,72.181076,0.0,933.1936969999999,77.047679,0.0,3231.6871273,0.0,761.517713,442.6431355,305.229793,532.9617429,515.7865,351.949039,376.0742982,255.865496,240.0368332,47.264405200000006,77.047679,0.0,0.0,0.0,7.515104,350.313054,0.0,72.181076,0.0,627.963904,0.0,500.239212,403.689555,0.0,0.0,313.046737,82.3319933,0.0,0.0,0.0,458.774006
2023-10-07,74.639365,0.0,677.383306,55.040883,0.0,3343.2496778,0.0,745.505191,407.63793867000004,304.652431,586.5734772000001,521.008901,417.411533,385.86944619999997,253.226812,218.7280534,40.78782011,55.040883,0.0,0.0,0.0,7.514269,384.647306,0.0,74.639365,0.0,372.730875,0.0,496.265272,353.343616,0.0,0.0,282.571119,84.27899956,0.0,0.0,0.0,464.166183
2023-10-08,79.310125,0.0,661.930976,55.036391,0.0,3276.0179983,0.0,792.846323,396.56412823,305.049397,609.884125,525.394182,290.081974,391.9724233,254.122209,218.453261,31.69572911,55.036391,0.0,0.0,0.0,7.518658,385.163471,0.0,79.310125,0.0,356.881579,0.0,522.103318,400.164194,0.0,0.0,281.581406,83.28699312,0.0,0.0,0.0,464.006506
2023-10-09,75.397668,0.0,837.432501,99.016466,0.0,3373.1319187999998,0.0,843.160464,384.34036605,305.474185,620.3499905,531.449768,368.014312,389.3937494,258.646265,218.8595909,26.72979277,99.016466,0.0,0.0,0.0,7.514038,390.299185,0.0,75.397668,0.0,531.958316,0.0,524.16581,445.347241,0.0,0.0,276.381577,81.22899628,0.0,0.0,0.0,462.252433
2023-10-10,77.643746,0.0,852.720137,98.992189,0.0,3582.4952321,0.0,876.050993,468.7167432,304.52451,552.7739275,523.870133,622.762614,378.7793171,304.743267,219.1688835,13.18004352,98.992189,0.0,0.0,0.0,7.518979,398.959478,0.0,77.643746,0.0,548.195627,0.0,517.618551,469.572536,0.0,0.0,392.91771,62.61898968,0.0,0.0,0.0,462.778539
2023-10-11,77.300851,0.0,906.013426,55.114384,0.0,3561.351305,0.0,810.041254,468.96965973,315.558237,598.3943297000001,515.584332,604.5872,384.4488885,260.295301,206.8177358,7.8032252,55.114384,0.0,0.0,0.0,7.51729,328.074003,0.0,77.300851,0.0,590.455189,0.0,528.814918,474.449961,0.0,0.0,388.57243,72.59400453,0.0,0.0,0.0,462.4086
2023-10-12,77.195502,0.0,1019.3916159999999,33.151735,0.0,3750.3650133,0.0,835.0892289999999,478.98996913,321.086752,635.9029118999999,528.574524,735.690023,374.34906689999997,267.719695,230.3162975,13.15733343,33.151735,0.0,0.0,0.0,7.518744,324.360374,0.0,77.195502,0.0,698.304864,0.0,515.203981,503.210111,0.0,0.0,397.392652,68.4399837,0.0,0.0,0.0,462.608514
2023-10-13,84.234944,0.0,1021.7229400000001,66.258113,0.0,3711.1508298,0.0,837.208103,472.19372144,320.661988,605.2232975,528.669942,720.096922,380.2396497,288.387117,232.89370359999998,9.0237218,66.258113,0.0,0.0,0.0,7.51081,349.150649,0.0,84.234944,0.0,701.060952,0.0,494.773751,480.546644,0.0,0.0,396.499988,66.67001164,0.0,0.0,0.0,460.866447
2023-10-14,92.92419,0.0,895.7751099999999,66.197587,0.0,3772.791545,0.0,880.021078,473.04876547,319.675666,637.6785697,507.743424,775.041528,375.7893797,305.939703,228.1328046,12.575700300000001,66.197587,0.0,0.0,0.0,7.505112,399.814042,0.0,92.92419,0.0,576.099444,0.0,479.051442,472.701924,0.0,0.0,400.127057,60.346008170000005,0.0,0.0,0.0,463.414694
2023-10-15,92.244328,0.0,893.368607,66.351567,0.0,3754.3809732,0.0,894.721097,480.67478341000003,320.206988,630.2585995,473.429817,779.448619,385.456152,315.17532,224.3268187,9.27569456,66.351567,0.0,0.0,0.0,7.526318,400.219138,0.0,92.244328,0.0,573.161619,0.0,476.287469,486.975641,0.0,0.0,405.825082,65.57400685,0.0,0.0,0.0,469.998178
2023-10-16,93.614907,0.0,1131.130341,88.116363,0.0,3759.133186,0.0,950.696684,450.54987886000004,319.903355,625.929241,469.311436,735.139799,375.7790318,314.36285,235.61355619999998,0.00314027,88.116363,0.0,0.0,0.0,7.511694,400.224849,0.0,93.614907,0.0,811.226986,0.0,536.624638,542.960141,0.0,0.0,401.604754,48.941984590000004,0.0,0.0,0.0,466.372634
2023-10-17,96.32076,0.0,1148.964167,88.504688,0.0,3572.1574376,0.0,950.729758,456.95819919,307.238801,575.3998022999999,518.028511,551.449919,312.6885954,301.172172,283.1611479,0.0,88.504688,0.0,0.0,0.0,7.625923,397.397052,0.0,96.32076,0.0,841.725366,0.0,561.557151,545.706783,0.0,0.0,409.186192,47.77200719,0.0,0.0,0.0,468.700139
2023-10-18,103.016491,0.0,1144.199184,110.59289,0.0,3571.447652,0.0,975.188547,478.02999264,321.457717,505.7025616,539.621103,665.563919,324.7928216,299.697803,271.2797508,0.0,110.59289,0.0,0.0,0.0,7.519964,397.975317,0.0,103.016491,0.0,822.741467,0.0,500.356334,569.693266,0.0,0.0,414.841982,63.18801064,0.0,0.0,0.0,464.433359
2023-10-19,104.437678,0.0,1167.817606,77.557927,0.0,3410.6158013,0.0,971.180306,469.69730239,320.943003,600.1909711000001,497.8129,649.333007,298.9412421,254.515688,171.0909451,0.0,77.557927,0.0,0.0,0.0,7.515114,398.462856,0.0,104.437678,0.0,846.874603,0.0,469.352493,565.202336,0.0,0.0,404.665306,65.03199639,0.0,0.0,0.0,469.378555
2023-10-20,101.828464,0.0,1060.102011,66.39252,0.0,3618.1254488,0.0,950.4685580000001,467.43524518,320.882722,547.313221,527.551064,747.95539,363.6552553,290.833761,194.6950865,0.0,66.39252,0.0,0.0,0.0,7.521691,386.280729,0.0,101.828464,0.0,739.219289,0.0,478.200868,556.666138,0.0,0.0,402.947259,64.48798618,0.0,0.0,0.0,467.920803
2023-10-21,99.678993,0.0,788.341731,38.981061,0.0,3401.9275322999997,0.0,863.436292,459.68478417999995,321.957834,531.2996961,442.819935,613.330145,368.3216063,260.984948,219.6553249,5.77195794,38.981061,0.0,0.0,0.0,7.509339,390.275809,0.0,99.678993,0.0,466.383897,0.0,495.967474,465.651144,0.0,0.0,388.594818,65.31800824,0.0,0.0,0.0,469.548403
2023-10-22,96.589482,0.0,773.6455530000001,72.033302,0.0,3367.9325651999998,0.0,870.575088,476.8901064,320.269612,489.506134,435.029668,574.316219,361.3691273,304.446495,226.8816969,17.46131624,72.033302,0.0,0.0,0.0,7.507454,389.569087,0.0,96.589482,0.0,453.375941,0.0,508.262831,473.498547,0.0,0.0,392.824788,66.60400216,0.0,0.0,0.0,468.120394
2023-10-23,95.215,0.0,989.757684,66.620233,0.0,3376.822151,0.0,926.330778,475.99371433,320.229321,507.5826424,478.828588,670.685593,352.82488939999996,251.475543,275.4705122,9.267764230000001,66.620233,0.0,0.0,0.0,7.518971,389.793538,0.0,95.215,0.0,669.528363,0.0,371.714175,529.018269,0.0,0.0,403.850954,62.874996100000004,0.0,0.0,0.0,468.240208
2023-10-24,86.659802,0.0,1066.047959,33.573238,0.0,3470.1932444,0.0,926.1550599999999,452.91045302000003,320.475228,514.5886819,429.287887,635.632095,367.5349673,300.809091,214.9923302,0.0,33.573238,0.0,0.0,0.0,7.520735,389.767117,0.0,86.659802,0.0,745.572731,0.0,538.710031,528.867208,0.0,0.0,399.494458,53.415995020000004,0.0,0.0,0.0,468.638161
2023-10-25,78.144631,0.0,1081.5956660000002,55.659021,0.0,3457.098775,0.0,955.508326,465.56643042,320.194165,518.7125822,471.737468,581.649316,356.32545569999996,296.962866,224.92763109999999,0.0,55.659021,0.0,0.0,0.0,5.0056,388.557246,0.0,78.144631,0.0,761.401501,0.0,538.809034,561.94548,0.0,0.0,411.381438,54.18499242,0.0,0.0,0.0,467.974422
2023-10-26,82.57571,0.0,1122.787621,55.512537,0.0,3509.7530582,0.0,941.770121,447.42453772,320.473856,541.6175002,443.295168,747.614547,354.556941,278.568681,223.74716,0.0,55.512537,0.0,0.0,0.0,5.005171,387.992628,0.0,82.57571,0.0,802.313765,0.0,452.578147,548.772322,0.0,0.0,410.475534,36.94900372,0.0,0.0,0.0,467.774914
2023-10-27,85.592717,0.0,1002.535225,66.518551,0.0,3547.1152604000004,0.0,915.9217140000001,466.41442397,320.539366,522.5671911000001,471.444876,765.647187,352.9994026,295.561288,215.6961197,0.0,66.518551,0.0,0.0,0.0,5.008087,390.548269,0.0,85.592717,0.0,681.995859,0.0,456.081318,520.365358,0.0,0.0,419.557416,46.85700797,0.0,0.0,0.0,467.117878
2023-10-28,85.93202,0.0,819.681479,44.332965,0.0,3610.1068652,0.0,879.750677,448.14561575,307.869607,549.0372017000001,386.408333,780.600929,382.8731534,299.164291,260.48257309999997,0.0,44.332965,0.0,0.0,0.0,0.0,400.27693,0.0,85.93202,0.0,511.811872,0.0,466.511826,479.473747,0.0,0.0,381.781642,66.36397375,0.0,0.0,0.0,485.028558
2023-10-29,90.054132,0.0,816.807527,66.600711,0.0,3500.4123775,0.0,857.761125,446.60266697,320.601801,489.061444,345.037704,790.429632,335.7433309,306.226757,301.9254556,0.0,66.600711,0.0,0.0,0.0,0.0,401.292578,0.0,90.054132,0.0,496.205726,0.0,466.405951,456.468547,0.0,0.0,384.548658,62.05400897,0.0,0.0,0.0,465.582103
2023-10-30,82.03706,0.0,1062.696072,66.529016,0.0,3604.4775356,0.0,908.166026,471.19627924,320.801951,500.5424815,455.616174,817.267194,330.7235132,306.498326,225.4804549,0.0,66.529016,0.0,0.0,0.0,0.0,400.996688,0.0,82.03706,0.0,741.894121,0.0,504.754725,507.169338,0.0,0.0,416.461271,54.73500824,0.0,0.0,0.0,463.594667
2023-10-31,82.017015,0.0,1081.489683,77.403561,0.0,3541.1233438,0.0,896.286197,446.13448189999997,321.04192,552.378689,425.408893,819.784629,340.5046543,247.704371,232.4567265,0.0,77.403561,0.0,0.0,0.0,0.0,401.0733,0.0,82.017015,0.0,760.447763,0.0,471.963373,495.212897,0.0,0.0,414.881486,31.2529959,0.0,0.0,0.0,450.922008
2023-11-01,84.74553,0.0,832.2272310000001,55.319699,0.0,3540.7842797,0.0,790.739432,442.04653615,321.379834,571.9663279,452.121277,833.674188,322.5893537,256.815442,234.2341031,7.47694403,55.319699,0.0,0.0,0.0,7.510813,389.892475,0.0,84.74553,0.0,510.847397,0.0,418.665419,393.336144,0.0,0.0,395.895596,38.67399612,0.0,0.0,0.0,450.718169
2023-11-02,87.863679,0.0,792.340318,77.460786,0.0,3632.9410245,0.0,744.799672,371.37559226,315.71055,565.431994,469.60282,839.115429,367.3172118,273.260194,227.9581197,19.06491475,77.460786,0.0,0.0,0.0,7.510825,378.806814,0.0,87.863679,0.0,476.629768,0.0,433.577942,358.482033,0.0,0.0,294.158675,58.152002509999996,0.0,0.0,0.0,456.677314
2023-11-03,86.506992,0.0,769.323437,66.250728,0.0,3437.8874258,0.0,796.8134620000001,433.00825582000004,296.349177,540.8194977,312.035695,798.417802,355.1895923,310.798419,256.4959538,3.19452215,66.250728,0.0,0.0,0.0,7.506732,389.873372,0.0,86.506992,0.0,472.97426,0.0,415.124266,399.433358,0.0,0.0,348.810733,81.00300067,0.0,0.0,0.0,449.0062
2023-11-04,75.019308,0.0,814.282786,66.433085,0.0,3628.6656893,0.0,761.045708,440.51691905,314.073383,565.5471314,380.876314,839.843995,375.2562857,292.523328,247.4941972,0.0,66.433085,0.0,0.0,0.0,5.003089,389.426181,0.0,75.019308,0.0,500.209403,0.0,468.403421,366.616438,0.0,0.0,372.310922,68.20599705,0.0,0.0,0.0,458.721017
2023-11-05,86.21282,0.0,770.09927,66.26056,0.0,3808.9285085,0.0,791.2669129999999,439.86899243999994,303.442489,584.4390477000001,494.006339,836.087798,411.763943,292.788999,226.8847958,0.0,66.26056,0.0,0.0,0.0,0.0,389.473261,0.0,86.21282,0.0,466.656781,0.0,500.615,401.793652,0.0,0.0,372.742986,67.12600644,0.0,0.0,0.0,462.342586
2023-11-06,83.424847,0.0,809.7609170000001,99.279051,0.0,3749.2734285,0.0,817.622592,417.57497476000003,310.719792,592.4345176,473.037404,812.626196,413.7774214,292.857793,219.1544105,16.788968,99.279051,0.0,0.0,0.0,7.515682,389.312447,0.0,83.424847,0.0,499.041125,0.0,482.067689,420.794463,0.0,0.0,376.253009,24.53299776,0.0,0.0,0.0,463.317997
2023-11-07,62.723191,0.0,816.8473759999999,110.356037,0.015098,3793.7889032,0.0,824.796332,425.00147400000003,311.10552,573.143341,504.499438,791.100555,331.15007210000005,292.74686,303.5376001,25.331899,110.356037,0.0,0.0,0.0,7.515516,390.441466,0.0,62.723191,0.0,505.741856,0.0,538.212281,426.83935,0.015098,0.0,399.669575,0.0,0.0,0.0,0.0,459.398756
2023-11-08,59.49024,0.0,814.015196,99.601576,0.271485,3857.1754648,0.0,798.464191,445.26579689,311.627285,525.0702318,529.310261,831.100924,342.17596860000003,292.8325,296.41436539999995,28.113985,99.601576,0.0,0.0,0.0,7.516755,377.679242,0.0,59.49024,0.0,502.387911,0.0,581.299833,413.268194,0.271485,0.0,402.054804,15.09700789,0.0,0.0,0.0,458.971381
2023-11-09,59.878647,0.0,855.6913460000001,99.377418,0.000594,3882.4768561,0.0,830.59012,418.722473,300.021471,559.2706822,526.130649,829.400304,284.2059534,316.108475,328.3324935,25.347063,99.377418,0.0,0.0,0.0,7.516443,377.810114,0.0,59.878647,0.0,555.669875,0.0,579.03528,445.263563,0.000594,0.0,393.37541,0.0,0.0,0.0,0.0,459.993019
2023-11-10,79.338067,0.0,875.313363,89.132916,0.0,3803.9765758999997,0.0,823.648478,419.58608,316.090245,542.6627559,463.091064,829.515325,374.0598023,283.280832,275.9844657,23.259285,89.132916,0.0,0.0,0.0,7.518776,377.855333,0.0,79.338067,0.0,559.223118,0.0,583.542664,438.274369,0.0,0.0,396.326795,0.0,0.0,0.0,0.0,451.839667
2023-11-11,75.227733,0.0,970.643372,83.884203,0.0,3638.885808,0.0,799.813652,409.63760099999996,300.050855,504.1463515,316.245686,828.928132,307.0452289,321.922083,307.0957996,21.301567,83.884203,0.0,0.0,0.0,5.998697,377.700811,0.0,75.227733,0.0,670.592517,0.0,591.626541,416.114144,0.0,0.0,388.336034,0.0,0.0,0.0,0.0,461.875986
2023-11-12,77.253754,0.0,944.686258,99.81972,0.0,3603.475133,0.0,802.6040390000001,416.38750882,300.152161,544.2576361,258.152673,806.919671,307.24071269999996,305.977307,324.40256619999997,20.466049,99.81972,0.0,0.0,0.0,6.003464,377.896873,0.0,77.253754,0.0,644.534097,0.0,595.052739,418.703702,0.0,0.0,388.003454,7.91800582,0.0,0.0,0.0,461.471828
2023-11-13,78.334839,0.0,912.06421,121.326761,0.0,3617.3477088,0.0,861.635357,395.770894,311.381473,560.8075484,329.519382,752.34339,252.7978914,306.648429,366.749906,23.206791,121.326761,0.0,0.0,0.0,7.522754,377.628795,0.0,78.334839,0.0,600.682737,0.0,586.982909,476.483808,0.0,0.0,372.564103,0.0,0.0,0.0,0.0,461.498253
2023-11-14,75.597841,0.0,909.744152,109.58019,0.0,3683.0854907,0.0,850.570187,412.424531,310.930637,523.634427,386.516694,756.933475,295.8634913,297.930196,339.3224214,19.805458,109.58019,0.0,0.0,0.0,7.512013,378.104674,0.0,75.597841,0.0,598.813515,0.0,622.167514,464.9535,0.0,0.0,392.619073,0.0,0.0,0.0,0.0,460.717272
2023-11-15,84.453667,0.0,910.630611,87.522964,0.0,3766.4730949,0.0,830.885648,413.434311,310.322614,553.8576092000001,380.436177,758.887286,279.3002126,304.652451,356.1548191,19.75216,87.522964,0.0,0.0,0.0,6.519199,355.620891,0.0,84.453667,0.0,600.307997,0.0,674.107279,468.745558,0.0,0.0,393.682151,0.0,0.0,0.0,0.0,459.077261
2023-11-16,88.724357,0.0,907.673359,109.290789,0.012106,3837.4961021999998,0.0,836.445731,420.44935699999996,304.634593,566.35689,490.746038,815.235303,259.2987362,297.908568,373.6271,21.698585,109.290789,0.0,0.0,0.0,0.0,366.669556,0.0,88.724357,0.0,603.038766,0.0,573.781075,469.776175,0.012106,0.0,398.750772,0.0,0.0,0.0,0.0,460.542392
2023-11-17,86.52303,0.0,929.112701,120.712832,0.0,3872.4746849000003,0.0,798.598233,467.44053199999996,320.552638,565.7370568,475.126477,824.182887,252.0716585,306.488787,363.86357960000004,37.950615,120.712832,0.0,0.0,0.0,7.517002,361.49602,0.0,86.52303,0.0,608.560063,0.0,625.412672,429.585211,0.0,0.0,429.489917,0.0,0.0,0.0,0.0,459.591567
2023-11-18,94.399258,0.0,887.133546,103.999276,0.0,3982.2124267,0.0,780.7907730000001,438.548398,321.493347,561.2896202999999,489.16111,832.419661,271.7349369,313.731723,344.6434305,49.56389,103.999276,0.0,0.0,0.0,7.501908,383.491638,0.0,94.399258,0.0,565.640199,0.0,708.47672,389.797227,0.0,0.0,388.984508,0.0,0.0,0.0,0.0,460.755225
2023-11-19,96.523838,0.0,876.807197,82.100064,0.0,3987.4154135999997,0.0,780.60705,433.923602,320.857123,547.3045791000001,498.600629,834.989122,272.6054627,313.857501,351.1282388,54.938529,82.100064,0.0,0.0,0.0,7.510381,383.386492,0.0,96.523838,0.0,555.950074,0.0,708.479081,389.710177,0.0,0.0,378.985073,0.0,0.0,0.0,0.0,460.4508
2023-11-20,96.184552,0.0,893.170057,125.808796,0.0,4006.7917069,0.0,861.550988,469.71084,320.651625,549.1510817000001,500.760035,840.355613,273.8363436,313.460444,348.1914436,53.608088,125.808796,0.0,0.0,0.0,7.515348,383.508332,0.0,96.184552,0.0,572.518432,0.0,722.051732,470.527308,0.0,0.0,416.102752,0.0,0.0,0.0,0.0,458.985014
2023-11-21,99.353598,0.0,879.3779670000001,131.528861,0.0,4003.4678173,0.0,865.887261,489.531382,321.445486,551.9940649,522.669678,844.153192,275.8428395,308.011499,347.7356139,78.75813,131.528861,0.0,0.0,0.0,7.512968,364.607707,0.0,99.353598,0.0,557.932481,0.0,693.654236,493.766586,0.0,0.0,410.773252,0.0,0.0,0.0,0.0,459.406694
2023-11-22,92.327223,0.0,880.645287,120.770466,0.0,3983.076747,0.0,825.2679119999999,517.1736129999999,321.080033,553.960137,538.260123,839.481364,279.4580083,261.091982,388.3101077,102.945093,120.770466,0.0,0.0,0.0,7.511391,349.69548,0.0,92.327223,0.0,559.565254,0.0,663.121972,468.061041,0.0,0.0,414.22852,0.0,0.0,0.0,0.0,459.393053
2023-11-23,86.865306,0.0,890.198337,139.379919,0.0,4049.8866399999997,0.0,822.447466,501.859738,320.992379,550.1359307,536.310086,836.985918,267.1980522,264.024571,407.4361801,95.372504,139.379919,0.0,0.0,0.0,7.541376,372.218129,0.0,86.865306,0.0,569.205958,0.0,726.503158,442.687961,0.0,0.0,406.487234,0.0,0.0,0.0,0.0,461.292744
2023-11-24,100.31761,0.0,966.92467,164.17187,0.0,3842.1550706,0.0,815.190294,519.317243,321.361096,534.1244714,404.888769,831.337692,264.2300247,264.042238,391.1801945,102.546891,164.17187,0.0,0.0,0.0,7.51913,366.772123,0.0,100.31761,0.0,645.563574,0.0,693.041689,440.899041,0.0,0.0,416.770352,0.0,0.0,0.0,0.0,459.309992
2023-11-25,104.880831,0.0,895.191826,114.989249,0.0,3915.4901044,0.0,820.250462,490.58936070999994,321.687678,581.7954071,428.525238,827.049336,234.3668529,259.813081,404.64898739999995,100.684177,114.989249,0.0,0.0,0.0,7.51848,330.951638,0.0,104.880831,0.0,573.504148,0.0,720.21401,481.780344,0.0,0.0,387.163776,2.74140771,0.0,0.0,0.0,459.077192
2023-11-26,112.479745,0.0,888.4696670000001,115.145704,0.0,4006.1157251,0.0,886.4407649999999,490.97997300000003,322.155998,564.0237686,506.497552,830.817842,263.2808971,259.709238,408.3547114,102.41894,115.145704,0.0,0.0,0.0,7.556032,377.876247,0.0,112.479745,0.0,566.313669,0.0,714.118966,501.008486,0.0,0.0,388.561033,0.0,0.0,0.0,0.0,459.31275
2023-11-27,114.872495,0.0,1033.181991,142.144013,0.0,3914.8375049,0.0,881.259053,499.978096,322.514116,544.4435967000001,410.078561,841.082882,260.5538073,307.792611,368.4587319,106.278388,142.144013,0.0,0.0,0.0,7.522018,377.798316,0.0,114.872495,0.0,710.667875,0.0,722.948712,495.938719,0.0,0.0,393.699708,0.0,0.0,0.0,0.0,459.478603
2023-11-28,114.752247,0.0,1051.04649,65.601806,0.0,3829.6405,0.0,870.705326,585.8283389999999,321.676487,575.7078819,300.455737,847.302219,260.9843119,307.800027,374.51511619999997,126.270232,65.601806,0.0,0.0,0.0,7.519842,363.184818,0.0,114.752247,0.0,729.370003,0.0,703.321906,500.000666,0.0,0.0,459.558107,0.0,0.0,0.0,0.0,459.553301
2023-11-29,104.349184,0.0,1048.81507,109.548947,0.0,3934.3872861,0.0,834.872886,598.660167,320.280045,556.4037555,333.937827,922.050124,287.8045333,259.398151,384.25962530000004,110.823601,109.548947,0.0,0.0,0.0,7.513971,332.512654,0.0,104.349184,0.0,728.535025,0.0,731.365774,494.846261,0.0,0.0,487.836566,0.0,0.0,0.0,0.0,459.167496
2023-11-30,98.590899,0.0,1056.566256,76.750463,0.0,4121.5473934,0.0,815.477015,653.731142,321.790545,591.8239589,411.507066,933.075505,302.17767330000004,256.917022,374.74264719999996,114.102703,76.750463,0.0,0.0,0.0,7.523566,327.124205,0.0,98.590899,0.0,734.775711,0.0,791.587229,480.829244,0.0,0.0,539.628439,0.0,0.0,0.0,0.0,459.716292
2023-12-01,91.469186,0.0,993.9966939999999,65.895833,0.0,4084.0711063,0.0,779.861867,665.7040410000001,305.285627,583.2940697,418.832318,927.20244,268.4497486,297.286554,379.229354,134.362327,65.895833,0.0,0.0,0.0,7.503445,341.114225,0.0,91.469186,0.0,688.711067,0.0,750.580464,431.244197,0.0,0.0,531.341714,0.0,0.0,0.0,0.0,459.196158
2023-12-02,91.881263,0.0,952.710291,54.862919,0.0,4063.636212,0.0,776.067981,606.273066,305.115191,559.9987099,400.855872,921.238027,262.91023640000003,306.015769,374.4282917,136.967053,54.862919,0.0,0.0,0.0,7.516964,361.622887,0.0,91.881263,0.0,647.5951,0.0,777.751409,406.92813,0.0,0.0,469.306013,0.0,0.0,0.0,0.0,460.437897
2023-12-03,98.759457,0.0,917.369618,65.538274,0.0,4151.3116278,0.0,770.3721469999999,605.743571,306.077571,584.9420201,412.776349,927.420146,256.7689773,270.068173,413.46405039999996,135.910363,65.538274,0.0,0.0,0.0,7.517763,361.982821,0.0,98.759457,0.0,611.292047,0.0,827.110923,400.871563,0.0,0.0,469.833208,0.0,0.0,0.0,0.0,458.760989
2023-12-04,103.96083,0.0,958.2894279999999,109.482051,0.0,4089.1037966,0.0,862.270111,625.841264,306.429089,595.5292786,397.520174,887.64568,252.702883,268.417196,410.733615,137.20082,109.482051,0.0,0.0,0.0,7.522106,373.061525,0.0,103.96083,0.0,651.860339,0.0,816.894012,481.68648,0.0,0.0,480.942444,7.698,0.0,0.0,0.0,459.660958
2023-12-05,92.875374,0.0,999.517636,76.625056,0.0,3993.4023951,0.0,893.522488,649.537157,305.797123,558.3712375,339.52058,909.247739,267.4203288,270.704057,392.0374598,133.975789,76.625056,0.0,0.0,0.0,7.508025,366.880127,0.0,92.875374,0.0,693.720513,0.0,796.657328,519.134336,0.0,0.0,515.561368,0.0,0.0,0.0,0.0,459.443665
2023-12-06,99.467182,0.0,1003.239632,65.740731,0.0,4072.3618013,0.0,910.1537470000001,628.527427,304.833324,542.2471966,361.117562,946.251405,258.2885678,272.793475,411.75853989999996,135.84558,65.740731,0.0,0.0,0.0,7.51615,364.359203,0.0,99.467182,0.0,698.406308,0.0,820.809738,538.278394,0.0,0.0,482.401847,10.28,0.0,0.0,0.0,459.095317
2023-12-07,90.966507,0.0,1011.3739740000001,65.676198,0.0,4099.1030474,0.0,848.5006689999999,600.283694,304.586377,568.8848848,378.27541,927.749908,287.2784257,281.173604,376.7639509,141.884788,65.676198,0.0,0.0,0.0,7.511568,378.222993,0.0,90.966507,0.0,706.787597,0.0,819.377572,462.766108,0.0,0.0,458.398906,0.0,0.0,0.0,0.0,459.599292
2023-12-08,101.855547,0.0,944.696537,65.501903,0.0,4036.9718933,0.0,817.920256,604.3596191299999,289.209495,558.5820745,372.158962,910.159644,257.3844239,311.773003,372.1846979,135.598005,65.501903,0.0,0.0,0.0,7.516523,372.424256,0.0,101.855547,0.0,655.487042,0.0,795.366957,437.979477,0.0,0.0,458.70061,10.06100413,0.0,0.0,0.0,459.362131
2023-12-09,100.763702,0.0,951.0442350000001,54.702926,0.0,3976.9899848,0.0,851.175396,582.531611,288.836353,560.8588905,321.207781,881.675361,290.36038310000004,302.771299,343.2547292,132.965519,54.702926,0.0,0.0,0.0,7.513542,338.898677,0.0,100.763702,0.0,662.207882,0.0,817.363624,504.763177,0.0,0.0,449.566092,0.0,0.0,0.0,0.0,459.497917
2023-12-10,97.861104,0.0,920.519205,54.803907,0.0,4053.1914941,0.0,845.7865929999999,578.2781620000001,289.006907,589.1656906000001,319.972669,888.160255,273.48635260000003,310.330019,368.01574089999997,129.760206,54.803907,0.0,0.0,0.0,7.51226,339.005233,0.0,97.861104,0.0,631.512298,0.0,844.648642,499.2691,0.0,0.0,448.517956,0.0,0.0,0.0,0.0,459.412125
2023-12-11,92.927675,0.0,959.526762,54.797852,0.0,4059.9471184,0.0,793.531065,583.353848,304.99387,596.1403671,363.023988,865.180275,280.16820889999997,305.247501,355.1974464,135.08399,54.797852,0.0,0.0,0.0,7.515701,348.666481,0.0,92.927675,0.0,654.532892,0.0,832.332465,437.348883,0.0,0.0,448.269858,0.0,0.0,0.0,0.0,462.656867
2023-12-12,85.850496,0.0,959.299704,43.961878,0.0,4009.179578,0.0,832.112334,589.448945,305.136839,577.0995522000001,357.876042,853.871979,282.279944,306.272189,351.97373880000004,136.944307,43.961878,0.0,0.0,0.0,7.518851,338.35092,0.0,85.850496,0.0,654.162865,0.0,821.372455,486.242563,0.0,0.0,452.504638,0.0,0.0,0.0,0.0,458.433678
2023-12-13,91.438458,0.0,950.794303,0.136466,0.0,4033.5056184,0.0,836.232534,592.157684,306.185927,573.427506,394.546354,843.636972,253.4073195,308.37434,379.39853789999995,137.6544,0.136466,0.0,0.0,0.0,7.518322,342.17149,0.0,91.438458,0.0,644.608376,0.0,820.248014,486.542722,0.0,0.0,454.503284,0.0,0.0,0.0,0.0,460.466575
2023-12-14,95.644314,0.0,948.0294959999999,32.837652,0.0,4037.9191199,0.0,808.198403,589.588657,305.174834,558.4070712,429.828963,840.677715,252.6868697,302.798385,391.615847,133.923433,32.837652,0.0,0.0,0.0,7.514842,340.5158,0.0,95.644314,0.0,642.854662,0.0,801.327136,460.167761,0.0,0.0,455.665224,0.0,0.0,0.0,0.0,460.577133
2023-12-15,93.905003,0.0,929.308662,65.595045,0.0,4007.5004203,0.0,781.585507,588.957321,305.37023,569.2387734,427.754173,845.996572,248.6039869,304.431246,389.662718,137.71705,65.595045,0.0,0.0,0.0,7.519811,310.179696,0.0,93.905003,0.0,623.938432,0.0,762.335929,463.886,0.0,0.0,451.240271,0.0,0.0,0.0,0.0,459.477022
2023-12-16,81.93699,0.0,932.293747,65.528905,0.0,4103.3207959,0.0,767.859114,578.42927202,290.11455,598.7421598999999,506.710843,845.363303,232.9757518,314.515009,393.37937919999996,134.469817,65.528905,0.0,0.0,0.0,7.523116,309.779462,0.0,81.93699,0.0,642.179197,0.0,752.288394,450.556536,0.0,0.0,437.848443,6.1110120199999995,0.0,0.0,0.0,459.345956
2023-12-17,86.611708,0.0,932.342828,81.940517,0.0,3989.729597,0.0,770.128705,572.106445,290.786806,597.6834746000001,531.437834,841.387802,220.36716030000002,315.156544,407.4118861,134.182325,81.940517,0.0,0.0,0.0,7.520744,309.893464,0.0,86.611708,0.0,641.556022,0.0,616.881532,452.714497,0.0,0.0,437.92412,0.0,0.0,0.0,0.0,459.403364
2023-12-18,87.481552,0.0,933.885273,92.726549,0.0,4024.6333605,0.0,777.944565,573.325742,300.197987,589.7438936,535.296185,843.002292,231.2158662,322.330455,391.9710207,136.292755,92.726549,0.0,0.0,0.0,7.511126,309.929178,0.0,87.481552,0.0,633.687286,0.0,650.482829,460.504261,0.0,0.0,437.032987,0.0,0.0,0.0,0.0,460.590819
2023-12-19,96.180496,0.0,898.86217,76.474995,0.0,4080.7939637,0.0,777.506493,587.138037,307.437177,593.7589761,533.520469,845.417139,259.97579509999997,298.457074,386.5959645,137.14732,76.474995,0.0,0.0,0.0,7.518911,309.964191,0.0,96.180496,0.0,591.424993,0.0,702.424502,460.023391,0.0,0.0,449.990717,0.0,0.0,0.0,0.0,460.644044
2023-12-20,97.286223,0.0,905.450333,70.943551,0.0,4033.6892428,0.0,773.482115,598.969444,307.046102,605.6285297000001,525.172301,843.967672,256.2468913,304.348843,380.61485980000003,137.852952,70.943551,0.0,0.0,0.0,7.524398,309.913381,0.0,97.286223,0.0,598.404231,0.0,657.298029,456.044336,0.0,0.0,461.116492,0.0,0.0,0.0,0.0,460.412117
2023-12-21,90.714338,0.0,900.3403549999999,60.142259,0.0,4051.4798354,0.0,819.249635,589.057595,307.152565,610.2492532,526.974658,884.967922,254.919708,302.056714,380.5676622,134.918379,60.142259,0.0,0.0,0.0,7.521266,309.852875,0.0,90.714338,0.0,593.18779,0.0,631.22511,501.875494,0.0,0.0,454.139216,0.0,0.0,0.0,0.0,460.518808
2023-12-22,78.623474,0.0,871.661168,76.345861,0.0,4021.9565651000003,0.0,675.26191,586.5829259100001,304.728564,581.7606887000001,535.364227,866.49484,259.786738,320.074026,361.4847784,132.718648,76.345861,0.0,0.0,0.0,7.515511,310.088905,0.0,78.623474,0.0,566.932604,0.0,635.429345,357.657494,0.0,0.0,449.008282,4.85599591,0.0,0.0,0.0,461.561922
2023-12-23,80.201957,0.0,797.140769,38.224706,0.0,3962.0747769,0.0,734.474834,554.193808,298.607262,610.2118621000001,536.441116,847.56457,258.9629066,311.662958,375.5222842,132.243748,38.224706,0.0,0.0,0.0,7.53055,309.909998,0.0,80.201957,0.0,498.533507,0.0,560.147677,417.034286,0.0,0.0,421.95006,0.0,0.0,0.0,0.0,461.561403
2023-12-24,91.211871,0.0,715.160708,38.078849,0.0,4029.1511884,0.0,726.951343,561.5870010000001,235.091,600.2934845,536.244542,858.502583,258.4332885,311.77941,374.0685744,139.786232,38.078849,0.0,0.0,0.0,7.518072,309.796735,0.0,91.211871,0.0,480.069708,0.0,627.983192,409.636536,0.0,0.0,421.800769,0.0,0.0,0.0,0.0,461.846114
2023-12-25,96.800586,0.0,814.702411,43.753508,0.0,4029.4366122,0.0,683.621282,571.8880779,297.380238,596.8797991,534.635121,850.623608,258.9831314,275.120599,419.3067977,135.284163,43.753508,0.0,0.0,0.0,7.484164,309.969788,0.0,96.800586,0.0,517.322173,0.0,631.609645,366.16733,0.0,0.0,421.758919,14.8449959,0.0,0.0,0.0,462.277911
2023-12-26,102.318301,0.0,777.7016570000001,43.621324,0.0,4049.0208136,0.0,725.837006,554.3978497100001,297.394811,598.6814657000001,534.806337,848.924774,258.8183222,276.460766,410.4034637,127.330731,43.621324,0.0,0.0,0.0,7.510975,310.036293,0.0,102.318301,0.0,480.306846,0.0,657.670346,408.289738,0.0,0.0,420.710116,6.35700271,0.0,0.0,0.0,463.255339
2023-12-27,85.276386,0.0,903.763017,43.595584,0.0,4040.4392968,0.0,735.703908,561.37442258,300.096983,596.3683202000001,536.014095,849.140935,258.3425294,275.486976,413.3366092,134.421978,43.595584,0.0,0.0,0.0,7.514966,310.739351,0.0,85.276386,0.0,603.666034,0.0,649.071243,417.449591,0.0,0.0,421.689447,5.26299758,0.0,0.0,0.0,462.678589
2023-12-28,81.214917,0.0,923.726893,43.760474,0.0,3956.9384603,0.0,779.509929,597.9607385,305.921425,580.719558,536.468305,850.682865,258.5294313,266.157731,419.121138,137.587358,43.760474,0.0,0.0,0.0,0.0,342.960546,0.0,81.214917,0.0,617.805468,0.0,582.65951,436.549383,0.0,0.0,441.651387,18.7219935,0.0,0.0,0.0,462.599922
2023-12-29,81.654035,0.0,915.996683,43.631199,0.0,4028.8074257,0.0,766.42047,586.75934248,295.891125,569.0545211,521.085192,848.891657,259.3199354,263.099059,424.6330582,135.281622,43.631199,0.0,0.0,0.0,5.808274,342.982908,0.0,81.654035,0.0,620.105558,0.0,680.011322,417.629288,0.0,0.0,444.139721,7.337999480000001,0.0,0.0,0.0,462.712681
2023-12-30,87.960637,0.0,746.61833,32.806699,0.0,4057.7849722,0.0,732.629644,553.962793,295.836853,603.741684,516.540894,844.884921,270.00537130000004,273.143029,410.3627219,130.957645,32.806699,0.0,0.0,0.0,5.752476,344.718827,0.0,87.960637,0.0,450.781477,0.0,675.010493,382.158341,0.0,0.0,423.005148,0.0,0.0,0.0,0.0,464.095858
2023-12-31,81.169538,0.0,719.126657,32.784387,0.0,4046.1662124,0.0,741.6413630000001,558.47733198,281.203569,587.9228908,512.748114,845.29263,266.3644392,270.062671,414.99332139999996,130.908476,32.784387,0.0,0.0,0.0,5.20236,344.633942,0.0,81.169538,0.0,437.923088,0.0,684.852568,391.805061,0.0,0.0,423.362857,4.20599898,0.0,0.0,0.0,463.929578
