date,corridor_BY,corridor_DE,corridor_DZ,corridor_LY,corridor_NO,corridor_RU-Baltic,corridor_TR,corridor_UA,point_Almería,point_Dornum / NETRA (OGE),point_Dunkerque,point_Easington,point_Emden (EPT1) (GTS),point_Emden (EPT1) (GUD),point_Emden (EPT1) (OGE),point_GCP GAZ-SYSTEM/UA TSO,point_Gela,point_Greifswald / NEL,point_Isaccea (RO) - Orlovka (UA) II,point_Kipi (TR) / Kipi (GR),point_Kipoi,point_Kotlovka,point_Luhamaa,point_Mazara del Vallo,point_Narva,point_St. Fergus,point_Strandzha 2 (BG) / Malkoclar (TR),point_Uzhhorod (UA) - Velké Kapušany (SK),point_VIP Bereg (HU) / VIP Bereg (UA),point_VIP Mediesu Aurit - Isaccea (RO-UA),point_Värska,point_Zeebrugge ZPT
2025-01-01,100.359463,0.0,945.379491,16.439022,3926.1285042,0.0,863.974662,9.61799865,324.084567,674.7915805,455.325675,857.227129,222.584113,305.183959,395.2645507,0.0,16.439022,0.0,0.0,0.0,349.18044,100.359463,0.0,621.294924,0.0,542.414578,514.794222,0.0,9.61799865,0.0,0.0,473.336919
2025-01-02,98.87129,0.0,975.037813,10.969741,3940.809898,0.0,886.036416,11.00700444,323.299625,651.8167885,455.047119,926.618998,247.062153,257.378109,397.3706335,0.0,10.969741,0.0,0.0,0.0,365.358839,98.87129,0.0,651.738188,0.0,530.5645,520.677577,0.0,11.00700444,0.0,0.0,474.951597
2025-01-03,99.478058,0.0,980.8238059999999,10.933654,3883.9180704,0.0,875.8298789999999,5.15800836,323.180103,584.7450493,312.705487,942.970335,242.572802,274.933354,399.6664521,0.0,10.933654,0.0,0.0,0.0,355.221743,99.478058,0.0,657.643703,0.0,675.933335,520.608136,0.0,5.15800836,0.0,0.0,450.391256
2025-01-04,90.140764,0.0,987.8576330000001,10.932136,3876.265282,0.0,869.633628,13.108995539999999,323.800239,620.8687631,322.732787,928.574206,220.795595,272.172681,412.51375889999997,0.0,10.932136,0.0,0.0,0.0,359.677787,90.140764,0.0,664.057394,0.0,665.501441,509.955841,0.0,13.108995539999999,0.0,0.0,433.10605
2025-01-05,85.970753,0.0,1000.205469,10.94201,3834.8354512,0.0,864.983858,14.96000158,329.687606,601.9237538,331.277526,929.899811,218.454819,266.669087,421.22175439999995,0.0,10.94201,0.0,0.0,0.0,359.761972,85.970753,0.0,670.517863,0.0,638.906725,505.221886,0.0,14.96000158,0.0,0.0,426.481975
2025-01-06,76.839903,0.0,992.467617,11.27112,3955.1463656,0.0,804.716992,14.315007439999999,329.52564,649.3916327000001,340.670538,937.03944,219.73863,307.887473,386.5285009,0.0,11.27112,0.0,0.0,0.0,304.12247,76.839903,0.0,662.941977,0.0,676.26089,500.594522,0.0,14.315007439999999,0.0,0.0,437.629261
2025-01-07,91.608025,0.0,981.6463349999999,10.973723,3746.3269266,0.0,727.304854,14.81698802,329.076034,572.7685532,314.13305,938.428043,216.055694,307.829205,344.1486564,0.0,10.973723,0.0,0.0,0.0,261.703316,91.608025,0.0,652.570301,0.0,637.032447,465.601538,0.0,14.81698802,0.0,0.0,415.931278
2025-01-08,92.889342,0.0,979.5708850000001,16.470457,3606.1410395000003,0.0,742.232913,31.97299031,329.127231,504.0752807,244.535105,937.048311,204.191532,316.0739,371.9725368,0.0,16.470457,0.0,0.0,0.0,253.701144,92.889342,0.0,650.443654,0.0,634.589102,488.531769,0.0,31.97299031,0.0,0.0,393.655272
2025-01-09,90.564957,0.0,984.712305,16.399403,3649.1437373,0.0,751.694587,20.27199285,330.647313,473.333165,254.297739,939.26564,243.919857,279.085382,308.51701030000004,0.0,16.399403,0.0,0.0,0.0,251.896357,90.564957,0.0,654.064992,0.0,731.983288,499.79823,0.0,20.27199285,0.0,0.0,418.741656
2025-01-10,90.51086,0.0,984.919713,16.405582,3505.0570361,0.0,760.871659,16.6419958,332.664885,557.5860099,154.175084,858.038351,264.525618,292.163611,234.04403019999998,0.0,16.405582,0.0,0.0,0.0,252.416582,90.51086,0.0,652.254828,0.0,700.87586,508.455077,0.0,16.6419958,0.0,0.0,443.648472
2025-01-11,95.038167,0.0,857.989123,16.416474,3826.4690720999997,0.0,758.758288,20.4059971,332.592585,572.8538775,202.305247,939.090075,239.955051,293.368255,381.64924260000004,0.0,16.416474,0.0,0.0,0.0,263.779008,95.038167,0.0,525.396538,0.0,724.075541,494.97928,0.0,20.4059971,0.0,0.0,473.171783
2025-01-12,105.251877,0.0,851.149455,16.439105,3859.9568218,0.0,756.2200310000001,20.419989280000003,331.396648,572.3023156,250.502164,937.51674,266.951849,309.352114,371.3499572,0.0,16.439105,0.0,0.0,0.0,252.941543,105.251877,0.0,519.752807,0.0,676.159379,503.278488,0.0,20.419989280000003,0.0,0.0,475.822303
2025-01-13,104.950953,0.0,972.529117,16.435275,3878.6930468,0.0,778.177662,17.62901006,332.476422,597.682521,282.908113,935.505834,188.226119,316.808721,408.64000880000003,0.0,16.435275,0.0,0.0,0.0,253.294882,104.950953,0.0,640.052695,0.0,674.921749,524.88278,0.0,17.62901006,0.0,0.0,473.999981
2025-01-14,81.702118,0.0,964.822293,16.475718,3818.4944748999997,0.0,817.262929,9.9029889,332.157221,588.0814204,226.118351,929.460741,215.432996,298.585374,404.6083965,0.0,16.475718,0.0,0.0,0.0,262.535193,81.702118,0.0,632.665072,0.0,679.832593,554.727736,0.0,9.9029889,0.0,0.0,476.374603
2025-01-15,66.687112,0.0,971.094641,16.452274,3718.6535830000003,0.0,794.0260040000001,6.411003900000001,333.045609,593.9375645,288.917577,932.175046,166.464822,318.792195,401.7659905,0.0,16.452274,0.0,0.0,0.0,217.562607,66.687112,0.0,638.049032,0.0,539.706363,576.463397,0.0,6.411003900000001,0.0,0.0,476.894025
2025-01-16,57.131493,0.0,961.783861,16.425927,3742.8117838,0.0,794.750033,21.58199429,330.761607,600.7609327,281.428865,930.301247,153.63654,313.524756,393.7923581,0.0,16.425927,0.0,0.0,0.0,225.459417,57.131493,0.0,631.022254,0.0,590.591421,569.290616,0.0,21.58199429,0.0,0.0,478.775664
2025-01-17,54.609453,0.0,949.608003,16.427413,3727.4471431,0.0,790.512322,9.13099842,334.318069,598.5490963,264.919687,932.826683,187.872973,312.368521,401.6099658,0.0,16.427413,0.0,0.0,0.0,225.565431,54.609453,0.0,615.289934,0.0,550.589703,564.946891,0.0,9.13099842,0.0,0.0,478.710514
2025-01-18,51.914011,0.0,948.751081,16.428546,3819.3263493,0.0,784.918813,13.7220002,332.572948,575.9422873999999,185.044653,929.489989,190.021009,302.391254,412.4423859,0.0,16.428546,0.0,0.0,0.0,225.818141,51.914011,0.0,616.178133,0.0,745.063571,559.100672,0.0,13.7220002,0.0,0.0,478.9312
2025-01-19,51.226381,0.0,981.6224500000001,16.449444,3832.1444255,0.0,830.319934,20.79100666,332.025254,612.9424612,190.78419,931.058858,190.218705,309.050353,377.62233430000003,0.0,16.449444,0.0,0.0,0.0,290.241857,51.226381,0.0,649.597196,0.0,742.787738,540.078077,0.0,20.79100666,0.0,0.0,477.679786
2025-01-20,56.91827,0.0,988.2455199999999,16.451282,3884.4421048,0.0,804.95073,17.64700007,353.163013,578.74756,255.758232,908.361353,198.631924,293.579379,431.8281908,0.0,16.451282,0.0,0.0,0.0,311.133722,56.91827,0.0,635.082507,0.0,735.908999,493.817008,0.0,17.64700007,0.0,0.0,481.626467
2025-01-21,52.433729,0.0,964.7080740000001,10.98374,3899.1819229,0.0,834.278177,7.55500594,330.057471,544.8684061,272.520408,938.099465,243.298766,292.99713,368.50242480000003,0.0,10.98374,0.0,0.0,0.0,311.941003,52.433729,0.0,634.650603,0.0,756.470559,522.337174,0.0,7.55500594,0.0,0.0,482.424764
2025-01-22,58.467489,0.0,974.3161460000001,10.964699,3897.7740511,0.0,902.521653,0.0,331.542432,592.4748281,411.650094,931.06787,248.625937,241.040059,237.958597,0.0,10.964699,0.0,0.0,0.0,344.022595,58.467489,0.0,642.773714,0.0,749.911974,558.499058,0.0,0.0,0.0,0.0,485.044692
2025-01-23,59.17558,0.0,980.155572,11.007175,3871.9031197,0.0,881.886868,17.003999699999998,331.246937,570.5698691,301.444131,933.548742,196.964152,305.587546,414.15211860000005,0.0,11.007175,0.0,0.0,0.0,343.965318,59.17558,0.0,648.908635,0.0,668.66133,537.92155,0.0,17.003999699999998,0.0,0.0,480.975231
2025-01-24,62.60097,0.0,982.1283430000001,10.969403,3892.1705703,0.0,869.553426,15.873008689999999,330.727196,588.377391,267.40256,934.286428,206.418249,309.536042,424.9343323,0.0,10.969403,0.0,0.0,0.0,344.024318,62.60097,0.0,651.401147,0.0,677.63961,525.529108,0.0,15.873008689999999,0.0,0.0,483.575958
2025-01-25,56.23289,0.0,987.163504,10.956434,3827.7308184,0.0,860.551627,20.54799737,332.895934,596.2146429,170.131188,938.171325,203.259521,316.813182,399.5377325,0.0,10.956434,0.0,0.0,0.0,342.542958,56.23289,0.0,654.26757,0.0,745.078024,518.008669,0.0,20.54799737,0.0,0.0,458.525203
2025-01-26,63.19194,0.0,999.793572,10.944151,3727.9261636,0.0,861.778316,22.18600407,332.559924,595.4522342,164.000049,930.092391,191.569634,316.264218,398.8299044,0.0,10.944151,0.0,0.0,0.0,342.515369,63.19194,0.0,667.233648,0.0,677.622891,519.262947,0.0,22.18600407,0.0,0.0,454.094842
2025-01-27,59.582789,0.0,989.889018,16.371776,3750.7187132999998,0.0,837.739202,17.16699751,333.192327,604.3388664,226.774733,936.55139,189.242968,294.652265,394.6037229,0.0,16.371776,0.0,0.0,0.0,320.372286,59.582789,0.0,656.696691,0.0,685.495785,517.366916,0.0,17.16699751,0.0,0.0,419.058983
2025-01-28,50.343717,0.0,992.58016,16.405616,3751.292597,0.0,791.761931,22.569009010000002,333.034064,619.8699536,106.723381,933.611287,188.637708,303.46699,424.7033214,0.0,16.405616,0.0,0.0,0.0,310.870204,50.343717,0.0,659.546096,0.0,693.877864,480.891727,0.0,22.569009010000002,0.0,0.0,480.402092
2025-01-29,52.754084,0.0,990.2868579999999,16.393542,3713.6698534,0.0,820.569722,24.237999730000002,332.422835,624.7079993,91.789336,959.157729,208.682999,254.068527,428.94659010000004,0.0,16.393542,0.0,0.0,0.0,338.349014,52.754084,0.0,657.864023,0.0,685.943673,482.220708,0.0,24.237999730000002,0.0,0.0,460.373
2025-01-30,52.284977,0.0,987.3857039999999,16.412135,3807.9538027,0.0,837.760998,5.43299589,331.973489,617.3076206000001,104.275717,945.267122,274.411979,266.021298,395.3738741,0.0,16.412135,0.0,0.0,0.0,322.103385,52.284977,0.0,655.412215,0.0,741.042536,515.657613,0.0,5.43299589,0.0,0.0,464.253656
2025-01-31,54.85645,0.0,990.2694819999999,16.410993,3800.939159,0.0,855.8361669999999,20.91399389,333.424465,617.8304908,93.954509,930.562306,250.53763,256.049659,424.80730619999997,0.0,16.410993,0.0,0.0,0.0,339.325248,54.85645,0.0,656.845017,0.0,748.212914,516.510919,0.0,20.91399389,0.0,0.0,478.984344
2025-02-01,58.554584,0.0,997.3390509999999,16.557161,3731.6614224,0.0,839.307412,29.04900318,333.273713,566.8224454,122.43785,918.949861,223.846458,294.978917,413.227342,0.0,16.557161,0.0,0.0,0.0,333.730696,58.554584,0.0,664.065338,0.0,706.750738,505.576716,0.0,29.04900318,0.0,0.0,484.647811
2025-02-02,65.513428,0.0,1009.674025,16.4045,3807.2584672000003,0.0,837.520219,29.17801789,332.600617,573.3775554,140.537348,915.228005,235.83476,288.629622,402.5277158,0.0,16.4045,0.0,0.0,0.0,333.523836,65.513428,0.0,677.073408,0.0,766.419305,503.996383,0.0,29.17801789,0.0,0.0,484.704156
2025-02-03,74.764005,0.0,998.7661820000001,16.406814,3811.0256937000004,0.0,894.614824,23.42198147,332.757958,631.0757967000001,92.226427,931.073204,249.833693,295.515813,377.523837,0.0,16.406814,0.0,0.0,0.0,353.089072,74.764005,0.0,666.008224,0.0,754.30817,541.525752,0.0,23.42198147,0.0,0.0,479.468753
2025-02-04,63.715519,0.0,992.6658790000001,16.388874,3626.4176024,0.0,938.87085,16.59700026,333.254786,546.22089,202.247859,940.058844,200.382312,315.5832,376.74872639999995,0.0,16.388874,0.0,0.0,0.0,354.116989,63.715519,0.0,659.411093,0.0,636.633781,584.753861,0.0,16.59700026,0.0,0.0,408.54199
2025-02-05,61.282587,0.0,991.0659,10.917235,2469.4534935,0.0,927.4923000000001,52.064007409999995,332.602569,538.0406709,99.609872,64.96702,261.62106,289.774509,347.51336760000004,0.0,10.917235,0.0,0.0,0.0,342.959534,61.282587,0.0,658.463331,0.0,386.731575,584.532766,0.0,52.064007409999995,0.0,0.0,481.195419
2025-02-06,53.127722,0.0,987.746083,11.021711,3811.9609063,0.0,904.829199,77.41998695000001,332.113406,608.8792532,157.880588,945.870952,246.832211,291.022285,372.8667001,0.0,11.021711,0.0,0.0,0.0,320.683886,53.127722,0.0,655.632677,0.0,709.291531,584.145313,0.0,77.41998695000001,0.0,0.0,479.317386
2025-02-07,52.580527,0.0,986.409527,10.911925,3848.8127464,0.0,929.0301400000001,79.45818422,331.757961,575.1230171,286.432552,945.496979,203.256028,294.72585,412.35090230000003,0.00222493,10.911925,0.0,0.0,0.0,343.302763,52.580527,0.0,654.651566,0.0,652.998804,585.727377,0.0,79.45595929000001,0.0,0.0,478.428614
2025-02-08,69.911463,0.0,993.116615,10.939543,3881.7571005,0.0,897.935117,96.17951586000001,332.227842,650.201509,319.970906,943.639919,226.021164,279.901879,405.4044935,20.52856553,10.939543,0.0,0.0,0.0,312.857309,69.911463,0.0,660.888773,0.0,582.337016,585.077808,0.0,75.65095033,0.0,0.0,474.280214
2025-02-09,68.637329,0.0,1010.289241,10.919903,3908.7986265,0.0,897.895297,94.96144216,332.433966,656.06528,373.180623,944.687522,214.957895,318.913945,361.4210795,19.92846668,10.919903,0.0,0.0,0.0,312.917306,68.637329,0.0,677.855275,0.0,556.310468,584.977991,0.0,75.03297548,0.0,0.0,483.261814
2025-02-10,78.803383,0.0,984.593093,5.486188,3868.495445,0.0,901.316812,95.78671672,331.737283,627.7949027000001,376.585379,941.004552,230.535433,313.856711,303.1600933,20.36074096,5.486188,0.0,0.0,0.0,315.347262,78.803383,0.0,652.85581,0.0,591.220135,585.96955,0.0,75.42597576,0.0,0.0,484.338239
2025-02-11,78.227873,0.0,985.869285,5.475506,3727.7800165,0.0,907.8538490000001,100.84243810000001,332.645367,657.2755046,181.411246,948.048113,197.403963,281.078253,401.1499649,20.57447048,5.475506,0.0,0.0,0.0,322.17905,78.227873,0.0,653.223918,0.0,587.723858,585.674799,0.0,80.26796762000001,0.0,0.0,473.689114
2025-02-12,73.273255,0.0,1001.5001870000001,5.459581,3654.7077302,0.0,907.861338,111.77488353999999,332.937928,604.1649521,206.073094,917.653534,238.807203,293.066502,352.1397121,21.578906940000003,5.459581,0.0,0.0,0.0,323.032322,73.273255,0.0,668.562259,0.0,562.401655,584.829016,0.0,90.1959766,0.0,0.0,480.401078
2025-02-13,76.170873,0.0,993.721619,10.908143,3553.8142322999997,0.0,907.2858170000001,144.42704095,332.327799,528.8868685,275.106065,873.997049,231.115982,261.674078,380.0161538,41.067015850000004,10.908143,0.0,0.0,0.0,323.137959,76.170873,0.0,661.39382,0.0,522.529695,584.147858,0.0,103.36002509999999,0.0,0.0,480.488341
2025-02-14,64.863881,0.0,995.9761859999999,10.933928,3657.0995439999997,0.0,908.9211369999999,119.46262784999999,332.591307,543.2889703,323.66702,906.025083,258.253387,246.062226,388.7369807,28.28663171,10.933928,0.0,0.0,0.0,323.176071,64.863881,0.0,663.384879,0.0,515.422336,585.745066,0.0,91.17599614,0.0,0.0,475.643541
2025-02-15,67.527973,0.0,1001.850518,10.939767,3726.1648845,0.0,938.357683,117.55873991,332.630533,578.5817601,352.172394,890.303026,231.217143,303.70532,384.7689504,24.09173611,10.939767,0.0,0.0,0.0,352.987233,67.527973,0.0,669.219985,0.0,500.852097,585.37045,0.0,93.4670038,0.0,0.0,484.564194
2025-02-16,64.141733,0.0,1010.8144810000001,10.907837,3727.9209855,0.0,927.3408689999999,117.49694919,333.769429,575.314747,376.775567,866.600854,223.09241,291.574956,404.8181965,23.74698547,10.907837,0.0,0.0,0.0,341.842925,64.141733,0.0,677.045052,0.0,504.075488,585.497944,0.0,93.74996372,0.0,0.0,485.668767
2025-02-17,24.828267,0.0,993.551507,10.924812,3763.1206077,0.0,927.436825,120.32583332,332.599564,595.5362008,386.949023,871.432611,220.050428,307.244192,389.3211019,21.33985921,10.924812,0.0,0.0,0.0,341.873234,24.828267,0.0,660.951943,0.0,507.522859,585.563591,0.0,98.98597411,0.0,0.0,485.064192
2025-02-18,0.0,0.0,995.898034,16.378386,3765.2268449000003,0.0,927.837419,119.71872233,331.929153,580.1292654,416.480951,871.519174,179.52066,310.422091,430.9601115,21.7776748,16.378386,0.0,0.0,0.0,341.859431,0.0,0.0,663.968881,0.0,504.27955,585.977988,0.0,97.94104753,0.0,0.0,471.915042
2025-02-19,0.0,0.0,992.056992,16.382718,3689.0899146,0.0,927.126674,140.67644392,332.977307,589.2793971,493.967625,737.142381,207.813351,321.540103,390.1756175,47.77442929,16.382718,0.0,0.0,0.0,341.720408,0.0,0.0,659.079685,0.0,466.895143,585.406266,0.0,92.90201463,0.0,0.0,482.276297
2025-02-20,0.0,0.0,991.723089,16.348361,3733.7079829,0.0,904.580132,125.05887055,331.647239,589.7336998,476.009334,765.212027,204.377168,317.903145,400.31573710000004,21.687915649999997,16.348361,0.0,0.0,0.0,319.260649,0.0,0.0,660.07585,0.0,483.483069,585.319483,0.0,103.3709549,0.0,0.0,496.673803
2025-02-21,0.0,0.0,978.306887,16.396577,3695.3409478,0.0,891.154477,152.79640061,318.959062,602.1422951000001,430.555458,766.494545,186.362145,312.251098,408.8970757,49.68340881,16.396577,0.0,0.0,0.0,314.66365,0.0,0.0,659.347825,0.0,510.886914,576.490827,0.0,103.1129918,0.0,0.0,477.751417
2025-02-22,0.0,0.0,995.751404,16.352589,3752.7420899,0.0,893.3536180000001,159.50969366,334.110987,566.5445597,523.16514,784.931276,189.816858,287.4907,422.5646202,56.26072496,16.352589,0.0,0.0,0.0,315.438327,0.0,0.0,661.640417,0.0,492.791283,577.915291,0.0,103.2489687,0.0,0.0,485.437653
2025-02-23,7.035386,0.0,1001.429253,16.390528,3747.17684,0.0,891.627079,162.27616248,331.798843,611.9032851000001,506.52432,790.409272,178.026921,321.020505,399.7647869,58.87016228,16.390528,0.0,0.0,0.0,315.309788,7.035386,0.0,669.63041,0.0,452.877183,576.317291,0.0,103.40600020000001,0.0,0.0,486.650567
2025-02-24,53.797643,0.0,997.196729,16.360926,3699.2494197,0.0,882.6717140000001,154.42562336999998,332.985032,590.9989222,492.861525,773.301707,195.916481,313.396661,415.7225605,50.72858837,16.360926,0.0,0.0,0.0,304.119251,53.797643,0.0,664.211697,0.0,430.341024,578.552463,0.0,103.697035,0.0,0.0,486.710539
2025-02-25,63.656372,0.0,990.8877070000001,16.375998,3763.4069235,0.0,857.195839,162.20457557,331.942875,603.8404377,526.741385,765.464641,230.237403,306.993761,395.49240180000004,66.27055124,16.375998,0.0,0.0,0.0,282.763548,63.656372,0.0,658.944832,0.0,451.578525,574.432291,0.0,95.93402433,0.0,0.0,483.058369
2025-02-26,51.704149,0.0,985.196502,16.337077,3807.0585965,0.0,864.102941,162.14924605,331.895156,630.2216537,458.128173,834.509573,236.173978,322.307323,369.0522178,67.80519203,16.337077,0.0,0.0,0.0,296.738508,51.704149,0.0,653.301346,0.0,482.010406,567.364433,0.0,94.34405402,0.0,0.0,474.655272
2025-02-27,47.45809,0.0,974.1468199999999,16.333077,3750.2538547000004,0.0,829.5497399999999,175.42587908,331.898066,642.9948897,432.141543,815.175546,247.412709,319.974937,380.534973,73.04789898,16.333077,0.0,0.0,0.0,287.273582,47.45809,0.0,642.248754,0.0,438.609221,542.276158,0.0,102.37798009999999,0.0,0.0,473.410036
2025-02-28,40.606456,0.0,981.812637,16.405348,3732.6016083,0.0,859.123076,169.64159809,332.468614,659.5814998,411.556393,815.955903,238.126492,324.440038,384.4989965,70.7365648,16.405348,0.0,0.0,0.0,305.630768,40.606456,0.0,649.344023,0.0,423.782261,553.492308,0.0,98.90503329,0.0,0.0,474.660025
2025-03-01,76.337723,0.0,976.8404820000001,16.581007,3791.0606197,0.0,877.733201,132.10972606,327.832828,648.6823261000001,418.126709,839.334513,222.513754,313.50908,404.54434660000004,32.366746129999996,16.581007,0.0,0.0,0.0,313.184332,76.337723,0.0,649.007654,0.0,463.178527,564.548869,0.0,99.74297993,0.0,0.0,481.171364
2025-03-02,83.016673,0.0,978.4101880000001,16.412223,3748.2489601999996,0.0,869.963892,142.41683247,327.896008,650.8662458,427.042088,806.208366,192.320217,317.010492,436.3200854,42.29982537,16.412223,0.0,0.0,0.0,313.254093,83.016673,0.0,650.51418,0.0,433.495324,556.709799,0.0,100.1170071,0.0,0.0,484.986142
2025-03-03,91.837931,0.0,965.052782,10.916164,3763.4602826,0.0,880.967433,153.82431521,327.029729,644.6784775,437.310512,815.051305,241.116272,320.30303,386.9159401,53.95436197,10.916164,0.0,0.0,0.0,324.40212,91.837931,0.0,638.023053,0.0,432.430468,556.565313,0.0,99.86995324,0.0,0.0,485.654278
2025-03-04,92.391712,0.0,971.0325579999999,21.762407,3779.6270973,0.0,916.197603,162.71747003,326.397089,678.992907,468.010952,767.829127,229.216393,326.278291,396.60691230000003,58.926437729999996,21.762407,0.0,0.0,0.0,355.927145,92.391712,0.0,644.635469,0.0,424.421318,560.270458,0.0,103.7910323,0.0,0.0,488.271197
2025-03-05,93.863111,0.0,968.11466,21.802346,3715.2464978,0.0,826.40884,162.67770382,326.664998,595.3098697,480.508564,769.345394,229.755047,325.107486,395.8562291,58.69678492,21.802346,0.0,0.0,0.0,350.382982,93.863111,0.0,641.449662,0.0,432.061286,476.025858,0.0,103.9809189,0.0,0.0,487.302622
2025-03-06,103.318938,0.0,967.09671,27.29091,3706.6672243,0.0,831.15076,127.82950740999999,326.139496,603.3476013,466.061919,755.880919,226.314774,323.342063,406.845112,29.671587780000003,27.29091,0.0,0.0,0.0,344.525174,103.318938,0.0,640.957214,0.0,446.060508,486.625586,0.0,98.15791963,0.0,0.0,478.814328
2025-03-07,94.90623,0.0,955.94192,27.304443,3799.3590414,0.0,830.44606,132.54262273,310.157371,618.4220779,424.486544,876.969909,212.486824,320.953561,422.6682105,29.11959243,27.304443,0.0,0.0,0.0,344.916969,94.90623,0.0,645.784549,0.0,438.868834,485.529091,0.0,103.4230303,0.0,0.0,484.503081
2025-03-08,90.724902,0.0,861.9277420000001,38.240608,3774.9704782999997,0.0,826.715874,116.89503289,302.715262,627.94415,521.898242,795.748174,194.073033,310.093863,426.8079533,13.72102609,38.240608,0.0,0.0,0.0,355.781408,90.724902,0.0,559.21248,0.0,427.901199,470.934466,0.0,103.1740068,0.0,0.0,470.503864
2025-03-09,85.897706,0.0,856.4931750000001,54.644336,3750.9911928,0.0,798.243628,132.76426601,300.226212,632.6697215,505.289746,799.921633,211.231824,317.30663,388.73123630000003,29.662220010000002,54.644336,0.0,0.0,0.0,356.077373,85.897706,0.0,556.266963,0.0,427.252202,442.166255,0.0,103.102046,0.0,0.0,468.5882
2025-03-10,79.17873,0.0,863.356417,76.365531,3745.4536851,0.0,799.082613,98.16608542,306.386362,592.5254029,528.517085,775.006059,191.694434,308.093377,430.74516919999996,1.22816225,76.365531,0.0,0.0,0.0,361.276661,79.17873,0.0,556.970055,0.0,441.255644,437.805952,0.0,96.93792317,0.0,0.0,477.616514
2025-03-11,50.568458,0.0,944.406702,76.486416,3725.7166041,0.0,845.141147,87.42000682,304.588009,566.4762972000001,443.672207,830.235529,248.160705,320.156045,392.4559389,0.0,76.486416,0.0,0.0,0.0,366.945364,50.568458,0.0,639.818693,0.0,449.978379,478.195783,0.0,87.42000682,0.0,0.0,474.581503
2025-03-12,51.256475,0.0,947.533639,70.961131,3676.3710825000003,0.0,812.574558,92.32794057,308.80116,482.82449,369.356462,894.17281,203.183463,327.348446,431.2907835,0.0,70.961131,0.0,0.0,0.0,366.604478,51.256475,0.0,638.732479,0.0,493.602645,445.97008,0.0,92.32794057,0.0,0.0,474.591983
2025-03-13,47.340818,0.0,946.4886759999999,81.930661,3885.7836083,0.0,814.5632599999999,82.5030733,306.530158,589.7444212,361.29213,912.859626,202.79985,318.864671,410.3174591,0.0,81.930661,0.0,0.0,0.0,377.885502,47.340818,0.0,639.958518,0.0,607.894662,436.677758,0.0,82.5030733,0.0,0.0,482.010789
2025-03-14,50.825504,0.0,957.0463669999999,81.938905,3839.6967956,0.0,795.866713,68.18100003,310.369173,632.9045922,360.660919,890.927154,208.497993,328.091725,420.6508384,0.0,81.938905,0.0,0.0,0.0,372.300286,50.825504,0.0,646.677194,0.0,523.425641,423.566427,0.0,68.18100003,0.0,0.0,474.537933
2025-03-15,65.961722,0.0,862.44785,71.163091,3715.0655059,0.0,787.110175,68.99695799,304.911728,644.9756505,334.448901,834.1495,203.57181,320.127839,404.0923554,0.0,71.163091,0.0,0.0,0.0,378.021512,65.961722,0.0,557.536122,0.0,516.779369,409.088663,0.0,68.99695799,0.0,0.0,456.920081
2025-03-16,65.595017,0.0,853.6160629999999,71.246282,3766.0961094,0.0,785.771052,79.41198615,305.503427,608.9203489,388.188618,843.558322,213.460974,321.019,410.8845815,0.0,71.246282,0.0,0.0,0.0,377.930414,65.595017,0.0,548.112636,0.0,505.305809,407.840638,0.0,79.41198615,0.0,0.0,474.758456
2025-03-17,86.455258,0.0,935.0083710000001,71.208813,3808.3912919,0.0,827.7518210000001,81.22499129,300.269554,617.5199697999999,415.314877,861.638432,192.242672,316.38636,435.54936710000004,0.0,71.208813,0.0,0.0,0.0,388.82716,86.455258,0.0,634.738817,0.0,491.899753,438.924661,0.0,81.22499129,0.0,0.0,477.839861
2025-03-18,88.431357,0.0,952.980754,71.189243,3610.3680382000002,0.0,836.037957,78.55007593,310.184069,598.7448232,320.761055,804.127048,209.956037,305.188569,431.517282,0.0,71.189243,0.0,0.0,0.0,377.219655,88.431357,0.0,642.796685,0.0,466.046627,458.818302,0.0,78.55007593,0.0,0.0,474.026597
2025-03-19,93.030032,0.0,922.254498,60.343191,3621.0738826,0.0,825.785471,76.50096778,310.783765,548.7892029,315.853673,860.139079,225.631526,315.844331,433.1445457,0.0,60.343191,0.0,0.0,0.0,371.985152,93.030032,0.0,611.470733,0.0,450.938431,453.800319,0.0,76.50096778,0.0,0.0,470.733094
2025-03-20,96.700532,0.0,919.7170779999999,60.47655,3694.2324516999997,0.0,785.54171,61.19308121,310.867137,580.5838808,423.940642,780.836108,254.266894,288.955738,425.1466349,0.0,60.47655,0.0,0.0,0.0,317.838499,96.700532,0.0,608.849941,0.0,455.859146,467.703211,0.0,61.19308121,0.0,0.0,484.643408
2025-03-21,87.74849,0.0,918.760693,38.476079,3673.9434052,0.0,826.0914419999999,72.20098721,310.01581,478.6784992,507.37662,744.938125,251.976686,271.924189,425.305382,0.0,38.476079,0.0,0.0,0.0,361.081281,87.74849,0.0,608.744883,0.0,506.75579,465.010161,0.0,72.20098721,0.0,0.0,486.988114
2025-03-22,82.409954,0.0,876.365501,32.903518,3727.3353883,0.0,808.062207,73.77398386,310.977409,567.478926,442.623794,790.364821,247.606231,272.97258,432.2142073,0.0,32.903518,0.0,0.0,0.0,361.011863,82.409954,0.0,565.388092,0.0,485.732412,447.050344,0.0,73.77398386,0.0,0.0,488.342417
2025-03-23,89.029557,0.0,874.618147,32.794196,3765.4155469,0.0,811.2037700000001,80.48702997,311.812412,578.7637029,448.310539,804.63531,238.882907,272.801938,424.107841,0.0,32.794196,0.0,0.0,0.0,360.796257,89.029557,0.0,562.805735,0.0,509.942676,450.407513,0.0,80.48702997,0.0,0.0,487.970633
2025-03-24,80.017777,0.0,906.177052,27.413999,3700.3636763,0.0,823.322085,77.70399765,303.138075,558.559257,474.706924,767.231561,249.221012,256.641959,399.2271223,0.0,27.413999,0.0,0.0,0.0,360.761844,80.017777,0.0,603.038977,0.0,504.832635,462.560241,0.0,77.70399765,0.0,0.0,489.943206
2025-03-25,85.726206,0.0,913.9885859999999,43.754022,3770.6250108000004,0.0,828.285488,75.28296596999999,312.626489,579.1113818,485.758435,819.914021,263.576547,221.715078,430.303419,0.0,43.754022,0.0,0.0,0.0,361.030047,85.726206,0.0,601.362097,0.0,483.505604,467.255441,0.0,75.28296596999999,0.0,0.0,486.740525
2025-03-26,90.531022,0.0,917.898886,49.298409,3821.9953583,0.0,823.847908,63.28943536,312.208645,590.5316331,522.572058,775.310896,258.38999,272.337499,431.7660082,0.0023623800000000003,49.298409,0.0,0.0,0.0,350.186822,90.531022,0.0,605.690241,0.0,481.20581,473.661086,0.0,63.28707298,0.0,0.0,489.881464
2025-03-27,86.848756,0.0,907.154705,49.296552,3749.0255769,0.0,826.891689,86.73428006,304.984502,542.2644911,555.596657,713.292979,260.237775,265.406378,434.3207888,23.35135446,49.296552,0.0,0.0,0.0,364.091945,86.848756,0.0,602.170203,0.0,488.108302,462.799744,0.0,63.3829256,0.0,0.0,489.798206
2025-03-28,86.917438,0.0,890.086286,76.615883,3808.9335174,0.0,800.565424,75.37328129,295.111744,519.6188933999999,560.671477,773.319032,249.539066,272.465473,425.909165,5.6152560199999995,76.615883,0.0,0.0,0.0,336.281336,86.917438,0.0,594.974542,0.0,518.480375,464.284088,0.0,69.75802526999999,0.0,0.0,488.930036
2025-03-29,90.597941,0.0,897.6089380000001,82.229575,3582.6408639,0.0,804.519364,68.18089731,286.070144,544.7797564,485.965643,729.481078,240.548101,262.878175,416.0551505,0.0,82.229575,0.0,0.0,0.0,354.274295,90.597941,0.0,611.538794,0.0,439.731685,450.245069,0.0,68.18089731,0.0,0.0,463.201275
2025-03-30,96.110482,0.0,901.3094800000001,65.706171,3714.5530485,0.0,825.5877350000001,70.19806279000001,283.251412,573.3237293999999,500.039855,759.593847,268.647101,259.996957,430.77475510000005,0.0,65.706171,0.0,0.0,0.0,367.075586,96.110482,0.0,618.058068,0.0,434.340098,458.512149,0.0,70.19806279000001,0.0,0.0,487.836706
2025-03-31,63.868953,0.0,915.5119750000001,65.562999,3766.0502856000003,0.0,811.356563,64.7600254,294.953953,595.416276,534.572363,749.930179,276.363216,264.622683,426.73033460000005,0.0,65.562999,0.0,0.0,0.0,350.914061,63.868953,0.0,620.558022,0.0,434.742117,460.442502,0.0,64.7600254,0.0,0.0,483.673117
2025-04-01,45.09394,0.0,954.444375,54.819868,3765.2433615,0.0,787.4111800000001,76.18376758,279.601546,610.2326164,554.166232,725.013362,215.633026,299.640045,431.37156910000004,36.11977622,54.819868,0.0,0.0,0.0,375.976103,45.09394,0.0,674.842829,0.0,441.349767,411.435077,0.0,40.06399136,0.0,0.0,487.836744
2025-04-02,10.140443,0.0,955.504624,54.993592,3504.0157958,0.0,782.524805,78.48145061,279.986943,620.9558727000001,475.464847,522.76696,234.088531,303.838034,421.7793891,37.227448630000005,54.993592,0.0,0.0,0.0,362.627036,10.140443,0.0,675.517681,0.0,437.566434,419.897769,0.0,41.25400198,0.0,0.0,487.555728
2025-04-03,0.0,0.0,954.7243719999999,60.177626,2977.8062309,0.0,772.37858,63.76070764,280.264576,613.4035331,332.055407,255.268656,310.319617,295.854849,254.64899480000003,37.20271148,60.177626,0.0,0.0,0.0,358.053086,0.0,0.0,674.459796,0.0,441.216171,414.325494,0.0,26.557996160000002,0.0,0.0,475.039003
2025-04-04,0.0,0.0,951.3912270000001,60.345644,3329.6469260000003,0.0,781.4966870000001,73.06494674,280.017415,617.7510841000001,476.5479,412.947782,262.421914,245.6644,357.9990289,37.17795133,60.345644,0.0,0.0,0.0,372.271001,0.0,0.0,671.373812,0.0,481.696867,409.225686,0.0,35.88699541,0.0,0.0,474.61795
2025-04-05,0.0,0.0,926.819943,49.205878,3438.5844783000002,0.0,801.70703,67.33554375,264.6817,598.1380552,536.989157,425.082492,252.358439,290.659806,349.5542401,37.15653778,49.205878,0.0,0.0,0.0,366.708058,0.0,0.0,662.138243,0.0,511.087847,434.998972,0.0,30.17900597,0.0,0.0,474.714442
2025-04-06,0.0,0.0,931.437323,49.344447,3595.3496066000002,0.0,802.0649470000001,67.22638380000001,265.32372,629.9806061,535.979879,465.912456,258.353583,289.669845,398.3558565,37.15138564,49.344447,0.0,0.0,0.0,366.765172,0.0,0.0,666.113603,0.0,529.221623,435.299775,0.0,30.07499816,0.0,0.0,487.875758
2025-04-07,0.0,0.0,926.356833,43.869705,3552.8556833000002,0.0,845.211832,65.54704533,264.698615,672.4136449,550.153153,459.518167,479.632525,0.434844,419.65661939999995,37.157043789999996,43.869705,0.0,0.0,0.0,366.750363,0.0,0.0,661.658218,0.0,480.879255,478.461469,0.0,28.39000154,0.0,0.0,490.167475
2025-04-08,0.0,0.0,912.138345,65.658696,3480.3648429,0.0,819.687819,79.88628761,264.83813,631.175456,517.729712,555.38714,406.058771,0.0,415.04181189999997,42.498289119999995,65.658696,0.0,0.0,0.0,334.811961,0.0,0.0,647.300215,0.0,466.601996,484.875858,0.0,37.38799849,0.0,0.0,488.369956
2025-04-09,0.0,0.0,934.713689,54.834754,3653.6138223,0.0,834.767216,99.68442044,283.248195,687.6762622,534.117273,593.598711,390.114873,0.0,426.43722310000004,48.14340688,54.834754,0.0,0.0,0.0,334.724439,0.0,0.0,651.465494,0.0,533.958344,500.042777,0.0,51.54101356,0.0,0.0,487.711136
2025-04-10,0.0,0.0,912.37915,38.46438,3868.0564011999995,0.0,805.563624,95.4840689,266.314916,677.9955113999999,544.767487,766.957721,420.454393,0.0,437.3297788,38.10704907,38.46438,0.0,0.0,0.0,337.811349,0.0,0.0,646.064234,0.0,532.505285,467.752275,0.0,57.377019829999995,0.0,0.0,488.046225
2025-04-11,0.0,0.0,912.947885,43.846735,3707.4651409,0.0,801.407414,110.86768109,265.309123,663.6136908999999,539.960969,649.470499,308.030615,102.071774,440.589547,39.04768161,43.846735,0.0,0.0,0.0,331.083167,0.0,0.0,647.638762,0.0,512.734824,470.324247,0.0,71.81999948,0.0,0.0,490.993222
2025-04-12,0.0,0.0,925.512774,38.28312,3623.9476697,0.0,794.865327,121.10394792,265.729771,670.5669733999999,541.217909,478.22101,330.69845,137.754132,440.9793593,39.009960619999994,38.28312,0.0,0.0,0.0,331.214527,0.0,0.0,659.783003,0.0,533.037308,463.6508,0.0,82.0939873,0.0,0.0,491.472528
2025-04-13,0.0,0.0,922.106518,38.405073,3908.2189551,0.0,788.328244,108.90484142,265.450719,670.3673332000001,546.697809,754.856442,311.197858,163.634307,440.5286159,38.77779257,38.405073,0.0,0.0,0.0,342.244961,0.0,0.0,656.655799,0.0,529.970384,446.083283,0.0,70.12704885,0.0,0.0,490.966206
2025-04-14,0.0,0.0,915.7713259999999,16.446845,3646.8958668,0.0,815.797147,124.31053549,265.111858,676.8826006,495.676063,587.790511,382.827055,154.934061,416.2116612,40.482562539999996,16.446845,0.0,0.0,0.0,342.363492,0.0,0.0,650.659468,0.0,478.305532,473.433655,0.0,83.82797295,0.0,0.0,454.268383
2025-04-15,0.0,0.0,925.7849570000001,16.458303,3788.8605288,0.0,804.06013,119.13322874999999,264.841844,676.2486117999999,541.70238,671.548884,364.65029,153.91292,426.515023,39.872264619999996,16.458303,0.0,0.0,0.0,342.201017,0.0,0.0,660.943113,0.0,467.275659,461.859113,0.0,79.26096412999999,0.0,0.0,487.006761
2025-04-16,0.0,0.0,907.333725,49.532359,3870.2236591,0.0,749.556495,114.36617608,264.23996,666.2841842,553.4084,743.62592,345.75812,163.237672,434.0561069,47.36512408,49.532359,0.0,0.0,0.0,316.939907,0.0,0.0,643.093765,0.0,473.609112,432.616588,0.0,67.001052,0.0,0.0,490.244144
2025-04-17,0.0,0.0,920.26782,38.397337,3856.9377,0.0,750.090481,115.84626108,264.324953,689.9022137000001,548.743802,700.185195,386.735298,145.984699,423.6718703,37.335309939999995,38.397337,0.0,0.0,0.0,323.158901,0.0,0.0,655.942867,0.0,473.240783,426.93158,0.0,78.51095114,0.0,0.0,488.473839
2025-04-18,0.0,0.0,906.6291200000001,10.940568,3643.5794702,0.0,682.619445,101.64871614,256.777008,705.2407495,495.701122,575.3789,225.857708,311.914848,410.6496097,36.81868196,10.940568,0.0,0.0,0.0,295.573407,0.0,0.0,649.852112,0.0,441.272886,387.046038,0.0,64.83003418,0.0,0.0,477.563647
2025-04-19,0.0,0.0,899.017684,10.94119,3885.8945497,0.0,704.7692460000001,104.83170807,250.113607,698.9055322,551.3956,754.844188,251.998143,321.440754,377.5657615,35.21267657,10.94119,0.0,0.0,0.0,320.224588,0.0,0.0,648.904077,0.0,440.962552,384.544658,0.0,69.6190315,0.0,0.0,488.782019
2025-04-20,0.0,0.0,893.681321,10.949361,3886.1789493,0.0,712.773821,107.0184349,254.464675,667.2037321,554.389761,763.816222,268.286071,306.4464,384.2369022,37.567385990000005,10.949361,0.0,0.0,0.0,331.209044,0.0,0.0,639.216646,0.0,452.914386,381.564777,0.0,69.45104891,0.0,0.0,488.885475
2025-04-21,0.0,0.0,892.396764,10.979333,3842.690479,0.0,715.9813429999999,107.72355649,264.181512,670.2777034,552.112806,747.935178,248.704602,312.810339,381.3864866,38.559516869999996,10.979333,0.0,0.0,0.0,320.379816,0.0,0.0,628.215252,0.0,440.635405,395.601527,0.0,69.16403962000001,0.0,0.0,488.827959
2025-04-22,13.199824,0.0,909.669807,10.975012,3821.2337548,0.0,747.154762,113.57430229000002,263.502975,725.1498389,553.536911,676.230795,331.306277,286.860355,331.9591069,38.925295420000005,10.975012,0.0,0.0,0.0,320.176879,13.199824,0.0,646.166832,0.0,427.253577,426.977883,0.0,74.64900687000001,0.0,0.0,488.936894
2025-04-23,54.859759,0.0,910.5012380000001,27.467698,3830.6865785,0.0,727.786025,115.69220305,263.902673,694.7278109,545.754315,752.212224,274.806231,301.317736,347.10360860000003,40.23816966,27.467698,0.0,0.0,0.0,309.092059,54.859759,0.0,646.598565,0.0,426.925884,418.693966,0.0,75.45403339,0.0,0.0,487.838769
2025-04-24,47.243401,0.0,909.397199,27.652022,3735.9515570000003,0.0,745.150264,103.40520421,263.813599,695.4107037,550.329533,667.460361,244.199899,305.922297,390.13901830000003,36.04220471,27.652022,0.0,0.0,0.0,325.788659,47.243401,0.0,645.5836,0.0,393.775298,419.361605,0.0,67.3629995,0.0,0.0,488.714447
2025-04-25,49.74458,0.0,912.269937,39.682085,3669.1971946,0.0,746.578946,104.08456498999999,263.970336,669.792159,546.171287,611.237795,251.764669,307.955447,398.04634560000005,36.610607030000004,39.682085,0.0,0.0,0.0,325.312888,49.74458,0.0,648.299601,0.0,402.66355,421.266058,0.0,67.47395795999999,0.0,0.0,481.565942
2025-04-26,54.33455,0.0,873.445012,98.885192,3767.903545,0.0,734.378504,104.73511022000001,256.660218,689.3020088,540.30306,720.865327,223.872917,317.561966,380.5014642,37.25209377,98.885192,0.0,0.0,0.0,325.332766,54.33455,0.0,616.784794,0.0,423.281149,409.045738,0.0,67.48301645000001,0.0,0.0,472.215653
2025-04-27,56.336084,0.0,880.708828,109.775523,3692.2278226,0.0,718.644828,105.55150368000001,258.840182,687.6564147,518.105576,645.596669,224.78986,320.556427,392.5928049,38.2194875,109.775523,0.0,0.0,0.0,314.17672,56.336084,0.0,621.868646,0.0,425.900054,404.468108,0.0,67.33201618000001,0.0,0.0,477.030017
2025-04-28,59.73708,0.0,919.77828,109.938898,3784.9109738,0.0,744.5632860000001,100.16585796999999,264.518409,701.7811822000001,552.196804,658.527868,212.26516,307.155491,420.4416216,32.85681711,109.938898,0.0,0.0,0.0,325.331714,59.73708,0.0,655.259871,0.0,443.57663,419.231572,0.0,67.30904086,0.0,0.0,488.966217
2025-04-29,44.843784,0.0,890.2870599999999,88.2852,3822.5779773,0.0,736.481626,104.74815085,263.42127,750.0715776000001,550.160256,623.676995,263.767482,296.520649,395.8914867,37.5601523,88.2852,0.0,0.0,0.0,325.390707,44.843784,0.0,626.86579,0.0,453.62294,411.090919,0.0,67.18799855,0.0,0.0,488.866591
2025-04-30,57.422963,0.0,832.524028,88.31659,3921.1849556,0.0,744.675358,104.80673331,263.565102,752.3283758,549.257147,728.445357,403.957083,162.156034,385.5155388,36.773738789999996,88.31659,0.0,0.0,0.0,322.849992,57.422963,0.0,568.958926,0.0,450.80537,421.825366,0.0,68.03299452,0.0,0.0,488.72005
2025-05-01,81.32261,0.0,879.8881860000001,77.345435,3899.8830242999998,0.0,784.895526,145.20530371,258.115961,751.7331391,461.132234,794.639996,276.467775,266.345914,413.50167519999997,41.94931671,77.345435,0.0,0.0,0.0,328.68659,81.32261,0.0,621.772225,0.0,447.058605,456.208936,0.0,103.255987,0.0,0.0,489.003686
2025-05-02,70.046664,0.0,884.28648,77.139213,3825.5219205,0.0,778.921467,148.92097047000001,257.595036,736.5575582,494.019724,695.659544,256.734678,316.564227,387.4918513,45.136933570000004,77.139213,0.0,0.0,0.0,328.504004,70.046664,0.0,626.691444,0.0,449.426747,450.417463,0.0,103.7840369,0.0,0.0,489.067591
2025-05-03,78.034275,0.0,866.5645069999999,66.134461,3311.8463265,0.0,777.919673,152.00804747,249.045663,680.0229571,518.237928,209.48858,290.961316,321.868768,357.23026639999995,47.204040670000005,66.134461,0.0,0.0,0.0,333.639676,78.034275,0.0,617.518844,0.0,452.151897,444.279997,0.0,104.8040068,0.0,0.0,481.884614
2025-05-04,75.301947,0.0,871.849867,44.208404,3330.4325589,0.0,778.4020330000001,148.77225445,248.771709,695.3802441,495.934441,279.728586,306.820166,321.553983,316.7180068,44.880163450000005,44.208404,0.0,0.0,0.0,333.498247,75.301947,0.0,623.078158,0.0,449.454365,444.903786,0.0,103.892091,0.0,0.0,464.842767
2025-05-05,60.85944,0.0,895.362752,44.111086,3145.836026,0.0,803.391259,147.13531302,257.264527,406.3366717,541.138986,303.057879,312.58108,317.989432,336.1377243,45.488327119999994,44.111086,0.0,0.0,0.0,333.528026,60.85944,0.0,638.098225,0.0,449.20634,469.863233,0.0,101.6469859,0.0,0.0,479.387913
2025-05-06,61.601374,0.0,901.76783,16.535731,3212.9393814,0.0,828.7876200000001,149.20313201,257.084817,393.439659,546.194041,319.766782,369.244899,305.853044,323.1540334,46.01509691,16.535731,0.0,0.0,0.0,332.60282,61.601374,0.0,644.683013,0.0,478.2542,496.1848,0.0,103.1880351,0.0,0.0,477.032723
2025-05-07,67.918993,0.0,903.105875,16.475041,3285.3645097,0.0,813.002092,151.66940366,258.783686,448.2216945,555.410092,328.263339,352.127617,308.108877,339.20376419999997,49.08440776,16.475041,0.0,0.0,0.0,311.366784,67.918993,0.0,644.322189,0.0,469.778474,501.635308,0.0,102.58499590000001,0.0,0.0,484.250652
2025-05-08,74.364162,0.0,927.458611,11.009507,3241.0175997,0.0,841.135145,155.98938954000002,274.968635,423.78966710000003,525.158056,376.571895,351.512743,312.15253,329.2639816,52.61176864,11.009507,0.0,0.0,0.0,334.121123,74.364162,0.0,652.489976,0.0,450.058769,507.014022,0.0,103.37762090000001,0.0,0.0,472.509958
2025-05-09,75.698637,0.0,928.998505,33.05794,3586.8398313000002,0.0,827.707697,155.73684676,274.940552,439.25575260000005,565.533037,695.91614,334.864584,317.7484,331.87962569999996,51.959835659999996,33.05794,0.0,0.0,0.0,337.750084,75.698637,0.0,654.057953,0.0,411.945502,489.957613,0.0,103.7770111,0.0,0.0,489.69679
2025-05-10,62.068479,0.0,897.092797,33.003028,3567.4058608,0.0,835.405424,164.63883146,265.777939,410.26982360000005,564.925303,700.566621,343.098642,322.964158,330.9346622,60.14679546,33.003028,0.0,0.0,0.0,337.736527,62.068479,0.0,631.314858,0.0,403.699258,497.668897,0.0,104.492036,0.0,0.0,490.947393
2025-05-11,55.804896,0.0,906.877491,21.967544,3525.4136352,0.0,807.589074,163.85569966,265.963587,402.5714159,564.784399,707.986541,344.885494,322.876007,337.96680530000003,59.01155056,21.967544,0.0,0.0,0.0,337.952291,55.804896,0.0,640.913904,0.0,357.875715,469.636783,0.0,104.8441491,0.0,0.0,486.467258
2025-05-12,69.531986,0.0,928.465069,22.002322,3452.7934307,0.0,787.136967,163.32598019,274.50901,424.66623610000005,558.509773,603.019378,321.943687,322.063552,350.59882760000005,59.54037959,22.002322,0.0,0.0,0.0,337.847548,69.531986,0.0,653.956059,0.0,388.40539,449.289419,0.0,103.7856006,0.0,0.0,483.586587
2025-05-13,70.720297,0.0,927.7449260000001,22.008274,3354.5685975,0.0,785.136911,146.63434921,275.533753,403.4935158,564.825987,566.377538,343.707883,287.545433,366.3509047,54.37665576,22.008274,0.0,0.0,0.0,333.417886,70.720297,0.0,652.211173,0.0,335.180961,451.719025,0.0,92.25769345,0.0,0.0,487.086375
2025-05-14,71.018624,0.0,928.3147240000001,27.457846,3401.4534329000003,0.0,805.072363,161.52108512,274.812075,406.9072858,566.698915,636.980437,293.042639,323.837836,381.03650710000005,65.92922729,27.457846,0.0,0.0,0.0,336.745247,71.018624,0.0,653.502649,0.0,303.08725,468.327116,0.0,95.59185783,0.0,0.0,489.862563
2025-05-15,74.800806,0.0,929.4849310000001,27.605654,3243.8075207,0.0,770.582499,159.33850189999998,273.989138,404.2746442,519.632765,496.247678,318.125118,310.900483,353.1367145,67.25503966,27.605654,0.0,0.0,0.0,313.337263,74.800806,0.0,655.495793,0.0,354.711018,457.245236,0.0,92.08346223999999,0.0,0.0,486.7791
2025-05-16,62.42336,0.0,934.2505020000001,38.546176,3397.6458317,0.0,805.45074,152.79807614,274.703908,401.2710731,559.500198,540.408481,310.175832,320.49937,373.3749356,66.31207195,38.546176,0.0,0.0,0.0,336.952115,62.42336,0.0,659.546594,0.0,405.981069,468.498625,0.0,86.48600419,0.0,0.0,486.434873
2025-05-17,57.430317,0.0,889.464781,43.899992,3475.6371636999997,0.0,781.170758,163.27060738,266.403458,433.0124258,550.56,607.799428,300.777568,313.834098,382.9080719,64.74556412,43.899992,0.0,0.0,0.0,334.959086,57.430317,0.0,623.061323,0.0,399.775695,446.211672,0.0,98.52504326,0.0,0.0,486.969877
2025-05-18,60.211595,0.0,888.5319609999999,54.772166,3341.7801383,0.0,797.718085,163.26941683,266.568961,460.8366577,509.673456,546.46548,300.159193,314.999351,382.37875460000004,64.7524221,54.772166,0.0,0.0,0.0,335.098749,60.211595,0.0,621.963,0.0,338.780368,462.619336,0.0,98.51699473000001,0.0,0.0,488.486878
2025-05-19,71.584749,0.0,928.9335819999999,21.837193,3351.254912,0.0,814.1938680000001,162.67389033999999,275.816496,437.200309,384.980154,658.310049,313.790625,320.74044,369.187557,64.31780447999999,21.837193,0.0,0.0,0.0,335.10023,71.584749,0.0,653.117086,0.0,381.127222,479.093638,0.0,98.35608586,0.0,0.0,485.918556
2025-05-20,63.365162,0.0,921.9761060000001,54.981478,3332.2461557,0.0,819.7311520000001,159.47930309999998,275.014426,434.19465280000003,532.021606,483.51645,334.074228,320.06327,348.6654099,64.75735829999999,54.981478,0.0,0.0,0.0,335.043875,63.365162,0.0,646.96168,0.0,390.8297,484.687277,0.0,94.7219448,0.0,0.0,488.880839
2025-05-21,39.812875,0.0,896.179611,54.878141,1863.3513394,0.0,834.4504529999999,168.25138282,275.624803,466.4452558,0.0,181.866869,63.681219,73.873036,169.39321859999998,64.99407982,54.878141,0.0,0.0,0.0,346.132428,39.812875,0.0,620.554808,0.0,449.852177,488.318025,0.0,103.257303,0.0,0.0,458.239564
2025-05-22,0.0,0.0,904.620074,33.056639,2641.6931901,0.0,816.791156,159.31506423000002,273.600914,427.74507669999997,61.53559,296.979206,341.352473,289.301378,359.5993054,64.6503086,33.056639,0.0,0.0,0.0,335.009012,0.0,0.0,631.01916,0.0,414.149189,481.782144,0.0,94.66475563,0.0,0.0,451.030972
2025-05-23,9.335908,0.0,917.5776679999999,32.957949,3064.5368345,0.0,824.562435,163.49757804,275.137048,332.151195,525.826868,318.419123,261.983362,325.121364,399.7501055,63.95759305,32.957949,0.0,0.0,0.0,340.421138,9.335908,0.0,642.44062,0.0,417.3174,484.141297,0.0,99.53998499,0.0,0.0,483.967417
2025-05-24,0.0,0.0,839.87751,27.466374,2581.8919556,0.0,821.540356,160.36416792,266.28274,366.24393380000004,263.801005,108.553315,276.895001,303.943538,380.5893808,62.9942209,27.466374,0.0,0.0,0.0,331.140604,0.0,0.0,573.59477,0.0,408.137724,490.399752,0.0,97.36994702,0.0,0.0,473.728058
2025-05-25,0.0,0.0,842.355157,21.884638,3153.7240655,0.0,814.767116,166.96089166000002,266.252954,399.5677301,562.214724,288.865218,283.207042,320.902322,395.1166004,63.428455060000005,21.884638,0.0,0.0,0.0,331.058733,0.0,0.0,576.102203,0.0,421.362765,483.708383,0.0,103.5324366,0.0,0.0,482.487664
2025-05-26,0.0,0.0,884.1992769999999,43.76444,2843.4896737,0.0,814.7022850000001,166.68770167000002,275.335519,378.4980741,464.036415,112.577201,300.819874,320.938633,377.41488960000004,63.275372770000004,43.76444,0.0,0.0,0.0,331.38448,0.0,0.0,608.863758,0.0,416.129967,483.317805,0.0,103.4123289,0.0,0.0,473.07462
2025-05-27,0.0,0.0,870.3175590000001,38.335618,3061.9161201,0.0,817.020618,156.61602901,268.980258,360.3917281,523.151512,272.460622,291.013324,321.858809,385.475813,59.585388630000004,38.335618,0.0,0.0,0.0,331.696816,0.0,0.0,601.337301,0.0,425.754174,485.323802,0.0,97.03064038,0.0,0.0,481.810138
2025-05-28,0.0,0.0,905.764602,38.428925,3132.8912492,0.0,822.176189,153.93277853,267.427303,357.182576,546.599417,323.215056,278.116731,321.030931,394.8834852,56.93235553,38.428925,0.0,0.0,0.0,341.383198,0.0,0.0,638.337299,0.0,429.066072,480.792991,0.0,97.000423,0.0,0.0,482.796981
2025-05-29,0.0,0.0,905.4215379999999,32.959852,3323.8583065000003,0.0,835.9823369999999,168.47746753,268.984421,364.71738789999995,565.148844,469.110712,295.156786,331.14427,383.47272860000004,66.32608003,32.959852,0.0,0.0,0.0,341.622824,0.0,0.0,636.437117,0.0,430.027008,494.359513,0.0,102.1513875,0.0,0.0,485.08057
2025-05-30,0.0,0.0,906.443164,32.918977,3335.4207687,0.0,838.103453,171.6588717,269.41723,332.2591012,563.420243,501.922393,274.299666,331.160275,398.9296735,68.2318741,32.918977,0.0,0.0,0.0,347.04497,0.0,0.0,637.025934,0.0,448.477604,491.058483,0.0,103.42699759999999,0.0,0.0,484.951813
2025-05-31,0.0,0.0,845.803033,32.928357,3388.1629317,0.0,812.881743,160.85643597,266.155789,398.6982873,564.575543,477.677603,282.672204,329.713642,389.6578494,63.127408689999996,32.928357,0.0,0.0,0.0,344.871235,0.0,0.0,579.647244,0.0,470.506368,468.010508,0.0,97.72902728,0.0,0.0,474.661435
2025-06-01,0.0,0.0,917.741323,32.930523,3271.1726934,0.0,782.215242,134.78418666000002,266.987361,384.692249,564.602823,357.383886,273.443129,328.73103,396.2969834,56.71736354,32.930523,0.0,0.0,0.0,344.872942,0.0,0.0,650.753962,0.0,483.490405,437.3423,0.0,78.06682312000001,0.0,0.0,482.532188
2025-06-02,0.0,0.0,918.392522,32.984864,3271.2834387,0.0,813.016266,130.31156696,281.577314,367.7189999,558.817115,401.633444,295.053747,299.372869,390.7998678,53.574709649999996,32.984864,0.0,0.0,0.0,344.9475,0.0,0.0,636.815208,0.0,474.657024,468.068766,0.0,76.73685731,0.0,0.0,483.230372
2025-06-03,0.0,0.0,956.927366,33.066042,3334.7805528,0.0,807.7417800000001,137.90096730000002,281.363962,378.7070463,551.839241,457.36589,308.189838,322.524672,348.5822625,53.480971520000004,33.066042,0.0,0.0,0.0,343.807339,0.0,0.0,675.563404,0.0,483.122417,463.934441,0.0,84.41999578000001,0.0,0.0,484.449186
2025-06-04,26.653887,0.0,956.924201,32.98808,3395.5094698000003,0.0,836.8757089999999,138.22410481,281.438628,485.338586,538.10301,525.862413,243.734772,325.310126,365.2992128,52.75013187,32.98808,0.0,0.0,0.0,343.872104,26.653887,0.0,675.485573,0.0,427.253719,493.003605,0.0,85.47397294,0.0,0.0,484.607631
2025-06-05,54.255996,0.0,957.9756729999999,32.992151,2913.6463781,0.0,853.2786739999999,138.29734646999998,267.382316,448.758663,488.902288,297.247786,132.129187,307.867127,246.7294191,53.02030472,32.992151,0.0,0.0,0.0,349.066986,54.255996,0.0,690.593357,0.0,509.681778,504.211688,0.0,85.27704175,0.0,0.0,482.33013
2025-06-06,68.024806,0.0,976.754144,27.394656,3050.9728774,0.0,891.3208070000001,138.17817359,267.754677,478.85593339999997,534.726451,186.793907,293.651842,303.477098,290.255469,52.77515271,27.394656,0.0,0.0,0.0,381.599246,68.024806,0.0,708.999467,0.0,499.762037,509.721561,0.0,85.40302088,0.0,0.0,463.45014
2025-06-07,83.143432,0.0,969.709913,16.552772,3218.7820723,0.0,865.338372,149.10323732,267.337365,584.4162876,534.850975,211.943815,236.838398,324.351271,355.2551957,58.96225661,16.552772,0.0,0.0,0.0,381.569853,83.143432,0.0,702.372548,0.0,510.17399,483.768519,0.0,90.14098071,0.0,0.0,460.95214
2025-06-08,75.9083,0.0,901.8924589999999,16.430686,3230.2498938999997,0.0,857.540218,145.46158774999998,267.565054,608.4828799,449.607996,299.578132,228.663013,318.147513,352.964925,55.16098556,16.430686,0.0,0.0,0.0,381.594182,75.9083,0.0,634.327405,0.0,495.082151,475.946036,0.0,90.30060218999999,0.0,0.0,477.723284
2025-06-09,73.477661,0.0,918.425733,16.472266,3190.0496545,0.0,852.388737,145.39734948,267.667259,637.2096832000001,457.480157,271.524627,234.911454,305.138334,318.1501303,55.20623289,16.472266,0.0,0.0,0.0,381.557026,73.477661,0.0,650.758474,0.0,481.055718,470.831711,0.0,90.19111659000001,0.0,0.0,484.579551
2025-06-10,74.34717,0.0,915.774735,16.433693,3111.0584356,0.0,381.589228,154.74975278,267.438387,493.78712,461.389551,285.62524,189.082633,320.932141,407.2801766,60.27751142,16.433693,0.0,0.0,0.0,381.38514,74.34717,0.0,648.336348,0.0,470.711814,0.204088,0.0,94.47224136,0.0,0.0,482.24976
2025-06-11,85.695126,0.0,916.357311,10.959992,3178.3391603,0.0,372.181273,152.84308055,267.546033,496.9856456,484.695647,383.994736,247.121427,303.800574,358.33776969999997,55.69003861,10.959992,0.0,0.0,0.0,372.181273,85.695126,0.0,648.811278,0.0,421.1123,0.0,0.0,97.15304194,0.0,0.0,482.291061
2025-06-12,88.25047,0.0,921.7663580000001,11.024045,3167.3682374,0.0,370.598871,147.55672499000002,266.793835,644.4744024,454.441482,307.014801,252.471645,310.255129,300.994905,55.331606560000004,11.024045,0.0,0.0,0.0,370.598871,88.25047,0.0,654.972523,0.0,433.291231,0.0,0.0,92.22511843000001,0.0,0.0,464.424642
2025-06-13,94.86755,0.0,914.583386,16.462485,2395.229773,0.0,345.212439,155.33672538,267.28217,553.5889983,108.360404,207.251942,246.611931,297.992995,207.0287067,61.07068711,16.462485,0.0,0.0,0.0,345.212439,94.86755,0.0,647.301216,0.0,442.121386,0.0,0.0,94.26603827,0.0,0.0,332.27341
2025-06-14,94.693983,0.0,876.111225,16.478804,2927.1949666,0.0,367.055053,156.57003821,266.299798,642.7644135,422.00874,131.71853,257.587015,316.707612,241.9828281,61.28603022,16.478804,0.0,0.0,0.0,367.055053,94.693983,0.0,609.811427,0.0,434.40598,0.0,0.0,95.28400798999999,0.0,0.0,480.019848
2025-06-15,93.800356,0.0,896.221634,16.425658,2847.6932002000003,0.0,363.754854,156.57902201,265.364909,620.3024197000001,387.864523,74.457633,243.400292,323.856186,275.8809405,60.85778205,16.425658,0.0,0.0,0.0,361.50911,93.800356,0.0,630.856725,0.0,451.597964,2.245744,0.0,95.72123995999999,0.0,0.0,470.333242
2025-06-16,93.959742,0.0,970.726091,16.44668,2885.2421448,0.0,599.30834,154.36425812000002,265.045709,643.2429602999999,394.375094,74.034504,237.193306,311.39217,290.4937535,59.98772686,16.44668,0.0,0.0,0.0,367.194571,93.959742,0.0,705.680382,0.0,453.695122,232.113769,0.0,94.37653126000001,0.0,0.0,480.815235
2025-06-17,89.268495,0.0,906.055441,16.499226,2588.6815552000003,0.0,844.798677,147.21086044999998,270.98328,599.3261327,522.426176,172.549643,243.945307,316.947251,313.8245365,54.43184961,16.499226,0.0,0.0,0.0,361.5131,89.268495,0.0,635.072161,0.0,419.662509,483.285577,0.0,92.77901084,0.0,0.0,0.0
2025-06-18,91.080686,0.0,907.704178,16.483101,3185.7018877,0.0,846.922246,151.21870844,270.821882,563.2211492,538.120701,265.609316,211.215701,313.416146,362.6596825,53.23816568,16.483101,0.0,0.0,0.0,351.721633,91.080686,0.0,636.882296,0.0,446.88127,495.200613,0.0,97.98054276,0.0,0.0,484.577922
2025-06-19,91.426855,0.0,907.721462,16.49821,3165.0811136,0.0,853.981117,159.85647669,270.848568,565.3715282000001,541.094197,242.273954,238.855242,314.40907,333.20237039999995,56.75292489,16.49821,0.0,0.0,0.0,366.671084,91.426855,0.0,636.872894,0.0,446.207594,487.310033,0.0,103.10355179999999,0.0,0.0,483.667158
2025-06-20,90.183719,0.0,922.532649,21.906827,3190.7936613,0.0,876.578385,167.73232521,270.698077,607.060532,543.771664,224.225549,239.851951,321.929865,323.6244813,67.15434581000001,21.906827,0.0,0.0,0.0,366.788486,90.183719,0.0,651.834572,0.0,443.01094,509.789899,0.0,100.5779794,0.0,0.0,487.318679
2025-06-21,90.825354,0.0,922.119088,10.954285,3271.0699925,0.0,860.750545,168.05024506,270.665215,565.1043355,542.521705,313.736653,230.694186,323.770439,337.35402,68.57720892,10.954285,0.0,0.0,0.0,366.863162,90.825354,0.0,651.453873,0.0,473.824424,493.887383,0.0,99.47303614,0.0,0.0,484.06423
2025-06-22,75.94662,0.0,883.2091479999999,10.971986,3362.506323,0.0,869.565292,165.18593063,269.207734,555.7579459,542.334877,419.90063,188.42777,311.845165,391.43008710000004,64.63624322999999,10.971986,0.0,0.0,0.0,366.875251,75.94662,0.0,614.001414,0.0,468.302679,502.690041,0.0,100.54968740000001,0.0,0.0,484.507169
2025-06-23,87.568624,0.0,920.4371719999999,10.979974,3394.5279459000003,0.0,878.707192,164.54149804999997,268.584404,542.8699016,481.667636,550.460448,121.161043,325.819772,426.1522403,64.79474814,10.979974,0.0,0.0,0.0,366.888854,87.568624,0.0,651.852768,0.0,459.681179,511.818338,0.0,99.74674990999999,0.0,0.0,486.715726
2025-06-24,84.649969,0.0,903.3886090000001,10.956836,3218.8182286,0.0,857.072701,169.33808093,268.888936,555.4437571,329.314387,627.143859,124.887728,319.79801,426.3827625,69.28295933,10.956836,0.0,0.0,0.0,366.904785,84.649969,0.0,634.499673,0.0,349.728382,490.167916,0.0,100.05512159999999,0.0,0.0,486.119343
2025-06-25,77.664452,0.0,882.955845,10.993253,3480.1146576,0.0,877.986845,167.93822958,263.640714,549.2617631,414.815958,688.472465,140.516484,316.90273,426.0801735,64.24869788000001,10.993253,0.0,0.0,0.0,366.874315,77.664452,0.0,619.315131,0.0,457.763085,511.11253,0.0,103.6895317,0.0,0.0,486.301999
2025-06-26,76.612389,0.0,878.312739,11.006114,3649.5886004,0.0,875.874793,157.74285243999998,262.923211,580.1135884,528.168503,613.226333,209.950467,316.233981,388.107103,55.30626264,11.006114,0.0,0.0,0.0,366.879074,76.612389,0.0,615.389528,0.0,526.1644,508.995719,0.0,102.4365898,0.0,0.0,487.624225
2025-06-27,75.192045,0.0,870.84573,11.021576,3507.4954606,0.0,902.3276000000001,166.82496242000002,262.746483,583.1932696,522.904801,507.463083,216.465538,317.835771,386.567403,66.05094952,11.021576,0.0,0.0,0.0,366.790284,75.192045,0.0,608.099247,0.0,486.479965,535.537316,0.0,100.7740129,0.0,0.0,486.58563
2025-06-28,60.72101,0.0,839.709779,5.51118,3556.4323262,0.0,896.046253,164.31017026,248.298339,572.6364786,535.311434,574.597994,208.076378,319.220161,400.0445426,66.11715675,5.51118,0.0,0.0,0.0,367.143829,60.72101,0.0,591.41144,0.0,460.659699,528.902424,0.0,98.19301351,0.0,0.0,485.885639
2025-06-29,58.087982,0.0,858.530076,5.502347,3609.2153144,0.0,888.037613,159.35064997,245.249706,576.3653116,542.514627,587.469628,199.206979,306.064407,420.6407398,61.47639018,5.502347,0.0,0.0,0.0,366.97158,58.087982,0.0,613.28037,0.0,490.346573,521.066033,0.0,97.87425979000001,0.0,0.0,486.607049
2025-06-30,51.741503,0.0,915.927603,10.985218,3605.9337335,0.0,904.048871,163.72703779,263.406554,623.8373696,538.190477,563.283561,244.715964,318.722765,355.9828659,63.54219789,10.985218,0.0,0.0,0.0,366.901094,51.741503,0.0,652.521049,0.0,486.637686,537.147777,0.0,100.1848399,0.0,0.0,474.563045
2025-07-01,57.875596,0.0,850.842098,11.003102,3560.3996599,0.0,914.788235,187.4560525,303.264104,591.5231858,549.423957,519.252542,195.083065,312.683347,429.4027601,84.3010633,11.003102,0.0,0.0,0.0,366.888083,57.875596,0.0,547.577994,0.0,488.415033,547.900152,0.0,103.1549892,0.0,0.0,474.61577
2025-07-02,57.202138,0.0,844.800291,21.974377,3624.185262,0.0,878.236337,197.3179978,302.851547,583.4677793999999,542.268822,582.76589,201.631205,313.366472,428.9867706,94.129898,21.974377,0.0,0.0,0.0,366.917287,57.202138,0.0,541.948744,0.0,508.720962,511.31905,0.0,103.1880998,0.0,0.0,462.977361
2025-07-03,58.830045,0.0,825.846321,5.501659,3681.2204209,0.0,862.2284629999999,197.91636928,302.440788,605.8413337999999,543.363432,578.356917,206.132228,309.964254,430.18381910000005,94.61690398,5.501659,0.0,0.0,0.0,366.670216,58.830045,0.0,523.405533,0.0,520.675748,495.558247,0.0,103.2994653,0.0,0.0,486.702689
2025-07-04,55.079445,0.0,830.2322340000001,5.507246,3706.7521145,0.0,843.5577549999999,204.2668946,304.137599,620.1643353,535.527502,657.330814,192.533287,315.918475,422.1300832,100.2429044,5.507246,0.0,0.0,0.0,319.909633,55.079445,0.0,526.094635,0.0,476.285513,523.648122,0.0,104.0239902,0.0,0.0,486.862105
2025-07-05,57.620439,0.0,844.0704109999999,5.502595,3761.4140953,0.0,826.19642,202.51423548,304.01791,656.9411034,540.234761,640.454215,178.935515,322.953963,421.7033459,99.46714428,5.502595,0.0,0.0,0.0,310.846312,57.620439,0.0,540.052501,0.0,513.521865,515.350108,0.0,103.0470912,0.0,0.0,486.669327
2025-07-06,53.748797,0.0,813.501221,5.507795,3769.14035,0.0,855.270894,195.01110971999998,303.660762,653.67213,540.013425,636.844275,225.113225,313.461151,389.564427,91.75096751999999,5.507795,0.0,0.0,0.0,351.604817,53.748797,0.0,509.840459,0.0,524.173134,503.666077,0.0,103.2601422,0.0,0.0,486.298583
2025-07-07,55.186462,0.0,841.447488,11.002307,3747.5821490999997,0.0,894.0734229999999,195.07937825,302.951173,657.5424038,540.00807,652.694965,202.6152,311.247517,376.5828033,91.44847865000001,11.002307,0.0,0.0,0.0,366.438504,55.186462,0.0,538.496315,0.0,520.678379,527.634919,0.0,103.63089959999999,0.0,0.0,486.212811
2025-07-08,52.832754,0.0,825.3755120000001,10.977015,3711.9858259,0.0,850.279033,204.810026,303.791581,653.5325702,540.426722,659.297494,137.682199,316.568677,433.58743469999996,100.101072,10.977015,0.0,0.0,0.0,334.011803,52.832754,0.0,521.583931,0.0,486.105748,516.26723,0.0,104.708954,0.0,0.0,484.784981
2025-07-09,51.417389,0.0,853.946291,10.96729,3651.1405945,0.0,839.882712,196.44882257,304.201216,632.9642384,541.786671,639.137941,136.935127,320.567535,425.6365321,93.25578767,10.96729,0.0,0.0,0.0,321.658857,51.417389,0.0,549.745075,0.0,467.768648,518.223855,0.0,103.1930349,0.0,0.0,486.343902
2025-07-10,54.102292,0.0,871.114411,32.961702,3680.7281557,0.0,846.183313,191.14831957,304.948399,683.1124456,542.899812,609.987935,116.820122,323.835697,422.2616471,87.95960817,32.961702,0.0,0.0,0.0,339.644616,54.102292,0.0,566.166012,0.0,496.935109,506.538697,0.0,103.1887114,0.0,0.0,484.875388
2025-07-11,52.935199,0.0,854.086728,43.826402,3739.9636530000002,0.0,871.570408,200.48352362,304.263817,650.6802472,542.136264,636.623538,180.051044,327.117369,421.5367288,96.04051032,43.826402,0.0,0.0,0.0,372.633536,52.935199,0.0,549.822911,0.0,496.003053,498.936872,0.0,104.4430133,0.0,0.0,485.815409
2025-07-12,44.470142,0.0,816.195688,5.479253,3722.2737166,0.0,837.916223,200.70839068,304.758965,700.7679863,544.647682,623.354827,141.954075,312.087841,431.74465330000004,96.54138948,5.479253,0.0,0.0,0.0,366.901979,44.470142,0.0,511.436723,0.0,483.34337,471.014244,0.0,104.1670012,0.0,0.0,484.373282
2025-07-13,46.868723,0.0,838.644211,5.480269,3634.3688931,0.0,853.021658,198.27724016,304.376881,673.4673769,540.874545,585.434336,161.809158,319.487803,428.0412902,94.88217956,5.480269,0.0,0.0,0.0,366.629578,46.868723,0.0,534.26733,0.0,438.525131,486.39208,0.0,103.3950606,0.0,0.0,486.729253
2025-07-14,42.673186,0.0,822.1575399999999,5.517249,3645.7502841,0.0,866.7635720000001,196.17252264,303.827696,719.0329311,545.603832,667.977065,442.959396,321.659994,0.0,93.28560164,5.517249,0.0,0.0,0.0,366.818603,42.673186,0.0,518.329844,0.0,465.849848,499.944969,0.0,102.886921,0.0,0.0,482.667218
2025-07-15,45.184109,0.0,828.019873,5.488608,3580.7667797,0.0,908.734666,195.10765762,303.422485,696.3439047,544.049927,566.406757,503.034786,307.41612,0.0,92.78561172,5.488608,0.0,0.0,0.0,366.98443,45.184109,0.0,524.597388,0.0,480.140805,541.750236,0.0,102.3220459,0.0,0.0,483.37448
2025-07-16,41.34859,0.0,852.459194,10.964152,3026.7220187,0.0,891.785796,189.72319144,303.52818,726.8909777,418.864944,266.537921,455.667235,315.739715,0.0,86.23825184,10.964152,0.0,0.0,0.0,327.942185,41.34859,0.0,548.931014,0.0,373.439347,563.843611,0.0,103.48493959999999,0.0,0.0,469.581879
2025-07-17,41.068,0.0,877.9869209999999,10.960762,3057.4787618,0.0,852.2854050000001,188.68015944,303.860392,742.5043128,369.131395,280.983995,428.427423,317.401967,0.0,85.27255144,10.960762,0.0,0.0,0.0,312.199225,41.068,0.0,574.126529,0.0,467.598791,540.08618,0.0,103.407608,0.0,0.0,451.430878
2025-07-18,44.352535,0.0,839.2026579999999,11.02783,3549.5795286,0.0,860.5879170000001,193.13888272,304.216074,741.3930066,542.484755,582.315336,442.210784,322.65451,0.0,89.72884222,11.02783,0.0,0.0,0.0,322.509609,44.352535,0.0,534.986584,0.0,457.12787,538.078308,0.0,103.4100405,0.0,0.0,461.393267
2025-07-19,44.888676,0.0,817.602466,11.045428,3637.6322988,0.0,849.209686,196.38511870999997,303.77172,749.2604008,546.704139,632.401551,444.188126,325.211169,0.0,92.84214811,11.045428,0.0,0.0,0.0,328.7364,44.888676,0.0,513.830746,0.0,456.282506,520.473286,0.0,103.54297059999999,0.0,0.0,483.584407
2025-07-20,36.162553,0.0,812.4569200000001,11.008675,3516.6823061,0.0,832.915974,191.82239294000001,305.89559,720.8938471,517.589941,559.255285,482.075701,310.902307,0.0,88.61049104000001,11.008675,0.0,0.0,0.0,328.71248,36.162553,0.0,506.56133,0.0,440.743281,504.203494,0.0,103.2119019,0.0,0.0,485.221944
2025-07-21,36.345968,0.0,799.299437,11.018425,3546.4371171000003,0.0,864.669349,200.30332538,304.841368,719.7400981000001,541.43637,630.182028,458.892556,308.269962,0.0,95.93781858,11.018425,0.0,0.0,0.0,323.066036,36.345968,0.0,494.458069,0.0,403.78196,541.603313,0.0,104.36550679999999,0.0,0.0,484.134143
2025-07-22,43.228854,0.0,806.411338,10.962192,3591.4014536,0.0,918.8333460000001,189.70825856,305.235968,751.8587076,540.013547,588.155116,493.201368,324.26716,0.0,85.14132826000001,10.962192,0.0,0.0,0.0,372.129158,43.228854,0.0,501.17537,0.0,409.939307,546.704188,0.0,104.5669303,0.0,0.0,483.966248
2025-07-23,45.850625,0.0,820.892701,16.450838,3617.4836321,0.0,945.795499,188.8221542,305.772944,748.7334231,535.580609,635.22547,468.258074,313.064157,0.0,83.0276654,16.450838,0.0,0.0,0.0,372.401341,45.850625,0.0,515.119757,0.0,428.287903,573.394158,0.0,105.7944888,0.0,0.0,488.333996
2025-07-24,43.001483,0.0,813.326902,16.454628,3603.3055145000003,0.0,940.722943,188.53084280000002,305.779238,738.4859665,536.306072,654.866385,452.951748,302.15347,0.0,84.6479295,16.454628,0.0,0.0,0.0,366.754463,43.001483,0.0,507.547664,0.0,435.004571,573.96848,0.0,103.8829133,0.0,0.0,483.537302
2025-07-25,39.864798,0.0,815.806257,16.471959,3590.5190302,0.0,903.22806,195.30703527999998,306.372013,681.6004452000001,529.066688,674.554836,465.561483,325.361848,0.0,92.33303328,16.471959,0.0,0.0,0.0,329.932005,39.864798,0.0,509.434244,0.0,431.541096,573.296055,0.0,102.974002,0.0,0.0,482.832634
2025-07-26,5.996224,0.0,850.7586650000001,43.974286,3714.5781362000002,0.0,933.7253639999999,194.05771354,306.454829,673.0297412000001,543.062126,800.378035,451.946118,325.375471,0.0,90.82464104,43.974286,0.0,0.0,0.0,372.674956,5.996224,0.0,544.303836,0.0,436.034067,561.050408,0.0,103.2330725,0.0,0.0,484.752578
2025-07-27,0.0,0.0,868.702894,27.724051,3773.9266263,0.0,900.615303,184.7898192,305.437349,679.3383452999999,543.073252,876.235353,473.425694,325.464388,0.0,84.294835,27.724051,0.0,0.0,0.0,372.463031,0.0,0.0,563.265545,0.0,391.500145,528.152272,0.0,100.4949842,0.0,0.0,484.889449
2025-07-28,0.0,0.0,889.909067,21.894678,3773.2366185,0.0,931.833359,186.9841101,305.419983,660.8830025,548.610531,815.04965,506.215814,316.835448,0.0,84.23208740000001,21.894678,0.0,0.0,0.0,372.230415,0.0,0.0,584.489084,0.0,440.15913,559.602944,0.0,102.7520227,0.0,0.0,485.483043
2025-07-29,0.0,0.0,890.49549,16.438283,3792.4216307999995,0.0,928.202061,189.47885311,304.851777,659.0759277999999,543.665896,852.615161,509.912851,306.987803,0.0,85.15503921,16.438283,0.0,0.0,0.0,372.401267,0.0,0.0,585.643713,0.0,434.440301,555.800794,0.0,104.3238139,0.0,0.0,485.723691
2025-07-30,0.0,0.0,903.313011,16.588182,3776.5189197,0.0,941.9470080000001,191.92405548,304.787332,677.7891147,535.864123,813.990053,503.849067,315.28235,0.0,86.14495488,16.588182,0.0,0.0,0.0,373.398881,0.0,0.0,598.525679,0.0,444.189982,568.548127,0.0,105.77910059999999,0.0,0.0,485.55423
2025-07-31,0.0,0.0,892.701091,16.533046,3822.4075217,0.0,935.906647,201.55266501,302.543939,654.4731057,541.376455,868.218147,497.737307,299.16002,0.0,96.01908541,16.533046,0.0,0.0,0.0,372.379739,0.0,0.0,590.157152,0.0,477.540373,563.526908,0.0,105.5335796,0.0,0.0,483.902114
2025-08-01,0.0,0.0,941.642267,10.97979,3863.6282934,0.0,908.419898,207.975729,306.194456,659.8103764,542.452762,810.03091,578.444132,325.290915,0.0,105.3507513,10.97979,0.0,0.0,0.0,364.830421,0.0,0.0,635.447811,0.0,460.606227,543.589477,0.0,102.6249777,0.0,0.0,486.992971
2025-08-02,0.0,0.0,909.5564439999999,11.102371,3447.3586934,0.0,864.837,193.11846552,292.346327,636.2748064,541.107029,461.630311,206.950954,317.028938,348.641011,91.37755192,11.102371,0.0,0.0,0.0,356.782373,0.0,0.0,617.210117,0.0,469.172433,508.054627,0.0,101.7409136,0.0,0.0,466.553211
2025-08-03,0.0,0.0,885.81831,10.957887,3878.1049273000003,0.0,863.96271,187.56923385,302.008146,597.7851705,542.422845,833.858903,191.98435,321.932453,387.50870180000004,85.67825655,10.957887,0.0,0.0,0.0,356.845344,0.0,0.0,583.810164,0.0,520.306515,507.117366,0.0,101.8909773,0.0,0.0,482.305989
2025-08-04,33.692295,0.0,968.4202210000001,5.484151,3871.1269926,0.0,877.966488,188.03504562,331.766407,617.1178629,519.087754,856.761726,177.691824,327.635817,423.5082397,85.70831682,5.484151,0.0,0.0,0.0,356.716975,33.692295,0.0,636.653814,0.0,486.087516,521.249513,0.0,102.3267288,0.0,0.0,463.236253
2025-08-05,47.39405,0.0,973.4268050000001,5.469491,3917.2313945,0.0,867.52982,179.42695513,334.5274,663.1617956,536.074877,857.997489,173.301493,323.60361,421.6413849,81.38808227,5.469491,0.0,0.0,0.0,356.650873,47.39405,0.0,638.899405,0.0,478.086233,510.878947,0.0,98.03887286,0.0,0.0,463.364512
2025-08-06,56.770761,0.0,970.4295219999999,10.973104,3872.7104923,0.0,848.0101480000001,171.10359394,334.227505,651.0734768,537.863909,801.095739,201.911322,326.391976,398.1649705,81.53415448999999,10.973104,0.0,0.0,0.0,351.899093,56.770761,0.0,636.202017,0.0,482.814181,496.111055,0.0,89.56943945,0.0,0.0,473.394918
2025-08-07,56.249052,0.0,988.117249,5.502447,3883.8990808,0.0,827.040405,182.70877008,331.803763,597.2302053,541.345674,815.761977,156.25453,324.734968,428.7204805,80.38788108,5.502447,0.0,0.0,0.0,352.157492,56.249052,0.0,656.313486,0.0,533.093246,474.882913,0.0,102.320889,0.0,0.0,486.758
2025-08-08,63.953859,0.0,943.147508,5.51421,3912.0363407,0.0,818.854821,188.45390368,331.123961,598.9940207999999,542.449457,837.723104,222.371012,314.60928,383.2531259,86.48483238,5.51421,0.0,0.0,0.0,352.134694,63.953859,0.0,612.023547,0.0,525.118475,466.720127,0.0,101.9690713,0.0,0.0,487.517866
2025-08-09,43.733649,0.0,921.120324,5.512881,3925.537464,0.0,825.688257,193.04275663,301.600415,606.9019983,542.753733,829.840198,177.173552,324.400929,426.4620347,90.15764343000001,5.512881,0.0,0.0,0.0,352.003269,43.733649,0.0,619.519909,0.0,533.043092,473.684988,0.0,102.8851132,0.0,0.0,484.961927
2025-08-10,0.0,0.0,927.372144,5.519986,3823.9803675,0.0,817.01722,186.91447283,304.511616,574.9403071,544.434216,737.608259,212.531059,313.806017,430.38293039999996,83.95338823,5.519986,0.0,0.0,0.0,351.96102,0.0,0.0,622.860528,0.0,526.400315,465.0562,0.0,102.96108459999999,0.0,0.0,483.877264
2025-08-11,0.0,0.0,906.68841,5.51472,3753.4981372,0.0,849.260842,186.5740458,305.945557,593.7667702,540.186763,727.372099,208.091411,324.201609,410.99908,83.4970345,5.51472,0.0,0.0,0.0,351.840731,0.0,0.0,600.742853,0.0,472.654552,497.420111,0.0,103.0770113,0.0,0.0,476.225853
2025-08-12,0.0,0.0,896.786923,5.516853,3500.6242930999997,0.0,865.5328400000001,184.85178592,306.823121,567.5093386,523.442716,575.409136,210.995219,322.099078,387.6027895,80.10020582,5.516853,0.0,0.0,0.0,349.349138,0.0,0.0,589.963802,0.0,431.752439,516.183702,0.0,104.7515801,0.0,0.0,481.813577
2025-08-13,0.0,0.0,914.620752,5.496606,3603.1357786999997,0.0,869.590103,185.83938913999998,308.513189,529.1031502,538.136483,720.665413,204.176993,325.470004,421.7432895,81.12251914,5.496606,0.0,0.0,0.0,349.731287,0.0,0.0,606.107563,0.0,380.369663,519.858816,0.0,104.71687,0.0,0.0,483.470783
2025-08-14,0.0,0.0,908.7989,5.47785,3603.2321149,0.0,883.245418,184.14747646,308.145749,588.2406227,543.365212,692.662004,209.510122,317.481819,416.2773822,80.94460026,5.47785,0.0,0.0,0.0,349.427399,0.0,0.0,600.653151,0.0,352.273173,533.818019,0.0,103.2028762,0.0,0.0,483.42178
2025-08-15,0.0,0.0,913.17859,5.479241,3571.0846498,0.0,870.0006759999999,184.10917679,308.334496,568.7814317000001,542.823384,729.129919,190.587789,320.186592,387.81979010000003,81.02323829000001,5.479241,0.0,0.0,0.0,349.664068,0.0,0.0,604.844094,0.0,348.977745,520.336608,0.0,103.0859385,0.0,0.0,482.777999
2025-08-16,0.0,0.0,917.239549,6.564417,3568.0361577999997,0.0,850.524399,191.39656839000003,306.849595,581.0483102999999,539.964483,768.894937,200.019257,304.54583,362.3549025,87.28071729000001,6.564417,0.0,0.0,0.0,349.56443,0.0,0.0,610.389954,0.0,327.373577,500.959969,0.0,104.1158511,0.0,0.0,483.834861
2025-08-17,0.0,0.0,940.1003740000001,5.476005,3462.2686025,0.0,873.730652,191.63500901999998,303.009964,577.0089522999999,544.685806,686.598909,191.751375,312.261989,387.6389562,88.28134142,5.476005,0.0,0.0,0.0,349.492414,0.0,0.0,637.09041,0.0,279.733681,524.238238,0.0,103.3536676,0.0,0.0,482.588934
2025-08-18,0.0,0.0,912.2134000000001,5.471067,3463.919104,0.0,895.0658569999999,185.33592773,307.530959,606.6763195,537.598027,702.984105,202.190995,320.604781,360.3048105,82.06900803,5.471067,0.0,0.0,0.0,343.705338,0.0,0.0,604.682441,0.0,250.217133,551.360519,0.0,103.2669197,0.0,0.0,483.342933
2025-08-19,0.0,0.0,900.9955299999999,5.4895,3466.9710393,0.0,878.454205,184.46218892,308.724364,594.3262847999999,543.198921,659.2026,224.177687,328.709233,386.9243835,80.73027981999999,5.4895,0.0,0.0,0.0,343.892492,0.0,0.0,592.271166,0.0,257.686846,534.561713,0.0,103.7319091,0.0,0.0,472.745084
2025-08-20,0.0,0.0,832.198583,5.479251,3466.7428977,0.0,827.922241,185.377953,251.654709,576.2317542000001,545.92095,647.950587,274.065497,323.101771,345.6790655,81.9223871,5.479251,0.0,0.0,0.0,299.414075,0.0,0.0,580.543874,0.0,271.09419,528.508166,0.0,103.45556590000001,0.0,0.0,482.699083
2025-08-21,0.0,0.0,833.300081,5.639901,3427.232141,0.0,912.3801149999999,180.36530729999998,250.803134,565.7884657000001,538.970029,599.032631,232.080057,326.423683,380.7433783,76.7310275,5.639901,0.0,0.0,0.0,372.274063,0.0,0.0,582.496947,0.0,302.378621,540.106052,0.0,103.6342798,0.0,0.0,481.815276
2025-08-22,0.0,0.0,867.2157460000001,5.575677,3336.0761441,0.0,871.689337,180.97477668,277.347413,560.2181936000001,533.630179,531.297337,201.123608,324.468318,369.9228115,77.13473148,5.575677,0.0,0.0,0.0,356.588262,0.0,0.0,589.868333,0.0,333.208463,515.101075,0.0,103.8400452,0.0,0.0,482.207234
2025-08-23,0.0,0.0,885.6082079999999,5.486833,3404.820847,0.0,844.4695489999999,174.16991529,277.064647,570.5392588999999,539.596633,529.107603,242.234254,287.712968,394.67045110000004,70.41404949,5.486833,0.0,0.0,0.0,346.445425,0.0,0.0,608.543561,0.0,358.653626,498.024124,0.0,103.7558658,0.0,0.0,482.306053
2025-08-24,0.0,0.0,914.051914,5.531628,3426.2756855999996,0.0,847.526678,173.67629002,274.786382,562.4281405,542.509116,553.401093,230.400305,314.025878,384.11126210000003,69.92534522,5.531628,0.0,0.0,0.0,346.214453,0.0,0.0,639.265532,0.0,357.211055,501.312225,0.0,103.7509448,0.0,0.0,482.188836
2025-08-25,0.0,0.0,892.1421929999999,10.996354,3506.9157679,0.0,896.8224769999999,173.64499255,277.76786,573.3863394,539.568578,642.586118,221.559712,314.768716,381.0418375,69.63681565,10.996354,0.0,0.0,0.0,346.145147,0.0,0.0,614.374333,0.0,352.857219,550.67733,0.0,104.00817690000001,0.0,0.0,481.147248
2025-08-26,0.0,0.0,893.610657,5.530955,3297.1555095,0.0,906.015103,177.94727712000002,308.609017,572.6558263,537.893495,466.849166,235.616126,310.806311,355.1935992,75.57882542,5.530955,0.0,0.0,0.0,346.163831,0.0,0.0,585.00164,0.0,335.474598,559.851272,0.0,102.36845170000001,0.0,0.0,482.666388
2025-08-27,0.0,0.0,866.7806370000001,5.503128,3084.2593934,0.0,889.0495070000001,177.39209696,308.177522,593.0335382000001,541.283625,252.379173,329.433532,312.607533,287.01351619999997,74.67418896,5.503128,0.0,0.0,0.0,334.360266,0.0,0.0,558.603115,0.0,296.476184,554.689241,0.0,102.717908,0.0,0.0,472.032292
2025-08-28,0.0,0.0,868.477895,5.482587,2975.3965315,0.0,898.438451,177.75406020000003,307.689377,726.4893762,535.613283,218.135905,0.0,310.817496,428.7025233,74.2431767,5.482587,0.0,0.0,0.0,345.776299,0.0,0.0,560.788518,0.0,282.204918,552.662152,0.0,103.5108835,0.0,0.0,473.43303
2025-08-29,66.166318,0.0,903.990506,5.487372,2843.3583131,0.0,912.8088500000001,178.88261628,307.766172,746.4487302,517.416918,75.551321,0.0,305.16249,441.3619389,74.63360858,5.487372,0.0,0.0,0.0,351.537251,66.166318,0.0,596.224334,0.0,283.389547,561.271599,0.0,104.2490077,0.0,0.0,474.027368
2025-08-30,67.355292,0.0,909.181565,5.483632,2509.018334,0.0,878.010783,178.31933405,270.796236,734.5127557000001,269.74802,68.923805,0.0,305.174426,428.3529583,75.10141485,5.483632,0.0,0.0,0.0,346.014547,67.355292,0.0,638.385329,0.0,277.051103,531.996236,0.0,103.2179192,0.0,0.0,425.255266
2025-08-31,67.85279,0.0,917.74153,10.952179,2382.2110408,0.0,876.571338,181.89240338,255.761314,745.1306282999999,240.25614,57.983654,0.0,304.90244,424.3616185,79.29289988,10.952179,0.0,0.0,0.0,345.944622,67.85279,0.0,661.980216,0.0,275.119752,530.626716,0.0,102.5995035,0.0,0.0,334.456808
2025-09-01,75.368185,0.0,902.811786,27.398584,2643.3576229,0.0,905.546938,197.22657522999998,332.646999,657.0463672999999,297.871766,81.375588,325.826422,305.024402,259.1793866,93.86109913,27.398584,0.0,0.0,0.0,367.012022,75.368185,0.0,570.164787,0.0,263.089584,538.534916,0.0,103.3654761,0.0,0.0,453.944107
2025-09-02,67.387069,0.0,886.3367840000001,10.934622,2665.4122872,0.0,906.075757,206.7805521,337.34257,624.8339897999999,320.876655,558.295902,273.401238,310.413569,314.07457539999996,103.51931,10.934622,0.0,0.0,0.0,364.472802,67.387069,0.0,548.994214,0.0,263.514464,541.602955,0.0,103.26124209999999,0.0,0.0,0.001894
2025-09-03,65.610708,0.0,818.323701,10.937614,2633.9102116999998,0.0,910.398916,207.3818795,335.54921,611.5962893999999,300.714556,547.786479,203.531362,307.283815,394.52923730000003,103.97806759999999,10.937614,0.0,0.0,0.0,367.106442,65.610708,0.0,482.774491,0.0,268.468473,543.292474,0.0,103.40381190000001,0.0,0.0,0.0
2025-09-04,65.092593,0.0,829.820239,5.478504,2679.9741578,0.0,907.810584,214.68971290000002,333.719486,588.5331661,325.172393,563.662834,221.531218,323.09038,391.8773477,111.226762,5.478504,0.0,0.0,0.0,367.210926,65.092593,0.0,496.100753,0.0,266.106819,540.599658,0.0,103.46295090000001,0.0,0.0,0.0
2025-09-05,68.128773,0.0,776.646657,5.477585,2762.9110828,0.0,900.0366260000001,217.1765416,309.628899,622.1067634,354.239183,585.989809,312.294913,324.521734,300.70210039999995,113.6375126,5.477585,0.0,0.0,0.0,367.216879,68.128773,0.0,467.017758,0.0,263.05658,532.819747,0.0,103.539029,0.0,0.0,0.0
2025-09-06,71.438247,0.0,680.890224,5.472529,2693.8089781,0.0,886.554129,218.5213589,297.761329,612.5931555,358.368826,562.77203,262.261117,320.707257,322.2092036,114.7603171,5.472529,0.0,0.0,0.0,375.419677,71.438247,0.0,383.128895,0.0,254.897389,511.134452,0.0,103.7610418,0.0,0.0,0.0
2025-09-07,76.28964,0.0,667.203463,5.478486,2673.5469039,0.0,882.825255,217.11522150000002,300.055847,594.3703504,334.588206,563.509725,251.878962,326.950872,340.6769485,113.5878621,5.478486,0.0,0.0,0.0,375.28165,76.28964,0.0,367.147616,0.0,261.57184,507.543605,0.0,103.52735940000001,0.0,0.0,0.0
2025-09-08,72.11927,0.0,747.289456,10.961672,2749.1728831,0.0,899.0231289999999,216.2658727,305.970871,604.7627039,359.755973,587.042043,248.073075,324.433668,349.7931942,113.08160459999999,10.961672,0.0,0.0,0.0,367.136677,72.11927,0.0,441.318585,0.0,275.312226,531.886452,0.0,103.1842681,0.0,0.0,0.0
2025-09-09,69.155303,0.0,753.841115,10.956095,2655.9968116,0.0,887.217463,217.0047544,329.993629,559.1681258,394.941941,498.123944,312.343694,327.209158,284.81737480000004,113.5901061,10.956095,0.0,0.0,0.0,336.100519,69.155303,0.0,423.847486,0.0,279.392574,551.116944,0.0,103.4146483,0.0,0.0,0.0
2025-09-10,13.155763,0.0,766.9973600000001,10.95647,2734.9690496,0.0,931.4573369999999,208.2369911,330.266234,604.2187074,353.098731,586.928335,281.912192,324.592879,294.1200002,104.4133488,10.95647,0.0,0.0,0.0,372.328538,13.155763,0.0,436.731126,0.0,290.098205,559.128799,0.0,103.8236423,0.0,0.0,0.0
2025-09-11,0.0,0.0,804.295749,5.474334,2529.9084561,0.0,918.111493,220.5679945,330.704259,622.9470514,143.298117,587.001994,232.914601,322.595355,319.11875069999996,116.8611231,5.474334,0.0,0.0,0.0,375.112124,0.0,0.0,473.59149,0.0,302.032587,542.999369,0.0,103.70687140000001,0.0,0.0,0.0
2025-09-12,0.0,0.0,802.9773620000001,5.483495,2444.5251303,0.0,943.9305459999999,217.0702417,330.382693,568.6745718,170.770468,591.649045,257.14411,323.590598,231.8758455,113.5232265,5.483495,0.0,0.0,0.0,383.426883,0.0,0.0,472.594669,0.0,300.747872,560.503663,0.0,103.5470152,0.0,0.0,0.07262
2025-09-13,0.0,0.0,723.594518,5.46258,2447.2470669,0.0,921.364834,215.0848203,333.461703,571.7672096,241.902704,591.661359,268.268393,307.977885,140.2424503,111.599774,5.46258,0.0,0.0,0.0,388.357296,0.0,0.0,390.132815,0.0,325.427066,533.007538,0.0,103.4850463,0.0,0.0,0.0
2025-09-14,0.0,0.0,706.549288,5.448332,2523.0641094000002,0.0,925.1038139999999,216.2129893,331.617358,590.1753681,250.110055,627.402937,235.018101,312.404404,184.91353930000002,112.7350331,5.448332,0.0,0.0,0.0,388.441509,0.0,0.0,374.93193,0.0,323.039705,536.662305,0.0,103.47795620000001,0.0,0.0,0.0
2025-09-15,0.0,0.0,802.054608,11.021458,2649.6297474000003,0.0,939.104148,213.42691969999998,321.070807,542.5394013,433.321771,614.323499,260.130949,274.080241,205.1711721,109.884918,11.021458,0.0,0.0,0.0,388.406604,0.0,0.0,480.983801,0.0,319.995583,550.697544,0.0,103.5420017,0.0,0.0,0.067131
2025-09-16,0.0,0.0,657.709795,10.969817,2599.8416976,0.0,864.391891,212.999163,228.357143,548.3353983,270.498024,579.937916,395.949875,261.221956,191.5946833,109.20237920000001,10.969817,0.0,0.0,0.0,378.163572,0.0,0.0,429.352652,0.0,352.303845,486.228319,0.0,103.7967838,0.0,0.0,0.0
2025-09-17,0.0,0.0,303.517,10.962766,2575.2223035,0.0,792.9317169999999,210.6652578,105.801965,537.6090927,266.309284,620.022164,306.522009,264.650536,224.8220168,107.1057289,10.962766,0.0,0.0,0.0,323.399026,0.0,0.0,197.715035,0.0,355.287201,469.532691,0.0,103.5595289,0.0,0.0,0.0
2025-09-18,0.0,0.0,304.28952,10.983951,2629.1033717,0.0,848.817074,207.2432724,108.286342,629.1059185,435.847546,642.056281,0.0,265.606244,303.2452502,104.1074888,10.983951,0.0,0.0,0.0,371.802444,0.0,0.0,196.003178,0.0,353.242132,477.01463,0.0,103.1357836,0.0,0.0,0.0
2025-09-19,0.0,0.0,430.368163,10.96975,2611.4517025,0.0,879.2649289999999,207.2206423,219.616681,607.3197005,324.910005,645.109609,0.0,238.427635,413.5529,103.9176988,10.96975,0.0,0.0,0.0,391.642385,0.0,0.0,210.751482,0.0,382.131853,487.622544,0.0,103.3029435,0.0,0.0,0.0
2025-09-20,0.0,0.0,391.10566500000004,5.484761,2907.6692187,0.0,907.4749650000001,212.7124757,171.734373,603.8604639,544.776228,637.820013,0.0,317.264628,438.5438978,108.9305045,5.484761,0.0,0.0,0.0,385.548877,0.0,0.0,219.371292,0.0,365.403988,521.926088,0.0,103.7819712,0.0,0.0,0.0
2025-09-21,0.0,0.0,405.52636099999995,5.48553,3118.5653117,0.0,910.140475,216.5580664,171.246121,614.0494492,533.805629,770.234205,0.0,313.788089,438.1652345,113.1451917,5.48553,0.0,0.0,0.0,385.525267,0.0,0.0,234.28024,0.0,448.522705,524.615208,0.0,103.4128747,0.0,0.0,0.0
2025-09-22,0.0,0.0,393.153031,10.970377,3074.6553769,0.0,916.6932830000001,215.09026269999998,170.415732,512.728954,518.801117,728.81765,237.77825,280.566024,309.71896189999995,112.1264237,10.970377,0.0,0.0,0.0,380.098833,0.0,0.0,222.737299,0.0,486.24442,536.59445,0.0,102.963839,0.0,0.0,0.0
2025-09-23,0.0,0.0,463.67572099999995,16.503443,3414.2119056,0.0,936.338206,213.833809,172.223962,606.5689553,503.908402,866.512907,368.388995,259.630803,306.8531913,110.3887551,16.503443,0.0,0.0,0.0,380.272248,0.0,0.0,291.451759,0.0,502.267062,556.065958,0.0,103.4450539,0.0,0.0,0.08159
2025-09-24,0.0,0.0,471.201299,33.061316,3209.1319251,0.0,927.6109230000001,212.9795867,171.382583,183.9889549,507.410267,893.800226,202.886258,302.762491,413.21031819999996,109.04044329999999,33.061316,0.0,0.0,0.0,380.177137,0.0,0.0,299.818716,0.0,705.023768,547.433786,0.0,103.9391434,0.0,0.0,0.049642
2025-09-25,0.0,0.0,486.082003,49.451608,3373.7829099,0.0,934.805541,211.8981855,176.902369,360.3303156,490.365654,886.224899,257.118767,322.903504,369.8924593,108.2115532,49.451608,0.0,0.0,0.0,380.276505,0.0,0.0,309.179634,0.0,679.902595,554.529036,0.0,103.6866323,0.0,0.0,7.044716
2025-09-26,0.0,0.0,486.554132,43.913456,3533.4203936,0.0,920.048898,210.3978486,175.017142,417.27000760000004,429.784007,853.222684,274.379983,282.324643,394.089078,106.9838495,43.913456,0.0,0.0,0.0,381.403696,0.0,0.0,311.53699,0.0,573.923314,538.645202,0.0,103.4139991,0.0,0.0,308.426677
2025-09-27,0.0,0.0,497.30649400000004,16.461614,3672.2715309,0.0,928.1901210000001,214.52802680000002,174.669587,451.4731398,502.340997,851.456093,226.968075,263.282773,419.5033201,110.6009949,16.461614,0.0,0.0,0.0,380.127591,0.0,0.0,322.636907,0.0,474.098688,548.06253,0.0,103.9270319,0.0,0.0,483.148445
2025-09-28,66.353654,0.0,503.064888,10.977457,3655.0259296,0.0,927.647208,216.04188879999998,173.977411,437.06047889999996,518.455679,838.157128,229.071267,299.178737,396.3490887,111.83690659999999,10.977457,0.0,0.0,0.0,380.119142,66.353654,0.0,329.087477,0.0,460.023867,547.528066,0.0,104.2049822,0.0,0.0,476.729684
2025-09-29,52.421938,0.0,578.5014639999999,21.947363,3592.5196383,0.0,952.0075870000001,210.93483700000002,171.032367,525.301875,478.564695,775.142135,231.606942,327.231357,338.87861730000003,108.7377951,21.947363,0.0,0.0,0.0,380.092254,52.421938,0.0,407.469097,0.0,437.650366,571.915333,0.0,102.1970419,0.0,0.0,478.143651
2025-09-30,48.242402,0.0,565.3160829999999,32.859864,3257.3246727,0.0,942.420278,209.9033987,172.882614,510.2203741,477.928739,426.919447,264.502137,320.060408,317.7504256,106.6054694,32.859864,0.0,0.0,0.0,380.228287,48.242402,0.0,392.433469,0.0,474.172309,562.191991,0.0,103.29792929999999,0.0,0.0,465.770833
2025-10-01,54.145856,0.0,799.6460529999999,27.373453,3134.1275078,0.0,927.69912,208.34022850000002,331.603234,464.73247410000005,461.588045,290.18138,319.971604,322.956962,300.1489787,104.56732120000001,27.373453,0.0,0.0,0.0,385.639632,54.145856,0.0,468.042819,0.0,498.219456,542.059488,0.0,103.7729073,0.0,0.0,476.328608
2025-10-02,46.479181,0.0,835.1012969999999,27.379392,3531.3641546999997,0.0,950.1463699999999,211.3553718,335.653212,501.9942673,478.316843,615.967116,301.983777,308.523526,312.2236594,107.676609,27.379392,0.0,0.0,0.0,385.491107,46.479181,0.0,499.448085,0.0,537.006799,564.655263,0.0,103.6787628,0.0,0.0,475.348167
2025-10-03,57.962049,0.0,829.9128679999999,38.225519,3655.4328228,0.0,942.07448,204.8211671,327.249741,508.9143514,479.654436,777.144589,277.504347,314.417615,336.2501484,104.6671825,38.225519,0.0,0.0,0.0,385.610578,57.962049,0.0,502.663127,0.0,508.707758,556.463902,0.0,100.1539846,0.0,0.0,452.839578
2025-10-04,77.614927,0.0,759.5694080000001,87.180042,3221.7883665,0.0,944.6905180000001,198.40545618000002,306.285505,507.8487945,423.56031,439.415302,208.226254,324.395984,364.466451,98.59037776000001,87.180042,0.0,0.0,0.0,380.068368,77.614927,0.0,453.283903,0.0,479.907445,564.62215,0.0,99.81507842,0.0,0.0,473.967826
2025-10-05,78.722086,0.0,747.125904,87.273498,3405.2232206999997,0.0,927.946573,192.94733218,295.591041,507.5586831,465.413595,581.708628,221.407344,312.612248,392.6935866,93.16652673,87.273498,0.0,0.0,0.0,380.27094,78.722086,0.0,451.534863,0.0,450.793137,547.675633,0.0,99.78080545,0.0,0.0,473.035999
2025-10-06,85.671753,0.0,750.130067,54.673719,3552.7326557,0.0,964.963506,210.3461591,300.550404,504.879448,481.000885,696.342724,202.722991,316.405471,405.1870257,107.11451509999999,54.673719,0.0,0.0,0.0,386.276634,85.671753,0.0,449.579663,0.0,475.464902,578.686872,0.0,103.231644,0.0,0.0,470.729209
2025-10-07,66.62263,0.0,824.72335,32.653236,3550.3115398,0.0,972.6442049999999,211.1663143,331.636735,473.90248760000003,432.52179,745.283444,262.655766,264.136516,413.1303872,107.8032176,32.653236,0.0,0.0,0.0,386.21925,66.62263,0.0,493.086615,0.0,496.344934,586.424955,0.0,103.3630967,0.0,0.0,462.336215
2025-10-08,66.142248,0.0,828.7882569999999,16.465601,3571.3153152,0.0,962.712195,205.6381461,332.63058,511.471533,374.66553,778.489993,215.322757,306.894314,414.0000802,102.4546505,16.465601,0.0,0.0,0.0,380.241712,66.142248,0.0,496.157677,0.0,494.492207,582.470483,0.0,103.1834956,0.0,0.0,475.978901
2025-10-09,67.218629,0.0,826.309346,27.349619,3533.6384418,0.0,962.8304270000001,206.14603019999998,331.504815,497.7545286,410.360865,715.317355,196.218127,322.555124,417.7080272,102.48967409999999,27.349619,0.0,0.0,0.0,380.091611,67.218629,0.0,494.804531,0.0,496.928618,582.738816,0.0,103.6563561,0.0,0.0,476.795797
2025-10-10,68.041005,0.0,872.0787009999999,60.249501,3555.0834602,0.0,951.526397,205.37298900000002,332.745797,487.57781689999996,375.648292,769.079308,223.840575,322.104994,420.5827483,102.0110888,60.249501,0.0,0.0,0.0,380.134134,68.041005,0.0,539.332904,0.0,490.797591,571.392263,0.0,103.36190020000001,0.0,0.0,465.452135
2025-10-11,67.835919,0.0,834.4230660000001,60.209058,3515.4103199,0.0,914.2471869999999,205.427089,332.194838,491.3899785,359.836492,743.238539,218.935196,324.152259,412.81351739999997,102.1260631,60.209058,0.0,0.0,0.0,380.090926,67.835919,0.0,502.228228,0.0,495.605895,534.156261,0.0,103.3010259,0.0,0.0,469.438443
2025-10-12,65.827549,0.0,832.582724,60.308121,3284.2136077,0.0,921.604918,205.2578529,333.282466,514.420651,301.990605,647.959334,217.011098,297.644543,391.04735869999996,101.9032114,60.308121,0.0,0.0,0.0,379.812088,65.827549,0.0,499.300258,0.0,503.175567,541.79283,0.0,103.3546415,0.0,0.0,410.964451
2025-10-13,81.184303,0.0,880.370122,60.326935,3607.9945214,0.0,829.398788,201.97942497,332.832577,500.1061055,435.433619,782.773014,169.441612,321.836719,429.3773119,98.29418137,60.326935,0.0,0.0,0.0,371.30855,81.184303,0.0,547.537545,0.0,500.771112,458.090238,0.0,103.68524359999999,0.0,0.0,468.255028
2025-10-14,89.832723,0.0,870.056464,60.328231,3657.820553,0.0,825.7307089999999,193.12031331999998,332.056531,456.3056715,483.724442,791.002314,203.623054,322.228385,417.6449575,89.30524922,60.328231,0.0,0.0,0.0,343.82479,89.832723,0.0,537.999933,0.0,505.729742,481.905919,0.0,103.8150641,0.0,0.0,477.561987
2025-10-15,77.417705,0.0,874.714623,60.414983,3659.5520761999996,0.0,853.089621,193.13441595,325.903242,476.43183789999995,488.696483,817.298733,196.86448,299.983427,436.09633130000003,89.89610515000001,60.414983,0.0,0.0,0.0,359.817194,77.417705,0.0,548.811381,0.0,483.874963,493.272427,0.0,103.2383108,0.0,0.0,460.305821
2025-10-16,74.438511,0.0,875.405042,60.471921,3322.6715021,0.0,876.3227649999999,216.14162249999998,332.415395,443.22186960000005,307.65129,714.024551,174.245816,293.812368,416.9146255,113.0121631,60.471921,0.0,0.0,0.0,360.017363,74.438511,0.0,542.989647,0.0,515.995485,516.305402,0.0,103.1294594,0.0,0.0,456.805497
2025-10-17,106.446186,0.0,877.222707,60.319873,3451.4360283,0.0,947.182099,207.30764440000002,333.33668,454.41967439999996,485.355337,677.669522,177.164327,297.749179,410.1180879,104.281625,60.319873,0.0,0.0,0.0,380.263016,106.446186,0.0,543.886027,0.0,489.254588,566.919083,0.0,103.02601940000001,0.0,0.0,459.705313
2025-10-18,95.727191,0.0,845.990505,49.38177,3523.1322824,0.0,957.280468,203.2747067,333.06663,447.3557847,506.703956,731.775449,186.189837,310.298288,419.8653587,100.1277027,49.38177,0.0,0.0,0.0,372.771477,95.727191,0.0,512.923875,0.0,481.322442,584.508991,0.0,103.147004,0.0,0.0,439.621167
2025-10-19,100.2878,0.0,827.68145,49.345883,3541.3626597,0.0,956.5233920000001,210.30660899999998,332.314124,402.450937,506.390576,754.050656,169.768709,313.207521,419.7830867,106.85922359999999,49.345883,0.0,0.0,0.0,372.745359,100.2878,0.0,495.367326,0.0,515.882938,583.778033,0.0,103.4473854,0.0,0.0,459.828236
2025-10-20,94.059098,0.0,948.38999,60.3104,3546.1495159,0.0,956.537866,110.74849033999999,332.408238,407.27970810000005,451.612482,808.376175,162.945954,296.627999,421.6786788,7.04410834,60.3104,0.0,0.0,0.0,373.460139,94.059098,0.0,615.981752,0.0,537.089901,583.077727,0.0,103.704382,0.0,0.0,460.538618
2025-10-21,86.810554,0.0,1048.2155109999999,60.220908,3588.3305852000003,0.0,957.967396,105.1647457,331.711353,399.9156701,506.622885,802.995283,179.571848,314.286103,409.7476831,0.0,60.220908,0.0,0.0,0.0,372.75686,86.810554,0.0,716.504158,0.0,516.773946,585.210536,0.0,105.1647457,0.0,0.0,458.417167
2025-10-22,73.674002,0.0,980.815372,60.473458,3604.9464765000002,0.0,953.932346,103.3799369,326.174877,436.01187089999996,509.749482,761.962524,163.389811,315.287407,438.73817460000004,0.0,60.473458,0.0,0.0,0.0,370.169752,73.674002,0.0,654.640495,0.0,517.970915,583.762594,0.0,103.3799369,0.0,0.0,461.836292
2025-10-23,72.357234,0.0,1120.2231080000001,60.292695,3581.2813711,0.0,945.563758,161.72965274,331.714524,459.11913530000004,493.437459,762.914128,193.151593,269.991812,420.0292108,58.797283740000005,60.292695,0.0,0.0,0.0,369.425742,72.357234,0.0,788.508584,0.0,522.550942,576.138016,0.0,102.932369,0.0,0.0,460.087091
2025-10-24,69.221387,0.0,991.991406,60.329347,3464.2036909,0.0,945.6021559999999,170.08748149000002,334.877072,518.8067921,447.812341,711.921652,191.52912,269.163326,376.5778848,66.74747669,60.329347,0.0,0.0,0.0,369.96939,69.221387,0.0,657.114334,0.0,499.49404,575.632766,0.0,103.3400048,0.0,0.0,448.898535
2025-10-25,70.40294,0.0,939.9891359999999,60.197489,3676.8681043999995,0.0,967.9641469999999,214.5730676,306.962966,582.5374282,526.002721,707.483886,260.954163,285.175055,354.4098782,106.9920324,60.197489,0.0,0.0,0.0,391.127006,70.40294,0.0,633.02617,0.0,500.846438,576.837141,0.0,107.5810352,0.0,0.0,459.458535
2025-10-26,74.194051,0.0,914.032133,27.33336,3471.5298666999997,0.0,951.989786,213.71625590000002,331.476803,596.0044353,492.037863,556.22586,282.085633,244.517947,367.1331054,109.7440687,27.33336,0.0,0.0,0.0,375.223925,74.194051,0.0,582.55533,0.0,474.344342,576.765861,0.0,103.97218720000001,0.0,0.0,459.180681
2025-10-27,82.297698,0.0,1193.349185,60.287699,3604.0098823,0.0,954.5803149999999,205.023312,335.583018,585.8954018,500.903979,653.6693,234.754825,247.036647,427.8130795,101.2274615,60.287699,0.0,0.0,0.0,375.089224,82.297698,0.0,857.766167,0.0,491.625276,579.491091,0.0,103.7958505,0.0,0.0,462.311374
2025-10-28,92.736618,0.0,995.859807,38.388661,3706.6748853,0.0,956.6217839999999,206.0582791,331.965221,576.2501792,529.881033,724.012501,196.438914,316.139627,406.7130161,103.105343,38.388661,0.0,0.0,0.0,375.220357,92.736618,0.0,663.894586,0.0,493.890168,581.401427,0.0,102.95293609999999,0.0,0.0,463.349447
2025-10-29,93.324998,0.0,979.1907329999999,49.390649,3272.1748424,0.0,958.4124770000001,198.18485051,325.209315,580.5867176,479.69452,432.863259,220.600051,239.200083,406.8484268,94.67430631,49.390649,0.0,0.0,0.0,374.942341,93.324998,0.0,653.981418,0.0,448.612482,583.470136,0.0,103.5105442,0.0,0.0,463.769303
2025-10-30,87.25726,0.0,988.271864,60.214068,3696.8493541,0.0,955.598219,199.9399173,330.317253,586.9266864,511.30356,756.490992,188.490214,295.377172,427.6965647,96.2657753,60.214068,0.0,0.0,0.0,374.965861,87.25726,0.0,657.954611,0.0,466.54277,580.632358,0.0,103.674142,0.0,0.0,464.021395
2025-10-31,89.176203,0.0,1032.32567,60.308443,3644.9012657000003,0.0,958.0952869999999,211.3027569,329.846544,549.4337321,530.121115,684.779271,174.121661,319.508824,429.2824466,107.70372959999999,60.308443,0.0,0.0,0.0,375.193387,89.176203,0.0,702.479126,0.0,493.874508,582.9019,0.0,103.5990273,0.0,0.0,463.779708
2025-11-01,70.756355,0.0,760.9373410000001,60.134415,3740.1616218,0.0,889.752784,205.3605088,329.782595,599.6965155,526.460895,718.617033,200.685865,308.928083,406.4110173,101.9355225,60.134415,0.0,0.0,0.0,370.050971,70.756355,0.0,431.154746,0.0,517.424339,519.701813,0.0,103.4249863,0.0,0.0,461.937874
2025-11-02,67.846334,0.0,716.348605,60.152646,3761.734067,0.0,867.23443,215.8846224,314.012238,588.9508897000001,523.961607,757.011277,192.320404,305.280972,422.6903123,112.4785857,60.152646,0.0,0.0,0.0,365.124778,67.846334,0.0,402.336367,0.0,507.229921,502.109652,0.0,103.4060367,0.0,0.0,464.288684
2025-11-03,35.713164,0.0,859.657139,60.076634,3672.4955378,0.0,884.680374,193.61586834,309.762475,574.3122027999999,530.287635,739.031476,213.381455,303.385476,408.346732,90.07691274,60.076634,0.0,0.0,0.0,327.915688,35.713164,0.0,549.894664,0.0,438.496944,556.764686,0.0,103.5389556,0.0,0.0,465.253617
2025-11-04,0.0,0.0,858.217455,81.862805,3788.7057329,0.0,910.57817,193.40008502,335.892885,593.7153875,529.143251,797.074323,208.268978,304.870941,403.9333964,89.92954282,81.862805,0.0,0.0,0.0,328.243507,0.0,0.0,522.32457,0.0,491.756058,582.334663,0.0,103.4705422,0.0,0.0,459.943398
2025-11-05,0.0,0.0,868.8933870000001,60.053225,3783.0434168,0.0,925.9734129999999,196.33360345,339.5809,559.8840957000001,528.664733,775.509611,214.931636,286.646143,428.75163310000005,92.92593475,60.053225,0.0,0.0,0.0,339.996827,0.0,0.0,529.312487,0.0,527.235361,585.976586,0.0,103.4076687,0.0,0.0,461.420204
2025-11-06,0.0,0.0,868.541628,60.038895,3770.7801605,0.0,935.839868,197.24715569,339.968532,584.9218387999999,529.278638,779.72454,198.065486,304.619466,420.67440469999997,93.87121219,60.038895,0.0,0.0,0.0,349.521932,0.0,0.0,528.573096,0.0,492.747512,586.317936,0.0,103.3759435,0.0,0.0,460.748275
2025-11-07,0.0,0.0,909.118833,60.080695,3736.5540181,0.0,913.146718,198.09487757,338.9771,580.9631741000001,532.338073,728.64755,169.954095,318.520105,438.830392,94.36777697,60.080695,0.0,0.0,0.0,327.71323,0.0,0.0,570.141733,0.0,505.43871,585.433488,0.0,103.7271006,0.0,0.0,461.861919
2025-11-08,0.0,0.0,861.246873,59.897545,3786.5381699,0.0,935.348243,212.0898454,325.276186,578.2440632,527.01172,787.086303,178.41013,319.655724,430.8134697,108.5038175,59.897545,0.0,0.0,0.0,367.192894,0.0,0.0,535.970687,0.0,502.464319,568.155349,0.0,103.5860279,0.0,0.0,462.852441
2025-11-09,0.0,0.0,858.649249,60.016954,3768.6838994,0.0,923.7547220000001,212.4252615,324.585192,570.2442738999999,530.886286,748.819335,177.667967,317.296463,433.5392845,108.9755933,60.016954,0.0,0.0,0.0,367.263747,0.0,0.0,534.064057,0.0,528.121874,556.490975,0.0,103.4496682,0.0,0.0,462.108416
2025-11-10,0.0,0.0,921.4247270000001,60.347409,3787.6239566,0.0,938.183555,193.69062342,325.038619,587.0134664,525.828392,773.553459,149.742573,322.749475,441.35233519999997,89.78570782,60.347409,0.0,0.0,0.0,367.074939,0.0,0.0,596.386108,0.0,525.552835,571.108616,0.0,103.9049156,0.0,0.0,461.831421
2025-11-11,0.0,0.0,924.9738669999999,60.333251,3917.9371536,0.0,935.1083679999999,215.16025100000002,340.001808,608.6518608,531.281819,835.627488,165.061519,323.101179,437.9600188,111.2517108,60.333251,0.0,0.0,0.0,368.91673,0.0,0.0,584.972059,0.0,552.139511,566.191638,0.0,103.9085402,0.0,0.0,464.113758
2025-11-12,0.0,0.0,907.327698,38.38174,3885.2727355,0.0,929.4081140000001,202.18594338999998,322.805494,602.9868414,529.860404,822.601073,172.321775,318.477936,431.9440981,98.72347348999999,38.38174,0.0,0.0,0.0,367.585037,0.0,0.0,584.522204,0.0,542.927783,561.823077,0.0,103.4624699,0.0,0.0,464.152825
2025-11-13,0.0,0.0,908.34592,49.461937,3885.1645067,0.0,939.495154,199.58969178,321.442813,618.7543011,529.053585,817.729387,162.617999,313.111418,438.0160956,96.15543098,49.461937,0.0,0.0,0.0,367.021952,0.0,0.0,586.903107,0.0,543.706721,572.473202,0.0,103.4342608,0.0,0.0,462.175
2025-11-14,0.0,0.0,847.7290209999999,60.376586,3876.3280211,0.0,921.11457,198.70884423,329.76426,617.4463202000001,527.92755,783.619061,160.134382,324.843733,433.13030089999995,95.24979203,60.376586,0.0,0.0,0.0,367.183643,0.0,0.0,517.964761,0.0,567.338753,553.930927,0.0,103.4590522,0.0,0.0,461.887921
2025-11-15,14.493307,0.0,824.5497909999999,60.486329,3884.7257038000002,0.0,900.986214,198.9601697,326.167649,556.2596821000001,530.833593,787.553444,184.176283,327.304015,409.7151397,95.20913879999999,60.486329,0.0,0.0,0.0,367.18427,14.493307,0.0,498.382142,0.0,626.84356,533.801944,0.0,103.7510309,0.0,0.0,462.039987
2025-11-16,93.87497,0.0,830.50348,60.372164,3868.272257,0.0,901.206839,199.43607428,325.874509,525.2954678,292.608299,842.631,178.379774,330.096086,420.0984132,95.72098728,60.372164,0.0,0.0,0.0,367.30207,93.87497,0.0,504.628971,0.0,816.933984,533.904769,0.0,103.715087,0.0,0.0,462.229233
2025-11-17,100.036967,0.0,829.652664,60.450644,3759.3299388,0.0,886.6022829999999,196.39789516000002,321.906566,588.1947957000001,431.462915,821.629896,186.969356,323.802354,400.8818911,93.10896376000001,60.450644,0.0,0.0,0.0,367.036236,100.036967,0.0,507.746098,0.0,543.604173,519.566047,0.0,103.28893140000001,0.0,0.0,462.784558
2025-11-18,98.529046,0.0,843.8738000000001,60.549322,3524.3064574,0.0,938.3807770000001,190.71079068,337.940397,589.8435255,288.008819,776.741465,202.588511,311.618648,374.95392289999995,92.31874011,60.549322,0.0,0.0,0.0,367.221869,98.529046,0.0,505.933403,0.0,549.42363,571.158908,0.0,98.39205057,0.0,0.0,431.127936
2025-11-19,100.809196,0.0,845.871155,54.855502,3737.907301,0.0,946.253434,190.39295873999998,338.85792,607.4983294,253.09266,832.312396,163.480439,319.379162,415.8710436,90.87462055,54.855502,0.0,0.0,0.0,367.240157,100.809196,0.0,507.013235,0.0,691.233472,579.013277,0.0,99.51833819,0.0,0.0,455.039799
2025-11-20,97.508506,0.0,854.473176,43.929006,3736.44818,0.0,923.979398,196.40586202999998,337.077856,581.0982978999999,163.021322,833.885274,147.524722,316.308201,435.25795910000005,96.05227153,43.929006,0.0,0.0,0.0,360.060121,97.508506,0.0,517.39532,0.0,798.012519,563.919277,0.0,100.3535905,0.0,0.0,461.339885
2025-11-21,82.426121,0.0,1019.910903,43.981327,3759.051415,0.0,954.032022,201.17021169999998,338.521071,583.9024744,289.256548,832.981293,148.219508,320.164391,435.2857746,100.5542095,43.981327,0.0,0.0,0.0,385.405939,82.426121,0.0,681.389832,0.0,690.714362,568.626083,0.0,100.6160022,0.0,0.0,458.527064
2025-11-22,83.452283,0.0,1026.774579,27.426014,3770.2093469,0.0,941.8307570000001,205.64244080000003,322.07906,570.4018304,352.911554,838.366751,159.96708,322.455459,427.3450435,101.87747940000001,27.426014,0.0,0.0,0.0,379.849824,83.452283,0.0,704.695519,0.0,634.794438,561.980933,0.0,103.7649614,0.0,0.0,463.967191
2025-11-23,89.075074,0.0,1020.685616,27.454491,3713.6235816,0.0,935.196684,202.17374729,322.119919,563.2898047000001,370.099083,827.243588,146.568032,324.622228,438.39862189999997,99.15170809,27.454491,0.0,0.0,0.0,378.265204,89.075074,0.0,698.565697,0.0,582.622596,556.93148,0.0,103.02203920000001,0.0,0.0,460.779628
2025-11-24,100.402904,0.0,1016.942778,44.164613,3764.5552893,0.0,947.1378990000001,188.86021743000003,321.671022,536.7486106,336.897662,860.64545,168.945666,314.992806,438.3601997,85.55385523000001,44.164613,0.0,0.0,0.0,378.697441,100.402904,0.0,695.271756,0.0,623.691242,568.440458,0.0,103.30636220000001,0.0,0.0,484.273653
2025-11-25,93.481016,0.0,1004.0879199999999,43.917676,3702.9360656,0.0,948.325097,187.92752132,322.099832,533.7565611,313.032089,819.102145,180.543054,315.879943,423.1126205,84.45619312000001,43.917676,0.0,0.0,0.0,378.338434,93.481016,0.0,681.988088,0.0,635.061554,569.986663,0.0,103.4713282,0.0,0.0,482.448099
2025-11-26,89.16388,0.0,956.9450959999999,38.476636,3738.0778752,0.0,940.848262,209.4007162,319.383046,552.0045917,325.858236,856.62368,172.508057,314.612412,426.5696975,106.3996515,38.476636,0.0,0.0,0.0,378.232646,89.16388,0.0,637.56205,0.0,606.257629,562.615616,0.0,103.0010647,0.0,0.0,483.643572
2025-11-27,99.990722,0.0,947.685048,27.446274,3775.3322104,0.0,948.134618,186.09185641000002,320.010268,569.1687419,455.124497,854.812362,161.878744,322.137555,419.3883165,82.99381301000001,27.446274,0.0,0.0,0.0,378.738971,99.990722,0.0,627.67478,0.0,512.005488,569.395647,0.0,103.09804340000001,0.0,0.0,480.816506
2025-11-28,94.115228,0.0,941.968762,16.461007,3786.7207393,0.0,954.6674519999999,186.6136419,320.074181,573.3459392999999,417.833103,854.598423,172.609446,320.497653,428.325936,83.04560640000001,16.461007,0.0,0.0,0.0,378.169053,94.115228,0.0,621.894581,0.0,538.665498,576.498399,0.0,103.5680355,0.0,0.0,480.844741
2025-11-29,97.920377,0.0,839.448111,16.458835,3774.4504617000002,0.0,942.3413419999999,186.36788181,319.997161,592.7704942,361.424722,851.338569,161.324961,322.362825,438.0030635,82.91084551,16.458835,0.0,0.0,0.0,378.879515,97.920377,0.0,519.45095,0.0,565.574915,563.461827,0.0,103.4570363,0.0,0.0,481.650912
2025-11-30,87.673696,0.0,805.285087,16.462053,3817.0763322000003,0.0,942.566378,186.29563005,321.355004,602.0599386,354.848001,847.099997,165.505715,325.814143,437.86252360000003,82.87494845,16.462053,0.0,0.0,0.0,378.35629,87.673696,0.0,483.930083,0.0,600.491678,564.210088,0.0,103.4206816,0.0,0.0,483.394336
2025-12-01,100.726636,0.0,790.218907,21.870046,3867.8351263,0.0,952.879569,203.3796426,314.901063,647.8107241,326.972715,851.540943,178.024458,314.807318,434.3333402,100.745557,21.870046,0.0,0.0,0.0,369.810761,100.726636,0.0,475.317844,0.0,630.344042,583.068808,0.0,102.63408559999999,0.0,0.0,484.001586
2025-12-02,111.640189,0.0,919.5659620000001,10.938828,3707.7739004,0.0,935.1893070000001,203.7537398,313.771359,596.3303608,333.093004,845.634171,167.342531,317.884805,435.44426760000005,100.9712937,10.938828,0.0,0.0,0.0,352.039466,111.640189,0.0,605.794603,0.0,529.748676,583.149841,0.0,102.78244609999999,0.0,0.0,482.296085
2025-12-03,111.632914,0.0,933.414841,10.949193,3587.6664373000003,0.0,935.484509,204.32513,314.403454,620.5151232999999,281.956921,784.778039,177.14013,313.834722,426.035998,100.8817816,10.949193,0.0,0.0,0.0,350.554026,111.632914,0.0,619.011387,0.0,500.802451,584.930483,0.0,103.4433484,0.0,0.0,482.603053
2025-12-04,105.632053,0.0,930.410625,10.92877,3668.4154756,0.0,934.814382,208.396144,315.777752,578.3743427,332.874609,845.460307,193.331937,324.998561,399.48656789999995,105.3851883,10.92877,0.0,0.0,0.0,350.078327,105.632053,0.0,614.632873,0.0,511.772565,584.736055,0.0,103.0109557,0.0,0.0,482.116586
2025-12-05,90.997875,0.0,926.368238,21.819872,3830.8421298999997,0.0,935.039115,209.1278466,315.629662,594.1551652999999,509.525814,813.542303,185.214722,325.019697,406.2006296,105.849918,21.819872,0.0,0.0,0.0,350.120879,90.997875,0.0,610.738576,0.0,515.020761,584.918236,0.0,103.2779286,0.0,0.0,482.163038
2025-12-06,93.717929,0.0,721.949783,16.393907,3915.3185928000003,0.0,934.1088930000001,200.34778208,313.991465,629.1473661,523.41616,804.254934,170.587882,318.665528,438.9645447,96.84982808,16.393907,0.0,0.0,0.0,350.140727,93.717929,0.0,407.958318,0.0,548.820429,583.968166,0.0,103.497954,0.0,0.0,481.461749
2025-12-07,82.559166,0.0,699.537242,16.438985,3866.426746,0.0,921.4575669999999,199.58722123,313.301028,622.3009225,514.349009,821.535258,192.847497,294.766083,410.3965835,96.31441463,16.438985,0.0,0.0,0.0,350.350401,82.559166,0.0,386.236214,0.0,530.022439,571.107166,0.0,103.2728066,0.0,0.0,480.208954
2025-12-08,77.508091,0.0,654.021137,16.460394,3890.7598487,0.0,923.2046519999999,190.73848513000002,302.106328,630.643222,535.039994,835.236603,167.867856,316.391472,418.3449707,87.41913443000001,16.460394,0.0,0.0,0.0,350.378586,77.508091,0.0,351.914809,0.0,516.363695,572.826066,0.0,103.3193507,0.0,0.0,470.872036
2025-12-09,73.999555,0.0,778.396109,5.476551,3900.5973202,0.0,936.028934,196.21231713,307.534295,623.850514,526.97748,822.111043,199.862006,327.389039,383.6024832,92.79111043,5.476551,0.0,0.0,0.0,349.814732,73.999555,0.0,470.861814,0.0,547.731374,586.214202,0.0,103.4212067,0.0,0.0,469.073381
2025-12-10,79.374615,0.0,926.927277,5.468194,3852.6209515,0.0,935.397242,191.65873002,295.583186,619.1847745,480.848313,838.690084,202.812525,274.972129,405.666221,89.86587632,5.468194,0.0,0.0,0.0,349.74889,79.374615,0.0,631.344091,0.0,561.572924,585.648352,0.0,101.79285370000001,0.0,0.0,468.873981
2025-12-11,82.983894,0.0,755.991548,10.928922,3892.7250776,0.0,937.2145820000001,205.1421403,285.161398,628.9562126000001,344.603754,835.45339,201.315488,323.222108,361.769072,102.0218891,10.928922,0.0,0.0,0.0,350.174285,82.983894,0.0,470.83015,0.0,728.384778,587.040297,0.0,103.1202512,0.0,0.0,469.020275
2025-12-12,87.770385,0.0,750.353519,16.417902,3907.3042532,0.0,936.028808,207.295759,284.017734,604.6827836,389.24465,849.936671,236.255837,322.819803,342.2566716,103.81283540000001,16.417902,0.0,0.0,0.0,349.880658,87.770385,0.0,466.335785,0.0,681.445362,586.14815,0.0,103.48292359999999,0.0,0.0,480.662475
2025-12-13,85.245945,0.0,686.744276,16.402228,3982.8334371,0.0,936.093714,207.47685239999998,285.502849,637.0930702999999,344.558963,851.78952,263.851272,283.916995,369.13703480000004,103.8689216,16.402228,0.0,0.0,0.0,349.907828,85.245945,0.0,401.241427,0.0,751.512468,586.185886,0.0,103.60793079999999,0.0,0.0,480.974114
2025-12-14,78.711963,0.0,690.3869629999999,16.420328,3942.2022354,0.0,937.718425,206.9927418,285.605976,619.1673861,344.569352,848.560076,200.801742,318.89207,391.9323903,103.8241501,16.420328,0.0,0.0,0.0,350.675456,78.711963,0.0,404.780987,0.0,736.354377,587.042969,0.0,103.16859170000001,0.0,0.0,481.924842
2025-12-15,78.859837,0.0,905.115354,16.427661,3901.9136727,0.0,936.7983849999999,203.58970775,285.584033,639.2040739,341.820118,845.997269,216.946152,280.845968,422.11675180000003,103.8951339,16.427661,0.0,0.0,0.0,350.248655,78.859837,0.0,619.531321,0.0,674.758723,586.54973,0.0,99.69457385,0.0,0.0,480.224617
2025-12-16,87.627694,0.0,919.716752,16.413192,3840.9314114,0.0,935.806868,203.43239689,284.652515,615.9525546,244.737884,852.36169,203.545986,299.411774,402.0798008,103.7772242,16.413192,0.0,0.0,0.0,349.709474,87.627694,0.0,635.064237,0.0,741.728068,586.097394,0.0,99.65517269,0.0,0.0,481.113654
2025-12-17,96.798614,0.0,948.0583569999999,16.376612,3885.8957804,0.0,935.5048899999999,201.63362651,285.414342,603.4042156,329.26063,847.714531,184.314779,321.846155,427.86954080000004,101.9239493,16.376612,0.0,0.0,0.0,349.331532,96.798614,0.0,662.644015,0.0,691.838857,586.173358,0.0,99.70967721,0.0,0.0,479.647072
2025-12-18,97.555428,0.0,912.583014,16.350613,3893.1325993,0.0,928.574683,198.45970278,285.405695,611.4633264,307.192219,847.187291,180.40509,321.958678,432.47084989999996,99.12452175,16.350613,0.0,0.0,0.0,349.501095,97.555428,0.0,627.177319,0.0,711.149509,579.073588,0.0,99.33518103,0.0,0.0,481.305636
2025-12-19,87.976477,0.0,774.03754,10.94639,3922.8661636,0.0,915.917134,198.16400287,284.683141,627.6154725,319.457679,844.026339,212.576308,321.935658,394.11684110000004,98.85599807,10.94639,0.0,0.0,0.0,349.090637,87.976477,0.0,489.354399,0.0,722.436572,566.826497,0.0,99.30800479999999,0.0,0.0,480.701294
2025-12-20,86.879688,0.0,743.815544,10.9703,3833.0797721999998,0.0,921.1391970000001,202.97876371,285.487956,597.7222833,264.293904,840.793555,214.146033,321.834941,400.19979889999996,99.47777911,10.9703,0.0,0.0,0.0,349.610445,86.879688,0.0,458.327588,0.0,713.046115,571.528752,0.0,103.5009846,0.0,0.0,481.043142
2025-12-21,92.541502,0.0,696.40764,10.947888,3803.9415906,0.0,919.561506,203.19397295,285.243776,590.5956287,258.614012,838.975388,206.633383,321.701765,396.3834659,99.71349534999999,10.947888,0.0,0.0,0.0,349.176184,92.541502,0.0,411.163864,0.0,710.165006,570.385322,0.0,103.4804776,0.0,0.0,480.872942
2025-12-22,97.56203,0.0,784.01554,16.380605,3829.8636562,0.0,928.094351,203.4859899,285.111088,601.4889504,305.367155,846.262824,181.153739,311.279678,418.4303828,99.7572672,16.380605,0.0,0.0,0.0,349.374729,97.56203,0.0,498.904452,0.0,684.831937,578.719622,0.0,103.7287227,0.0,0.0,481.04899
2025-12-23,91.372112,0.0,782.4587859999999,16.398235,3827.9559713999997,0.0,921.797892,197.6279394,301.832493,592.5918839,472.5568,846.650571,165.475831,321.801375,430.7595635,97.06717590000001,16.398235,0.0,0.0,0.0,349.764981,91.372112,0.0,480.626293,0.0,517.24728,572.032911,0.0,100.5607635,0.0,0.0,480.872667
2025-12-24,94.570287,0.0,665.5992779999999,16.396808,3871.3507621,0.0,930.571865,200.38006955000003,282.880317,596.7608487,510.123982,847.468907,166.458882,327.323646,437.6919584,96.92110915,16.396808,0.0,0.0,0.0,349.867029,94.570287,0.0,382.718961,0.0,504.783285,580.704836,0.0,103.45896040000001,0.0,0.0,480.739253
2025-12-25,82.780667,0.0,672.454527,16.397368,3886.963131,0.0,917.395303,200.24454234,281.556589,622.3816805,325.754725,843.273365,154.758716,322.824897,438.3487925,96.79490654,16.397368,0.0,0.0,0.0,349.55154,82.780667,0.0,390.897938,0.0,699.834105,567.843763,0.0,103.4496358,0.0,0.0,479.78685
2025-12-26,86.218721,0.0,689.5789139999999,16.392214,3871.8599433,0.0,915.376557,200.03182885,295.470454,616.15636,340.384869,845.617045,177.251902,325.898429,422.1355333,96.69076485,16.392214,0.0,0.0,0.0,349.738791,86.218721,0.0,394.10846,0.0,667.042663,565.637766,0.0,103.341064,0.0,0.0,477.373142
2025-12-27,98.304409,0.0,689.593337,10.97537,3861.5331417999996,0.0,919.2720340000001,196.37379381,281.676207,603.0762312999999,333.060504,848.665723,159.121142,327.319848,439.4738235,96.54871639,10.97537,0.0,0.0,0.0,350.053298,98.304409,0.0,407.91713,0.0,672.987264,569.218736,0.0,99.82507742,0.0,0.0,477.828606
2025-12-28,103.750724,0.0,698.423706,10.931269,3884.532208,0.0,917.57759,197.03022591,281.387538,616.3474752000001,374.641824,845.702395,167.404206,327.366718,437.74850280000004,96.21699321,10.931269,0.0,0.0,0.0,349.995668,103.750724,0.0,417.036168,0.0,634.401506,567.581922,0.0,100.8132327,0.0,0.0,480.919581
2025-12-29,92.499076,0.0,742.996849,16.374608,3916.834316,0.0,917.7948140000001,197.00066919,275.717734,612.0754994,324.165411,848.110466,168.415692,327.447224,431.7731476,96.14908119,16.374608,0.0,0.0,0.0,349.803103,92.499076,0.0,467.279115,0.0,723.673282,567.991711,0.0,100.851588,0.0,0.0,481.173594
2025-12-30,80.884203,0.0,752.268354,16.39926,3445.7009866000003,0.0,951.720536,196.98623673,280.020976,616.382319,197.050193,736.711172,90.236372,326.409428,433.35056460000004,96.37080973,16.39926,0.0,0.0,0.0,367.112278,80.884203,0.0,472.247378,0.0,620.197666,584.608258,0.0,100.615427,0.0,0.0,425.363272
2025-12-31,86.86229,0.0,823.5499990000001,16.423241,3814.1657759,0.0,934.4519829999999,201.96079071999998,277.099129,606.0340677,188.760348,843.688994,150.856641,327.61041,429.1925372,99.17750612,16.423241,0.0,0.0,0.0,367.113003,86.86229,0.0,546.45087,0.0,791.753695,567.33898,0.0,102.78328459999999,0.0,0.0,476.269083
