date,corridor_BY,corridor_DE,corridor_DZ,corridor_LY,corridor_MA,corridor_NO,corridor_RU-Baltic,corridor_TR,corridor_UA,point_Almería,point_Dornum / NETRA (OGE),point_Dunkerque,point_Easington,point_Emden (EPT1) (GTS),point_Emden (EPT1) (GUD),point_Emden (EPT1) (OGE),point_GCP GAZ-SYSTEM/UA TSO,point_Gela,point_Greifswald / NEL,point_Isaccea (RO) - Orlovka (UA) II,point_Kipi (TR) / Kipi (GR),point_Kipoi,point_Kotlovka,point_Luhamaa,point_Mazara del Vallo,point_Narva,point_St. Fergus,point_Strandzha 2 (BG) / Malkoclar (TR),point_Tarifa,point_Uzhhorod (UA) - Velké Kapušany (SK),point_VIP Bereg (HU) / VIP Bereg (UA),point_VIP Mediesu Aurit - Isaccea (RO-UA),point_Värska,point_Zeebrugge ZPT
2024-01-01,85.271224,0.0,773.825255,43.716591,0.0,4083.6844561,0.0,722.823373,439.09279957,298.251674,625.7090829,531.299393,847.395981,248.6931811,275.890381,420.7605881,44.836123,43.716591,0.0,0.0,0.0,344.575696,85.271224,0.0,475.573581,0.0,669.428332,378.247677,0.0,382.413674,11.84300257,0.0,0.0,464.507517
2024-01-02,103.108894,0.0,793.741666,43.602209,0.0,4066.6827754,0.0,723.3280629999999,458.227,285.741314,633.4201148999999,529.311499,848.166165,273.2509687,269.715621,400.7070138,36.576506,43.602209,0.0,0.0,0.0,345.119427,103.108894,0.0,508.000352,0.0,647.391785,378.208636,0.0,421.650494,0.0,0.0,0.0,464.719608
2024-01-03,100.095851,0.0,811.222208,43.623948,0.0,4034.5528241,0.0,745.119614,458.21681958,298.741358,594.1266215,530.649628,861.136577,267.5939149,267.196087,410.1046187,32.111715,43.623948,0.0,0.0,0.0,343.163248,100.095851,0.0,512.48085,0.0,638.768583,401.956366,0.0,423.158103,2.9470015800000002,0.0,0.0,464.976794
2024-01-04,106.984361,0.0,668.5366039999999,54.564456,0.0,4038.6024635000003,0.0,766.6502370000001,454.606389,299.192147,600.3973087,514.625351,936.253318,258.9307218,257.068465,420.309898,31.150598,54.564456,0.0,0.0,0.0,375.148551,106.984361,0.0,369.344457,0.0,585.986701,391.501686,0.0,423.455791,0.0,0.0,0.0,465.0307
2024-01-05,109.968202,0.0,815.726418,65.38193,0.0,4096.9072486000005,0.0,751.714219,468.93044000000003,300.05729,575.6624124,448.939017,935.678192,261.4393817,262.108829,417.2208705,33.266996,65.38193,0.0,0.0,0.0,374.76002,109.968202,0.0,515.669128,0.0,730.752471,376.954199,0.0,435.663444,0.0,0.0,0.0,465.106075
2024-01-06,85.900445,0.0,843.962106,43.798982,0.0,4028.6455889999997,0.0,760.683777,465.16658113,299.982151,551.3787971,405.127741,941.453636,265.7569368,265.068193,411.5531131,33.342121,43.798982,0.0,0.0,0.0,380.446611,85.900445,0.0,543.979955,0.0,724.926305,380.237166,0.0,414.990459,16.834001129999997,0.0,0.0,463.380867
2024-01-07,90.791101,0.0,836.2341220000001,38.33207,0.0,4081.0955749,0.0,759.704154,467.81000156,300.40921,555.8400203,412.55171,937.252496,266.9214372,289.292801,393.8101484,36.006244,38.33207,0.0,0.0,0.0,379.993816,90.791101,0.0,535.824912,0.0,760.07479,379.710338,0.0,416.951757,14.85200056,0.0,0.0,465.352172
2024-01-08,115.938274,0.0,844.6113439999999,65.51292,0.0,4013.7299067999998,0.0,810.2227290000001,450.507881,300.775633,555.6867027999999,396.332021,924.523662,264.5252268,296.404366,383.9893722,28.429813,65.51292,0.0,0.0,0.0,380.089577,115.938274,0.0,543.835711,0.0,725.057475,430.133152,0.0,422.078068,0.0,0.0,0.0,467.211081
2024-01-09,99.819537,0.0,833.5511759999999,76.540919,0.0,3986.2384321,0.0,761.3716079999999,495.658,300.040824,573.3815745,490.966323,925.407426,300.386047,294.655482,351.9173806,35.609666,76.540919,0.0,0.0,0.0,344.780058,99.819537,0.0,533.510352,0.0,582.209021,416.59155,0.0,460.048334,0.0,0.0,0.0,467.315178
2024-01-10,95.078618,0.0,839.284044,76.3442,0.0,3994.0965638,0.0,749.344693,486.190223,307.871358,567.8415292999999,426.902714,926.033037,284.9487995,316.807729,333.666959,42.554809,76.3442,0.0,0.0,0.0,364.355557,95.078618,0.0,531.412686,0.0,672.889193,384.989136,0.0,443.635414,0.0,0.0,0.0,465.006603
2024-01-11,103.754764,0.0,853.179714,43.684818,0.013224,3967.8740125,0.0,744.947306,497.886667,322.337931,582.2647584,428.671284,931.434339,285.635052,295.553732,360.47195810000005,39.649877,43.684818,0.0,0.0,0.0,343.005893,103.754764,0.0,530.841783,0.0,618.84335,401.941413,0.013224,458.23679,0.0,0.0,0.0,464.999539
2024-01-12,119.351261,0.0,855.4435490000001,43.626819,0.0,3788.5563026,0.0,766.787639,484.857016,319.327886,584.5867231,339.5017,916.988818,266.73420619999996,294.632595,351.9467863,31.50458,43.626819,0.0,0.0,0.0,343.203167,119.351261,0.0,536.115663,0.0,569.131157,423.584472,0.0,453.352436,0.0,0.0,0.0,465.034317
2024-01-13,111.284881,0.0,823.783851,32.879006,0.0,3995.1857382000003,0.0,779.144601,456.617427,319.223268,612.682441,373.616557,928.456938,258.17638819999996,299.158809,370.164739,43.016134,32.879006,0.0,0.0,0.0,343.068493,111.284881,0.0,504.560583,0.0,686.980599,436.076108,0.0,413.601293,0.0,0.0,0.0,465.949267
2024-01-14,87.197457,0.0,826.799219,32.90869,0.0,3892.2471319,0.0,706.696306,464.144953,320.004755,610.0223316,381.240643,861.825327,248.9421855,302.391469,376.9164928,50.721314,32.90869,0.0,0.0,0.0,343.032229,87.197457,0.0,506.794464,0.0,644.846744,363.664077,0.0,413.423639,0.0,0.0,0.0,466.061939
2024-01-15,103.218661,0.0,816.649731,43.785496,0.0,3874.4337234,0.0,727.126917,470.564735,304.256435,599.1778783999999,350.401626,918.840694,255.48997780000002,281.218649,398.2114592,49.446831,43.785496,0.0,0.0,0.0,343.033031,103.218661,0.0,512.393296,0.0,606.145525,384.093886,0.0,421.117904,0.0,0.0,0.0,464.947914
2024-01-16,111.974871,0.0,854.537466,65.957234,0.0,4010.9992899,0.0,749.231492,479.92958000000004,304.216973,601.2485652,449.014877,924.857367,261.3319988,293.778919,372.8111169,39.704196,65.957234,0.0,0.0,0.0,343.94049,111.974871,0.0,550.320493,0.0,643.009004,405.291002,0.0,440.225384,0.0,0.0,0.0,464.947442
2024-01-17,97.419882,0.0,853.642445,54.753391,0.0,4052.0279852000003,0.0,758.764568,478.588866,304.08193,599.7704031000001,414.555937,932.609987,261.3705193,288.949882,380.9279968,30.03391,54.753391,0.0,0.0,0.0,342.952821,97.419882,0.0,549.560515,0.0,708.936338,415.811747,0.0,440.223956,8.331,0.0,0.0,464.906922
2024-01-18,78.867599,0.0,701.897667,54.822501,0.0,4092.438658,0.0,746.037188,473.094518,304.322206,598.6144406000001,391.883656,932.575181,261.429741,296.259463,396.3924474,34.273475,54.822501,0.0,0.0,0.0,342.908616,78.867599,0.0,397.575461,0.0,750.479901,403.128572,0.0,438.821043,0.0,0.0,0.0,464.803828
2024-01-19,92.222372,0.0,587.772911,60.337508,0.0,4095.0160283,0.0,784.348941,483.799833,272.826513,600.8803803,528.6006,931.709888,261.3900379,296.347462,395.17249510000005,46.972133,60.337508,0.0,0.0,0.0,366.939869,92.222372,0.0,314.946398,0.0,614.831446,417.409072,0.0,436.8277,0.0,0.0,0.0,466.083719
2024-01-20,95.925342,0.0,676.963475,59.91515,0.0,4102.798498,0.0,814.578264,476.70093,271.546352,591.6644511000001,535.538721,929.772893,278.76167239999995,290.514622,373.8234575,42.571817,59.91515,0.0,0.0,0.0,385.875414,95.925342,0.0,405.417123,0.0,636.69312,428.70285,0.0,434.129113,0.0,0.0,0.0,466.029561
2024-01-21,99.562869,0.0,626.369181,60.045607,0.0,4086.9776789,0.0,809.5968,457.406837,288.101426,601.552643,531.142004,946.289529,251.6644338,298.578294,389.7866141,42.976182,60.045607,0.0,0.0,0.0,397.392017,99.562869,0.0,338.267755,0.0,601.542317,412.204783,0.0,414.430655,0.0,0.0,0.0,466.421844
2024-01-22,102.507747,0.0,764.8794310000001,108.962274,0.0,4076.2315205,0.0,838.3674659999999,466.413738,290.708497,637.6525492999999,532.054097,886.36338,243.1179031,302.12739,391.3773251,52.23307,108.962274,0.0,0.0,0.0,397.150805,102.507747,0.0,474.170934,0.0,615.879318,441.216661,0.0,414.180668,0.0,0.0,0.0,467.659558
2024-01-23,94.551295,0.0,698.95926,76.245706,0.0,4037.1817249,0.0,795.0534399999999,462.147329,275.256287,629.5493881,481.092351,884.916768,231.6695673,297.515359,395.4415295,27.906024,76.245706,0.0,0.0,0.0,363.698338,94.551295,0.0,423.702973,0.0,651.802454,431.355102,0.0,434.241305,0.0,0.0,0.0,465.194308
2024-01-24,101.742299,0.0,691.967856,60.033196,0.0,4091.7242435,0.0,816.50662,476.566437,276.271401,612.0649995,533.664784,883.728802,255.4147748,294.786423,415.2508042,42.711732,60.033196,0.0,0.0,0.0,389.214612,101.742299,0.0,415.696455,0.0,629.63462,427.292008,0.0,433.854705,0.0,0.0,0.0,467.179036
2024-01-25,105.21851,0.0,698.808317,32.675577,0.0,3951.2377346,0.0,820.358455,460.749501,274.21342,660.6457074,512.536708,906.139626,256.6741878,304.246072,386.32336139999995,30.343393,32.675577,0.0,0.0,0.0,389.172833,105.21851,0.0,424.594897,0.0,457.757,431.185622,0.0,430.406108,0.0,0.0,0.0,466.915072
2024-01-26,96.051665,0.0,715.7235909999999,54.636974,0.0,4071.6129493,0.0,773.420181,459.32960299999996,289.708831,663.6044886,528.415504,906.826867,257.0086848,303.565381,390.49847789999995,25.434044,54.636974,0.0,0.0,0.0,345.227576,96.051665,0.0,426.01476,0.0,554.738632,428.192605,0.0,433.895559,0.0,0.0,0.0,466.954914
2024-01-27,78.062428,0.0,694.965461,38.297958,0.0,4111.6209534,0.0,782.845247,478.81319136,273.343167,651.2853079,499.638951,908.87288,286.2961845,317.90857,349.268663,36.661952,38.297958,0.0,0.0,0.0,356.366528,78.062428,0.0,421.622294,0.0,631.165008,426.478719,0.0,430.637237,11.51400236,0.0,0.0,467.185389
2024-01-28,93.20698,0.0,695.662177,38.330147,0.0,4123.4275199,0.0,756.634554,469.574959,274.027299,643.8015702,519.651868,926.078299,261.2750083,298.914504,388.45952839999995,42.235706,38.330147,0.0,0.0,0.0,356.23636,93.20698,0.0,421.634878,0.0,618.49492,400.398194,0.0,427.339253,0.0,0.0,0.0,466.751822
2024-01-29,97.860273,0.0,717.417011,76.300116,0.0,4084.8608925,0.0,796.564392,457.136549,273.458715,637.5383112000001,519.106707,900.550317,253.7928139,302.74881,406.9158584,29.182278,76.300116,0.0,0.0,0.0,361.818018,97.860273,0.0,443.958296,0.0,596.822931,434.746374,0.0,427.954271,0.0,0.0,0.0,467.385144
2024-01-30,72.355971,0.0,909.856976,65.793195,0.0,4045.405457,0.0,761.7956429999999,463.848324,290.740081,634.4709602,530.912964,915.156345,259.1659058,295.090472,397.618464,32.769631,65.793195,0.0,0.0,0.0,324.276588,72.355971,0.0,619.116895,0.0,545.578527,437.519055,0.0,431.078693,0.0,0.0,0.0,467.411819
2024-01-31,60.447349,0.0,986.852524,65.325686,0.0,3973.1807708,0.0,787.202871,469.363603,290.749189,659.4298491000001,482.463568,810.574517,276.5974016,306.11499,387.1882231,38.326928,65.325686,0.0,0.0,0.0,345.390977,60.447349,0.0,696.103335,0.0,583.857194,441.811894,0.0,431.036675,0.0,0.0,0.0,466.955028
2024-02-01,104.408586,0.0,1005.2084709999999,43.562319,0.0,4122.6275915,0.0,782.031356,453.28612825,300.306935,648.9086541,497.665696,928.068231,245.8496781,309.596452,390.1354533,22.043927,43.562319,0.0,0.0,0.0,344.56467,104.408586,0.0,704.901536,0.0,637.448005,437.466686,0.0,425.697201,5.54500025,0.0,0.0,464.955422
2024-02-02,86.057881,0.0,904.029912,43.66828,0.0,4085.4362966,0.0,768.259588,463.14262159000003,300.017,660.373339,535.931909,893.186373,259.1574506,308.542448,386.004162,29.64334,43.66828,0.0,0.0,0.0,344.410272,86.057881,0.0,604.012912,0.0,574.937312,423.849316,0.0,424.930289,8.56899259,0.0,0.0,467.303303
2024-02-03,75.01582,0.0,710.5024530000001,32.680288,0.0,3857.993369,0.0,797.0962850000001,465.51393563,284.045699,650.9079072000001,445.650907,805.873079,228.88986409999998,306.3383,387.62863269999997,31.658937,32.680288,0.0,0.0,0.0,344.280822,75.01582,0.0,426.456754,0.0,567.281165,452.815463,0.0,425.286996,8.56800263,0.0,0.0,465.423514
2024-02-04,80.447811,0.0,719.1125119999999,32.672151,0.0,3258.3986835,0.0,775.928065,445.99845297999997,299.78342,625.3864832,321.882735,518.778922,189.9946679,287.647731,297.85467539999996,15.70856,32.672151,0.0,0.0,0.0,344.982404,80.447811,0.0,419.329092,0.0,549.282013,430.945661,0.0,421.716892,8.57300098,0.0,0.0,467.571456
2024-02-05,91.89641,0.0,884.188795,65.370668,0.0,3430.6035339,0.0,779.2280430000001,459.05398121999997,298.842971,655.6464033,326.475611,607.960174,228.72642230000002,298.191354,295.4663403,29.145648,65.370668,0.0,0.0,0.0,344.472596,91.89641,0.0,585.345824,0.0,554.104246,434.755447,0.0,421.328333,8.58000022,0.0,0.0,464.032983
2024-02-06,85.852677,0.0,887.7847830000001,43.736281,0.050719,3517.7257059000003,0.0,776.686996,446.87062728,281.936355,622.6586891000001,313.607843,714.071361,241.7149874,306.7779,342.0058074,19.559896,43.736281,0.0,0.0,0.0,344.618641,85.852677,0.0,605.848428,0.0,512.173118,432.068355,0.050719,418.733735,8.57699628,0.0,0.0,464.716
2024-02-07,88.526994,0.0,731.885757,43.707954,0.0,3641.2031822999998,0.0,781.133986,456.28235580000006,298.828752,587.7465509,325.948878,769.663551,287.5379215,303.497977,354.3976499,26.365854,43.707954,0.0,0.0,0.0,350.350164,88.526994,0.0,433.057005,0.0,546.781046,430.783822,0.0,419.205501,10.7110008,0.0,0.0,465.629608
2024-02-08,78.998036,0.0,724.02902,43.669603,0.0,3756.7763433,0.0,823.0953079999999,445.85806944,282.663144,577.6610387000001,331.34354,884.440166,268.396433,299.635426,370.8021746,18.855565,43.669603,0.0,0.0,0.0,392.00237,78.998036,0.0,441.365876,0.0,552.446087,431.092938,0.0,418.455507,8.54699744,0.0,0.0,472.051478
2024-02-09,93.299914,0.0,754.019269,54.398673,0.0,4032.1367941,0.0,867.095485,456.6250151,282.943592,630.6499137999999,516.852959,918.273135,260.6713049,305.889591,383.64314939999997,29.992512,54.398673,0.0,0.0,0.0,392.43163,93.299914,0.0,471.075677,0.0,546.838513,474.663855,0.0,418.076505,8.5559981,0.0,0.0,469.318228
2024-02-10,92.020982,0.0,649.7452410000001,43.727619,0.0,4036.9556585,0.0,832.970778,456.92225879,282.879501,643.3580817999999,519.849228,921.874352,258.6791527,298.474325,379.549038,29.995498,43.727619,0.0,0.0,0.0,392.455756,92.020982,0.0,366.86574,0.0,544.028367,440.515022,0.0,417.757773,9.16898779,0.0,0.0,471.143114
2024-02-11,92.841038,0.0,642.561913,44.340419,0.0,4024.9388562999998,0.0,822.890951,440.89738137,282.013435,649.7885801,541.581601,879.681836,262.29760269999997,306.772146,374.8391095,19.066127,44.340419,0.0,0.0,0.0,392.397343,92.841038,0.0,360.548478,0.0,534.568456,430.493608,0.0,406.79827,15.03298437,0.0,0.0,475.409525
2024-02-12,97.571795,0.0,702.0836039999999,55.315187,0.0,4022.8844768999998,0.0,858.822914,439.57873548,280.984669,649.3339268,536.32676,905.513623,257.2414875,304.61032,371.51456360000003,25.581379,55.315187,0.0,0.0,0.0,392.370012,97.571795,0.0,421.098935,0.0,528.483743,466.452902,0.0,405.425358,8.571998480000001,0.0,0.0,469.860053
2024-02-13,83.985344,0.0,752.394959,77.188733,0.0,4008.8032963,0.0,851.249578,468.12575458999993,281.126667,638.8205335,534.047409,894.958394,262.47528140000003,283.951443,396.5462904,34.632462,77.188733,0.0,0.0,0.0,391.30202,83.985344,0.0,471.268292,0.0,521.735512,459.947558,0.0,417.644302,15.84899059,0.0,0.0,476.268433
2024-02-14,85.483337,0.0,778.314472,66.218295,0.0,3970.1654972,0.0,809.3130550000001,459.58746874,281.034257,629.3786106,535.333128,838.600809,263.0892356,284.508264,399.801595,26.201185,66.218295,0.0,0.0,0.0,391.360064,85.483337,0.0,497.280215,0.0,539.890683,417.952991,0.0,424.825281,8.561002740000001,0.0,0.0,479.563172
2024-02-15,86.265716,0.0,831.855454,65.917168,0.0,3697.6422949000003,0.0,809.7015240000001,459.70170027999995,281.743255,562.1472274,509.285569,737.044154,262.248335,284.889358,394.9856365,18.278039,65.917168,0.0,0.0,0.0,391.577461,86.265716,0.0,550.112199,0.0,467.862184,418.124063,0.0,432.224658,9.19900328,0.0,0.0,479.179831
2024-02-16,72.142878,0.0,833.0630100000001,76.93594,0.0,3696.1120074,0.0,819.874093,441.10445511,283.851605,610.8650806,533.08211,666.553644,269.38042360000003,284.261462,366.83322219999997,14.926991,76.93594,0.0,0.0,0.0,391.606871,72.142878,0.0,549.211405,0.0,487.209993,428.267222,0.0,417.776468,8.40099611,0.0,0.0,477.926072
2024-02-17,80.241568,0.0,792.2509689999999,38.473951,0.0,3914.857576,0.0,790.696046,472.79176427,283.797095,656.6835969,538.087259,783.20582,277.2922737,296.845221,361.99394839999997,33.734288,38.473951,0.0,0.0,0.0,359.588002,80.241568,0.0,508.453874,0.0,521.430413,431.108044,0.0,431.111473,7.946003269999999,0.0,0.0,479.319044
2024-02-18,92.236992,0.0,787.187589,38.533853,0.0,3929.9578192999998,0.0,791.057456,465.14782046,282.977376,615.9010523,536.798315,825.103241,243.006991,318.32423,389.497455,33.285384,38.533853,0.0,0.0,0.0,359.751615,92.236992,0.0,504.210213,0.0,527.904354,431.305841,0.0,423.917448,7.94498846,0.0,0.0,473.422181
2024-02-19,76.345111,0.0,817.182004,33.038657,0.0,3867.5589076,0.0,788.153008,427.22686999999996,282.753141,584.6104494,533.517766,792.289935,237.7113086,311.30659,403.51829660000004,20.678235,33.038657,0.0,0.0,0.0,359.494711,76.345111,0.0,534.428863,0.0,528.386848,428.658297,0.0,406.548635,0.0,0.0,0.0,476.217714
2024-02-20,99.364763,0.0,725.614739,32.875522,0.0,3971.8043473,0.0,818.9022580000001,455.97019739,283.121551,564.6542466000001,537.778971,835.116317,262.4916978,299.710761,390.90056489999995,11.791349,32.875522,0.0,0.0,0.0,359.637611,99.364763,0.0,442.493188,0.0,603.975389,459.264647,0.0,433.376845,10.802003390000001,0.0,0.0,477.1764
2024-02-21,92.233818,0.0,753.38858,54.786037,0.0,3777.1592864,0.0,822.2339669999999,460.65034853,270.92243,516.9100768,476.746493,746.100726,228.4458653,298.229756,414.0482113,20.905853,54.786037,0.0,0.0,0.0,359.832818,92.233818,0.0,482.46615,0.0,628.324422,462.401149,0.0,427.531501,12.21299453,0.0,0.0,468.353736
2024-02-22,71.504436,0.0,771.109108,59.945854,0.0,3960.4560013,0.0,807.3194020000001,453.82771901,282.330766,521.4062639,499.35755,885.505635,263.7846303,294.077786,403.02152110000003,18.769113,59.945854,0.0,0.0,0.0,360.130039,71.504436,0.0,488.778342,0.0,625.413221,447.189363,0.0,424.258606,10.80000001,0.0,0.0,467.889394
2024-02-23,76.926834,0.0,789.278288,59.987906,0.0,4044.8663472000003,0.0,798.5928759999999,41.273704210000005,282.872806,634.863016,506.122482,912.788899,262.6626012,297.251165,385.033193,30.476707,59.987906,0.0,0.0,0.0,359.733115,76.926834,0.0,506.405482,0.0,577.268622,438.859761,0.0,0.0,10.79699721,0.0,0.0,468.876369
2024-02-24,83.591438,0.0,789.829516,54.635775,0.0,3071.0498212800003,0.0,793.322054,453.77566399,283.400555,27.12422287,471.244256,919.372007,282.47141089999997,290.919636,16.00195351,13.082002,54.635775,0.0,0.0,0.0,357.877924,83.591438,0.0,506.428961,0.0,593.060168,435.44413,0.0,425.429662,15.26399999,0.0,0.0,470.856167
2024-02-25,92.235643,0.0,751.38483,21.965749,0.0,4036.8004698,0.0,786.969465,506.35647473999995,242.308838,661.3224779,502.192917,891.912708,282.403181,290.943096,370.6738349,29.891322,21.965749,0.0,0.0,0.0,357.85199,92.235643,0.0,509.075992,0.0,567.203791,429.117475,0.0,421.426184,55.03896874,0.0,0.0,470.148464
2024-02-26,89.194262,0.0,752.517919,54.6173,0.0,4020.4099978,0.0,791.801178,499.33138341,245.903816,650.821237,495.446206,912.475906,282.4714918,292.263403,381.208379,34.99122,54.6173,0.0,0.0,0.0,357.979479,89.194262,0.0,506.614103,0.0,535.257019,433.821699,0.0,414.432171,49.90799241,0.0,0.0,470.466356
2024-02-27,80.997183,0.0,823.4099289999999,54.618337,0.0,4025.2243675,0.0,789.9977710000001,470.66706868000006,373.516919,643.5404199,479.106121,891.04661,273.2171112,286.817409,389.5464464,25.233333,54.618337,0.0,0.0,0.0,354.683141,80.997183,0.0,449.89301,0.0,590.662619,435.31463,0.0,433.102728,12.331007679999999,0.0,0.0,471.287631
2024-02-28,58.755071,0.0,763.740672,54.493997,0.0,3953.5503385,0.0,772.2898889999999,469.17358505000004,381.674578,589.6827013,468.607445,892.338412,283.02482410000005,288.940888,381.6907741,24.22093,54.493997,0.0,0.0,0.0,332.734067,58.755071,0.0,382.066094,0.0,578.607066,439.555822,0.0,432.833655,12.11900005,0.0,0.0,470.658228
2024-02-29,68.320317,0.0,779.160344,54.443235,0.0,3885.249151,0.0,777.946208,474.51914858000004,253.431615,535.9841366,506.105,910.768658,284.02483939999996,283.382519,374.836857,26.73117,54.443235,0.0,0.0,0.0,354.758428,68.320317,0.0,525.728729,0.0,518.51868,423.18778,0.0,429.161995,18.62598358,0.0,0.0,471.628461
2024-03-01,87.239864,0.0,895.444084,54.58629,0.0,3922.5383236,0.0,800.8132499999999,482.67062136,234.688486,667.5708412,448.649506,907.208016,289.7492363,279.675518,383.7244931,5.22595,54.58629,0.0,0.0,0.0,355.828175,87.239864,0.0,660.755598,0.0,474.605327,444.985075,0.0,420.989672,56.45499936,0.0,0.0,471.355386
2024-03-02,67.076912,0.0,881.272863,38.226704,0.020546,3995.4132197999998,0.0,790.488308,504.40113809,217.283007,654.2866429,507.446148,907.949913,237.4028385,267.819689,421.0785764,14.439552,38.226704,0.0,0.0,0.0,355.82337,67.076912,0.0,663.989856,0.0,528.329723,434.664938,0.020546,420.19958,69.76200609,0.0,0.0,471.099689
2024-03-03,64.178312,0.0,893.851193,38.352141,0.0,3995.5330084,0.0,782.662869,493.97402032,234.921782,687.0645333,491.174519,902.000758,277.512226,267.847303,368.97995110000005,7.726229,38.352141,0.0,0.0,0.0,355.617003,64.178312,0.0,658.929411,0.0,530.50616,427.045866,0.0,416.0828,70.16499132,0.0,0.0,470.447558
2024-03-04,78.510193,0.0,945.76485,54.682075,0.0,3995.9867708,0.0,801.4256,481.44174275999995,280.629981,688.9101086000001,502.831897,903.181519,275.3984769,267.85223,385.1825573,0.0,54.682075,0.0,0.0,0.0,355.799895,78.510193,0.0,665.134869,0.0,499.051176,445.625705,0.0,416.371025,65.07071776,0.0,0.0,473.578806
2024-03-05,86.118919,0.0,946.398049,76.300909,0.0,3947.4125078,0.0,821.998689,491.39270835,286.03022,634.4098847,467.54945,891.256051,341.2858703,270.90239,303.2896298,11.087858,76.300909,0.0,0.0,0.0,355.75362,86.118919,0.0,660.367829,0.0,565.793432,466.245069,0.0,419.500851,60.80399935,0.0,0.0,472.9258
2024-03-06,90.008569,0.0,950.1207830000001,65.321987,0.0,4039.8215946,0.0,843.016799,497.5519906,282.553511,635.9371532,475.302825,899.907601,323.0778504,269.024956,341.679356,13.655351,65.321987,0.0,0.0,0.0,355.837716,90.008569,0.0,667.567272,0.0,622.489292,487.179083,0.0,425.588635,58.308004600000004,0.0,0.0,472.402561
2024-03-07,93.643839,0.0,948.213672,54.48536,0.0,3990.6854208,0.0,844.946987,496.06666032,283.512555,648.0310893999999,516.029896,890.222622,304.3562066,270.777954,344.7674058,15.50189,54.48536,0.0,0.0,0.0,355.929185,93.643839,0.0,664.701117,0.0,542.71565,489.017802,0.0,419.904784,60.65998632,0.0,0.0,473.784597
2024-03-08,92.899682,0.0,955.595801,38.354663,0.0,4034.7555716,0.0,845.845415,493.99479263,282.306279,675.8168961,525.135714,908.725996,301.1097396,271.312653,348.0622529,15.889297,38.354663,0.0,0.0,0.0,363.93559,92.899682,0.0,673.289522,0.0,530.809223,481.909825,0.0,423.460475,54.645020630000005,0.0,0.0,473.783097
2024-03-09,92.0075,0.0,952.795342,32.854514,0.0,4075.6610349,0.0,839.575962,489.89788963,282.252622,678.2887923999999,503.647533,910.052685,305.8547456,271.360248,370.89263589999996,15.086606,32.854514,0.0,0.0,0.0,369.605632,92.0075,0.0,670.54272,0.0,565.098337,469.97033,0.0,419.421284,55.389999630000005,0.0,0.0,470.466058
2024-03-10,92.922886,0.0,951.322719,32.788732,0.0,3947.3070524,0.0,834.561162,484.90447111000003,281.757639,649.6031031,441.36134,914.929583,279.7642644,269.798684,368.88527389999996,13.281626,32.788732,0.0,0.0,0.0,369.971787,92.922886,0.0,669.56508,0.0,554.048929,464.589375,0.0,415.737838,55.88500711,0.0,0.0,468.915875
2024-03-11,88.243613,0.0,955.6723690000001,54.679825,0.0,3882.9701586,0.0,841.2380949999999,487.68162635,281.762939,650.966454,434.383519,877.510358,306.7405218,271.401969,278.0039958,12.338659,54.679825,0.0,0.0,0.0,369.895871,88.243613,0.0,673.90943,0.0,594.918863,471.342224,0.0,416.167977,59.17499035,0.0,0.0,469.044478
2024-03-12,76.703204,0.0,958.428288,76.325424,0.0,3910.3510655,0.0,846.875325,490.40320700999996,281.261615,597.2105941,508.813525,852.132651,322.31219,303.90401,294.3261194,12.372323,76.325424,0.0,0.0,0.0,364.409445,76.703204,0.0,677.166673,0.0,558.101415,482.46588,0.0,422.634886,55.39599801,0.0,0.0,473.550561
2024-03-13,80.430337,0.0,957.621447,76.270116,0.0,3901.7348045,0.0,866.0116840000001,501.25827670999996,281.928927,560.3662602,515.913369,880.250466,291.76984610000005,267.515571,351.3038002,13.932061,76.270116,0.0,0.0,0.0,366.922948,80.430337,0.0,675.69252,0.0,560.219595,499.088736,0.0,422.265203,65.06101271,0.0,0.0,474.395897
2024-03-14,75.763779,0.0,967.186046,76.313963,0.0,3972.3417977,0.0,845.505954,504.89387734,281.709328,594.0502502999999,543.614498,886.846215,297.058271,291.895475,335.23024039999996,10.920005,76.313963,0.0,0.0,0.0,366.743963,75.763779,0.0,685.476718,0.0,547.854251,478.761991,0.0,422.981875,70.99199734,0.0,0.0,475.792597
2024-03-15,60.025342,0.0,972.166277,54.647031,0.0,3881.6052,0.0,829.345386,509.66443875,282.052258,639.1479104,513.623854,856.489992,259.4894227,267.861197,329.08985989999996,10.250489,54.647031,0.0,0.0,0.0,366.626281,60.025342,0.0,690.114019,0.0,540.562072,462.719105,0.0,423.767949,75.64600075,0.0,0.0,475.340892
2024-03-16,64.089126,0.0,953.907232,43.633729,0.0,3604.2277572,0.0,834.469955,513.60173234,282.173508,614.7867689,461.353339,802.708903,221.5117545,273.908069,316.39815680000004,9.472271,43.633729,0.0,0.0,0.0,366.950453,64.089126,0.0,671.733724,0.0,439.546491,467.519502,0.0,423.694476,80.43498534,0.0,0.0,474.014275
2024-03-17,72.192634,0.0,960.984017,43.478423,0.0,3640.1782447,0.0,832.345777,509.84539207,281.561676,617.4527256,499.480856,759.224597,247.8582834,278.625049,315.3858297,9.242569,43.478423,0.0,0.0,0.0,366.795766,72.192634,0.0,679.422341,0.0,447.220551,465.550011,0.0,420.191819,80.41100406999999,0.0,0.0,474.930353
2024-03-18,79.4406,0.0,959.2165640000001,70.743785,0.0,3631.0639553,0.0,863.310571,501.82382743,281.829466,589.3287822000001,494.02475,896.155994,234.76066419999998,308.268402,384.8604099,10.032611,70.743785,0.0,0.0,0.0,366.81841,79.4406,0.0,677.387098,0.0,248.941245,496.492161,0.0,420.685222,71.10599443000001,0.0,0.0,474.723708
2024-03-19,79.946194,0.0,1008.3910760000001,81.804177,0.0,3633.0472042,0.0,883.874385,510.84583425,297.964579,577.8499397999999,491.02497,899.081499,293.1921094,267.806858,333.544892,14.493094,81.804177,0.0,0.0,0.0,366.718891,79.946194,0.0,710.426497,0.0,296.707003,517.155494,0.0,430.893748,65.45899225,0.0,0.0,473.839933
2024-03-20,77.494836,0.0,1048.518902,65.325571,0.0,3852.046081,0.0,903.9860160000001,490.6805718,297.835427,660.4591187999999,486.153054,906.845559,342.3322888,267.792121,218.9516044,11.175459,65.325571,0.0,0.0,0.0,366.794605,77.494836,0.0,750.683475,0.0,495.856516,537.191411,0.0,431.921088,47.584024799999995,0.0,0.0,473.655819
2024-03-21,83.63088,0.0,1051.668224,55.060538,0.0,3969.1863169999997,0.0,908.3939070000001,495.25550057000004,298.047667,567.284909,423.105092,781.286894,341.6510842,302.951036,236.4882808,8.557973,55.060538,0.0,0.0,0.0,361.187202,83.63088,0.0,753.620557,0.0,847.328546,547.206705,0.0,432.110537,54.58699057,0.0,0.0,469.090475
2024-03-22,83.377387,0.0,1054.1001999999999,54.641499,0.0,3946.5388486,0.0,891.43569,489.52923273,289.088718,567.7227173,439.561563,765.493098,344.4726874,267.809489,298.9254789,10.854167,54.641499,0.0,0.0,0.0,366.528182,83.377387,0.0,765.011482,0.0,788.826237,524.907508,0.0,423.98408,54.690985729999994,0.0,0.0,473.727578
2024-03-23,82.910171,0.0,1047.692059,43.736218,0.0,3937.7834607,0.0,841.582804,489.60771298000003,288.818893,638.7555199,512.71128,854.185094,365.9254166,267.829046,284.0051382,11.687454,43.736218,0.0,0.0,3e-06,352.892035,82.910171,0.0,758.873166,0.0,540.618547,488.690766,0.0,423.816255,54.104003979999995,0.0,0.0,473.753419
2024-03-24,83.520518,0.0,1045.215119,43.73201,0.0,3999.4267226,0.0,819.132385,479.94515386,288.290552,682.89998,471.323758,844.363517,357.0035111,267.832212,302.7462235,12.159692,43.73201,0.0,0.0,0.0,352.966897,83.520518,0.0,756.924567,0.0,599.205621,466.165488,0.0,420.072449,47.71301286,0.0,0.0,474.0519
2024-03-25,83.220517,0.0,968.604188,65.53779,0.0,4014.9183632,0.0,862.149504,474.24217515,288.308391,634.027251,505.867305,853.66586,330.493829,287.365498,293.3391352,12.523472,65.53779,0.0,0.0,0.0,352.761671,83.220517,0.0,680.295797,0.0,636.636874,509.387833,0.0,420.761694,40.95700915,0.0,0.0,473.522611
2024-03-26,84.516106,0.0,982.471942,65.515497,0.0,3985.6640628,0.0,873.3369640000001,477.3002826,304.693455,666.7726416,519.878715,824.635168,362.6018368,291.731982,291.53186939999995,10.827271,65.515497,0.0,0.0,0.0,366.930364,84.516106,0.0,677.778487,0.0,558.947256,506.4066,0.0,432.616019,33.8569926,0.0,0.0,469.564594
2024-03-27,81.973614,0.0,973.710914,65.85016,0.0,3860.3655756,0.0,891.117643,484.64479885,303.530167,662.1591698,518.867675,695.183393,344.2355418,308.654363,291.801646,9.359157,65.85016,0.0,0.0,0.0,366.779796,81.973614,0.0,670.180747,0.0,565.727681,524.337847,0.0,429.046631,46.23901085,0.0,0.0,473.736106
2024-03-28,84.968671,0.0,1017.287478,76.639778,0.0,3922.3365351,0.0,858.367688,493.03678369,287.414242,648.7260431,502.584764,832.270986,366.9525207,267.90123,300.5396553,20.908679,76.639778,0.0,0.0,0.0,363.280958,84.968671,0.0,729.873236,0.0,532.770392,495.08673,0.0,424.108099,48.02000569,0.0,0.0,470.590944
2024-03-29,103.482043,0.0,1022.0678330000001,87.477003,0.0,3942.0980465000002,0.0,826.447739,503.24615536,288.220996,630.7344141,536.875986,794.589837,365.49418560000004,267.781952,319.2941108,4.092665,87.477003,0.0,0.0,0.0,366.727242,103.482043,0.0,733.846837,0.0,556.972644,459.720497,0.0,427.142495,72.01099536,0.0,0.0,470.354917
2024-03-30,97.850902,0.0,888.2680770000001,54.728526,0.0,3816.7305294000003,0.0,775.329661,497.43383225,278.95496,604.3290681,512.240638,795.851749,307.1771562,294.632646,310.2405991,0.0,54.728526,0.0,0.0,0.0,366.357159,97.850902,0.0,609.313117,0.0,543.141451,408.972502,0.0,421.960828,75.47300425,0.0,0.0,449.117222
2024-03-31,61.363755,0.0,864.658107,54.736243,0.0,3998.7637233,0.0,740.317948,518.7138373299999,288.67602,625.0267683,537.326832,835.906107,323.6441569,307.826317,316.8594021,14.438361,54.736243,0.0,0.0,0.0,366.404174,61.363755,0.0,575.982087,0.0,581.361282,373.913774,0.0,422.647471,81.62800533,0.0,0.0,470.812858
2024-04-01,54.775599,0.0,843.0934970000001,54.732389,0.0,3940.0535668,0.0,715.560059,472.62288617,292.883185,542.8804149,534.332676,842.18295,331.1837077,312.824081,298.5721282,6.765842,54.732389,0.0,0.0,0.0,366.391612,54.775599,0.0,550.210312,0.0,608.68384,349.168447,0.0,416.458058,49.39898617,0.0,0.0,469.393769
2024-04-02,74.193113,0.0,1039.241386,54.5615,0.0,3920.1847512,0.0,747.303212,440.1274529,273.022996,518.8172426,533.901935,836.977358,351.759967,312.429854,286.1665916,0.0,54.5615,0.0,0.0,0.0,366.334132,74.193113,0.0,766.21839,0.0,612.506984,380.96908,0.0,420.36346,19.763992899999998,0.0,0.0,467.624819
2024-04-03,104.111775,0.0,1121.868716,87.32882,0.0,3846.7300604,0.0,799.256428,453.72785326999997,274.229414,508.88422660000003,537.380094,811.738334,341.266626,321.540411,287.1959588,0.0,87.32882,0.0,0.0,0.0,366.895081,104.111775,0.0,847.639302,0.0,568.56521,432.361347,0.0,428.445859,25.28199427,0.0,0.0,470.1592
2024-04-04,80.419806,0.0,1122.235381,82.049903,0.0,3906.7677132,0.0,759.2881259999999,465.52179361000003,273.667051,504.5752053,537.377599,856.033594,343.4788338,321.515181,284.75447010000005,0.0,82.049903,0.0,0.0,0.0,334.101002,80.419806,0.0,848.56833,0.0,587.790991,425.187124,0.0,446.478808,19.04298561,0.0,0.0,471.241839
2024-04-05,77.411612,0.0,1119.558066,82.056392,0.0,3890.4839683,0.0,754.111614,493.80247036,273.577457,503.377,538.259879,824.503723,342.68714969999996,315.464042,301.0773206,0.0,82.056392,0.0,0.0,0.0,348.131098,77.411612,0.0,845.980609,0.0,593.232096,405.980516,0.0,452.390471,41.41199936,0.0,0.0,471.882758
2024-04-06,68.511922,0.0,909.49209,54.977305,0.0,3954.8913266,0.0,699.05508,475.40537417,267.881155,611.0217368,538.97377,840.894144,341.115208,313.468579,288.5196048,0.0,54.977305,0.0,0.0,0.0,333.949325,68.511922,0.0,641.610935,0.0,547.784159,365.105755,0.0,448.790385,26.61498917,0.0,0.0,473.114125
2024-04-07,64.183397,0.0,924.5609549999999,54.658956,0.0,3773.2688826000003,0.0,688.932867,463.22742686,278.248305,540.4478659,531.203639,725.656601,302.8455192,291.302301,355.7735235,0.0,54.658956,0.0,0.0,0.0,333.938223,64.183397,0.0,646.31265,0.0,552.886561,354.994644,0.0,436.682421,26.54500586,0.0,0.0,473.152872
2024-04-08,54.106375,0.0,1133.259552,65.475962,0.0,3697.3711947,0.0,715.7785839999999,434.08120514,284.426908,533.7156822,526.374665,796.720612,393.3082824,317.556129,218.4121031,0.0,65.475962,0.0,0.0,0.0,333.853887,54.106375,0.0,848.832644,0.0,435.94624,381.924697,0.0,411.123206,22.957999140000002,0.0,0.0,475.337481
2024-04-09,57.620271,0.0,1064.503534,81.969385,0.0,3805.605732,0.0,695.94046,483.00495894,277.484869,536.5607353,530.854515,758.986527,396.79509010000004,316.021389,229.2091366,0.0,81.969385,0.0,0.0,0.0,333.857483,57.620271,0.0,787.018665,0.0,561.516875,362.082977,0.0,453.172962,29.83199694,0.0,0.0,475.661464
2024-04-10,54.298324,0.0,1060.753071,81.905164,0.0,3890.9889756,0.0,708.55549,458.48073608,288.613348,543.2371982999999,545.100866,849.91912,364.2934097,318.785513,230.3405976,0.0,81.905164,0.0,0.0,0.0,334.067685,54.298324,0.0,772.139723,0.0,565.147887,374.487805,0.0,435.457744,23.022992079999998,0.0,0.0,474.164384
2024-04-11,55.984762,0.0,1063.24052,92.927097,0.0,3891.6454193,0.0,711.866548,429.91147654,268.729572,620.3457591,534.118518,812.43262,340.06818860000004,320.349464,277.2571626,0.0,92.927097,0.0,0.0,0.0,311.05831,55.984762,0.0,794.510948,0.0,512.838107,400.808238,0.0,419.42747,10.48400654,0.0,0.0,474.2356
2024-04-12,56.676809,0.0,1069.703825,92.82619,0.0,3925.6200366000003,0.0,691.939909,460.93591342,285.213292,611.3898623,535.595039,841.44371,342.0688993,320.250355,275.826679,0.0,92.82619,0.0,0.0,0.0,311.004032,56.676809,0.0,784.490533,0.0,527.970423,380.935877,0.0,449.626916,11.30899742,0.0,0.0,471.075069
2024-04-13,60.201177,0.0,1040.9981109999999,70.859776,0.0,3788.6481824,0.0,691.913954,446.56751533,288.383766,574.0043314,532.23032,752.156081,333.57264189999995,321.138035,283.68170510000004,0.0,70.859776,0.0,0.0,0.0,310.867418,60.201177,0.0,752.614345,0.0,522.215276,381.046536,0.0,436.163522,10.40399333,0.0,0.0,469.649792
2024-04-14,62.064768,0.0,1040.979072,70.954804,0.0,3582.5358402,0.0,690.5081279999999,455.71601461,290.453293,596.6984057000001,509.035758,609.06959,325.2830937,320.54306,249.8879838,0.0,70.954804,0.0,0.0,0.0,311.132928,62.064768,0.0,750.525779,0.0,528.611368,379.3752,0.0,444.460007,11.25600761,0.0,0.0,443.406581
2024-04-15,64.723042,0.0,1016.745199,92.803868,0.0,3295.3958394,0.0,744.039394,445.06714723000005,291.464835,599.5410713,438.25528,283.084378,332.60369510000004,307.617137,249.005987,0.0,92.803868,0.0,0.0,0.0,333.195967,64.723042,0.0,725.280364,0.0,617.585577,410.843427,0.0,438.505145,6.56200223,0.0,0.0,467.702714
2024-04-16,67.463744,0.0,1039.478074,81.897106,0.0,3473.3424899,0.0,839.984234,460.85886146,282.401316,558.2647363,508.024729,564.065198,318.0759852,272.385206,271.46231939999996,0.0,81.897106,0.0,0.0,0.0,366.60816,67.463744,0.0,757.076758,0.0,513.606171,473.376074,0.0,437.593855,23.265006460000002,0.0,0.0,467.458145
2024-04-17,64.79868,0.0,1045.549972,92.956213,0.0,3512.1605808,0.0,907.729158,425.33407692,286.352591,596.0575216,517.959783,549.189479,335.23398180000004,315.616275,255.0292014,0.0,92.956213,0.0,0.0,0.0,357.88972,64.79868,0.0,759.197381,0.0,475.580297,549.839438,0.0,418.693072,6.64100492,0.0,0.0,467.494042
2024-04-18,69.594284,0.0,1051.245622,76.567421,0.0,3889.3454672,0.0,928.601837,428.80709449,287.133108,630.1797948999999,534.961079,773.185376,347.44740360000003,307.742094,282.67283069999996,6.785994,76.567421,0.0,0.0,0.0,366.807451,69.594284,0.0,764.112514,0.0,538.40952,561.794386,0.0,418.407103,3.61399749,0.0,0.0,474.747369
2024-04-19,73.280891,0.0,1060.294801,54.614951,0.0,3873.8632573,0.0,867.781781,438.05435334000003,293.850013,613.4192162999999,533.801882,781.529209,343.31895860000003,315.419085,278.7089234,15.740533,54.614951,0.0,0.0,0.0,341.648134,73.280891,0.0,766.444788,0.0,537.579766,526.133647,0.0,413.714824,8.59899634,0.0,0.0,470.086217
2024-04-20,75.272996,0.0,1051.149924,54.437178,0.0,3956.399698,0.0,802.027698,445.1287775,292.928846,627.374905,534.946098,841.964175,227.7578493,284.642959,299.5316497,21.229672,54.437178,0.0,0.0,0.0,351.473146,75.272996,0.0,758.221078,0.0,670.750034,450.554552,0.0,411.519111,12.3799945,0.0,0.0,469.432028
2024-04-21,81.354796,0.0,1058.711569,54.761651,0.0,3889.2006458,0.0,797.072088,442.86596140999995,292.854818,700.7247899,535.580035,843.532709,0.7479268,286.642821,390.0635121,22.826175,54.761651,0.0,0.0,0.0,351.492091,81.354796,0.0,765.856751,0.0,657.864305,445.579997,0.0,409.831796,10.20799041,0.0,0.0,474.044547
2024-04-22,103.701188,0.0,1063.284416,98.102533,0.0,3888.8321316,0.0,865.065967,449.70167349,294.054943,713.2180188,535.874834,838.623824,0.0448488,275.932914,398.273173,24.751032,98.102533,0.0,0.0,0.0,351.626762,103.701188,0.0,769.229473,0.0,654.559627,513.439205,0.0,404.041641,20.909000489999997,0.0,0.0,472.304892
2024-04-23,96.20487,0.0,1071.282279,54.647326,0.0,3866.0469478,0.0,793.490732,502.55500817,281.797397,696.0715015,549.183278,848.851245,0.0,306.368575,310.1406033,50.201574,54.647326,0.0,0.0,0.0,356.959288,96.20487,0.0,789.484882,0.0,683.419995,436.531444,0.0,427.469429,24.884005170000002,0.0,0.0,472.01175
2024-04-24,80.220192,0.0,1008.582733,70.696677,0.0,3454.8363003,0.0,747.599228,502.65853891,294.0795,728.9322466,489.111945,586.498833,0.112803,310.918571,301.1038597,63.5799,70.696677,0.0,0.0,0.0,337.629776,80.220192,0.0,714.503233,0.0,569.37285,409.969452,0.0,416.402633,22.67600591,0.0,0.0,468.785192
2024-04-25,82.898287,0.0,993.6167700000001,86.955421,0.0,3159.0901397,0.0,781.082165,496.38396015999996,287.891055,717.742722,473.878612,385.429051,2.38452,311.197408,310.0804357,62.720841,86.955421,0.0,0.0,0.0,335.07181,82.898287,0.0,705.725715,0.0,488.619591,446.010355,0.0,414.609115,19.05400416,0.0,0.0,469.7578
2024-04-26,63.949262,0.0,984.988126,87.010381,0.0,3331.1370305,0.0,854.151826,470.55494798,287.000928,581.846341,495.594361,361.682365,340.6857804,286.359437,308.76485410000004,14.983036,87.010381,0.0,0.0,0.0,366.794415,63.949262,0.0,697.987198,0.0,485.497023,487.357411,0.0,421.391905,34.180006979999995,0.0,0.0,470.706869
2024-04-27,65.618827,0.0,1046.736521,48.898559,0.0,3086.0861883,0.0,798.376696,462.6288404,280.769519,622.213413,467.108258,231.380762,331.4506095,269.900641,214.3198218,0.008392,48.898559,0.0,0.0,0.0,366.883527,65.618827,0.0,765.967002,0.0,485.568677,431.493169,0.0,433.83245,28.7879984,0.0,0.0,464.144006
2024-04-28,59.554666,0.0,1040.210524,48.861697,0.0,3110.7875896,0.0,733.574527,460.37242475,280.675287,636.2640223999999,488.759435,229.882986,323.2391766,245.672977,201.29664259999998,0.0,48.861697,0.0,0.0,0.0,366.8279,59.554666,0.0,759.535237,0.0,530.277392,366.746627,0.0,432.34842,28.02400475,0.0,0.0,455.394958
2024-04-29,67.643351,0.0,1051.667791,92.341116,0.0,3109.2910208,0.0,772.832287,525.45434435,293.746294,598.1816251,516.313463,130.11312,325.0110728,297.067604,226.8706639,59.223553,92.341116,0.0,0.0,0.0,366.94834,67.643351,0.0,757.921497,0.0,537.544242,405.883947,0.0,423.492786,42.73800535,0.0,0.0,478.18923
2024-04-30,55.533845,0.0,967.305896,103.69431,0.0,3121.6446605,0.0,765.831743,456.61428571,280.215863,616.3680861,508.334805,134.010148,355.23308660000004,278.884749,223.08439280000002,6.756897,103.69431,0.0,0.0,0.0,366.73203,55.533845,0.0,687.090033,0.0,541.141557,399.099713,0.0,424.147383,25.71000571,0.0,0.0,464.587836
2024-05-01,60.80742,0.0,962.581527,109.35532,0.0,3276.5927707,0.0,735.9209940000001,489.25857842,286.387653,606.5389703999999,526.060775,197.839661,333.7931405,311.922083,284.3990618,11.407027,109.35532,0.0,0.0,0.0,366.039828,60.80742,0.0,676.193874,0.0,543.382898,369.881166,0.0,443.933557,33.91799442,0.0,0.0,472.656181
2024-05-02,54.61968,0.0,1022.170295,109.16449,0.0,3304.6385381,0.0,753.8707890000001,499.28034613999995,305.821906,582.1548143,525.654705,258.827506,315.4910135,266.083661,331.71826930000003,12.097379,109.16449,0.0,0.0,0.0,366.659892,54.61968,0.0,716.348389,0.0,553.69325,387.210897,0.0,449.343963,37.83900414,0.0,0.0,471.015319
2024-05-03,56.262718,0.0,1001.2978989999999,98.304085,0.0,3408.6787022999997,0.0,759.506369,492.6490104,287.975941,571.2908242999999,525.411078,352.982028,341.0769567,298.853641,288.5345903,10.32957,98.304085,0.0,0.0,0.0,366.703117,56.262718,0.0,713.321958,0.0,553.959081,392.803252,0.0,446.685422,35.634018399999995,0.0,0.0,476.570503
2024-05-04,50.646623,0.0,989.0949700000001,65.349714,0.0,3380.515091,0.0,760.22058,493.85351161,276.826075,581.3201932000001,533.047422,338.5282,342.0213903,294.796408,291.7054575,9.039739,65.349714,0.0,0.0,0.0,366.594439,50.646623,0.0,712.268895,0.0,522.924678,393.626141,0.0,445.298766,39.51500661,0.0,0.0,476.171342
2024-05-05,58.163841,0.0,960.8525950000001,65.348342,0.0,3470.87339,0.0,745.1249339999999,494.84378015000004,276.736598,582.7149702,537.459847,423.692507,345.0267402,291.467659,270.5804036,8.519114,65.348342,0.0,0.0,0.0,360.596473,58.163841,0.0,684.115997,0.0,543.339499,384.528461,0.0,446.981664,39.34300215,0.0,0.0,476.591764
2024-05-06,57.34076,0.0,979.7367820000001,87.023274,0.0,3415.2692472000003,0.0,760.499548,492.94322379,288.145478,566.0559976000001,538.703376,361.90418,349.79547160000004,296.589083,277.568276,9.699431,87.023274,0.0,0.0,0.0,345.095768,57.34076,0.0,691.591304,0.0,548.638769,415.40378,0.0,443.910796,39.332996789999996,0.0,0.0,476.014094
2024-05-07,50.454541,0.0,999.373965,65.784244,0.0,3427.0029772999997,0.0,800.6099899999999,488.35120293999995,290.523819,534.6215272,538.099984,395.34739,355.6911189,299.475794,279.56374919999996,11.538914,65.784244,0.0,0.0,0.0,366.640949,50.454541,0.0,708.850146,0.0,547.23582,433.969041,0.0,443.544292,33.26799694,0.0,0.0,476.967594
2024-05-08,42.349929,0.0,1010.0855280000001,66.165323,0.0,3324.1921076,0.0,807.879077,501.16286711000004,290.442244,529.6145872,542.142726,343.007287,359.6311007,289.829512,280.2433627,12.003931,66.165323,0.0,0.0,0.0,366.486958,42.349929,0.0,719.643284,0.0,503.752249,441.392119,0.0,445.591926,43.56701011,0.0,0.0,475.971283
2024-05-09,52.918326,0.0,1012.577753,66.10144,0.0,3306.293514,0.0,821.0974120000001,500.80950401,289.884779,524.8728596,537.8698,360.479647,335.9204121,267.18307,298.1588123,12.178818,66.10144,0.0,0.0,0.0,366.664671,52.918326,0.0,722.692974,0.0,505.137838,454.432741,0.0,450.789682,37.84100401,0.0,0.0,476.671075
2024-05-10,57.954641,0.0,1011.607541,66.094834,0.0,3496.9508459,0.0,804.245586,510.15874816,288.385754,552.3094597999999,537.090817,549.878424,291.10083380000003,281.279449,296.9307313,11.993549,66.094834,0.0,0.0,0.0,366.370145,57.954641,0.0,723.221787,0.0,511.994034,437.875441,0.0,441.759199,56.40600016,0.0,0.0,476.367097
2024-05-11,58.310228,0.0,946.4473310000001,44.06883,0.0,3556.2220898,0.0,777.404771,529.25057634,278.108412,509.5786204,533.753956,613.843115,315.29944989999996,291.242539,290.3281965,10.691892,44.06883,0.0,0.0,0.0,353.790108,58.310228,0.0,668.338919,0.0,525.995074,423.614663,0.0,452.743698,65.81498634,0.0,0.0,476.181139
2024-05-12,61.102132,0.0,822.941243,44.17956,0.0,3521.0764888,0.0,788.197637,530.3478570999999,277.013071,534.8936513,534.023232,559.624623,306.0381002,293.457957,293.4025623,10.488559,44.17956,0.0,0.0,0.0,364.930985,61.102132,0.0,545.928172,0.0,517.536369,423.266652,0.0,452.247287,67.61201109999999,0.0,0.0,482.099994
2024-05-13,58.50088,0.0,1004.050887,66.246001,0.0,3677.8934476,0.0,850.927322,504.10857305,289.518049,523.8096803999999,532.529986,738.16787,310.9167363,291.231311,278.93165589999995,10.596606,66.246001,0.0,0.0,0.0,377.081267,58.50088,0.0,714.532838,0.0,530.278855,473.846055,0.0,438.249955,55.262012049999996,0.0,0.0,472.027353
2024-05-14,56.243488,0.0,1003.633608,66.250092,0.0,3602.0763864,0.0,887.8913299999999,515.86672481,290.086137,482.6720562,534.692007,744.964024,300.876395,291.200862,327.4036862,12.459736,66.250092,0.0,0.0,0.0,377.918958,56.243488,0.0,713.547471,0.0,445.205581,509.972372,0.0,442.670978,60.73601081,0.0,0.0,475.061775
2024-05-15,56.250394,0.0,998.8389460000001,66.091978,0.0,3611.5408333,0.0,834.578354,494.39518647999995,289.604355,483.2028331,536.035938,726.144105,316.7238524,266.366782,330.9355068,12.604339,66.091978,0.0,0.0,0.0,330.12726,56.250394,0.0,709.234591,0.0,478.311255,504.451094,0.0,433.934875,47.85597248,0.0,0.0,473.820561
2024-05-16,54.273283,0.0,1013.149547,55.123115,0.0,3628.329702,0.0,880.9649159999999,493.7404,289.700409,483.01772939999995,533.926616,712.145787,289.72297760000004,267.201028,358.043882,11.021663,55.123115,0.0,0.0,0.0,364.81595,54.273283,0.0,723.449138,0.0,509.728571,516.148966,0.0,441.846742,40.871995,0.0,0.0,474.543111
2024-05-17,57.677286,0.0,1017.265948,44.190016,0.0,3611.7991512999997,0.0,876.4986260000001,492.73926972000004,287.489144,484.0617451,533.915453,674.575151,274.7186431,267.246757,375.3130701,11.3845,44.190016,0.0,0.0,0.0,365.070015,57.677286,0.0,729.776804,0.0,525.143857,511.428611,0.0,443.947787,37.40698272,0.0,0.0,476.824475
2024-05-18,56.049397,0.0,912.751753,33.057331,0.0,3601.6488249999998,0.0,834.531362,512.48429599,277.251738,487.214346,533.897319,689.468004,295.4753715,273.917383,350.4692005,11.699696,33.057331,0.0,0.0,0.0,364.882971,56.049397,0.0,635.500015,0.0,497.347162,469.648391,0.0,444.718594,56.06600599,0.0,0.0,473.860039
2024-05-19,56.508637,0.0,900.934715,33.041822,0.0,3645.9854753,0.0,828.760353,512.75732597,278.278091,491.092308,533.85211,705.448932,335.8092336,268.537059,343.8455277,11.779578,33.041822,0.0,0.0,0.0,365.117712,56.508637,0.0,622.656624,0.0,493.131977,463.642641,0.0,444.902745,56.07500297,0.0,0.0,474.268328
2024-05-20,53.885851,0.0,905.872741,44.130042,0.0,3601.6016312,0.0,871.201491,495.47237777,289.770272,485.51942130000003,533.456988,663.922231,335.8721217,262.041411,333.4077652,12.054734,44.130042,0.0,0.0,0.0,364.939261,53.885851,0.0,616.102469,0.0,512.807346,506.26223,0.0,430.28564,53.132003770000004,0.0,0.0,474.574347
2024-05-21,47.002288,0.0,907.060251,33.091284,0.0,2086.610105648,0.0,904.405444,491.34646615,290.128509,531.6116622,0.0,267.968588,136.1540277,118.242232,0.825936748,12.051008,33.091284,0.0,0.0,0.0,366.600678,47.002288,0.0,616.931742,0.0,574.541278,537.804766,0.0,430.725463,48.56999515,0.0,0.0,457.266381
2024-05-22,52.388046,0.0,948.725333,33.024203,0.0,2962.26528321,0.0,901.9114789999999,498.63443541000004,291.347134,458.9648692,49.752297,533.392285,599.1536791,297.259659,34.39551391,11.463991,33.024203,0.0,0.0,0.0,367.823246,52.388046,0.0,657.378199,0.0,514.940483,534.088233,0.0,427.798453,59.37199141,0.0,0.0,474.406497
2024-05-23,52.389009,0.0,1003.9363069999999,33.085724,0.0,3054.5929578,0.0,930.632616,534.89582684,292.906181,478.6592511,475.526047,214.629193,310.25732669999996,315.271739,290.683426,34.415411,33.085724,0.0,0.0,0.0,366.769605,52.389009,0.0,711.030126,0.0,494.289325,563.863011,0.0,431.978423,68.50199284,0.0,0.0,475.27665
2024-05-24,46.665855,0.0,994.3196070000001,22.102188,0.0,3201.7934991,0.0,939.621541,538.62319499,289.942601,492.9748141,517.174288,317.453939,324.091461,322.533906,257.735109,47.443503,22.102188,0.0,0.0,0.0,366.5842,46.665855,0.0,704.377006,0.0,497.60659,573.037341,0.0,436.410692,54.768999990000005,0.0,0.0,472.223392
2024-05-25,47.252846,0.0,971.7590950000001,0.0,0.0,3097.0227753,0.0,934.8422810000001,505.49432237999997,279.05293,503.9977982,522.536409,189.299993,319.2771788,309.249366,265.3435433,12.245619,0.0,0.0,0.0,0.0,366.432804,47.252846,0.0,692.706165,0.0,512.687565,568.409477,0.0,438.169706,55.078997380000004,0.0,0.0,474.630922
2024-05-26,46.495665,0.0,979.5068979999999,0.0,0.0,3155.6288381,0.0,909.221541,502.45537277000005,279.913081,505.9753573,515.140138,274.007053,313.6063878,310.829816,262.523545,11.670741,0.0,0.0,0.0,0.0,366.599158,46.495665,0.0,699.593817,0.0,499.03353,542.622383,0.0,435.635639,55.14899277000001,0.0,0.0,474.513011
2024-05-27,54.860977,0.0,984.573952,11.110694,0.000175,3300.5887177,0.0,937.287777,538.49621038,295.497022,510.12066810000005,525.693086,399.598221,327.109551,279.492169,279.41986760000003,35.774745,11.110694,0.0,0.0,0.0,366.635691,54.860977,0.0,689.07693,0.0,503.827772,570.652086,0.000175,439.112496,63.608969380000005,0.0,0.0,475.327383
2024-05-28,67.997708,0.0,992.857141,11.0711,0.0,3163.3982687,0.0,943.688773,535.4728292799999,294.451175,499.71092039999996,465.530364,301.813838,323.8541521,295.86646,282.6464822,44.442619,11.0711,0.0,0.0,0.0,366.610557,67.997708,0.0,698.405966,0.0,518.046652,577.078216,0.0,435.178203,55.85200728,0.0,0.0,475.9294
2024-05-29,60.749316,0.0,991.652353,11.097698,0.0,3020.2457388000003,0.0,913.775523,568.6243803,295.516091,484.1855041,506.82126,232.952087,335.6450509,305.052178,265.5306218,61.184623,11.097698,0.0,0.0,0.0,358.32259,60.749316,0.0,696.136262,0.0,416.72669,555.452933,0.0,433.045776,74.3939813,0.0,0.0,473.332347
2024-05-30,49.900613,0.0,979.810852,11.0858,0.0,3284.8479385,0.0,918.484015,599.13917173,295.500902,568.6700188,525.625704,565.830801,216.3067351,244.946645,171.0150526,73.50917,11.0858,0.0,0.0,0.0,366.590979,49.900613,0.0,684.30995,0.0,511.726768,551.893036,0.0,440.842998,84.78700373000001,0.0,0.0,480.726214
2024-05-31,49.320003,0.0,971.785576,11.069876,0.0,3350.0495293,0.0,921.083475,592.90255165,288.486917,520.5506892,503.25852,514.255489,279.4914882,299.247011,288.6477629,82.776697,11.069876,0.0,0.0,0.0,366.600926,49.320003,0.0,683.298659,0.0,469.083062,554.482549,0.0,447.83982,62.28603465,0.0,0.0,475.515507
2024-06-01,42.231102,0.0,937.150473,0.0,0.0,3382.0408329,0.0,815.737716,571.2544494800001,287.006842,544.3001982000001,530.833006,485.852926,316.289936,259.527083,288.0774177,27.034659,0.0,0.0,0.0,0.0,366.846925,42.231102,0.0,650.143631,0.0,480.542955,448.890791,0.0,477.441794,66.77799648,0.0,0.0,476.617311
2024-06-02,50.756071,0.0,949.2210749999999,0.0,0.0,3168.9349267999996,0.0,833.0761749999999,571.07774764,287.968087,589.1174496,459.280062,240.925835,325.1022,259.174719,243.1683382,27.978389,0.0,0.0,0.0,0.0,366.549667,50.756071,0.0,661.252988,0.0,579.82579,466.526508,0.0,475.980369,67.11898964,0.0,0.0,472.340533
2024-06-03,31.281114,0.0,953.4657850000001,33.253564,0.0,3059.8374201,0.0,870.342904,584.35747946,296.203323,579.443645,458.104023,52.248008,316.273386,264.554906,178.4049731,52.080186,33.253564,0.0,0.0,0.0,366.13608,31.281114,0.0,657.262462,0.0,737.929601,504.206824,0.0,467.523309,64.75398446,0.0,0.0,472.878878
2024-06-04,20.878509,0.0,938.2081459999999,55.380478,0.0,3047.6795844,0.0,386.720288,533.68382915,283.824374,588.02228,492.376006,53.232069,322.636141,309.535515,196.12603140000002,50.99394,55.380478,0.0,0.0,0.0,365.900422,20.878509,0.0,654.383772,0.0,614.321842,20.819866,0.0,451.050907,31.638982149999997,0.0,0.0,471.4297
2024-06-05,26.268498,0.0,946.191547,55.102389,0.0,3205.3569203,0.0,366.746613,488.80525489,298.226502,544.4287102000001,520.244952,52.899674,378.682832,306.577885,223.2800291,15.146346,55.102389,0.0,0.0,0.0,366.746613,26.268498,0.0,647.965045,0.0,707.699005,0.0,0.0,452.273911,21.38499789,0.0,0.0,471.543833
2024-06-06,25.609234,0.0,930.126602,55.022883,0.0,3180.7466982,0.0,366.634959,503.30403907,282.226609,581.5853165,529.386581,74.73545,389.683642,312.424345,215.3513577,16.537214,55.022883,0.0,0.0,0.0,366.634959,25.609234,0.0,647.899993,0.0,604.282706,0.0,0.0,459.849834,26.91699107,0.0,0.0,473.2973
2024-06-07,24.317879,0.0,939.056879,55.080903,0.0,3477.7193865,0.0,366.811115,516.93281487,295.909106,566.1405016,533.373875,451.201321,353.955572,296.365529,262.6416279,22.639164,55.080903,0.0,0.0,0.0,366.811115,24.317879,0.0,643.147773,0.0,535.578224,0.0,0.0,465.259647,29.03400387,0.0,0.0,478.462736
2024-06-08,25.642644,0.0,932.381614,11.059802,0.0,3595.4781452999996,0.0,367.234995,544.3422324200001,286.931774,578.6745172999999,532.297689,623.367179,357.828576,302.99913,242.494069,18.736779,11.059802,0.0,0.0,0.0,367.234995,25.642644,0.0,645.44984,0.0,481.574332,0.0,0.0,461.905479,63.699974420000004,0.0,0.0,476.242653
2024-06-09,24.705106,0.0,947.898723,11.026458,0.0,3664.9664015,0.0,512.963936,552.79325482,287.237513,594.7399424,530.72763,717.539361,342.284777,308.816507,178.4904971,20.617385,11.026458,0.0,0.0,0.0,367.06315,24.705106,0.0,660.66121,0.0,516.279437,145.900786,0.0,459.783871,72.39199882,0.0,0.0,476.08825
2024-06-10,21.497412,0.0,935.696459,22.182326,0.0,3707.7556614980003,0.0,555.408693,571.87992733,296.546063,606.6823902000001,526.824865,730.226294,545.438978,306.70041,0.062047298,53.09845,22.182326,0.0,0.0,0.0,366.982263,21.497412,0.0,639.150396,0.0,517.091638,188.42643,0.0,443.950461,74.83101633,0.0,0.0,474.729039
2024-06-11,25.318714,0.0,933.393806,43.902333,0.0,3774.7631421,0.0,844.354965,595.30079831,296.603175,610.7639521,527.497727,733.638102,544.891177,309.261704,0.0,54.259709,43.902333,0.0,0.0,0.0,366.853357,25.318714,0.0,636.790631,0.0,573.511399,477.501608,0.0,464.243083,76.79800631,0.0,0.0,475.199081
2024-06-12,25.741615,0.0,932.747923,32.928044,0.0,3792.4404523,0.0,895.8760849999999,551.6849826,295.908467,605.2224933,527.337677,752.112987,579.899376,301.891004,0.0,18.723859,32.928044,0.0,0.0,0.0,367.086124,25.741615,0.0,636.839456,0.0,549.136393,528.789961,0.0,456.369103,76.5920206,0.0,0.0,476.840522
2024-06-13,24.988884,0.0,944.795521,0.0,0.0,3682.8176765000003,0.0,900.167394,563.51772243,295.055507,589.1068565,529.559425,670.382699,570.17285,315.74776,0.0,21.256117,0.0,0.0,0.0,0.0,366.97537,24.988884,0.0,649.740014,0.0,529.868144,533.192024,0.0,461.563624,80.69798143000001,0.0,0.0,477.979942
2024-06-14,28.848363,0.0,947.686027,0.0,0.0,3709.1026147000002,0.0,908.913417,557.23874106,294.347456,605.1257037,530.324162,670.480203,550.309845,318.111499,0.0,21.069672,0.0,0.0,0.0,0.0,366.955601,28.848363,0.0,653.338571,0.0,557.378733,541.957816,0.0,460.381054,75.78801506,0.0,0.0,477.372469
2024-06-15,29.15782,0.0,951.981679,0.0,0.0,3785.5091752999997,0.0,867.081467,566.39059711,284.085871,603.2918742999999,539.069232,698.317744,588.628885,317.516852,0.0,15.688292,0.0,0.0,0.0,0.0,366.878145,29.15782,0.0,667.895808,0.0,561.196696,500.203322,0.0,465.79431,84.90799511,0.0,0.0,477.487892
2024-06-16,31.358448,0.0,953.2029910000001,0.0,0.0,3746.8086872,0.0,869.093068,559.59134562,284.895015,634.3424992,554.899068,644.055631,575.668545,321.802921,0.0,15.102833,0.0,0.0,0.0,0.0,366.81336,31.358448,0.0,668.307976,0.0,538.49464,502.279708,0.0,459.545513,84.94299962000001,0.0,0.0,477.545383
2024-06-17,31.317463,0.0,964.852748,0.0,0.0,3747.5126872,0.0,900.0638910000001,550.25185551,294.499628,633.3587282000001,555.841654,644.282043,562.796228,312.069988,0.0,15.645435,0.0,0.0,0.0,0.0,366.74745,31.317463,0.0,670.35312,0.0,561.778429,533.316441,0.0,451.03844,83.56798051000001,0.0,0.0,477.385617
2024-06-18,28.154683,0.0,955.40811,0.0,0.0,3577.3776921,0.0,878.311858,552.50767251,312.033915,564.6741631,551.913082,539.709116,582.565281,300.173113,0.0,18.370723,0.0,0.0,0.0,0.0,366.623945,28.154683,0.0,643.374195,0.0,560.936756,511.687913,0.0,458.91694,75.22000951000001,0.0,0.0,477.406181
2024-06-19,31.112826,0.0,914.515183,22.029113,0.0,3659.2565566000003,0.0,869.945384,606.1752655500001,292.112108,578.9418506000001,554.762452,637.480492,544.124765,301.951759,0.0,63.648473,22.029113,0.0,0.0,0.0,366.878282,31.112826,0.0,622.403075,0.0,564.308081,503.067102,0.0,460.825807,81.70098555,0.0,0.0,477.687157
2024-06-20,30.057789,0.0,894.849704,33.068145,0.0,3686.6969021,0.0,897.1174110000001,615.1847020499999,293.492486,581.1372651,551.281819,648.352446,563.588321,303.86343,0.0,66.335216,33.068145,0.0,0.0,0.0,366.887462,30.057789,0.0,601.357218,0.0,562.498106,530.229949,0.0,463.351479,85.49800705,0.0,0.0,475.975515
2024-06-21,37.337668,0.0,905.998749,22.113658,0.0,3588.2636684,0.0,896.248172,579.7742594,293.245396,617.1323083999999,536.807329,581.465556,520.402993,305.2332,0.0,24.400603,22.113658,0.0,0.0,0.0,366.779986,37.337668,0.0,612.753353,0.0,550.58104,529.468186,0.0,470.190664,85.1829924,0.0,0.0,476.641242
2024-06-22,35.224579,0.0,910.433847,10.982106,0.0,3592.9952619,0.0,911.8025640000001,560.3812854,284.189921,552.7896109,548.63065,562.833295,336.537721,284.322869,271.248461,16.205654,10.982106,0.0,0.0,0.0,366.852603,35.224579,0.0,626.243926,0.0,560.462653,544.949961,0.0,466.729622,77.44600940000001,0.0,0.0,476.170002
2024-06-23,36.180577,0.0,924.551804,11.036156,0.0,3575.6343874000004,0.0,894.9286239999999,565.04888622,284.712655,588.4036199,552.198648,530.826217,358.023958,284.401175,222.4661755,16.874191,11.036156,0.0,0.0,0.0,365.994624,36.180577,0.0,639.839149,0.0,562.727241,528.934,0.0,467.5487,80.62599522,0.0,0.0,476.587353
2024-06-24,36.903446,0.0,934.707408,32.945,0.0,3615.1077127999997,0.0,925.888748,559.35811251,296.275197,622.7304408,552.68567,541.06728,365.757946,288.556892,229.328097,18.582498,32.945,0.0,0.0,0.0,365.912462,36.903446,0.0,638.432211,0.0,538.562612,559.976286,0.0,461.280662,79.49495251,0.0,0.0,476.418775
2024-06-25,31.091152,0.0,921.160611,43.887001,0.0,3756.6706197000003,0.0,922.290728,597.11265941,284.043771,629.0406906000001,554.27206,654.051056,359.486367,289.587709,226.0850441,46.244656,43.887001,0.0,0.0,0.0,362.59734,31.091152,0.0,637.11684,0.0,567.725518,559.693388,0.0,463.895007,86.97299641,0.0,0.0,476.422175
2024-06-26,35.796124,0.0,923.5441979999999,32.901425,0.0,3772.1665183,0.0,890.245431,624.70462512,296.576914,607.578044,553.715742,701.995893,363.998513,265.48974,234.7715823,79.649814,32.901425,0.0,0.0,0.0,358.628634,35.796124,0.0,626.967284,0.0,568.476382,531.616797,0.0,454.411813,90.64299812,0.0,0.0,476.140622
2024-06-27,28.023534,0.0,915.698051,32.874508,0.0,3737.102758,0.0,879.608976,573.8944258199999,296.05664,597.8758685,528.129524,664.837299,353.418321,256.331281,262.9806965,43.897904,32.874508,0.0,0.0,0.0,366.863918,28.023534,0.0,619.641411,0.0,596.704896,512.745058,0.0,448.348531,81.64799081999999,0.0,0.0,476.824872
2024-06-28,30.818893,0.0,898.498196,32.852713,0.0,3887.3773229,0.0,882.654986,598.06792733,296.474402,567.7018422000001,544.393742,635.639863,327.194237,265.464055,257.7528097,59.087318,32.852713,0.0,0.0,0.0,366.617712,30.818893,0.0,602.023794,0.0,821.387307,516.037274,0.0,452.996599,85.98401033,0.0,0.0,467.843467
2024-06-29,63.28209,0.0,951.357172,10.931687,0.0,3907.7665131999997,0.0,853.36655,593.1296296400001,344.179412,557.2213753,550.647933,577.732865,342.186886,270.21462,275.65639489999995,45.609096,10.931687,0.0,0.0,0.0,366.775406,63.28209,0.0,607.17776,0.0,855.6597,486.591144,0.0,455.590524,91.93000964,0.0,0.0,478.446739
2024-06-30,51.482616,0.0,914.6408190000001,10.925039,0.0,3808.2965653,0.0,836.875545,592.32128462,286.383725,507.8222002,540.620272,571.801187,368.657158,278.041752,267.4628261,45.365049,10.925039,0.0,0.0,0.0,366.794146,51.482616,0.0,628.257094,0.0,797.33397,470.081399,0.0,454.774242,92.18199362,0.0,0.0,476.5572
2024-07-01,66.317594,0.0,850.6372859999999,21.97428,0.0,3718.9726164000003,0.0,875.1400530000001,511.39432590999996,347.343912,491.047754,534.693666,566.909178,303.353473,267.567511,344.70294839999997,23.418912,21.97428,0.0,0.0,0.0,366.967801,66.317594,0.0,503.293374,0.0,731.315997,508.172252,0.0,427.207426,60.767987909999995,0.0,0.0,479.382089
2024-07-02,67.876046,0.0,834.649532,22.006468,0.0,3658.8104831,0.0,878.5050180000001,496.74485306,304.879138,491.9788382,543.208666,575.931918,356.538958,261.493086,316.5590079,12.044643,22.006468,0.0,0.0,0.0,366.898346,67.876046,0.0,529.770394,0.0,632.648073,511.606672,0.0,431.255227,53.444983060000006,0.0,0.0,480.451936
2024-07-03,64.955501,0.0,794.770733,38.443839,0.0,3669.3724147000003,0.0,879.1959729999999,510.32593829000007,293.758454,508.2821331,536.06252,634.916099,304.625639,267.627032,289.4106876,17.980452,38.443839,0.0,0.0,0.0,366.764487,64.955501,0.0,501.012279,0.0,647.179437,512.431486,0.0,429.692488,62.65299829,0.0,0.0,481.268867
2024-07-04,65.286518,0.0,787.371044,38.397446,0.0,3569.1841803999996,0.0,891.211736,522.80283118,293.737517,505.2418019,531.37365,621.445537,359.753271,267.617393,263.1986755,21.944366,38.397446,0.0,0.0,0.0,367.449153,65.286518,0.0,493.633527,0.0,537.881899,523.762583,0.0,432.21245,68.64601518,0.0,0.0,482.671953
2024-07-05,70.355455,0.0,795.036174,33.146939,0.0,3598.7567335,0.0,890.8821360000001,510.78981387,293.188096,481.43702460000003,538.903684,609.815756,349.493347,267.542733,283.48361389999997,11.123177,33.146939,0.0,0.0,0.0,366.863648,70.355455,0.0,501.848078,0.0,585.371669,524.018488,0.0,434.332641,65.33399587,0.0,0.0,482.708906
2024-07-06,69.222114,0.0,752.797817,11.111556,0.0,3661.0027863,0.0,846.884119,508.53840903,280.01169,481.97226919999997,548.402225,771.701095,316.78997,267.570048,311.6727781,11.285091,11.111556,0.0,0.0,0.0,366.903953,69.222114,0.0,472.786127,0.0,482.105701,479.980166,0.0,434.411315,62.84200303,0.0,0.0,480.7887
2024-07-07,70.536794,0.0,753.655931,10.969879,0.0,3695.1862097000003,0.0,844.646892,515.7892724300001,280.143941,484.19922230000003,543.121344,808.244679,332.148317,273.176049,322.6099564,11.69537,10.969879,0.0,0.0,0.0,366.922981,70.536794,0.0,473.51199,0.0,450.518364,477.723911,0.0,441.268879,62.82502343,0.0,0.0,481.168278
2024-07-08,64.153622,0.0,926.021761,22.006579,0.049461,3687.3878876,0.0,866.4210029999999,505.90515108,292.575483,474.227214,545.093102,806.335939,333.534749,268.216841,334.5637886,11.130989,22.006579,0.0,0.0,0.0,366.936259,64.153622,0.0,633.446278,0.0,448.709376,499.484744,0.049461,431.550162,63.224000079999996,0.0,0.0,476.706878
2024-07-09,62.442184,0.0,935.127408,22.003023,0.097165,3632.0585606,0.0,885.6089830000001,505.72382471000003,277.097627,462.8977353,538.782855,792.908666,322.10234,268.107178,346.2200883,10.865336,22.003023,0.0,0.0,0.0,367.030475,62.442184,0.0,658.029781,0.0,422.213917,518.578508,0.097165,431.451479,63.407009710000004,0.0,0.0,478.825781
2024-07-10,68.962727,0.0,943.2767269999999,21.990339,0.0,3618.3591893,0.0,874.0856530000001,535.6251301799999,275.68919,464.5082413,545.825226,755.849936,340.034345,268.024684,343.140309,15.774207,21.990339,0.0,0.0,0.0,367.077237,68.962727,0.0,667.587537,0.0,423.090326,507.008416,0.0,440.639959,79.21096418,0.0,0.0,477.886122
2024-07-11,58.504827,0.0,938.469883,43.9509,0.0,3645.1254421,0.0,865.796371,537.12308021,275.701705,446.4677592,545.959879,807.52746,328.366954,267.363602,356.36836889999995,22.335701,43.9509,0.0,0.0,0.0,367.224147,58.504827,0.0,662.768178,0.0,415.761541,498.572224,0.0,432.839352,81.94802720999999,0.0,0.0,477.309878
2024-07-12,60.561642,0.0,934.605998,22.004546,0.0,3672.7084025,0.0,869.0472950000001,549.04233199,276.408692,439.741546,541.316874,798.124806,324.741775,267.463732,359.2356825,32.303356,22.004546,0.0,0.0,0.0,366.863273,60.561642,0.0,658.197306,0.0,465.735393,502.184022,0.0,427.992959,88.74601699,0.0,0.0,476.348594
2024-07-13,53.168367,0.0,736.0752,11.040176,0.0,3576.1531488,0.0,862.816341,543.5600653,231.477012,455.25975669999997,545.403534,681.205379,353.723384,261.623147,330.3566331,36.714335,11.040176,0.0,0.0,0.0,366.849197,53.168367,0.0,504.598188,0.0,470.966721,495.967144,0.0,423.964726,82.8810043,0.0,0.0,477.614594
2024-07-14,57.572727,0.0,731.777554,11.012867,0.0,3752.6977729,0.0,852.802566,546.93808825,231.222943,454.49061919999997,551.604965,850.892446,344.469079,261.556409,325.4243487,35.835618,11.012867,0.0,0.0,0.0,367.092653,57.572727,0.0,500.554611,0.0,486.943423,485.709913,0.0,428.771473,82.33099725,0.0,0.0,477.316483
2024-07-15,70.035406,0.0,914.247566,22.051598,0.0,3710.4871789,0.0,877.963901,529.5649339,277.06758,503.8320898,546.050665,775.530965,354.561648,261.489136,315.3618751,26.140444,22.051598,0.0,0.0,0.0,366.956979,70.035406,0.0,637.179986,0.0,475.114744,511.006922,0.0,430.894486,72.53000390000001,0.0,0.0,478.546056
2024-07-16,59.710723,0.0,924.240515,66.124867,0.0,3725.3388115,0.0,880.384156,513.93772728,277.990049,501.1758959,545.785072,774.099832,355.280551,267.576134,312.1645336,25.289636,66.124867,0.0,0.0,0.0,367.023059,59.710723,0.0,646.250466,0.0,490.596615,513.361097,0.0,427.251069,61.39702228,0.0,0.0,478.660178
2024-07-17,67.041189,0.0,938.046182,22.089248,0.0,3721.6778128,0.0,875.182368,545.68114533,279.555744,493.7239695,547.803139,769.937987,351.112341,267.652487,318.03383130000003,53.295385,22.089248,0.0,0.0,0.0,366.876985,67.041189,0.0,658.490438,0.0,494.713955,508.305383,0.0,416.528771,75.85698933,0.0,0.0,478.700103
2024-07-18,61.297032,0.0,926.4374,22.20211,0.0,3687.1961861,0.0,877.3488480000001,504.80923631,280.375368,471.9381052,449.815963,818.599643,345.208612,267.467999,334.12212389999996,20.488364,22.20211,0.0,0.0,0.0,366.707354,61.297032,0.0,646.062032,0.0,521.928984,510.641494,0.0,427.483857,56.837015310000005,0.0,0.0,478.114756
2024-07-19,67.229806,0.0,926.379604,22.414467,0.0,3695.2934751,0.0,881.64421,561.38392445,279.641742,477.6774468,546.066965,748.266352,351.196322,267.572656,322.6211063,47.654592,22.414467,0.0,0.0,0.0,366.954383,67.229806,0.0,646.737862,0.0,502.820563,514.689827,0.0,426.585335,87.14399745,0.0,0.0,479.072064
2024-07-20,64.741552,0.0,726.121693,5.563744,0.0,3632.5226821,0.0,883.1644160000001,560.71789239,244.349737,471.3615598,544.893658,693.282431,327.915828,270.56332,343.82523530000003,47.289206,5.563744,0.0,0.0,0.0,366.694511,64.741552,0.0,481.771956,0.0,502.318031,516.469905,0.0,427.895687,85.53299939,0.0,0.0,478.362619
2024-07-21,58.876994,0.0,716.500279,22.357361,0.0,3631.7282864,0.0,874.781881,552.39547032,245.713247,468.8202884,534.87169,725.392022,319.591107,270.598455,348.338188,42.320488,22.357361,0.0,0.0,0.0,366.933537,58.876994,0.0,470.787032,0.0,487.860317,507.848344,0.0,425.267992,84.80699032,0.0,0.0,476.256219
2024-07-22,68.220847,0.0,942.34474,16.643049,0.0,3559.4119924,0.0,897.420642,536.70558794,301.654759,480.4269128,356.026952,788.443216,331.970404,267.553432,333.57262660000004,40.738439,16.643049,0.0,0.0,0.0,377.770592,68.220847,0.0,640.689981,0.0,523.829474,519.65005,0.0,411.727159,84.23998994,0.0,0.0,477.588975
2024-07-23,62.504168,0.0,966.072833,22.184083,0.0,3552.0075181,0.0,903.951557,542.2295914599999,289.706749,441.5017739,349.407752,832.991758,319.455641,267.508937,358.6461662,42.433551,22.184083,0.0,0.0,0.0,378.373255,62.504168,0.0,676.366084,0.0,505.018762,525.578302,0.0,425.638043,74.15799745999999,0.0,0.0,477.476728
2024-07-24,62.904834,0.0,1023.418016,22.179763,0.0,3631.2792713,0.0,904.460554,571.60057177,345.322176,437.973939,329.860214,843.120529,324.581838,266.553126,356.5226653,47.463517,22.179763,0.0,0.0,0.0,377.895035,62.904834,0.0,678.09584,0.0,595.12496,526.565519,0.0,433.183056,90.95399877,0.0,0.0,477.542
2024-07-25,68.621774,0.0,983.076452,16.497608,0.0,3633.8323757,0.0,900.2316559999999,574.2677582,293.419594,437.97940339999997,305.762641,843.999847,321.839282,264.02558,359.0501593,45.391732,16.497608,0.0,0.0,0.0,377.780409,68.621774,0.0,689.656858,0.0,624.63263,522.451247,0.0,439.634031,89.2419952,0.0,0.0,476.542833
2024-07-26,68.558729,0.0,963.246766,16.524172,0.0,3723.0592849,0.0,901.961912,576.5907706200001,292.870338,455.645511,415.814825,844.740255,334.36524,263.708357,368.3080379,49.058303,16.524172,0.0,0.0,0.0,377.944846,68.558729,0.0,670.376428,0.0,563.103228,524.017066,0.0,432.544467,94.98800062000001,0.0,0.0,477.373831
2024-07-27,71.541497,0.0,761.287094,11.016212,0.0,3779.3198945,0.0,838.109044,541.56985298,247.48257,498.4313603,463.487921,829.563465,353.606617,266.228267,343.8278742,30.782069,11.016212,0.0,0.0,0.0,377.7412,71.541497,0.0,513.804524,0.0,546.649482,460.367844,0.0,435.342808,75.44497598000001,0.0,0.0,477.524908
2024-07-28,69.434145,0.0,755.908975,11.028745,0.0,3777.4988503,0.0,836.449218,538.9377707499999,245.225645,494.41139239999995,458.035935,851.037721,353.438856,266.197541,336.9688559,31.305193,11.028745,0.0,0.0,0.0,377.930688,69.434145,0.0,510.68333,0.0,540.060505,458.51853,0.0,432.230576,75.40200175,0.0,0.0,477.348044
2024-07-29,37.676211,0.0,934.275773,22.027031,0.0,3740.6731108,0.0,878.377954,577.27567952,286.164316,508.2500085,448.842811,848.328003,350.95405,266.384065,327.7080343,55.406955,22.027031,0.0,0.0,0.0,378.16716,37.676211,0.0,648.111457,0.0,512.560145,500.210794,0.0,428.092729,93.77599552,0.0,0.0,477.645994
2024-07-30,21.074093,0.0,945.59669,22.04525,0.0,3753.8925389,0.0,880.0335680000001,535.24367638,290.068345,501.0700178,396.138666,854.839957,339.801851,257.506889,363.49303910000003,30.922532,22.04525,0.0,0.0,0.0,378.125582,21.074093,0.0,655.528345,0.0,563.901804,501.907986,0.0,423.329127,80.99201738,0.0,0.0,477.140315
2024-07-31,18.521222,0.0,1015.546733,22.01244,0.0,3784.8806114999998,0.0,906.456383,519.19204527,366.03575,502.23952360000004,433.10272,845.865726,356.708997,260.135498,342.8997799,12.112385,22.01244,0.0,0.0,0.0,380.587956,18.521222,0.0,649.510983,0.0,566.1596,525.868427,0.0,444.720663,62.35899727,0.0,0.0,477.768767
2024-08-01,22.078494,0.0,956.506972,44.100953,0.0,3751.9581918,0.0,886.714065,487.84320817,358.1482,518.7220935,448.803162,837.416385,338.306198,260.488555,344.8543293,7.885376,44.100953,0.0,0.0,0.0,367.24131,22.078494,0.0,598.358772,0.0,521.579222,519.472755,0.0,432.781852,47.17598017,0.0,0.0,481.788247
2024-08-02,18.610318,0.0,904.136133,22.111861,0.0,3776.2631516,0.0,890.5932939999999,492.81461822,301.279405,611.9431397000001,449.087646,830.484099,358.571964,255.249941,345.6409369,7.289229,22.111861,0.0,0.0,0.0,367.2684,18.610318,0.0,602.856728,0.0,443.932833,523.324894,0.0,429.447378,56.07801122,0.0,0.0,481.352592
2024-08-03,22.688884,0.0,642.476983,22.159946,0.0,3890.3912655,0.0,840.799639,497.27419756999996,192.981008,705.8039891,449.841208,845.757411,382.242874,261.61969,268.11772840000003,6.421659,22.159946,0.0,0.0,0.0,367.025473,22.688884,0.0,449.495975,0.0,504.325346,473.774166,0.0,435.688538,55.16400057,0.0,0.0,472.683019
2024-08-04,23.92399,0.0,666.237173,22.044417,0.0,3974.6167396,0.0,841.5104739999999,493.84757729,198.629662,653.868452,450.094082,853.854478,370.981454,252.256396,338.57746760000003,6.135739,22.044417,0.0,0.0,0.0,367.040216,23.92399,0.0,467.607511,0.0,578.372502,474.470258,0.0,432.355827,55.35601129,0.0,0.0,476.611908
2024-08-05,24.682273,0.0,940.2719050000001,44.123505,0.0,3930.8415762,0.0,602.844635,487.80588762,304.511746,662.2360322000001,448.792362,817.993963,390.12762,149.087167,365.971431,1.118536,44.123505,0.0,0.0,0.0,125.80603,24.682273,0.0,635.760159,0.0,617.330057,477.038605,0.0,431.379348,55.308003619999994,0.0,0.0,479.302944
2024-08-06,21.405244,0.0,775.1128510000001,43.850432,0.0,3932.2216919,0.0,476.577816,508.96656715999995,284.206293,643.7819632000001,527.546195,846.948967,371.559446,164.281966,353.8577337,36.012934,43.850432,0.0,0.0,0.0,0.0,21.405244,0.0,490.906558,0.0,545.013565,476.577816,0.0,417.501648,55.45198516,0.0,0.0,479.231856
2024-08-07,21.065944,0.0,923.853268,33.183622,0.0,3916.8535515,0.0,470.528797,514.95696356,285.707447,640.8318827999999,535.072336,856.821163,367.872461,154.349699,374.9265707,56.710179,33.183622,0.0,0.0,0.0,0.0,21.065944,0.0,638.145821,0.0,510.563597,470.528797,0.0,386.110797,72.13598756,0.0,0.0,476.415842
2024-08-08,21.133379,0.0,918.1429089999999,33.053166,0.0,3893.1370547,0.0,475.801633,463.22194813,283.696074,645.2709522,536.422039,854.896381,357.183275,143.783815,373.7731405,36.277337,33.053166,0.0,0.0,0.0,0.0,21.133379,0.0,634.446835,0.0,504.573869,475.801633,0.0,371.440625,55.50398613,0.0,0.0,477.233583
2024-08-09,21.378675,0.0,921.8310779999999,22.013426,0.0,3813.9519876,0.0,471.631983,470.06215169,289.32651,633.9623502000001,535.698906,845.479776,380.331728,230.491729,253.1114354,39.406366,22.013426,0.0,0.0,0.0,0.0,21.378675,0.0,632.504568,0.0,458.754694,471.631983,0.0,379.978788,50.67699769,0.0,0.0,476.121369
2024-08-10,15.937552,0.0,925.387079,11.128044,0.0,3624.8573259,0.0,475.785511,461.68164808,286.595824,576.6114015,533.808893,698.077735,380.334575,285.753034,242.5817584,24.939183,11.128044,0.0,0.0,0.0,0.0,15.937552,0.0,638.791255,0.0,431.588112,475.785511,0.0,391.376474,45.36599108,0.0,0.0,476.101817
2024-08-11,20.943849,0.0,876.4835499999999,11.104158,0.0,3667.7896975,0.0,463.947955,459.03243008,261.475028,563.8098305,533.699287,767.221387,377.002202,277.849227,244.592155,21.697809,11.104158,0.0,0.0,0.0,0.0,20.943849,0.0,615.008522,0.0,429.908648,463.947955,0.0,391.930611,45.40401008,0.0,0.0,473.706961
2024-08-12,20.238853,0.0,918.366966,22.036654,0.0,3649.9595475,0.0,758.090254,480.97217598000003,294.690457,581.6743657000001,534.14942,757.448039,384.49521,258.566901,244.66550180000002,39.043936,22.036654,0.0,0.0,0.0,286.78196,20.238853,0.0,623.676509,0.0,410.503842,471.308294,0.0,384.836248,57.091991979999996,0.0,0.0,478.456268
2024-08-13,22.62015,0.0,908.103102,22.007377,0.0,3673.0790768999996,0.0,797.886939,473.83761018999996,293.749701,584.3973317,537.926872,746.876596,356.566405,282.520629,237.6718722,19.425979,22.007377,0.0,0.0,0.0,321.546145,22.62015,0.0,614.353401,0.0,448.49961,476.340794,0.0,425.426632,28.98499919,0.0,0.0,478.619761
2024-08-14,24.72248,0.0,883.88736,22.006853,0.0,3683.496034,0.0,815.048397,485.46654379999995,275.003519,544.0539878999999,550.704455,760.305674,384.073488,289.979282,232.86278009999998,33.857715,22.006853,0.0,0.0,0.0,332.977386,24.72248,0.0,608.883841,0.0,442.030073,482.071011,0.0,414.535831,37.072997799999996,0.0,0.0,479.486294
2024-08-15,21.280115,0.0,756.647425,33.076384,0.0,3665.3161071,0.0,819.57889,486.22317493,285.91964,501.12561469999997,553.297612,795.828055,353.629843,288.005308,264.6287784,26.947966,33.076384,0.0,0.0,0.0,332.64296,21.280115,0.0,470.727785,0.0,429.132449,486.93593,0.0,417.770215,41.50499393,0.0,0.0,479.668447
2024-08-16,21.086837,0.0,749.798589,55.357981,0.0,3665.4466937,0.0,840.037703,461.79694714,291.56976,553.3490296,556.118303,765.12161,378.057948,286.911662,237.1760371,17.595772,55.357981,0.0,0.0,0.0,355.432287,21.086837,0.0,458.228829,0.0,410.510787,484.605416,0.0,412.261171,31.94000414,0.0,0.0,478.201317
2024-08-17,20.975315,0.0,732.0279049999999,11.028916,0.0,3565.3076155,0.0,845.775678,458.13849731000005,279.122462,598.1864126,558.974529,650.344314,385.08023,280.872145,242.2028599,7.015259,11.028916,0.0,0.0,0.0,349.531884,20.975315,0.0,452.905443,0.0,371.428747,496.243794,0.0,419.414233,31.70900531,0.0,0.0,478.218378
2024-08-18,24.126058,0.0,651.70574,11.028975,0.0,3557.7007001,0.0,842.4711279999999,450.64694618,180.607217,603.5292297000001,559.96263,663.596725,384.454138,292.539447,231.8917644,6.594591,11.028975,0.0,0.0,0.0,349.618995,24.126058,0.0,471.098523,0.0,343.731822,492.852133,0.0,412.378354,31.67400118,0.0,0.0,477.994944
2024-08-19,21.021224,0.0,951.8625689999999,22.044068,0.0,3511.8417624000003,0.0,842.576766,442.98450885,306.318284,603.3611687,562.699934,596.665487,328.438307,257.893452,332.5146557,0.808571,22.044068,0.0,0.0,0.0,349.032416,21.021224,0.0,645.544285,0.0,348.822666,493.54435,0.0,410.633931,31.54200685,0.0,0.0,481.446092
2024-08-20,21.032835,0.0,969.3390770000001,11.033063,0.0,3550.4696084,0.0,840.485951,454.96461999,298.617719,593.3904222000001,564.545961,656.603732,325.568209,294.813624,280.92409219999996,9.653721,11.033063,0.0,0.0,0.0,332.63144,21.032835,0.0,670.721358,0.0,349.708071,507.854511,0.0,413.901898,31.40900099,0.0,0.0,484.915497
2024-08-21,23.514162,0.0,969.543502,27.62039,0.0,3554.4149006000002,0.0,826.202445,475.86345172000006,298.484569,593.9916465,561.10873,647.00893,338.187107,293.241351,285.05542510000004,26.109841,27.62039,0.0,0.0,0.0,317.910759,23.514162,0.0,671.058933,0.0,354.126394,508.291686,0.0,409.332598,40.42101272,0.0,0.0,481.695317
2024-08-22,31.550554,0.0,814.094272,27.621361,0.0,3535.8206894,0.0,826.120629,504.44927534,301.934071,595.213512,562.378775,623.369556,329.634037,295.281101,290.1445354,37.521802,27.621361,0.0,0.0,0.0,335.129957,31.550554,0.0,512.160201,0.0,362.189873,490.990672,0.0,411.097467,55.830006340000004,0.0,0.0,477.6093
2024-08-23,67.347988,0.0,762.413321,27.637508,0.0,3471.3693095999997,0.0,859.008699,495.86316794,290.681006,548.3297167000001,563.258448,645.822291,325.619977,255.997289,290.10163489999997,34.031347,27.637508,0.0,0.0,0.0,353.175433,67.347988,0.0,471.732315,0.0,366.314175,505.833266,0.0,411.995827,49.835993939999994,0.0,0.0,475.925778
2024-08-24,88.900192,0.0,752.3899939999999,27.751763,0.0,3475.9249193,0.0,873.225032,462.00658775999995,279.579284,518.7229153000001,528.063055,674.833794,319.354111,272.444384,310.594116,18.291457,27.751763,0.0,0.0,0.0,372.515477,88.900192,0.0,472.81071,0.0,378.209677,500.709555,0.0,411.014126,32.701004760000004,0.0,0.0,473.702867
2024-08-25,83.89707,0.0,698.108358,27.650521,0.0,3482.8294880000003,0.0,838.624008,457.73629845999994,264.883767,487.4301406,551.406687,670.942128,321.715246,254.572635,343.7261724,18.64615,27.650521,0.0,0.0,0.0,344.617642,83.89707,0.0,433.224591,0.0,374.957951,494.006366,0.0,406.667155,32.42299346,0.0,0.0,478.078528
2024-08-26,83.166798,0.0,899.60344,27.60357,0.0,3447.6997766,0.0,831.9079079999999,472.29791392,299.562591,482.9655958,563.196999,658.702866,302.933229,273.55032,305.2517788,25.279579,27.60357,0.0,0.0,0.0,310.103636,83.166798,0.0,600.040849,0.0,383.082296,521.804272,0.0,406.141334,40.87700092,0.0,0.0,478.016692
2024-08-27,53.768785,0.0,963.581238,27.652781,0.0,3432.1626365,0.0,879.474057,500.01763772000004,300.402704,464.3940862,565.658062,717.104562,299.727218,286.412113,304.7154953,36.455231,27.652781,0.0,0.0,0.0,372.46426,53.768785,0.0,663.178534,0.0,323.227578,507.009797,0.0,410.808414,52.75399272,0.0,0.0,470.923522
2024-08-28,37.326166,0.0,1008.20929,27.663338,0.0,3298.9450127,0.0,823.929513,473.95448141,346.89006,406.11542410000004,527.666968,658.481493,306.610884,305.376859,291.19053460000003,26.212354,27.663338,0.0,0.0,0.0,319.41945,37.326166,0.0,661.31923,0.0,320.583839,504.510063,0.0,411.255128,36.486999409999996,0.0,0.0,482.919011
2024-08-29,80.500468,0.0,961.82586,27.668504,0.0,3131.4440682,0.0,819.477563,441.35448289,299.904314,293.0632725,528.356973,620.458469,341.787214,305.480143,266.75809169999997,5.334005,27.668504,0.0,0.0,0.0,313.385036,80.500468,0.0,661.921546,0.0,297.976894,506.092527,0.0,413.937486,22.08299189,0.0,0.0,477.563011
2024-08-30,82.022769,0.0,947.449448,27.736114,0.0,2764.164813063,0.0,836.859306,527.47071207,292.204612,0.11789116300000001,529.777419,572.040131,341.483379,288.63097,291.97609789999996,75.499174,27.736114,0.0,0.0,0.0,313.428223,82.022769,0.0,655.244836,0.0,266.541367,523.431083,0.0,411.162545,40.80899307,0.0,0.0,473.597558
2024-08-31,88.150117,0.0,955.772713,27.574387,0.0,2731.7331869,0.0,814.9753149999999,542.68666782,290.025666,0.0,477.066458,685.680225,310.24891,287.54375,254.6448459,83.901851,27.574387,0.0,0.0,0.0,316.435213,88.150117,0.0,665.747047,0.0,239.75914,498.540102,0.0,416.583818,42.20099882,0.0,0.0,476.789858
2024-09-01,83.447283,0.0,875.549846,38.681901,0.0,2728.8585131,0.0,773.02273,561.13001027,300.030935,0.0,478.778467,719.379974,219.385962,311.838488,262.2680981,97.89619,38.681901,0.0,0.0,0.0,316.323503,83.447283,0.0,575.518911,0.0,261.42543,456.699227,0.0,405.810816,57.42300427,0.0,0.0,475.782094
2024-09-02,85.329337,0.0,918.624204,27.743051,0.0,2287.4427543,0.0,810.552373,553.0950311500001,324.603965,0.0,486.878723,54.293594,320.181517,320.86292,310.2451993,82.648704,27.743051,0.0,0.0,0.0,312.304876,85.329337,0.0,594.020239,0.0,319.56642,498.247497,0.0,404.922345,65.52398215,0.0,0.0,475.414381
2024-09-03,57.738605,0.0,564.857447,27.669112,0.0,2359.6532975,0.0,826.423596,587.66631049,310.585152,0.0,512.005979,54.389236,348.067428,300.238959,314.7679695,97.799468,27.669112,0.0,0.0,0.0,314.442644,57.738605,0.0,254.272295,0.0,354.131813,511.980952,0.0,408.038828,81.82801449,0.0,0.0,476.051913
2024-09-04,33.077739,0.0,561.313039,27.710435,0.0,2364.7794476,0.0,826.772248,594.8636329,324.271871,0.0,525.041488,55.266527,340.150037,291.716139,313.32518760000005,102.421497,27.710435,0.0,0.0,0.0,314.442776,33.077739,0.0,237.041168,0.0,361.298535,512.329472,0.0,410.352179,82.0899569,0.0,0.0,477.981534
2024-09-05,69.832256,0.0,559.815051,27.799259,0.0,2253.1869833,0.0,821.2636219999999,629.2263636600001,311.239155,0.0,512.202612,53.879187,312.290212,285.646994,333.9049423,111.165918,27.799259,0.0,0.0,0.0,314.418209,69.832256,0.0,248.575896,0.0,278.498553,506.845413,0.0,418.966419,99.09402666,0.0,0.0,476.764483
2024-09-06,80.959442,0.0,558.216398,27.65516,0.0,2314.2628475,0.0,810.239795,609.38580459,320.296748,0.0,519.362695,45.028452,312.909816,297.33373,324.4954215,111.083202,27.65516,0.0,0.0,0.0,314.469773,80.959442,0.0,237.91965,0.0,339.5856,495.770022,0.0,407.093614,91.20898859,0.0,0.0,475.547133
2024-09-07,83.15723,0.0,540.79502,27.620516,0.0,2019.7602726,0.0,835.949745,565.62551029,319.869996,0.0,378.999553,48.316131,278.097544,287.414632,283.90606460000004,75.228982,27.620516,0.0,0.0,0.0,367.348673,83.15723,0.0,220.925024,0.0,271.674417,468.601072,0.0,405.709533,84.68699529000001,0.0,0.0,471.351931
2024-09-08,83.940227,0.0,549.038049,27.689376,0.0,2233.3824461,0.0,822.396321,554.24376822,319.503432,0.0,518.501477,49.827786,323.228551,297.728789,304.3435931,63.988797,27.689376,0.0,0.0,0.0,367.338585,83.940227,0.0,229.534617,0.0,266.229531,455.057736,0.0,405.72996,84.52501122,0.0,0.0,473.522719
2024-09-09,57.223041,0.0,581.949104,27.772779,0.0,2294.0273084,0.0,871.870873,587.0469416100001,321.760522,0.0,537.788501,47.990573,289.121249,303.509586,334.30677039999995,97.280409,27.772779,0.0,0.0,0.0,367.608774,57.223041,0.0,260.188582,0.0,306.845704,504.262099,0.0,405.123527,84.64300561,0.0,0.0,474.464925
2024-09-10,28.127642,0.0,579.7054009999999,16.637373,0.0,2309.3453842999998,0.0,865.236875,624.11376883,291.725208,0.0,533.56565,50.617503,301.601242,306.567623,333.1744013,124.968972,16.637373,0.0,0.0,0.0,364.028059,28.127642,0.0,287.980193,0.0,310.346923,501.208816,0.0,411.311782,87.83301483,0.0,0.0,473.472042
2024-09-11,63.599906,0.0,587.893686,16.503121,0.0,2344.0221233,0.0,892.915279,625.77798307,305.199321,0.0,534.525936,48.631827,285.893708,314.258032,342.7606093,127.759047,16.503121,0.0,0.0,0.0,365.846463,63.599906,0.0,282.694365,0.0,336.719525,527.068816,0.0,408.141918,89.87701806999999,0.0,0.0,481.232486
2024-09-12,88.4098,0.0,583.026381,16.502662,0.0,2355.5868478,0.0,883.480886,628.33831019,303.568683,0.0,528.653332,48.136567,271.657402,314.989169,343.8351988,126.891634,16.502662,0.0,0.0,0.0,365.952706,88.4098,0.0,279.457698,0.0,367.204871,517.52818,0.0,411.698686,89.74799019,0.0,0.0,481.110308
2024-09-13,98.916115,0.0,637.9888880000001,16.52936,0.0,2339.228738,0.0,859.561915,619.92667996,304.237745,0.0,512.139722,44.636314,266.977546,314.494854,339.479872,126.863443,16.52936,0.0,0.0,0.0,363.365585,98.916115,0.0,333.751143,0.0,378.887864,496.19633,0.0,411.564228,81.49900896,0.0,0.0,482.612566
2024-09-14,88.737825,0.0,710.4606220000001,11.004584,0.0,2005.3332302,0.0,815.28315,596.75840597,332.009237,0.0,319.171653,44.574074,257.660553,272.038153,257.7539672,105.215177,11.004584,0.0,0.0,0.0,360.082637,88.737825,0.0,378.451385,0.0,378.532836,455.200513,0.0,407.341206,84.20202297,0.0,0.0,475.601994
2024-09-15,91.640459,0.0,544.830954,11.080545,0.0,2045.841147,0.0,811.365877,582.21864182,152.079185,0.0,376.05212,51.449887,251.19953,296.914325,263.80253,90.039836,11.080545,0.0,0.0,0.0,354.504378,91.640459,0.0,392.751769,0.0,335.589208,456.861499,0.0,407.872787,84.30601881999999,0.0,0.0,470.833547
2024-09-16,93.062072,0.0,521.291024,27.563317,0.0,2199.5737601,0.0,879.416161,609.24550938,114.88822,0.0,345.59454,296.248695,261.007204,243.199497,281.2339931,120.165207,27.563317,0.0,0.0,0.0,348.968253,93.062072,0.0,406.402804,0.0,300.241042,530.447908,0.0,404.083296,84.99700638,0.0,0.0,472.048789
2024-09-17,86.836124,0.0,539.675901,27.58489,0.0,2482.12024725,0.0,877.5434230000001,599.25665293,125.30045,41.10524095,341.726591,540.443356,285.843138,291.288435,223.45991130000002,115.202274,27.58489,0.0,0.0,0.0,338.854807,86.836124,0.0,414.375451,0.0,287.964492,538.688616,0.0,399.878361,84.17601793,0.0,0.0,470.289083
2024-09-18,85.457023,0.0,634.0487469999999,27.516825,0.0,2702.3896161,0.0,875.413666,600.23786405,153.224304,41.8436856,369.832543,799.230376,246.723313,289.311401,226.1283135,114.345961,27.516825,0.0,0.0,0.0,347.175964,85.457023,0.0,480.824443,0.0,257.619654,528.237702,0.0,401.698943,84.19296005,0.0,0.0,471.70033
2024-09-19,93.10302,0.0,646.2921610000001,16.56391,0.0,2551.53751206,0.0,861.055321,603.96758328,152.489778,65.76576146000001,399.023091,664.278436,240.167376,286.392407,200.5895686,123.004692,16.56391,0.0,0.0,0.0,341.082469,93.10302,0.0,493.802383,0.0,236.817975,519.972852,0.0,401.557851,79.40504028,0.0,0.0,458.502897
2024-09-20,87.998309,0.0,670.665033,27.557078,0.0,2591.1906591,0.0,859.5678379999999,613.30849021,172.942056,0.0,503.552748,425.22356,344.243523,306.086374,303.78761910000003,128.996918,27.557078,0.0,0.0,0.0,347.707902,87.998309,0.0,497.722977,0.0,251.201627,511.859936,0.0,400.176597,84.13497521,0.0,0.0,457.095208
2024-09-21,91.46738,0.0,594.710468,27.653001,0.0,2846.886204,0.0,808.499675,613.14345984,140.272902,0.0,522.699258,627.446109,313.582944,286.031802,349.863866,116.937527,27.653001,0.0,0.0,0.0,349.994176,91.46738,0.0,454.437566,0.0,278.128067,458.505499,0.0,406.092914,90.11301884000001,0.0,0.0,469.134158
2024-09-22,92.033205,0.0,596.353396,27.624895,0.0,2882.0803356,0.0,814.091305,520.7542398100001,144.399321,0.0,525.209857,659.510586,342.523631,284.992087,318.4166956,30.50839,27.624895,0.0,0.0,0.0,350.00105,92.033205,0.0,451.954075,0.0,284.010648,464.090255,0.0,399.776851,90.46899881,0.0,0.0,467.416831
2024-09-23,91.991073,0.0,729.544445,27.615972,0.0,3015.9607284,0.0,857.221719,502.56830461000004,223.641853,36.7140897,528.653946,722.736326,311.696007,259.703864,333.3509977,19.840163,27.615972,0.0,0.0,0.0,349.975275,91.991073,0.0,505.902592,0.0,354.246709,507.246444,0.0,392.187108,90.54103361,0.0,0.0,468.858789
2024-09-24,86.171491,0.0,664.546182,16.553046,0.0,3014.5527652,0.0,852.349454,536.0489771599999,131.209359,274.24114069999996,473.562236,801.720899,316.661784,254.497148,325.0790495,42.04229,16.553046,0.0,0.0,0.0,349.89386,86.171491,0.0,533.336823,0.0,372.982913,502.455594,0.0,405.44171,88.56497716,0.0,0.0,195.807595
2024-09-25,81.74657,0.0,673.841083,16.52115,0.0,3079.6309235,0.0,827.770274,609.18227794,159.834733,272.76851369999997,522.744314,548.502577,332.873667,255.114719,333.9347048,119.774711,16.52115,0.0,0.0,0.0,311.932627,81.74657,0.0,514.00635,0.0,347.177116,515.837647,0.0,405.931561,83.47600594,0.0,0.0,466.515312
2024-09-26,90.08169,0.0,688.8024300000001,16.535303,0.0,3218.9675735,0.0,816.909971,606.70068879,139.804748,364.0706318,523.324489,607.181212,332.440484,271.644603,302.2911757,124.378655,16.535303,0.0,0.0,0.0,311.92838,90.08169,0.0,548.997682,0.0,349.084378,504.981591,0.0,398.041994,84.28003979,0.0,0.0,468.9306
2024-09-27,92.959763,0.0,701.932135,16.507842,0.0,3156.549715,0.0,855.574758,615.34209357,166.163142,226.8260872,525.196088,677.568068,313.92638,233.698382,353.0932098,123.315868,16.507842,0.0,0.0,0.0,349.882072,92.959763,0.0,535.768993,0.0,359.989486,505.692686,0.0,402.804258,89.22196756999999,0.0,0.0,466.252014
2024-09-28,92.431817,0.0,704.202624,16.619187,0.0,3267.9222051,0.0,800.526961,617.76838159,160.970199,379.3674671,514.114852,622.14967,300.651661,286.027471,333.268904,125.085437,16.619187,0.0,0.0,0.0,349.917464,92.431817,0.0,543.232425,0.0,364.092711,450.609497,0.0,404.980934,87.70201059,0.0,0.0,468.249469
2024-09-29,88.095396,0.0,721.327775,16.518394,0.0,3359.5634001999997,0.0,786.922127,618.44208061,161.220257,477.1268788,498.18345,598.293153,280.040087,309.380045,350.47197939999995,124.841999,16.518394,0.0,0.0,0.0,349.90748,88.095396,0.0,560.107518,0.0,376.068988,437.014647,0.0,405.789055,87.81102661,0.0,0.0,469.998819
2024-09-30,67.031622,0.0,730.450081,16.543572,0.0,3318.4143232,0.0,833.656253,615.54978882,184.621589,394.02781810000005,516.167861,581.602435,274.575387,309.482077,347.8281501,124.679042,16.543572,0.0,0.0,0.0,365.034245,67.031622,0.0,545.828492,0.0,422.864709,468.622008,0.0,403.148757,87.72198981999999,0.0,0.0,471.865886
2024-10-01,80.290413,0.0,885.67146,16.839039,0.0,3217.74028,0.0,823.410487,569.2981062,321.509175,324.94632260000003,493.902289,561.2487,232.022107,315.467425,375.80331739999997,51.298502,16.839039,0.0,0.0,0.0,366.362774,80.290413,0.0,564.162285,0.0,440.997319,457.047713,0.0,414.194611,103.8049932,0.0,0.0,473.3528
2024-10-02,68.672331,0.0,907.1976129999999,16.517936,0.0,3140.5410841,0.0,878.4528969999999,595.7494673,333.691427,294.8753732,505.722859,498.30832,219.139788,306.201712,399.63043089999996,85.344269,16.517936,0.0,0.0,0.0,363.903706,68.672331,0.0,573.506186,0.0,445.804004,514.549191,0.0,407.21816,103.1870383,0.0,0.0,470.858597
2024-10-03,60.071132,0.0,909.129545,16.706916,0.0,3243.8015556,0.0,864.38212,529.6288295,342.011857,409.3405773,341.488385,613.093199,225.826254,298.696915,418.58412630000004,16.752144,16.706916,0.0,0.0,0.0,371.744796,60.071132,0.0,567.117688,0.0,457.598605,492.637324,0.0,410.437695,102.4389905,0.0,0.0,479.173494
2024-10-04,21.510672,0.0,967.977956,16.645822,0.0,3443.0125441,51.901437,889.384286,526.92733377,345.556301,415.6011082,515.191902,625.816948,244.889358,308.365687,384.9410949,14.419167,16.645822,0.0,0.0,0.0,377.244967,21.510672,51.901437,622.421655,0.0,468.105532,512.139319,0.0,413.793148,98.71501877,0.0,0.0,480.100914
2024-10-05,14.958723,0.0,966.699623,33.067311,0.0,3443.7295571,52.053214,879.9339010000001,520.2266948,336.760737,440.66619610000004,491.837952,623.174978,244.963527,313.219171,378.993907,0.159334,33.067311,0.0,0.0,0.0,381.393632,14.958723,52.053214,629.938886,0.0,473.886376,498.540269,0.0,417.613354,102.4540068,0.0,0.0,476.98745
2024-10-06,14.833784,0.0,958.9138069999999,33.181413,0.0,3497.6161030000003,50.656996,855.147453,516.9080576,334.543298,453.96244260000003,496.98089,655.969069,226.737161,312.50295,386.7948644,0.0,33.181413,0.0,0.0,0.0,381.385292,14.833784,50.656996,624.370509,0.0,496.418234,473.762161,0.0,413.838124,103.0699336,0.0,0.0,468.250492
2024-10-07,21.756739,0.0,853.510595,66.020368,0.0,3518.8685654,52.503659,872.532725,512.3631507,228.54052,483.2803044,475.021843,692.511825,223.910096,309.36936,369.333901,0.0,66.020368,0.0,0.0,0.0,381.60192,21.756739,52.503659,624.970075,0.0,499.582039,490.930805,0.0,409.875205,102.4879457,0.0,0.0,465.859197
2024-10-08,20.438675,0.0,1045.447283,65.943047,0.0,3539.2191371,50.440816,864.10146,509.0308507,377.073961,472.146435,401.661136,744.520489,244.535832,318.704374,369.6166721,0.010253,65.943047,0.0,0.0,0.0,376.418274,20.438675,50.440816,668.373322,0.0,508.828252,487.683186,0.0,406.80462,102.2159777,0.0,0.0,479.205947
2024-10-09,36.375321,0.0,1073.1907179999998,65.772229,0.004552,3513.0641334,52.124513,864.889189,530.6287853,360.346724,459.7098785,394.130162,701.461221,215.237364,297.459924,433.8584749,14.553851,65.772229,0.0,0.0,0.0,386.166503,36.375321,52.124513,712.843994,0.0,532.150545,478.722686,0.004552,413.821915,102.25301929999999,0.0,0.0,479.056564
2024-10-10,35.796686,0.0,1062.0509969999998,65.808567,0.0,3575.3893527,40.567633,847.417334,515.3788859,356.284183,466.2909413,408.958373,734.287115,255.488227,312.868317,382.7668094,0.0,65.808567,0.0,0.0,0.0,389.333501,35.796686,40.567633,705.766814,0.0,536.087795,458.083833,0.0,412.924905,102.4539809,0.0,0.0,478.641775
2024-10-11,57.961263,0.0,1100.950601,77.319357,0.051114,3677.9970715,0.0,882.6770260000001,519.6803588,394.673995,493.152713,471.531047,769.392478,259.677707,318.457736,370.3177975,0.0,77.319357,0.0,0.0,0.0,389.627385,57.961263,0.0,706.276606,0.0,520.36944,493.049641,0.051114,416.20433,103.4760288,0.0,0.0,475.098153
2024-10-12,83.543946,0.0,1024.752123,66.47778,0.0,3585.0356149,0.0,844.139876,515.6271081,319.085717,490.8948942,431.490984,694.897133,298.888695,318.967951,344.92854769999997,0.0,66.47778,0.0,0.0,0.0,389.016132,83.543946,0.0,705.666406,0.0,530.586657,455.123744,0.0,413.492123,102.1349851,0.0,0.0,474.380753
2024-10-13,87.807157,0.0,1025.055105,66.054019,0.0,3446.2824861,0.0,840.2695160000001,534.9594427,319.129912,477.42100810000005,344.513133,751.118959,277.552172,311.033404,339.270734,14.370161,66.054019,0.0,0.0,0.0,389.160353,87.807157,0.0,705.925193,0.0,493.131862,451.109163,0.0,417.67429,102.9149917,0.0,0.0,452.241214
2024-10-14,77.079461,0.0,1056.980497,44.061423,0.0,3551.47902,0.0,878.9631489999999,527.6858236,338.725409,503.2506904,372.715934,762.183162,245.194748,319.576381,370.08428360000005,13.820194,44.061423,0.0,0.0,0.0,387.864536,77.079461,0.0,718.255088,0.0,500.754232,491.098613,0.0,410.656664,103.2089656,0.0,0.0,477.719589
2024-10-15,70.587803,0.0,988.21025,33.08066,0.0,3592.5577453,0.0,796.9702649999999,525.3563300000001,337.589115,503.14632489999997,410.360589,752.020508,224.197576,302.194998,390.6841124,12.45487,33.08066,0.0,0.0,0.0,375.693832,70.587803,0.0,650.621135,0.0,531.166768,421.276433,0.0,409.573448,103.328012,0.0,0.0,478.786869
2024-10-16,81.797689,0.0,952.697684,54.888788,0.0,3618.2826262,0.0,802.070637,520.9109636999999,337.21233,479.0152444,457.950367,756.262837,218.764097,317.764753,391.7348638,4.311356,54.888788,0.0,0.0,0.0,360.602376,81.797689,0.0,615.485354,0.0,517.051195,441.468261,0.0,413.563588,103.0360197,0.0,0.0,479.739269
2024-10-17,76.637794,0.0,951.918089,22.057796,0.0,3391.2056696,0.0,810.919735,508.78104030000003,336.809237,424.5147177,335.178744,705.284496,201.270317,317.680395,430.0052359,0.0,22.057796,0.0,0.0,0.0,361.028163,76.637794,0.0,615.108852,0.0,501.791983,449.891572,0.0,406.330098,102.4509423,0.0,0.0,475.479781
2024-10-18,66.978129,0.0,946.910822,16.51611,0.0,3340.009395,0.0,847.975479,506.9979218,336.375293,439.3208838,307.856825,683.890917,250.43477,278.194763,394.7417422,0.0,16.51611,0.0,0.0,0.0,383.614638,66.978129,0.0,610.535529,0.0,540.116419,464.360841,0.0,404.364936,102.6329858,0.0,0.0,445.453075
2024-10-19,60.409382,0.0,851.600231,16.504505,0.0,3675.3087657,0.0,898.443466,493.21444263,333.787693,446.9261551,467.287776,752.076356,262.915884,297.716865,375.65392860000003,0.0,16.504505,0.0,0.0,0.0,383.488808,60.409382,0.0,517.812538,0.0,592.65239,514.954658,0.0,405.234419,87.98002362999999,0.0,0.0,480.079411
2024-10-20,62.433698,0.0,853.112108,16.591865,0.0,3657.6547904,0.0,878.109111,500.9820721,334.479633,440.5120265,475.192632,746.074001,242.749186,303.454306,370.2163539,11.333956,16.591865,0.0,0.0,0.0,383.678931,62.433698,0.0,518.632475,0.0,602.189546,494.43018,0.0,401.778079,87.87003709999999,0.0,0.0,477.266739
2024-10-21,53.67331,0.0,960.5050289999999,16.516184,0.0,3743.9232748,0.0,897.4912340000001,503.4030911,340.193324,435.52673339999996,497.19556,806.593883,218.13236,320.138803,378.4605514,14.125441,16.516184,0.0,0.0,0.0,383.543207,53.67331,0.0,620.311705,0.0,607.957615,513.948027,0.0,401.569666,87.70798409999999,0.0,0.0,479.917769
2024-10-22,76.648084,0.0,1072.292058,16.865527,0.0,3753.7297048,0.0,946.297234,533.2614839299999,339.60444,440.16179389999996,501.774535,829.446196,249.124438,318.651507,353.6610899,32.796716,16.865527,0.0,0.0,0.0,382.389546,76.648084,0.0,732.687618,0.0,582.170826,563.907688,0.0,403.045825,97.41894293000001,0.0,0.0,478.739319
2024-10-23,70.994443,0.0,1086.9728479999999,9.916587,0.00312,3644.3466869,0.0,965.7822530000001,510.73762375,340.002281,454.84806530000003,415.787033,780.77218,239.240461,316.635227,375.2832766,14.971671,9.916587,0.0,0.0,0.0,381.389737,70.994443,0.0,746.970567,0.0,583.449436,584.392516,0.00312,407.535946,88.23000675,0.0,0.0,478.331008
2024-10-24,56.940229,0.0,1131.124811,16.517391,0.0,3636.8596757,0.0,936.026517,527.22550355,338.59498,466.7812003,384.000029,797.888571,256.53647,309.80345,357.71720439999996,28.642247,16.517391,0.0,0.0,0.0,367.206309,56.940229,0.0,792.529831,0.0,584.70961,568.820208,0.0,406.763287,91.81996955,0.0,0.0,479.423141
2024-10-25,43.416258,0.0,1134.720128,16.612725,0.0,3661.384384,0.0,941.3977010000001,522.41834832,339.131554,455.1577364,368.081001,845.843226,270.03502,316.056024,352.1872596,21.830895,16.612725,0.0,0.0,0.0,378.081615,43.416258,0.0,795.588574,0.0,579.897917,563.316086,0.0,407.701424,92.88602931999999,0.0,0.0,474.1262
2024-10-26,44.682865,0.0,1052.784821,16.606794,0.0,3799.0692605,0.0,927.6489120000001,523.00886751,387.3734,463.0439907,527.2775,900.24072,288.236342,327.289286,342.7650338,11.936652,16.606794,0.0,0.0,0.0,390.978807,44.682865,0.0,665.411421,0.0,449.776513,536.670105,0.0,423.197234,87.87498151000001,0.0,0.0,500.439875
2024-10-27,31.910123,0.0,992.083845,16.768026,0.0,3576.9187612,0.0,896.1755,518.81386643,333.98006,556.7778479,393.131543,833.398071,264.938515,310.60473,247.2376163,11.398773,16.768026,0.0,0.0,0.0,367.086167,31.910123,0.0,658.103785,0.0,495.897677,529.089333,0.0,421.482104,85.93298943,0.0,0.0,474.932761
2024-10-28,73.995903,0.0,1079.843288,16.555061,0.0,3764.6554342,0.0,917.543144,532.16698092,338.069194,577.448677,501.598568,857.392038,302.919166,312.537986,259.81555019999996,25.446151,16.555061,0.0,0.0,0.0,378.042672,73.995903,0.0,741.774094,0.0,476.239788,539.500472,0.0,417.913857,88.80697292,0.0,0.0,476.703661
2024-10-29,85.403579,0.0,982.01321,16.502727,0.0,3767.6755366,0.0,901.860159,530.2927968399999,339.017154,594.0068011000001,454.586532,867.130128,275.742769,309.483825,336.8744765,25.337456,16.502727,0.0,0.0,0.0,378.125729,85.403579,0.0,642.996056,0.0,451.095936,523.73443,0.0,410.967328,93.98801284000001,0.0,0.0,478.755069
2024-10-30,81.701351,0.0,1234.091833,16.475772,0.0,3778.3339002000002,0.0,816.050295,552.3805195799999,340.029725,556.3835471,426.985024,850.837224,283.429594,309.815518,358.6207301,16.705622,16.475772,0.0,0.0,0.0,363.882568,81.701351,0.0,894.062108,0.0,513.605166,452.167727,0.0,437.198922,98.47597558,0.0,0.0,478.657097
2024-10-31,69.151213,0.0,1080.5309630000002,16.618074,0.0,3741.1236529,0.0,862.087974,528.99036992,339.419715,551.5092835,509.537957,799.608115,211.864705,317.123623,414.9527794,26.036226,16.618074,0.0,0.0,0.0,383.760147,69.151213,0.0,741.111248,0.0,457.31629,478.327827,0.0,413.331138,89.62300592,0.0,0.0,479.2109
2024-11-01,86.294034,0.0,896.040401,16.473509,0.0,3777.5413171,0.0,820.195324,514.38577133,336.856128,583.7872037999999,495.660276,832.010276,230.714843,286.482599,413.93188330000004,11.98198,16.473509,0.0,0.0,0.0,383.498944,86.294034,0.0,559.184273,0.0,457.914797,436.69638,0.0,456.750781,45.65301033,0.0,0.0,477.039439
2024-11-02,69.456918,0.0,851.080884,16.420329,0.0,3692.8532033,0.0,809.886265,511.37074524,336.840466,572.4339862,354.349032,854.434067,266.887824,316.331543,345.0205151,9.670918,16.420329,0.0,0.0,0.0,389.348188,69.456918,0.0,514.240418,0.0,504.632992,420.538077,0.0,453.545834,48.153993240000005,0.0,0.0,478.763244
2024-11-03,75.498552,0.0,853.860459,16.508201,0.0,3771.2680735,0.0,821.584647,518.54684352,336.383952,611.0648356,360.845168,861.571499,262.512222,304.352218,371.13032189999996,15.847299,16.508201,0.0,0.0,0.0,389.300909,75.498552,0.0,517.476507,0.0,521.063848,432.283738,0.0,452.979554,49.71999052,0.0,0.0,478.727961
2024-11-04,71.734589,0.0,1031.527008,43.995407,0.0,3711.7505306,0.0,847.810956,505.12430871000004,336.799679,602.0409241,342.249361,863.65543,289.928231,315.350098,335.4163425,8.283967,43.995407,0.0,0.0,0.0,383.840243,71.734589,0.0,694.727329,0.0,484.311969,463.970713,0.0,452.309346,44.53099571,0.0,0.0,478.798175
2024-11-05,75.419676,0.0,1012.664945,76.808615,0.0,3642.0971322,0.0,867.061452,571.39253433,359.059595,595.7941795,349.679704,859.228692,270.510392,318.209253,355.47956669999996,48.950748,76.808615,0.0,0.0,0.0,384.365422,75.419676,0.0,653.60535,0.0,414.408834,482.69603,0.0,446.84979,75.59199633,0.0,0.0,478.786511
2024-11-06,63.280814,0.0,954.4531509999999,76.909622,0.0,3681.1807746,0.0,823.6930540000001,628.60477626,339.768654,608.7869216,313.009257,861.158726,200.110624,324.372123,402.738347,93.508987,76.909622,0.0,0.0,0.0,323.165935,63.280814,0.0,614.684497,0.0,492.081784,500.527119,0.0,438.649805,96.44598426,0.0,0.0,478.922992
2024-11-07,19.465118,0.0,1038.0974,103.296623,0.0,3684.9888123,46.422797,870.808075,584.34910366,341.192185,608.4458124,292.490883,866.100823,227.951916,294.640337,361.9215959,67.91263,103.296623,0.0,0.0,0.0,383.567334,19.465118,46.422797,696.905215,0.0,554.349256,487.240741,0.0,438.33146,78.10501366,0.0,0.0,479.088189
2024-11-08,22.456932,0.0,1133.371842,76.126929,0.0,3702.5867221,53.128725,886.909724,608.6523748000001,325.910706,614.4998427999999,228.453601,879.972492,268.675498,314.383045,362.0278773,90.318205,76.126929,0.0,0.0,0.0,383.549472,22.456932,53.128725,807.461136,0.0,557.392305,503.360252,0.0,439.167168,79.1670018,0.0,0.0,477.182061
2024-11-09,35.154618,0.0,987.5367269999999,49.492366,0.0,3808.6063853,50.151598,947.595407,654.6558812,339.882948,624.9039265,154.938306,913.53479,265.692438,319.990862,358.34817780000003,111.569186,49.492366,0.0,0.0,0.0,383.562035,35.154618,50.151598,647.653779,0.0,693.272385,564.033372,0.0,438.993702,104.09299320000001,0.0,0.0,477.9255
2024-11-10,70.437701,0.0,978.430834,49.141949,0.0,3952.8497558999998,0.0,952.213829,646.07464534,340.553926,629.3957742,183.568193,937.535127,265.095244,320.001155,360.7002347,110.972363,49.141949,0.0,0.0,0.0,383.473374,70.437701,0.0,637.876908,0.0,778.98295,568.740455,0.0,435.137294,99.96498834,0.0,0.0,477.571078
2024-11-11,63.117415,0.0,1101.194838,76.396063,0.0,3987.6183415,0.0,912.886962,608.77072172,339.074324,632.8290542000001,192.237203,960.428873,230.40987,308.607499,397.7392643,74.330034,76.396063,0.0,0.0,0.0,383.519526,63.117415,0.0,762.120514,0.0,787.540445,529.367436,0.0,451.463674,82.97701372,0.0,0.0,477.826133
2024-11-12,75.326373,0.0,1033.6636879999999,21.759863,0.0,3965.5738733,0.0,904.9264450000001,616.54166002,315.594683,611.5183011,210.450341,957.734698,290.825769,239.325982,395.2907242,97.090045,21.759863,0.0,0.0,0.0,383.471342,75.326373,0.0,718.069005,0.0,787.823272,521.455103,0.0,443.16562,76.28599502,0.0,0.0,472.604786
2024-11-13,76.585019,0.0,1065.986662,32.850457,0.0,3902.5555082,0.0,892.0926689999999,638.45656719,343.934559,604.6923521,191.612685,942.044504,259.721548,255.731705,414.2822681,117.77052,32.850457,0.0,0.0,0.0,377.943828,76.585019,0.0,722.052103,0.0,756.697393,514.148841,0.0,439.043045,81.64300219,0.0,0.0,477.773053
2024-11-14,62.724549,0.0,1129.7768270000001,54.441256,0.0,3892.9610599,0.0,916.931302,643.15888204,343.29436,608.9469747999999,183.979745,958.368368,241.513823,248.143941,431.2920351,106.036369,54.441256,0.0,0.0,0.0,378.397025,62.724549,0.0,786.482467,0.0,741.688945,538.534277,0.0,444.856516,92.26599704,0.0,0.0,479.027228
2024-11-15,65.993298,0.0,1141.3515,43.54651,0.0,3936.5353439,0.0,904.5501489999999,626.8266594500001,343.397345,674.643228,208.060579,893.622944,213.797364,313.473008,400.4375649,102.883262,43.54651,0.0,0.0,0.0,383.534738,65.993298,0.0,797.954155,0.0,754.960995,521.015411,0.0,440.032414,83.91098345,0.0,0.0,477.539661
2024-11-16,69.957057,0.0,1137.555408,43.767082,0.0,3810.5610453,0.0,909.6456909999999,536.51186717,341.877264,629.7662329,283.578184,874.647254,207.394051,318.90573,379.5816544,39.98611,43.767082,0.0,0.0,0.0,381.191433,69.957057,0.0,795.678144,0.0,644.384453,528.454258,0.0,440.170757,56.355000170000004,0.0,0.0,472.303486
2024-11-17,73.65078,0.0,1141.691807,43.727415,0.0,3701.5933631,0.0,904.552069,614.0169012700001,341.019076,607.2984693,252.942275,887.003836,202.535059,305.860978,405.1613858,94.274835,43.727415,0.0,0.0,0.0,381.320331,73.65078,0.0,800.672731,0.0,571.417004,523.231738,0.0,440.257063,79.48500326999999,0.0,0.0,469.374356
2024-11-18,91.606293,0.0,1107.171082,59.670545,0.0,3774.0226939,0.0,919.506269,627.44651632,342.432434,593.2082191000001,184.534757,952.668794,245.637139,317.476562,356.9446008,108.468071,59.670545,0.0,0.0,0.0,381.360897,91.606293,0.0,764.738648,0.0,648.649822,538.145372,0.0,435.523458,83.45498731999999,0.0,0.0,474.9028
2024-11-19,99.716524,0.0,1103.775072,54.341715,0.0,3894.9985334,0.0,913.92373,631.41608046,327.833266,605.2714053,202.191814,976.618225,280.454641,277.895438,339.3457761,91.365181,54.341715,0.0,0.0,0.0,380.321947,99.716524,0.0,775.941806,0.0,734.37667,533.601783,0.0,442.636904,97.41399546,0.0,0.0,478.844564
2024-11-20,103.619408,0.0,1038.3946329999999,65.094532,0.0,3907.9941027,0.0,907.594315,658.4381735,263.371114,578.7558263999999,246.01309,965.734758,146.848691,324.440525,431.68672530000003,113.308412,65.094532,0.0,0.0,0.0,376.678824,103.619408,0.0,775.023519,0.0,736.28442,530.915491,0.0,442.433769,102.6959925,0.0,0.0,478.230067
2024-11-21,105.6554,0.0,1106.23748,65.056494,0.0,3918.9620686,0.0,915.227063,607.7270902,342.482448,569.5690437000001,308.656971,969.57114,200.042964,322.273999,420.5407679,75.812662,65.056494,0.0,0.0,0.0,377.976747,105.6554,0.0,763.755032,0.0,650.031983,537.250316,0.0,442.297451,89.61697720000001,0.0,0.0,478.2752
2024-11-22,97.54966,0.0,1144.792713,43.431958,0.066015,3870.1541066,0.0,914.9895309999999,630.45386146,342.30482,533.7095863999999,365.918792,977.340077,233.420005,321.606753,290.8573692,98.614235,43.431958,0.0,0.0,0.0,377.989015,97.54966,0.0,802.487893,0.0,668.414199,537.000516,0.066015,442.060632,89.77899445999999,0.0,0.0,478.887325
2024-11-23,98.69716,0.0,1141.543825,43.508645,0.0,3775.7363749,0.0,896.7992549999999,604.15176267,341.98976,528.0978008999999,470.21209,848.404671,201.770867,313.621577,356.805264,85.99586,43.508645,0.0,0.0,0.0,377.800453,98.69716,0.0,799.554065,0.0,577.778597,518.998802,0.0,442.479912,75.67599067,0.0,0.0,479.045508
2024-11-24,104.81156,0.0,1146.5753260000001,43.35943,0.0,3791.2134013,0.0,895.3391770000001,599.41968789,343.155224,581.5943382,470.952885,777.884298,195.580436,292.359393,413.8730691,84.993465,43.35943,0.0,0.0,0.0,377.970394,104.81156,0.0,803.420102,0.0,580.826863,517.368783,0.0,438.918211,75.50801189,0.0,0.0,478.142119
2024-11-25,104.879031,0.0,1137.610281,43.40866,0.0,3867.2680954,0.0,894.771057,598.8106123800001,342.014483,598.6877088,527.313218,849.265098,226.47392,311.902773,322.63827760000004,85.182083,43.40866,0.0,0.0,0.0,378.206357,104.879031,0.0,795.595798,0.0,552.075458,516.5647,0.0,439.014527,74.61400238,0.0,0.0,478.911642
2024-11-26,106.018486,0.0,1016.5319219999999,43.458024,0.0,3807.4012182,0.0,897.308971,595.07995138,325.962388,620.2406197,357.781145,907.561318,213.996811,315.392362,394.7059265,84.352938,43.458024,0.0,0.0,0.0,383.46011,106.018486,0.0,690.569534,0.0,519.650578,513.848861,0.0,445.527015,65.19999838,0.0,0.0,478.072458
2024-11-27,106.453529,0.0,1032.594631,43.411276,0.0,3752.2408009,0.0,895.819017,578.35263203,343.435081,581.9662668999999,275.772388,942.503154,211.980114,321.672987,394.608348,68.944389,43.411276,0.0,0.0,0.0,379.703048,106.453529,0.0,689.15955,0.0,545.547201,516.115969,0.0,455.110263,54.29798003,0.0,0.0,478.190342
2024-11-28,101.98095,0.0,1042.645504,27.178497,0.0,3712.3477747,0.0,893.484657,568.31696225,343.520298,589.2675012000001,297.836893,914.186213,252.334419,285.624673,388.2605685,66.959068,27.178497,0.0,0.0,0.0,379.838369,101.98095,0.0,699.125206,0.0,505.925763,513.646288,0.0,430.673893,70.68400125,0.0,0.0,478.911744
2024-11-29,73.749741,0.0,1026.114228,27.205997,0.0,3745.8236236000002,0.0,873.6113969999999,584.7943702399999,345.148476,603.7373252000001,363.833622,860.858109,249.594538,285.019939,407.3591844,66.733257,27.205997,0.0,0.0,0.0,357.923484,73.749741,0.0,680.965752,0.0,496.470445,515.687913,0.0,437.57613,80.48498323999999,0.0,0.0,478.950461
2024-11-30,74.077103,0.0,1025.816768,27.171524,0.138292,3744.5340478,0.0,877.936592,566.18239837,342.890604,599.4876409,395.316851,831.521853,195.910412,321.228943,392.7796289,55.483699,27.171524,0.0,0.0,0.0,366.943784,74.077103,0.0,682.926164,0.0,529.455227,510.992808,0.138292,432.47669,78.22200937000001,0.0,0.0,478.833492
2024-12-01,86.85649,0.0,965.6556229999999,48.73276,0.0,3764.7822174,0.0,884.0565730000001,491.24018438,326.845039,622.5046335,366.705546,847.640025,207.479548,321.488043,398.8037769,31.372446,48.73276,0.0,0.0,0.0,378.238026,86.85649,0.0,638.810584,0.0,523.335559,505.818547,0.0,402.975748,56.89199038,0.0,0.0,476.825086
2024-12-02,91.579919,0.0,970.7292199999999,43.358537,0.0,3743.0577412000002,0.0,893.37361,501.60203553,326.876197,589.8124114,358.101249,856.314111,197.929396,318.977859,419.5927838,35.03687,43.358537,0.0,0.0,0.0,377.881763,91.579919,0.0,643.853023,0.0,524.510689,515.491847,0.0,405.019165,61.54600053,0.0,0.0,477.819242
2024-12-03,93.475874,0.0,973.957492,27.075497,0.0,3776.251739,0.0,894.667627,545.7770156500001,323.40209,564.1095865,285.369458,964.479792,213.699952,294.199532,343.7433715,57.47016,27.075497,0.0,0.0,0.0,377.990286,93.475874,0.0,650.555402,0.0,631.110878,516.677341,0.0,411.076853,77.23000265,0.0,0.0,479.539169
2024-12-04,81.122256,0.0,968.316622,27.113262,0.0,3758.328371,0.0,910.001299,566.30836701,322.667281,553.4605865,275.021411,917.349849,237.698768,310.948595,386.9809805,66.483286,27.113262,0.0,0.0,0.0,378.855855,81.122256,0.0,645.649341,0.0,598.499312,531.145444,0.0,417.661088,82.16399301,0.0,0.0,478.368869
2024-12-05,73.272243,0.0,965.604701,27.185649,0.0,3825.6911154,0.0,900.935973,502.80830021,322.8292,556.9598493,422.824372,935.599627,224.999499,309.715731,413.96779410000005,27.727596,27.185649,0.0,0.0,0.0,377.736276,73.272243,0.0,642.775501,0.0,480.143882,523.199697,0.0,421.115716,53.96498821,0.0,0.0,481.480361
2024-12-06,75.885373,0.0,948.59716,27.081738,0.0,3870.7477883,0.0,904.921248,532.16182487,323.455819,578.7476177000001,399.821092,958.824498,238.316863,314.438191,381.72671160000004,40.916468,27.081738,0.0,0.0,0.0,377.946235,75.885373,0.0,625.141341,0.0,514.576156,526.975013,0.0,424.078355,67.16700187,0.0,0.0,484.296659
2024-12-07,107.317937,0.0,950.309415,27.109965,0.0,3872.2252488,0.0,906.952108,505.06575554999995,322.627724,593.469807,362.790739,935.068275,205.130769,313.082356,423.5179238,34.211015,27.109965,0.0,0.0,0.0,376.280989,107.317937,0.0,627.681691,0.0,554.984379,530.671119,0.0,415.682728,55.17201255,0.0,0.0,484.181
2024-12-08,113.032308,0.0,948.349923,27.230498,0.0,3810.0705363,0.0,884.609777,505.57198200000005,322.216611,599.9611095,343.113419,931.636038,209.569553,316.721825,414.89836280000003,33.741871,27.230498,0.0,0.0,0.0,376.22265,113.032308,0.0,626.133312,0.0,513.995962,508.387127,0.0,416.11412,55.715991,0.0,0.0,480.174267
2024-12-09,118.126742,0.0,936.214934,38.122354,0.0,3640.4728747,0.0,886.3136320000001,505.92260642,322.01549,599.3473862000001,272.547885,867.882405,192.449129,321.80821,418.2613245,34.390082,38.122354,0.0,0.0,0.0,376.171955,118.126742,0.0,614.199444,0.0,488.620337,510.141677,0.0,415.475518,56.05700642,0.0,0.0,479.556198
2024-12-10,124.887068,0.0,896.419807,43.502949,0.0,3719.6908562,0.0,887.517482,525.5852333600001,321.54885,485.7976609,407.776296,906.010332,278.119216,299.395555,350.83169730000003,39.777198,43.502949,0.0,0.0,0.0,378.21583,124.887068,0.0,574.870957,0.0,506.677541,509.301652,0.0,430.366032,55.44200336,0.0,0.0,485.082558
2024-12-11,122.192326,0.0,894.0308239999999,43.527713,0.0,3701.4609337,0.0,905.835934,551.05679655,322.790731,514.6812146,322.306682,946.984493,187.300344,301.205989,427.68557610000005,53.334656,43.527713,0.0,0.0,0.0,377.915854,122.192326,0.0,571.240093,0.0,517.100058,527.92008,0.0,428.682136,69.04000454999999,0.0,0.0,484.196577
2024-12-12,103.011215,0.0,887.044837,27.070332,0.0,3745.0887166,0.0,928.143385,562.1046665599999,321.601041,560.7970242,369.831854,896.845817,203.319964,304.134096,420.4213784,62.179236,27.070332,0.0,0.0,0.0,383.502116,103.011215,0.0,565.443796,0.0,509.763022,544.641269,0.0,429.537419,70.38801156,0.0,0.0,479.975561
2024-12-13,89.113569,0.0,906.703311,27.054866,0.0,3703.4761921,0.0,913.742679,542.3801536999999,321.862798,562.8151035,431.907938,818.220952,245.763067,257.334278,419.16144560000004,51.122865,27.054866,0.0,0.0,0.0,383.338335,89.113569,0.0,584.840513,0.0,485.865489,530.404344,0.0,423.58329,67.6739987,0.0,0.0,482.407919
2024-12-14,76.744511,0.0,926.0444359999999,27.171194,0.0,3722.6535307,0.0,888.43517,542.917914,321.656283,580.9632394,415.548859,815.072798,205.007794,306.56833,426.3983243,49.559241,27.171194,0.0,0.0,0.0,383.483273,76.744511,0.0,604.388153,0.0,493.947255,504.951897,0.0,419.265672,74.093001,0.0,0.0,479.146931
2024-12-15,91.087437,0.0,936.2321509999999,27.119342,0.0,3671.1307361,0.0,860.398106,543.59412047,321.842192,582.3728751,372.912851,791.95816,205.63845,306.657825,428.322432,49.849282,27.119342,0.0,0.0,0.0,378.01007,91.087437,0.0,614.389959,0.0,500.544298,482.388036,0.0,419.509842,74.23499647,0.0,0.0,482.723845
2024-12-16,90.945709,0.0,914.158593,21.61926,0.0,3729.5006051,0.0,886.28265,530.52200617,322.339114,532.854714,427.636424,858.78286,211.726749,295.456953,412.94138810000004,52.836494,21.61926,0.0,0.0,0.0,383.322048,90.945709,0.0,591.819479,0.0,509.739316,502.960602,0.0,408.835507,68.85000517,0.0,0.0,480.362201
2024-12-17,103.254837,0.0,919.1829950000001,21.581941,0.0,3858.9446854,0.0,899.9200619999999,487.55359794,321.656898,598.9340721,519.505645,854.1441,213.042659,304.174227,423.3603513,34.027044,21.581941,0.0,0.0,0.0,383.52996,103.254837,0.0,597.526097,0.0,464.291357,516.390102,0.0,410.56555,42.96100394,0.0,0.0,481.492274
2024-12-18,101.43542,0.0,912.16824,32.446815,0.0,3757.0803905000002,0.0,901.248846,504.37415992000007,321.427671,542.2775193,526.556672,837.00861,203.947001,307.258791,405.27392019999996,37.362156,32.446815,0.0,0.0,0.0,383.345924,101.43542,0.0,590.740569,0.0,454.892544,517.902922,0.0,416.585006,50.426997920000005,0.0,0.0,479.865333
2024-12-19,99.276352,0.0,908.7959719999999,43.528123,0.0,3795.9648874,0.0,861.090674,471.26974349,321.765207,555.180467,530.633233,856.879586,186.415589,311.306986,421.5906344,24.438472,43.528123,0.0,0.0,0.0,385.8132,99.276352,0.0,587.030765,0.0,453.463959,475.277474,0.0,409.68326,37.14801149,0.0,0.0,480.494433
2024-12-20,103.601535,0.0,905.684663,43.510972,0.0,3864.9923076,0.0,822.8572340000001,459.08619608000004,321.297313,600.7577971000001,501.85721,900.032103,211.798678,301.740512,406.2286375,20.306637,43.510972,0.0,0.0,0.0,372.078748,103.601535,0.0,584.38735,0.0,462.804023,450.778486,0.0,408.41557,30.36398908,0.0,0.0,479.773347
2024-12-21,117.588388,0.0,899.7597969999999,43.511939,0.0,3919.5258778,0.0,862.573065,515.98105952,321.781886,612.7610459,482.180557,918.778942,198.121518,312.133028,411.84258289999997,47.551041,43.511939,0.0,0.0,0.0,388.219513,117.588388,0.0,577.977911,0.0,503.720026,474.353552,0.0,425.476014,42.954004520000005,0.0,0.0,479.988178
2024-12-22,109.951389,0.0,913.6179099999999,43.760708,0.0,3929.8820765,0.0,873.725617,506.981846,320.824167,615.515021,477.235495,925.593179,207.569476,303.940902,406.8363285,50.396453,43.760708,0.0,0.0,0.0,386.346312,109.951389,0.0,592.793743,0.0,513.403472,487.379305,0.0,414.142394,42.442999,0.0,0.0,479.788203
2024-12-23,89.163176,0.0,906.039337,27.417209,0.0,3933.0249644,0.0,876.450013,510.24889086,322.390761,587.6809544,481.826937,952.978047,200.789731,307.793705,421.85938,45.485858,27.417209,0.0,0.0,0.0,388.251319,89.163176,0.0,583.648576,0.0,500.266813,488.198694,0.0,421.187032,43.57600086,0.0,0.0,479.829397
2024-12-24,85.243568,0.0,891.0445930000001,27.418835,0.0,3965.7733715,0.0,900.773263,534.92184015,314.724796,617.1819022999999,526.105895,906.228219,229.173846,311.847841,370.5865262,57.152989,27.418835,0.0,0.0,0.0,383.393363,85.243568,0.0,576.319797,0.0,529.101734,517.3799,0.0,424.078856,53.68999515,0.0,0.0,475.547408
2024-12-25,94.278814,0.0,885.332397,27.411839,0.0,3907.2549729,0.0,865.841331,505.19958318000005,313.801641,635.5493167000001,475.3375,903.114448,211.37235,313.691774,376.29557919999996,46.987966,27.411839,0.0,0.0,0.0,383.470807,94.278814,0.0,571.530756,0.0,516.352927,482.370524,0.0,414.279627,43.93199018,0.0,0.0,475.541078
2024-12-26,88.122997,0.0,881.9395279999999,22.069813,0.0,3905.4657632,0.0,889.842493,502.38459148,312.866516,627.5932219,413.757741,945.92739,255.912068,275.550385,374.4266693,44.77223,22.069813,0.0,0.0,0.0,383.315527,88.122997,0.0,569.073012,0.0,536.847405,506.526966,0.0,413.351361,44.26100048,0.0,0.0,475.450883
2024-12-27,91.487213,0.0,883.852634,16.418356,0.0,3935.904596,0.0,884.0169430000001,546.0320439,312.82871,627.9253505,450.318613,937.264039,273.043187,261.183583,382.6198155,72.765033,16.418356,0.0,0.0,0.0,383.696641,91.487213,0.0,571.023924,0.0,530.151994,500.320302,0.0,414.67501,58.592000899999995,0.0,0.0,473.398014
2024-12-28,89.357709,0.0,899.22211,16.43298,0.0,3870.0888971,0.0,891.890801,516.32307369,312.168591,598.9134629,421.95226,920.620816,261.62683,289.497339,367.8505842,57.013707,16.43298,0.0,0.0,0.0,385.432446,89.357709,0.0,587.053519,0.0,534.119255,506.458355,0.0,409.198372,50.11099469,0.0,0.0,475.50835
2024-12-29,88.710062,0.0,906.186464,16.427436,0.0,3913.4528649000003,0.0,910.370608,516.00466131,311.846267,606.7379582000001,467.280595,867.658757,240.917151,289.827346,389.2468607,56.283195,16.427436,0.0,0.0,0.0,383.440584,88.710062,0.0,594.340197,0.0,576.053386,526.930024,0.0,409.424463,50.29700331,0.0,0.0,475.730811
2024-12-30,76.891818,0.0,905.8424049999999,21.971779,0.0,3870.0657766,0.0,921.27588,514.05558035,312.147322,593.0570377,416.802257,913.622142,222.693303,288.829486,410.96675689999995,56.028553,21.971779,0.0,0.0,0.0,383.383153,76.891818,0.0,593.695083,0.0,550.747855,537.892727,0.0,407.736035,50.29099235,0.0,0.0,473.346939
2024-12-31,76.840921,0.0,898.469805,16.424278,0.0,3929.8598017,0.0,917.9864930000001,499.26917197,312.960701,626.3936133999999,493.438038,890.803532,209.759307,303.505155,400.2211683,67.52906,16.424278,0.0,0.0,0.0,382.894966,76.840921,0.0,585.509104,0.0,535.526777,535.091527,0.0,388.500101,43.24001097,0.0,0.0,470.212211
