Date,Av_storage(bcm)
2015-01-01,71.27325714285715
2015-01-02,70.80740952380953
2015-01-03,70.40602857142856
2015-01-04,70.00232380952382
2015-01-05,69.43030476190476
2015-01-06,68.85337142857144
2015-01-07,68.24821904761905
2015-01-08,67.70755238095238
2015-01-09,67.28494285714285
2015-01-10,66.99357142857143
2015-01-11,66.62379047619048
2015-01-12,66.14121904761905
2015-01-13,65.66888571428571
2015-01-14,65.0971619047619
2015-01-15,64.5964761904762
2015-01-16,64.0499238095238
2015-01-17,63.55785714285714
2015-01-18,63.055885714285715
2015-01-19,62.35421904761905
2015-01-20,61.645247619047616
2015-01-21,60.94173333333333
2015-01-22,60.2169619047619
2015-01-23,59.48582857142857
2015-01-24,58.86152380952382
2015-01-25,58.26623809523809
2015-01-26,57.57882857142857
2015-01-27,56.8886
2015-01-28,56.200990476190476
2015-01-29,55.46913333333333
2015-01-30,54.75026666666666
2015-01-31,54.14613333333333
2015-02-01,53.53064761904763
2015-02-02,52.740342857142856
2015-02-03,51.903523809523804
2015-02-04,51.07444761904762
2015-02-05,50.242285714285714
2015-02-06,49.400780952380956
2015-02-07,48.63570476190476
2015-02-08,47.94240952380952
2015-02-09,47.17727619047619
2015-02-10,46.461666666666666
2015-02-11,45.72704761904762
2015-02-12,44.99983809523809
2015-02-13,44.35365714285714
2015-02-14,43.813809523809525
2015-02-15,43.30014285714286
2015-02-16,42.63957142857143
2015-02-17,41.96859047619048
2015-02-18,41.26179047619048
2015-02-19,40.579190476190476
2015-02-20,39.9192
2015-02-21,39.35525714285715
2015-02-22,38.84304761904762
2015-02-23,38.28033333333333
2015-02-24,37.7112
2015-02-25,37.161704761904765
2015-02-26,36.65345714285714
2015-02-27,36.13741904761905
2015-02-28,35.67869523809524
2015-03-01,35.2886
2015-03-02,34.84212380952381
2015-03-03,34.33938095238095
2015-03-04,33.83130476190476
2015-03-05,33.33861904761905
2015-03-06,32.95224761904762
2015-03-07,32.69851428571429
2015-03-08,32.502314285714284
2015-03-09,32.21197142857143
2015-03-10,31.965866666666663
2015-03-11,31.69769523809524
2015-03-12,31.395209523809523
2015-03-13,31.086657142857142
2015-03-14,30.797409523809524
2015-03-15,30.528
2015-03-16,30.215561904761906
2015-03-17,29.975209523809525
2015-03-18,29.737828571428572
2015-03-19,29.490342857142856
2015-03-20,29.221838095238095
2015-03-21,29.005866666666666
2015-03-22,28.76709523809524
2015-03-23,28.475133333333332
2015-03-24,28.214199999999998
2015-03-25,27.939333333333334
2015-03-26,27.6984
2015-03-27,27.468857142857143
2015-03-28,27.37544761904762
2015-03-29,27.323409523809524
2015-03-30,27.16191428571429
2015-03-31,26.96622857142857
2015-04-01,26.852228571428572
2015-04-02,26.670571428571428
2015-04-03,26.579400000000003
2015-04-04,26.54092380952381
2015-04-05,26.519104761904764
2015-04-06,26.492809523809527
2015-04-07,26.355133333333335
2015-04-08,26.25030476190476
2015-04-09,26.24169523809524
2015-04-10,26.25422857142857
2015-04-11,26.3104
2015-04-12,26.382695238095238
2015-04-13,26.38942857142857
2015-04-14,26.465019047619048
2015-04-15,26.56727619047619
2015-04-16,26.681142857142856
2015-04-17,26.77712380952381
2015-04-18,26.909019047619047
2015-04-19,27.02389523809524
2015-04-20,27.107828571428573
2015-04-21,27.217114285714285
2015-04-22,27.321514285714287
2015-04-23,27.431571428571427
2015-04-24,27.568857142857144
2015-04-25,27.760714285714286
2015-04-26,27.970057142857144
2015-04-27,28.050123809523807
2015-04-28,28.11837142857143
2015-04-29,28.17775238095238
2015-04-30,28.306580952380955
2015-05-01,28.541790476190478
2015-05-02,28.827323809523808
2015-05-03,29.13314285714286
2015-05-04,29.409019047619047
2015-05-05,29.706257142857144
2015-05-06,29.980733333333337
2015-05-07,30.221790476190478
2015-05-08,30.478561904761904
2015-05-09,30.835514285714286
2015-05-10,32.393
2015-05-11,32.71560952380952
2015-05-12,33.02920952380952
2015-05-13,33.331923809523815
2015-05-14,33.66544761904762
2015-05-15,33.9812380952381
2015-05-16,34.34535238095238
2015-05-17,34.732057142857144
2015-05-18,35.04450476190476
2015-05-19,35.30448571428571
2015-05-20,35.53534285714286
2015-05-21,35.77653333333333
2015-05-22,36.07350476190476
2015-05-23,36.44878095238095
2015-05-24,36.83428571428571
2015-05-25,37.20674285714286
2015-05-26,37.49234285714286
2015-05-27,37.761228571428575
2015-05-28,38.035133333333334
2015-05-29,38.34127619047619
2015-05-30,38.727476190476196
2015-05-31,39.123819047619044
2015-06-01,39.45303809523809
2015-06-02,39.766419047619046
2015-06-03,40.079971428571426
2015-06-04,40.407761904761905
2015-06-05,40.74408571428572
2015-06-06,41.13958095238095
2015-06-07,41.534171428571426
2015-06-08,41.85407619047619
2015-06-09,42.14913333333333
2015-06-10,42.45034285714286
2015-06-11,42.76708571428571
2015-06-12,43.10731428571429
2015-06-13,43.49438095238095
2015-06-14,43.894085714285715
2015-06-15,44.18940952380952
2015-06-16,44.46042857142857
2015-06-17,44.75116190476191
2015-06-18,45.07112380952381
2015-06-19,45.375438095238096
2015-06-20,45.715114285714286
2015-06-21,46.08218095238095
2015-06-22,46.366123809523806
2015-06-23,46.64424761904762
2015-06-24,46.90904761904762
2015-06-25,47.22658095238095
2015-06-26,47.59284761904762
2015-06-27,48.00391428571428
2015-06-28,48.43724761904762
2015-06-29,48.83254285714286
2015-06-30,49.218133333333334
2015-07-01,49.633895238095235
2015-07-02,50.01332380952381
2015-07-03,50.42545714285715
2015-07-04,50.88278095238095
2015-07-05,51.358809523809526
2015-07-06,51.728161904761905
2015-07-07,52.05146666666666
2015-07-08,52.410761904761905
2015-07-09,52.77981904761904
2015-07-10,53.18785714285714
2015-07-11,53.650619047619045
2015-07-12,54.114428571428576
2015-07-13,54.51786666666666
2015-07-14,54.91477142857143
2015-07-15,55.27695238095238
2015-07-16,55.649457142857145
2015-07-17,56.063942857142855
2015-07-18,56.544266666666665
2015-07-19,57.02584761904762
2015-07-20,57.427590476190474
2015-07-21,57.796638095238094
2015-07-22,58.13458095238095
2015-07-23,58.490161904761905
2015-07-24,58.88531428571429
2015-07-25,59.35210476190476
2015-07-26,59.81887619047619
2015-07-27,60.250438095238096
2015-07-28,60.656000000000006
2015-07-29,61.04891428571428
2015-07-30,61.41903809523809
2015-07-31,61.824647619047624
2015-08-01,62.28037142857143
2015-08-02,62.768409523809524
2015-08-03,63.22205714285714
2015-08-04,63.62464761904762
2015-08-05,64.02520952380952
2015-08-06,64.43461904761905
2015-08-07,64.79007619047619
2015-08-08,65.2338380952381
2015-08-09,65.67548571428571
2015-08-10,66.09584761904762
2015-08-11,66.42575238095239
2015-08-12,66.77751428571429
2015-08-13,67.12019047619047
2015-08-14,67.48828571428571
2015-08-15,67.89170476190476
2015-08-16,68.29385714285715
2015-08-17,68.61911428571429
2015-08-18,68.9219142857143
2015-08-19,69.23858095238094
2015-08-20,69.62793333333333
2015-08-21,70.05470476190476
2015-08-22,70.49282857142857
2015-08-23,70.92441904761905
2015-08-24,71.25692380952381
2015-08-25,71.54379999999999
2015-08-26,71.83078095238095
2015-08-27,72.13806666666667
2015-08-28,72.46060952380952
2015-08-29,72.84397142857144
2015-08-30,73.24274285714286
2015-08-31,73.58276190476191
2015-09-01,73.88800952380953
2015-09-02,74.17580000000001
2015-09-03,74.42558095238095
2015-09-04,74.71664761904762
2015-09-05,75.09950476190477
2015-09-06,75.47396190476191
2015-09-07,75.74092380952382
2015-09-08,75.99688571428571
2015-09-09,76.2148380952381
2015-09-10,76.45995238095239
2015-09-11,76.72171428571428
2015-09-12,77.0874761904762
2015-09-13,77.51233333333333
2015-09-14,77.84600952380953
2015-09-15,78.17292380952381
2015-09-16,78.46903809523809
2015-09-17,78.76530476190476
2015-09-18,79.06708571428571
2015-09-19,79.44767619047619
2015-09-20,79.83493333333334
2015-09-21,80.12746666666666
2015-09-22,80.36177142857143
2015-09-23,80.57728571428572
2015-09-24,80.73206666666667
2015-09-25,80.93787619047619
2015-09-26,81.2158761904762
2015-09-27,81.50130476190476
2015-09-28,81.69200952380953
2015-09-29,81.88147619047619
2015-09-30,82.02672380952382
2015-10-01,82.1799238095238
2015-10-02,82.34733333333334
2015-10-03,82.58091428571429
2015-10-04,82.83280952380953
2015-10-05,83.00245714285714
2015-10-06,83.20828571428572
2015-10-07,83.38352380952381
2015-10-08,83.52458095238096
2015-10-09,83.67722857142857
2015-10-10,83.87098095238096
2015-10-11,84.05213333333333
2015-10-12,84.10021904761905
2015-10-13,84.06104761904761
2015-10-14,83.99759999999999
2015-10-15,83.9086761904762
2015-10-16,83.84257142857143
2015-10-17,83.86738095238096
2015-10-18,83.90601904761904
2015-10-19,83.82701904761905
2015-10-20,83.7195619047619
2015-10-21,83.62945714285713
2015-10-22,83.55568571428572
2015-10-23,83.55372380952382
2015-10-24,83.6258380952381
2015-10-25,83.68891428571429
2015-10-26,83.6716
2015-10-27,83.6373619047619
2015-10-28,83.59877142857142
2015-10-29,83.69727619047619
2015-10-30,83.66726666666666
2015-10-31,83.82260952380952
2015-11-01,83.88940952380952
2015-11-02,83.7122380952381
2015-11-03,83.51972380952381
2015-11-04,83.35794285714286
2015-11-05,83.22272380952381
2015-11-06,83.1862
2015-11-07,83.24929523809524
2015-11-08,83.32295238095237
2015-11-09,83.2958
2015-11-10,83.25056190476191
2015-11-11,83.23552380952381
2015-11-12,83.15873333333333
2015-11-13,83.09789523809525
2015-11-14,83.00638095238095
2015-11-15,83.0348380952381
2015-11-16,82.94619047619047
2015-11-17,82.83467619047619
2015-11-18,82.75573333333334
2015-11-19,82.64161904761905
2015-11-20,82.56939047619048
2015-11-21,82.3893238095238
2015-11-22,82.09299047619048
2015-11-23,81.58982857142857
2015-11-24,81.07168571428572
2015-11-25,80.58886666666666
2015-11-26,80.09834285714285
2015-11-27,79.65626666666667
2015-11-28,79.30817142857143
2015-11-29,79.03026666666668
2015-11-30,78.5870761904762
2015-12-01,78.22692380952381
2015-12-02,77.87884761904762
2015-12-03,77.51085714285715
2015-12-04,77.1859619047619
2015-12-05,76.9453619047619
2015-12-06,76.73146666666666
2015-12-07,76.46090476190477
2015-12-08,76.17270476190477
2015-12-09,75.81377142857143
2015-12-10,75.38519047619047
2015-12-11,74.94659047619048
2015-12-12,74.62093333333334
2015-12-13,74.31378095238095
2015-12-14,73.87331428571429
2015-12-15,73.45733333333334
2015-12-16,73.09126666666667
2015-12-17,72.81888571428571
2015-12-18,72.5652
2015-12-19,72.43689523809523
2015-12-20,72.32348571428572
2015-12-21,72.07837142857143
2015-12-22,71.87762857142857
2015-12-23,71.67888571428571
2015-12-24,71.53916190476191
2015-12-25,71.43201904761905
2015-12-26,71.35447619047619
2015-12-27,71.2162476190476
2015-12-28,70.96219047619047
2015-12-29,70.66772380952382
2015-12-30,70.36644761904762
2015-12-31,70.53536190476191
2016-01-01,70.23741904761904
2016-01-02,69.87919047619047
2016-01-03,69.47619999999999
2016-01-04,68.90184761904762
2016-01-05,68.32793333333333
2016-01-06,67.80089523809524
2016-01-07,67.25653333333332
2016-01-08,66.75441904761904
2016-01-09,66.38206666666667
2016-01-10,66.05836190476191
2016-01-11,65.60604761904763
2016-01-12,65.19034285714285
2016-01-13,64.70979047619048
2016-01-14,64.1254
2016-01-15,63.50694285714286
2016-01-16,62.962
2016-01-17,62.37507619047619
2016-01-18,61.52396190476191
2016-01-19,60.66914285714285
2016-01-20,59.83955238095238
2016-01-21,59.01653333333333
2016-01-22,58.26108571428571
2016-01-23,57.71061904761905
2016-01-24,57.26697142857142
2016-01-25,56.80858095238095
2016-01-26,56.3994
2016-01-27,55.99329523809524
2016-01-28,55.59495238095238
2016-01-29,55.22590476190476
2016-01-30,54.92761904761905
2016-01-31,54.67304761904762
2016-02-01,54.37011428571429
2016-02-02,54.035695238095244
2016-02-03,53.61208571428572
2016-02-04,53.17962857142858
2016-02-05,52.800999999999995
2016-02-06,52.547133333333335
2016-02-07,52.30977142857143
2016-02-08,51.98156190476191
2016-02-09,51.630428571428574
2016-02-10,51.23651428571428
2016-02-11,50.809485714285714
2016-02-12,50.40604761904762
2016-02-13,50.1118
2016-02-14,49.83662857142857
2016-02-15,49.388580952380956
2016-02-16,48.874742857142856
2016-02-17,48.330914285714286
2016-02-18,47.809466666666665
2016-02-19,47.375485714285716
2016-02-20,47.11085714285714
2016-02-21,46.93835238095238
2016-02-22,46.684980952380954
2016-02-23,46.37393333333333
2016-02-24,45.99122857142857
2016-02-25,45.53496190476191
2016-02-26,45.08752380952381
2016-02-27,44.76450476190477
2016-02-28,44.46199047619048
2016-02-29,44.02637142857143
2016-03-01,43.571714285714286
2016-03-02,43.21091428571429
2016-03-03,42.771885714285716
2016-03-04,42.32803809523809
2016-03-05,41.99593333333333
2016-03-06,41.67134285714286
2016-03-07,41.187133333333335
2016-03-08,40.71386666666667
2016-03-09,40.26990476190476
2016-03-10,39.855180952380955
2016-03-11,39.46718095238095
2016-03-12,39.227780952380954
2016-03-13,38.99010476190476
2016-03-14,38.64199047619048
2016-03-15,38.24997142857143
2016-03-16,37.84347619047619
2016-03-17,37.495533333333334
2016-03-18,37.20262857142857
2016-03-19,37.03446666666667
2016-03-20,36.887390476190475
2016-03-21,36.61992380952381
2016-03-22,36.39503809523809
2016-03-23,36.16234285714286
2016-03-24,35.95876190476191
2016-03-25,35.830285714285715
2016-03-26,35.79714285714286
2016-03-27,35.79415238095238
2016-03-28,35.75486666666667
2016-03-29,35.64117142857143
2016-03-30,35.54370476190476
2016-03-31,35.51347619047619
2016-04-01,35.75049523809524
2016-04-02,35.890838095238095
2016-04-03,36.11060952380952
2016-04-04,36.26253333333333
2016-04-05,36.157695238095236
2016-04-06,38.12367619047619
2016-04-07,38.53875238095238
2016-04-08,38.59395238095238
2016-04-09,38.74628571428572
2016-04-10,38.96704761904762
2016-04-11,39.12493333333333
2016-04-12,39.27681904761905
2016-04-13,39.40187619047619
2016-04-14,39.52240952380952
2016-04-15,39.66947619047619
2016-04-16,39.88209523809524
2016-04-17,40.07687619047619
2016-04-18,40.18140952380953
2016-04-19,40.328114285714285
2016-04-20,40.497257142857144
2016-04-21,40.67950476190476
2016-04-22,40.869238095238096
2016-04-23,41.079704761904765
2016-04-24,41.25091428571428
2016-04-25,41.28553333333333
2016-04-26,41.20590476190476
2016-04-27,41.120914285714285
2016-04-28,41.04924761904762
2016-04-29,41.042095238095236
2016-04-30,41.08292380952381
2016-05-01,41.29513333333333
2016-05-02,41.49144761904762
2016-05-03,41.745266666666666
2016-05-04,42.027971428571426
2016-05-05,42.42223809523809
2016-05-06,42.82575238095238
2016-05-07,43.31371428571428
2016-05-08,43.78998095238095
2016-05-09,44.21225714285714
2016-05-10,44.62169523809524
2016-05-11,45.018438095238096
2016-05-12,45.41708571428571
2016-05-13,45.8206
2016-05-14,46.25185714285714
2016-05-15,46.629933333333334
2016-05-16,46.962361904761906
2016-05-17,47.242285714285714
2016-05-18,47.55654285714286
2016-05-19,47.88810476190476
2016-05-20,48.27359047619048
2016-05-21,48.750209523809524
2016-05-22,49.24142857142857
2016-05-23,49.60989523809524
2016-05-24,49.93444761904762
2016-05-25,50.27088571428571
2016-05-26,50.66067619047619
2016-05-27,51.04097142857143
2016-05-28,51.4368380952381
2016-05-29,51.847123809523815
2016-05-30,51.5128380952381
2016-05-31,51.94979047619048
2016-06-01,52.5841238095238
2016-06-02,52.81904761904762
2016-06-03,53.104800000000004
2016-06-04,53.484723809523814
2016-06-05,53.885961904761906
2016-06-06,54.196628571428576
2016-06-07,54.50785714285714
2016-06-08,55.01922857142857
2016-06-09,55.15109523809524
2016-06-10,55.50488571428571
2016-06-11,55.94493333333333
2016-06-12,56.39873333333333
2016-06-13,56.787190476190474
2016-06-14,57.143771428571426
2016-06-15,57.5312
2016-06-16,57.8979619047619
2016-06-17,58.3168380952381
2016-06-18,58.86051428571428
2016-06-19,59.34610476190476
2016-06-20,59.809428571428576
2016-06-21,60.236552380952375
2016-06-22,60.67037142857143
2016-06-23,61.098085714285716
2016-06-24,61.54920952380952
2016-06-25,62.082371428571435
2016-06-26,62.606495238095235
2016-06-27,63.05084761904762
2016-06-28,63.447028571428575
2016-06-29,63.83639047619048
2016-06-30,64.20471428571429
2016-07-01,64.62709523809524
2016-07-02,65.16177142857143
2016-07-03,65.75047619047619
2016-07-04,66.12609523809523
2016-07-05,66.55170476190476
2016-07-06,66.94304761904762
2016-07-07,67.32980952380952
2016-07-08,67.77911428571429
2016-07-09,68.3338380952381
2016-07-10,68.88402857142857
2016-07-11,69.23271428571428
2016-07-12,69.6208
2016-07-13,70.02877142857143
2016-07-14,70.4586
2016-07-15,70.93864761904763
2016-07-16,71.46521904761906
2016-07-17,72.01475238095239
2016-07-18,72.45733333333334
2016-07-19,72.9054761904762
2016-07-20,73.33239047619047
2016-07-21,73.73479047619047
2016-07-22,74.1779142857143
2016-07-23,74.72010476190476
2016-07-24,75.24550476190477
2016-07-25,75.65721904761905
2016-07-26,76.04459047619048
2016-07-27,76.41810476190476
2016-07-28,76.79480000000001
2016-07-29,77.2156
2016-07-30,77.69072380952382
2016-07-31,78.20901904761905
2016-08-01,78.61543809523809
2016-08-02,78.99664761904762
2016-08-03,79.41984761904762
2016-08-04,79.82521904761904
2016-08-05,80.22427619047619
2016-08-06,80.70761904761905
2016-08-07,81.21584761904762
2016-08-08,81.64730476190476
2016-08-09,81.96451428571429
2016-08-10,82.27851428571428
2016-08-11,82.60460952380951
2016-08-12,82.98068571428571
2016-08-13,83.4126
2016-08-14,83.82881904761905
2016-08-15,84.18925714285714
2016-08-16,84.49271428571429
2016-08-17,84.78844761904762
2016-08-18,85.10041904761904
2016-08-19,85.50414285714285
2016-08-20,85.94297142857143
2016-08-21,86.33729523809524
2016-08-22,86.62855238095237
2016-08-23,86.8916
2016-08-24,87.1446
2016-08-25,87.36647619047619
2016-08-26,87.64800952380952
2016-08-27,87.9529619047619
2016-08-28,88.31280952380952
2016-08-29,88.55024761904762
2016-08-30,88.78628571428571
2016-08-31,88.96999047619047
2016-09-01,89.08209523809523
2016-09-02,89.2841619047619
2016-09-03,89.59726666666667
2016-09-04,89.94423809523809
2016-09-05,90.14970476190476
2016-09-06,90.3655619047619
2016-09-07,90.49648571428573
2016-09-08,90.7274761904762
2016-09-09,90.93711428571429
2016-09-10,91.21978095238094
2016-09-11,91.53056190476191
2016-09-12,91.77471428571428
2016-09-13,91.97619047619048
2016-09-14,92.16350476190476
2016-09-15,92.35460952380951
2016-09-16,92.55271428571429
2016-09-17,92.82374285714286
2016-09-18,93.11618095238096
2016-09-19,93.29223809523809
2016-09-20,93.46670476190477
2016-09-21,93.68924761904762
2016-09-22,93.59310476190477
2016-09-23,93.81482857142858
2016-09-24,94.12136190476191
2016-09-25,94.429
2016-09-26,94.5809619047619
2016-09-27,94.7485142857143
2016-09-28,94.96288571428572
2016-09-29,95.12762857142857
2016-09-30,95.27346666666666
2016-10-01,95.71897142857144
2016-10-02,95.9249619047619
2016-10-03,96.06362857142857
2016-10-04,96.1924
2016-10-05,96.31762857142857
2016-10-06,96.34390476190477
2016-10-07,96.33530476190477
2016-10-08,96.42502857142857
2016-10-09,96.51264761904761
2016-10-10,96.4948380952381
2016-10-11,96.39184761904762
2016-10-12,96.28378095238095
2016-10-13,96.21152380952381
2016-10-14,96.16328571428572
2016-10-15,96.2697619047619
2016-10-16,96.44369523809524
2016-10-17,96.47491428571428
2016-10-18,96.46094285714285
2016-10-19,96.3921619047619
2016-10-20,96.28621904761906
2016-10-21,96.1915619047619
2016-10-22,96.16859047619047
2016-10-23,96.1683238095238
2016-10-24,96.0638
2016-10-25,95.97497142857144
2016-10-26,95.91142857142857
2016-10-27,95.84629523809524
2016-10-28,95.80886666666667
2016-10-29,95.89182857142858
2016-10-30,95.96186666666667
2016-10-31,95.8406
2016-11-01,95.7656
2016-11-02,95.57593333333332
2016-11-03,95.25021904761904
2016-11-04,94.9653619047619
2016-11-05,94.7920380952381
2016-11-06,94.61158095238095
2016-11-07,94.17440952380953
2016-11-08,93.65508571428572
2016-11-09,93.12382857142858
2016-11-10,92.63849523809525
2016-11-11,92.23700952380952
2016-11-12,91.84246666666667
2016-11-13,91.49007619047619
2016-11-14,90.99980952380953
2016-11-15,90.54902857142858
2016-11-16,90.19391428571429
2016-11-17,89.85912380952381
2016-11-18,89.52253333333333
2016-11-19,89.28550476190476
2016-11-20,89.10810476190476
2016-11-21,88.88084761904763
2016-11-22,88.6359619047619
2016-11-23,88.3259238095238
2016-11-24,87.99651428571428
2016-11-25,87.58605714285714
2016-11-26,87.26781904761904
2016-11-27,86.97806666666666
2016-11-28,86.39092380952381
2016-11-29,85.62794285714286
2016-11-30,84.85634285714285
2016-12-01,84.24428571428572
2016-12-02,83.62527619047619
2016-12-03,83.08878095238094
2016-12-04,82.5078380952381
2016-12-05,81.71950476190476
2016-12-06,80.93327619047619
2016-12-07,80.24655238095238
2016-12-08,79.68382857142858
2016-12-09,79.17944761904762
2016-12-10,78.80825714285714
2016-12-11,78.45181904761905
2016-12-12,77.84887619047619
2016-12-13,77.23688571428572
2016-12-14,76.62008571428571
2016-12-15,75.9726
2016-12-16,75.3146380952381
2016-12-17,74.76228571428571
2016-12-18,74.23252380952381
2016-12-19,73.51327619047619
2016-12-20,72.73884761904762
2016-12-21,72.05727619047619
2016-12-22,71.43888571428572
2016-12-23,70.92693333333334
2016-12-24,70.65938095238096
2016-12-25,70.52617142857143
2016-12-26,70.2919619047619
2016-12-27,69.83381904761904
2016-12-28,69.30047619047619
2016-12-29,68.70585714285714
2016-12-30,68.10255238095239
2016-12-31,67.59957142857142
2017-01-01,67.22970476190476
2017-01-02,66.63002857142858
2017-01-03,65.86874285714286
2017-01-04,65.10256190476191
2017-01-05,64.21649523809523
2017-01-06,63.29454285714286
2017-01-07,62.58272380952381
2017-01-08,61.882952380952375
2017-01-09,61.07739047619047
2017-01-10,60.28298095238095
2017-01-11,59.518457142857145
2017-01-12,58.77579047619048
2017-01-13,57.993209523809526
2017-01-14,57.37701904761905
2017-01-15,56.7544
2017-01-16,55.885238095238094
2017-01-17,54.9161238095238
2017-01-18,53.93539047619048
2017-01-19,52.95907619047619
2017-01-20,52.045990476190475
2017-01-21,51.31868571428571
2017-01-22,50.56224761904762
2017-01-23,49.62450476190477
2017-01-24,48.7166
2017-01-25,47.80392380952381
2017-01-26,46.89774285714286
2017-01-27,46.0731619047619
2017-01-28,45.49270476190476
2017-01-29,44.93512380952381
2017-01-30,44.29624761904762
2017-01-31,43.628209523809524
2017-02-01,43.14449523809524
2017-02-02,42.68313333333334
2017-02-03,42.28731428571429
2017-02-04,41.97964761904762
2017-02-05,41.657000000000004
2017-02-06,41.10855238095238
2017-02-07,40.52547619047619
2017-02-08,39.87668571428571
2017-02-09,39.11507619047619
2017-02-10,38.339285714285715
2017-02-11,37.75892380952381
2017-02-12,37.332409523809524
2017-02-13,36.76177142857143
2017-02-14,36.16323809523809
2017-02-15,35.698209523809524
2017-02-16,35.23735238095238
2017-02-17,34.811457142857144
2017-02-18,34.54102857142857
2017-02-19,34.26342857142858
2017-02-20,33.8136
2017-02-21,33.52432380952381
2017-02-22,33.24592380952381
2017-02-23,32.92406666666667
2017-02-24,32.5126
2017-02-25,32.21279047619048
2017-02-26,32.014409523809526
2017-02-27,31.721790476190478
2017-02-28,31.342161904761902
2017-03-01,30.992828571428568
2017-03-02,30.677257142857144
2017-03-03,30.40809523809524
2017-03-04,30.315714285714286
2017-03-05,30.20992380952381
2017-03-06,29.9196
2017-03-07,29.567419047619047
2017-03-08,29.30535238095238
2017-03-09,29.124304761904764
2017-03-10,28.976666666666667
2017-03-11,28.931800000000003
2017-03-12,28.88932380952381
2017-03-13,28.6134
2017-03-14,28.422942857142857
2017-03-15,28.276314285714285
2017-03-16,28.186180952380955
2017-03-17,28.098057142857144
2017-03-18,28.121209523809522
2017-03-19,28.184285714285714
2017-03-20,28.072180952380954
2017-03-21,28.032714285714285
2017-03-22,27.88817142857143
2017-03-23,27.786495238095238
2017-03-24,27.71671428571429
2017-03-25,27.76002857142857
2017-03-26,27.818190476190477
2017-03-27,27.719561904761907
2017-03-28,27.678114285714287
2017-03-29,27.70230476190476
2017-03-30,27.799076190476192
2017-03-31,27.654761904761905
2017-04-01,27.969304761904763
2017-04-02,28.47069523809524
2017-04-03,28.652209523809525
2017-04-04,28.830647619047618
2017-04-05,28.96749523809524
2017-04-06,29.055495238095236
2017-04-07,29.160152380952383
2017-04-08,29.38144761904762
2017-04-09,29.710876190476192
2017-04-10,29.922514285714286
2017-04-11,30.1132
2017-04-12,30.290409523809526
2017-04-13,30.45552380952381
2017-04-14,30.671552380952384
2017-04-15,30.957104761904763
2017-04-16,31.20413333333333
2017-04-17,31.427533333333333
2017-04-18,31.514914285714287
2017-04-19,31.426209523809522
2017-04-20,31.350247619047618
2017-04-21,31.38472380952381
2017-04-22,31.580038095238095
2017-04-23,31.78132380952381
2017-04-24,31.9196
2017-04-25,31.494771428571433
2017-04-26,32.014161904761906
2017-04-27,32.02107619047619
2017-04-28,32.063228571428574
2017-04-29,32.230399999999996
2017-04-30,32.53978095238095
2017-05-01,32.7901619047619
2017-05-02,32.93530476190476
2017-05-03,33.12280952380952
2017-05-04,33.319209523809526
2017-05-05,33.5243619047619
2017-05-06,33.800914285714285
2017-05-07,34.11407619047619
2017-05-08,34.26600952380952
2017-05-09,34.34251428571429
2017-05-10,34.474361904761906
2017-05-11,34.67569523809524
2017-05-12,34.94095238095238
2017-05-13,35.28967619047619
2017-05-14,35.661409523809525
2017-05-15,35.955104761904764
2017-05-16,36.26031428571429
2017-05-17,36.60182857142858
2017-05-18,36.94350476190476
2017-05-19,37.29494285714286
2017-05-20,37.73194285714286
2017-05-21,38.21509523809524
2017-05-22,38.61705714285714
2017-05-23,39.020828571428574
2017-05-24,39.427885714285715
2017-05-25,39.894866666666665
2017-05-26,40.38888571428571
2017-05-27,40.947895238095235
2017-05-28,41.508409523809526
2017-05-29,41.929895238095234
2017-05-30,42.335704761904765
2017-05-31,42.697314285714285
2017-06-01,43.134238095238096
2017-06-02,43.614876190476195
2017-06-03,44.17938095238095
2017-06-04,44.75194285714286
2017-06-05,45.24899047619048
2017-06-06,45.65572380952381
2017-06-07,46.05222857142857
2017-06-08,46.40334285714285
2017-06-09,46.826542857142854
2017-06-10,47.31288571428571
2017-06-11,47.85737142857143
2017-06-12,48.2715619047619
2017-06-13,48.63095238095238
2017-06-14,48.95884761904762
2017-06-15,49.28358095238096
2017-06-16,49.611038095238094
2017-06-17,49.983533333333334
2017-06-18,50.35287619047619
2017-06-19,50.59484761904762
2017-06-20,50.80184761904762
2017-06-21,51.0002380952381
2017-06-22,51.33407619047619
2017-06-23,51.591409523809524
2017-06-24,51.9938
2017-06-25,52.408142857142856
2017-06-26,52.751171428571425
2017-06-27,53.01016190476191
2017-06-28,53.286952380952386
2017-06-29,53.68981904761905
2017-06-30,54.041895238095236
2017-07-01,54.51473333333334
2017-07-02,55.014409523809526
2017-07-03,55.56665714285714
2017-07-04,55.86076190476191
2017-07-05,56.29060952380952
2017-07-06,56.63864761904762
2017-07-07,56.90424761904762
2017-07-08,57.41518095238096
2017-07-09,58.0024
2017-07-10,58.371676190476194
2017-07-11,58.69162857142857
2017-07-12,58.88715238095239
2017-07-13,59.231276190476194
2017-07-14,59.71567619047619
2017-07-15,60.17581904761904
2017-07-16,60.678619047619044
2017-07-17,60.96684761904761
2017-07-18,61.28061904761905
2017-07-19,61.64624761904762
2017-07-20,62.10850476190477
2017-07-21,62.50985714285715
2017-07-22,63.039695238095234
2017-07-23,63.5649619047619
2017-07-24,63.95901904761905
2017-07-25,64.37908571428572
2017-07-26,64.80661904761905
2017-07-27,65.23766666666667
2017-07-28,65.71813333333333
2017-07-29,66.25687619047619
2017-07-30,66.82863809523809
2017-07-31,67.36881904761906
2017-08-01,67.6779142857143
2017-08-02,68.04064761904762
2017-08-03,68.46600000000001
2017-08-04,68.93272380952381
2017-08-05,69.45830476190476
2017-08-06,69.99737142857143
2017-08-07,70.46581904761905
2017-08-08,70.85270476190476
2017-08-09,71.24848571428572
2017-08-10,71.66109523809524
2017-08-11,72.1337238095238
2017-08-12,72.6975619047619
2017-08-13,73.10695238095238
2017-08-14,73.78000952380953
2017-08-15,74.25689523809524
2017-08-16,74.80088571428571
2017-08-17,75.30184761904762
2017-08-18,75.80854285714285
2017-08-19,76.32917142857143
2017-08-20,76.83110476190475
2017-08-21,77.22355238095238
2017-08-22,77.63940952380952
2017-08-23,78.05879047619048
2017-08-24,78.46575238095238
2017-08-25,78.90972380952381
2017-08-26,79.44686666666666
2017-08-27,79.98183809523809
2017-08-28,80.42818095238096
2017-08-29,80.85072380952381
2017-08-30,81.2522380952381
2017-08-31,81.62266666666667
2017-09-01,81.94685714285714
2017-09-02,82.4013619047619
2017-09-03,82.88759999999999
2017-09-04,83.2506380952381
2017-09-05,83.58384761904762
2017-09-06,83.94638095238095
2017-09-07,84.30337142857142
2017-09-08,84.6592380952381
2017-09-09,85.07999047619047
2017-09-10,85.53668571428572
2017-09-11,85.80260952380952
2017-09-12,86.03029523809523
2017-09-13,86.23433333333334
2017-09-14,86.40873333333333
2017-09-15,86.52554285714285
2017-09-16,86.75998095238094
2017-09-17,86.98661904761904
2017-09-18,87.04480000000001
2017-09-19,87.11572380952381
2017-09-20,87.20644761904762
2017-09-21,86.30984761904763
2017-09-22,86.51450476190476
2017-09-23,86.8544
2017-09-24,87.22071428571428
2017-09-25,87.38793333333334
2017-09-26,87.59978095238095
2017-09-27,87.77049523809524
2017-09-28,88.00087619047619
2017-09-29,88.27360952380953
2017-09-30,88.58969523809523
2017-10-01,88.91689523809524
2017-10-02,89.2507619047619
2017-10-03,89.46065714285714
2017-10-04,89.60442857142857
2017-10-05,89.91289523809525
2017-10-06,90.03971428571428
2017-10-07,90.24719999999999
2017-10-08,90.45494285714285
2017-10-09,90.51502857142857
2017-10-10,90.53667619047619
2017-10-11,90.59681904761905
2017-10-12,90.7552
2017-10-13,90.94279047619048
2017-10-14,91.29985714285715
2017-10-15,91.66278095238096
2017-10-16,91.89017142857143
2017-10-17,92.08015238095238
2017-10-18,92.21606666666666
2017-10-19,92.38546666666667
2017-10-20,92.55389523809524
2017-10-21,92.81281904761904
2017-10-22,93.04738095238095
2017-10-23,93.10929523809524
2017-10-24,93.20224761904763
2017-10-25,93.33860952380952
2017-10-26,93.40274285714285
2017-10-27,93.47941904761905
2017-10-28,93.64530476190477
2017-10-29,93.7933238095238
2017-10-30,93.72420952380952
2017-10-31,93.6396380952381
2017-11-01,93.60245714285713
2017-11-02,93.47801904761904
2017-11-03,93.4111238095238
2017-11-04,93.42678095238095
2017-11-05,93.4214380952381
2017-11-06,93.18238095238095
2017-11-07,92.89069523809523
2017-11-08,92.56424761904762
2017-11-09,92.35515238095238
2017-11-10,92.10075238095239
2017-11-11,91.95679047619048
2017-11-12,91.79791428571428
2017-11-13,91.47175238095238
2017-11-14,90.9906761904762
2017-11-15,90.59197142857143
2017-11-16,90.25413333333333
2017-11-17,89.88115238095239
2017-11-18,89.6032
2017-11-19,89.30614285714286
2017-11-20,88.90193333333333
2017-11-21,88.5405619047619
2017-11-22,88.27272380952381
2017-11-23,87.98035238095238
2017-11-24,87.63110476190477
2017-11-25,87.37154285714286
2017-11-26,87.0818761904762
2017-11-27,86.5337619047619
2017-11-28,85.95375238095238
2017-11-29,85.29699047619047
2017-11-30,84.56082857142857
2017-12-01,83.89829523809524
2017-12-02,83.30233333333334
2017-12-03,82.77322857142858
2017-12-04,82.1399619047619
2017-12-05,81.55592380952382
2017-12-06,80.99984761904761
2017-12-07,80.37265714285715
2017-12-08,79.78617142857144
2017-12-09,79.18769523809524
2017-12-10,78.57144761904762
2017-12-11,77.8258857142857
2017-12-12,76.95048571428572
2017-12-13,76.15322857142857
2017-12-14,75.48640952380953
2017-12-15,74.93035238095237
2017-12-16,74.3750380952381
2017-12-17,73.85003809523809
2017-12-18,73.09586666666667
2017-12-19,72.31811428571429
2017-12-20,71.59879047619047
2017-12-21,70.99810476190476
2017-12-22,70.47657142857143
2017-12-23,70.23569523809523
2017-12-24,70.07426666666667
2017-12-25,69.88775238095238
2017-12-26,69.60780952380952
2017-12-27,69.22969523809523
2017-12-28,68.72730476190476
2017-12-29,68.26658095238095
2017-12-30,68.04298095238094
2017-12-31,67.94190476190477
2018-01-01,67.7485142857143
2018-01-02,67.40508571428572
2018-01-03,67.01649523809523
2018-01-04,66.65822857142857
2018-01-05,66.2942
2018-01-06,65.99388571428571
2018-01-07,65.57984761904761
2018-01-08,64.93819047619047
2018-01-09,64.31366666666666
2018-01-10,63.72517142857142
2018-01-11,63.116638095238095
2018-01-12,62.515028571428566
2018-01-13,62.00939047619048
2018-01-14,61.49955238095239
2018-01-15,60.80891428571429
2018-01-16,60.14355238095238
2018-01-17,59.41350476190477
2018-01-18,58.69611428571429
2018-01-19,57.966923809523806
2018-01-20,57.36381904761905
2018-01-21,56.83378095238095
2018-01-22,56.1786380952381
2018-01-23,55.628104761904765
2018-01-24,55.15699047619048
2018-01-25,54.56502857142858
2018-01-26,53.96319047619048
2018-01-27,53.551590476190476
2018-01-28,53.256752380952385
2018-01-29,52.79164761904762
2018-01-30,52.23349523809524
2018-01-31,51.67361904761905
2018-02-01,51.08128571428572
2018-02-02,50.45914285714286
2018-02-03,49.913752380952374
2018-02-04,49.32468571428572
2018-02-05,48.46022857142857
2018-02-06,47.52464761904762
2018-02-07,46.58245714285714
2018-02-08,45.6746
2018-02-09,44.84598095238095
2018-02-10,44.276161904761906
2018-02-11,43.771295238095234
2018-02-12,43.01560952380952
2018-02-13,42.23975238095238
2018-02-14,41.55634285714286
2018-02-15,40.88111428571429
2018-02-16,40.24998095238095
2018-02-17,39.74319047619048
2018-02-18,39.23252380952381
2018-02-19,38.501285714285714
2018-02-20,37.77349523809524
2018-02-21,36.98791428571429
2018-02-22,36.162838095238094
2018-02-23,35.35220952380952
2018-02-24,34.63690476190476
2018-02-25,33.86189523809524
2018-02-26,32.805980952380956
2018-02-27,31.723190476190478
2018-02-28,30.576695238095237
2018-03-01,29.574038095238095
2018-03-02,28.60884761904762
2018-03-03,27.8012
2018-03-04,27.245371428571428
2018-03-05,26.65215238095238
2018-03-06,26.104942857142856
2018-03-07,25.159761904761904
2018-03-08,25.08259047619048
2018-03-09,24.733590476190475
2018-03-10,24.598095238095237
2018-03-11,24.53298095238095
2018-03-12,24.314609523809526
2018-03-13,24.082838095238095
2018-03-14,23.864190476190476
2018-03-15,23.605742857142857
2018-03-16,23.364809523809523
2018-03-17,22.995533333333334
2018-03-18,22.519457142857142
2018-03-19,21.90224761904762
2018-03-20,21.338266666666666
2018-03-21,20.81227619047619
2018-03-22,20.334333333333333
2018-03-23,19.957552380952382
2018-03-24,19.774761904761903
2018-03-25,19.705695238095238
2018-03-26,19.470295238095236
2018-03-27,19.200114285714285
2018-03-28,18.97102857142857
2018-03-29,18.79018095238095
2018-03-30,18.714142857142857
2018-03-31,18.513
2018-04-01,18.68907619047619
2018-04-02,18.713085714285715
2018-04-03,18.75722857142857
2018-04-04,18.84090476190476
2018-04-05,18.84792380952381
2018-04-06,18.949390476190477
2018-04-07,19.18970476190476
2018-04-08,19.486295238095238
2018-04-09,19.66104761904762
2018-04-10,19.777514285714286
2018-04-11,19.864580952380955
2018-04-12,19.92769523809524
2018-04-13,20.056390476190476
2018-04-14,20.33497142857143
2018-04-15,20.727685714285716
2018-04-16,20.947285714285712
2018-04-17,21.241
2018-04-18,21.623466666666666
2018-04-19,22.020257142857144
2018-04-20,22.42807619047619
2018-04-21,22.93477142857143
2018-04-22,23.500409523809523
2018-04-23,23.912914285714287
2018-04-24,24.2346
2018-04-25,24.582961904761905
2018-04-26,24.937838095238096
2018-04-27,25.26807619047619
2018-04-28,25.68904761904762
2018-04-29,26.12587619047619
2018-04-30,26.426419047619046
2018-05-01,26.906666666666666
2018-05-02,27.126038095238094
2018-05-03,27.3118
2018-05-04,27.63204761904762
2018-05-05,28.0424
2018-05-06,28.451304761904762
2018-05-07,28.900142857142857
2018-05-08,29.339609523809525
2018-05-09,29.75972380952381
2018-05-10,30.215038095238096
2018-05-11,30.68517142857143
2018-05-12,31.191990476190476
2018-05-13,31.593533333333333
2018-05-14,32.096133333333334
2018-05-15,32.49830476190476
2018-05-16,32.895961904761904
2018-05-17,33.287752380952384
2018-05-18,33.64986666666667
2018-05-19,34.111980952380954
2018-05-20,34.61613333333334
2018-05-21,35.11349523809524
2018-05-22,35.548342857142856
2018-05-23,35.96417142857143
2018-05-24,36.30105714285714
2018-05-25,36.739561904761906
2018-05-26,37.285219047619044
2018-05-27,37.843066666666665
2018-05-28,38.303200000000004
2018-05-29,38.696485714285714
2018-05-30,39.069495238095236
2018-05-31,39.421304761904764
2018-06-01,39.76768571428571
2018-06-02,40.25230476190476
2018-06-03,40.736980952380954
2018-06-04,41.12313333333333
2018-06-05,41.426457142857146
2018-06-06,41.7626
2018-06-07,42.11011428571429
2018-06-08,42.47846666666667
2018-06-09,42.959561904761905
2018-06-10,43.465561904761906
2018-06-11,43.86071428571429
2018-06-12,44.22234285714286
2018-06-13,44.650980952380955
2018-06-14,45.101552380952384
2018-06-15,45.459876190476194
2018-06-16,45.95699047619048
2018-06-17,46.45762857142857
2018-06-18,46.84722857142857
2018-06-19,47.20650476190476
2018-06-20,47.54606666666667
2018-06-21,47.89081904761905
2018-06-22,47.54530476190477
2018-06-23,48.026761904761905
2018-06-24,48.50573333333333
2018-06-25,49.605599999999995
2018-06-26,49.97749523809524
2018-06-27,50.3168380952381
2018-06-28,50.69228571428572
2018-06-29,51.108752380952374
2018-06-30,51.580485714285714
2018-07-01,52.10379999999999
2018-07-02,52.531666666666666
2018-07-03,52.930257142857144
2018-07-04,53.377228571428574
2018-07-05,53.77673333333333
2018-07-06,54.21470476190476
2018-07-07,54.76324761904762
2018-07-08,55.30612380952381
2018-07-09,55.69906666666667
2018-07-10,55.96371428571429
2018-07-11,56.32024761904762
2018-07-12,56.663
2018-07-13,57.030057142857146
2018-07-14,57.55282857142858
2018-07-15,58.080885714285714
2018-07-16,58.485057142857144
2018-07-17,58.74971428571428
2018-07-18,59.108514285714286
2018-07-19,59.41226666666667
2018-07-20,59.74671428571429
2018-07-21,60.19942857142858
2018-07-22,60.6656
2018-07-23,61.02040952380952
2018-07-24,61.33394285714286
2018-07-25,61.66002857142857
2018-07-26,61.99335238095238
2018-07-27,62.348838095238094
2018-07-28,62.81478095238096
2018-07-29,63.300266666666666
2018-07-30,63.72596190476191
2018-07-31,64.17114285714285
2018-08-01,64.58465714285714
2018-08-02,64.96919047619048
2018-08-03,65.36775238095238
2018-08-04,65.86814285714286
2018-08-05,66.37748571428571
2018-08-06,66.76152380952381
2018-08-07,67.20324761904762
2018-08-08,67.60933333333334
2018-08-09,68.0367619047619
2018-08-10,68.51732380952382
2018-08-11,69.05384761904762
2018-08-12,69.57766666666667
2018-08-13,70.00465714285714
2018-08-14,70.44670476190475
2018-08-15,70.94834285714285
2018-08-16,71.41313333333333
2018-08-17,71.90954285714285
2018-08-18,72.44220952380952
2018-08-19,72.97217142857143
2018-08-20,73.35528571428571
2018-08-21,73.74272380952381
2018-08-22,74.12250476190476
2018-08-23,74.49059047619048
2018-08-24,74.83411428571428
2018-08-25,75.3376
2018-08-26,75.81377142857143
2018-08-27,76.223
2018-08-28,76.5634761904762
2018-08-29,76.89008571428572
2018-08-30,77.20138095238096
2018-08-31,77.47392380952381
2018-09-01,77.9471619047619
2018-09-02,78.36494285714286
2018-09-03,78.64732380952381
2018-09-04,78.92202857142857
2018-09-05,79.20917142857142
2018-09-06,79.4874380952381
2018-09-07,79.7762857142857
2018-09-08,80.14876190476191
2018-09-09,80.55317142857143
2018-09-10,80.90240952380952
2018-09-11,81.20731428571428
2018-09-12,81.47765714285714
2018-09-13,81.64402857142856
2018-09-14,82.07577142857143
2018-09-15,82.5150380952381
2018-09-16,82.97506666666666
2018-09-17,83.2998
2018-09-18,83.64550476190476
2018-09-19,83.98800952380952
2018-09-20,84.27839047619048
2018-09-21,84.61974285714285
2018-09-22,84.94973333333334
2018-09-23,85.28324761904761
2018-09-24,85.49969523809524
2018-09-25,85.68117142857143
2018-09-26,85.88766666666668
2018-09-27,86.1432380952381
2018-09-28,86.39271428571429
2018-09-29,86.6785619047619
2018-09-30,86.96947619047619
2018-10-01,87.10559047619047
2018-10-02,87.2616761904762
2018-10-03,87.42731428571429
2018-10-04,87.57230476190476
2018-10-05,87.77568571428571
2018-10-06,88.07542857142857
2018-10-07,88.36239047619048
2018-10-08,88.53024761904761
2018-10-09,88.67580952380952
2018-10-10,88.87556190476191
2018-10-11,89.14218095238095
2018-10-12,89.46751428571429
2018-10-13,89.90361904761906
2018-10-14,90.29184761904762
2018-10-15,90.54195238095238
2018-10-16,90.7713238095238
2018-10-17,90.95362857142857
2018-10-18,91.11120952380952
2018-10-19,91.27206666666667
2018-10-20,91.54768571428572
2018-10-21,91.80498095238096
2018-10-22,91.90008571428572
2018-10-23,91.98881904761905
2018-10-24,92.0611619047619
2018-10-25,92.10192380952381
2018-10-26,92.11675238095238
2018-10-27,92.16123809523809
2018-10-28,92.14694285714286
2018-10-29,91.99917142857143
2018-10-30,92.0450380952381
2018-10-31,91.92419047619047
2018-11-01,91.91725714285715
2018-11-02,91.93134285714285
2018-11-03,91.95840952380952
2018-11-04,91.99788571428572
2018-11-05,91.98171428571429
2018-11-06,91.99612380952381
2018-11-07,91.9527619047619
2018-11-08,91.81300952380953
2018-11-09,91.80008571428571
2018-11-10,91.86040952380952
2018-11-11,91.95641904761905
2018-11-12,91.90899047619048
2018-11-13,91.81662857142858
2018-11-14,91.70877142857142
2018-11-15,91.54329523809524
2018-11-16,91.29450476190476
2018-11-17,91.07473333333334
2018-11-18,90.82025714285714
2018-11-19,90.39257142857143
2018-11-20,89.85707619047619
2018-11-21,89.31811428571429
2018-11-22,88.76455238095238
2018-11-23,88.27915238095238
2018-11-24,87.95949523809524
2018-11-25,87.67621904761904
2018-11-26,86.76431428571429
2018-11-27,86.74962857142857
2018-11-28,86.34310476190477
2018-11-29,85.98370476190476
2018-11-30,85.59547619047619
2018-12-01,85.30366666666666
2018-12-02,85.18472380952382
2018-12-03,84.95157142857143
2018-12-04,84.59562857142858
2018-12-05,84.18417142857143
2018-12-06,83.41694285714286
2018-12-07,83.64587619047619
2018-12-08,83.5132
2018-12-09,83.3626761904762
2018-12-10,82.9058380952381
2018-12-11,82.37344761904762
2018-12-12,81.28130476190476
2018-12-13,81.06618095238095
2018-12-14,80.33784761904762
2018-12-15,79.73898095238096
2018-12-16,79.16222857142857
2018-12-17,78.56653333333334
2018-12-18,77.96071428571429
2018-12-19,77.39831428571429
2018-12-20,76.8766
2018-12-21,76.54244761904762
2018-12-22,76.35295238095239
2018-12-23,76.1463619047619
2018-12-24,75.89387619047619
2018-12-25,75.67396190476191
2018-12-26,75.3756
2018-12-27,74.9676380952381
2018-12-28,74.58429523809524
2018-12-29,74.36310476190476
2018-12-30,74.21553333333334
2018-12-31,73.99562857142857
2019-01-01,73.93510476190475
2019-01-02,73.5446
2019-01-03,72.94140952380953
2019-01-04,72.37366666666667
2019-01-05,71.93853333333334
2019-01-06,71.53194285714287
2019-01-07,71.01295238095238
2019-01-08,70.52848571428571
2019-01-09,69.88606666666666
2019-01-10,69.16301904761904
2019-01-11,68.67633333333333
2019-01-12,68.40614285714285
2019-01-13,68.23026666666667
2019-01-14,67.38424761904761
2019-01-15,66.91001904761904
2019-01-16,66.34549523809524
2019-01-17,65.74657142857143
2019-01-18,65.04614285714285
2019-01-19,64.40655238095239
2019-01-20,63.74244761904762
2019-01-21,62.91322857142857
2019-01-22,62.040800000000004
2019-01-23,60.72468571428571
2019-01-24,60.27902857142857
2019-01-25,59.508714285714284
2019-01-26,59.02813333333333
2019-01-27,58.60712380952381
2019-01-28,57.9378
2019-01-29,57.21871428571429
2019-01-30,56.4579619047619
2019-01-31,55.69868571428571
2019-02-01,55.045752380952386
2019-02-02,54.55660952380952
2019-02-03,54.08550476190476
2019-02-04,53.436771428571426
2019-02-05,52.81409523809524
2019-02-06,51.86609523809524
2019-02-07,51.78764761904762
2019-02-08,51.36209523809524
2019-02-09,51.07089523809524
2019-02-10,50.793733333333336
2019-02-11,50.24921904761905
2019-02-12,49.77312380952381
2019-02-13,49.28446666666667
2019-02-14,48.87214285714286
2019-02-15,48.53745714285714
2019-02-16,48.36301904761905
2019-02-17,47.852466666666665
2019-02-18,47.966657142857144
2019-02-19,47.68881904761905
2019-02-20,47.38457142857143
2019-02-21,45.990761904761904
2019-02-22,46.12139047619048
2019-02-23,45.932895238095234
2019-02-24,45.744600000000005
2019-02-25,45.45957142857143
2019-02-26,45.277409523809524
2019-02-27,45.08950476190476
2019-02-28,44.88825714285714
2019-03-01,44.76580952380952
2019-03-02,44.79945714285714
2019-03-03,44.83924761904762
2019-03-04,44.757733333333334
2019-03-05,44.63211428571429
2019-03-06,44.55615238095238
2019-03-07,44.47475238095238
2019-03-08,44.41227619047619
2019-03-09,44.445238095238096
2019-03-10,44.47002857142857
2019-03-11,44.30114285714286
2019-03-12,44.07929523809524
2019-03-13,43.870285714285714
2019-03-14,43.705914285714286
2019-03-15,43.65185714285714
2019-03-16,43.67305714285714
2019-03-17,43.718199999999996
2019-03-18,43.528285714285715
2019-03-19,43.31377142857143
2019-03-20,43.15712380952381
2019-03-21,43.08094285714286
2019-03-22,43.12128571428572
2019-03-23,43.29454285714286
2019-03-24,43.31093333333333
2019-03-25,43.54034285714286
2019-03-26,43.488885714285715
2019-03-27,43.40937142857143
2019-03-28,43.385419047619045
2019-03-29,43.47445714285715
2019-03-30,43.682276190476195
2019-03-31,42.00711428571429
2019-04-01,42.47940952380952
2019-04-02,44.28909523809524
2019-04-03,44.359
2019-04-04,44.24111428571429
2019-04-05,44.282895238095236
2019-04-06,44.52240952380952
2019-04-07,44.817485714285716
2019-04-08,44.981076190476195
2019-04-09,45.10945714285714
2019-04-10,45.18770476190476
2019-04-11,45.21579047619048
2019-04-12,45.195933333333336
2019-04-13,45.289161904761905
2019-04-14,44.09906666666667
2019-04-15,45.553133333333335
2019-04-16,45.74627619047619
2019-04-17,46.01038095238095
2019-04-18,46.40402857142857
2019-04-19,46.90327619047619
2019-04-20,47.456914285714284
2019-04-21,48.07041904761905
2019-04-22,48.683457142857144
2019-04-23,49.158371428571435
2019-04-24,49.6444761904762
2019-04-25,50.09458095238095
2019-04-26,50.545971428571434
2019-04-27,50.99892380952381
2019-04-28,51.38312380952381
2019-04-29,51.65271428571429
2019-04-30,51.95748571428571
2019-05-01,52.42497142857143
2019-05-02,52.8046380952381
2019-05-03,53.174152380952385
2019-05-04,53.55766666666667
2019-05-05,53.8926380952381
2019-05-06,54.07801904761905
2019-05-07,54.31552380952381
2019-05-08,54.604980952380956
2019-05-09,54.8790380952381
2019-05-10,55.17357142857143
2019-05-11,55.55362857142857
2019-05-12,55.933952380952384
2019-05-13,56.20468571428571
2019-05-14,56.47185714285715
2019-05-15,56.7034
2019-05-16,56.960171428571435
2019-05-17,57.28200952380952
2019-05-18,57.74297142857143
2019-05-19,58.2104
2019-05-20,58.59968571428571
2019-05-21,59.00237142857143
2019-05-22,59.41737142857143
2019-05-23,59.84838095238096
2019-05-24,60.32564761904762
2019-05-25,60.84805714285714
2019-05-26,61.464819047619045
2019-05-27,61.886028571428575
2019-05-28,62.23654285714286
2019-05-29,62.643047619047614
2019-05-30,63.137295238095234
2019-05-31,63.65785714285715
2019-06-01,64.24202857142856
2019-06-02,64.85161904761905
2019-06-03,65.3394
2019-06-04,65.78871428571429
2019-06-05,66.2058380952381
2019-06-06,66.66432380952381
2019-06-07,67.12830476190477
2019-06-08,67.64543809523809
2019-06-09,68.1573619047619
2019-06-10,68.62425714285715
2019-06-11,69.02488571428572
2019-06-12,69.43911428571428
2019-06-13,69.86235238095239
2019-06-14,70.27750476190477
2019-06-15,70.79526666666666
2019-06-16,71.29022857142857
2019-06-17,71.73848571428572
2019-06-18,72.12695238095237
2019-06-19,72.50215238095238
2019-06-20,72.91575238095238
2019-06-21,73.33008571428572
2019-06-22,73.8241238095238
2019-06-23,74.3728
2019-06-24,74.7876380952381
2019-06-25,75.20678095238095
2019-06-26,75.62134285714285
2019-06-27,76.02478095238095
2019-06-28,76.43602857142858
2019-06-29,76.9136380952381
2019-06-30,77.38411428571428
2019-07-01,77.7796761904762
2019-07-02,78.08917142857142
2019-07-03,78.41568571428571
2019-07-04,78.74145714285714
2019-07-05,79.08614285714286
2019-07-06,79.55543809523809
2019-07-07,80.02074285714286
2019-07-08,80.33481904761905
2019-07-09,80.58370476190477
2019-07-10,80.89249523809524
2019-07-11,81.2158
2019-07-12,81.5889619047619
2019-07-13,82.03077142857143
2019-07-14,82.49024761904762
2019-07-15,82.8314761904762
2019-07-16,83.08460952380953
2019-07-17,83.33086666666667
2019-07-18,83.60386666666666
2019-07-19,83.88014285714286
2019-07-20,84.26500952380952
2019-07-21,84.6696
2019-07-22,84.97152380952382
2019-07-23,85.28473333333334
2019-07-24,85.5653619047619
2019-07-25,85.85804761904762
2019-07-26,86.12639999999999
2019-07-27,86.5006
2019-07-28,86.91600952380952
2019-07-29,87.23625714285714
2019-07-30,87.57944761904761
2019-07-31,87.94922857142858
2019-08-01,88.15729523809524
2019-08-02,88.47064761904761
2019-08-03,88.8384
2019-08-04,89.22485714285715
2019-08-05,89.54889523809524
2019-08-06,89.86487619047618
2019-08-07,90.21166666666666
2019-08-08,90.53957142857142
2019-08-09,90.94193333333334
2019-08-10,91.3402
2019-08-11,91.758
2019-08-12,92.07161904761904
2019-08-13,92.3614380952381
2019-08-14,92.67105714285715
2019-08-15,93.03609523809524
2019-08-16,93.39427619047619
2019-08-17,93.80351428571429
2019-08-18,94.2612
2019-08-19,94.65520952380952
2019-08-20,94.9631619047619
2019-08-21,95.28806666666667
2019-08-22,95.60614285714286
2019-08-23,95.78059047619047
2019-08-24,96.0972
2019-08-25,96.43197142857143
2019-08-26,96.66922857142856
2019-08-27,96.84010476190477
2019-08-28,97.01320952380952
2019-08-29,97.21065714285714
2019-08-30,97.43987619047618
2019-08-31,97.66189523809524
2019-09-01,98.27814285714285
2019-09-02,98.50883809523809
2019-09-03,98.6798
2019-09-04,98.87909523809523
2019-09-05,99.05408571428572
2019-09-06,99.21180952380952
2019-09-07,99.37415238095238
2019-09-08,99.5487142857143
2019-09-09,99.65906666666667
2019-09-10,99.79855238095239
2019-09-11,99.97177142857143
2019-09-12,100.15509523809524
2019-09-13,100.32715238095237
2019-09-14,100.57556190476191
2019-09-15,100.83650476190476
2019-09-16,101.05259047619049
2019-09-17,101.19963809523809
2019-09-18,101.29533333333335
2019-09-19,101.34698095238095
2019-09-20,101.44308571428571
2019-09-21,101.6609619047619
2019-09-22,101.88079047619047
2019-09-23,101.99213333333334
2019-09-24,102.12099047619049
2019-09-25,102.17332380952381
2019-09-26,102.28792380952382
2019-09-27,102.43609523809523
2019-09-28,102.65480952380953
2019-09-29,102.89445714285715
2019-09-30,102.89305714285713
2019-10-01,103.18037142857143
2019-10-02,103.31007619047618
2019-10-03,103.32790476190476
2019-10-04,103.33539047619048
2019-10-05,103.46033333333332
2019-10-06,103.61527619047618
2019-10-07,103.56200952380952
2019-10-08,103.5686380952381
2019-10-09,103.5756
2019-10-10,104.20176190476191
2019-10-11,104.26266666666668
2019-10-12,104.39446666666667
2019-10-13,104.58712380952382
2019-10-14,104.64793333333334
2019-10-15,104.70472380952381
2019-10-16,104.75365714285714
2019-10-17,104.78659047619047
2019-10-18,104.79595238095239
2019-10-19,104.89557142857142
2019-10-20,104.87085714285715
2019-10-21,104.8926
2019-10-22,104.88585714285715
2019-10-23,104.82312380952382
2019-10-24,104.87257142857143
2019-10-25,104.92064761904761
2019-10-26,105.07740952380952
2019-10-27,105.19635238095238
2019-10-28,105.1940761904762
2019-10-29,105.08619047619047
2019-10-30,104.9711238095238
2019-10-31,104.58671428571428
2019-11-01,104.65368571428573
2019-11-02,104.79349523809523
2019-11-03,104.9222
2019-11-04,104.96870476190476
2019-11-05,104.95465714285713
2019-11-06,104.92155238095239
2019-11-07,104.89898095238095
2019-11-08,104.81942857142857
2019-11-09,104.81561904761905
2019-11-10,104.79154285714287
2019-11-11,104.6542857142857
2019-11-12,104.47469523809525
2019-11-13,104.27357142857143
2019-11-14,104.04892380952381
2019-11-15,103.89628571428572
2019-11-16,103.75834285714286
2019-11-17,103.6508380952381
2019-11-18,103.40466666666667
2019-11-19,103.06022857142857
2019-11-20,102.60301904761904
2019-11-21,102.22045714285716
2019-11-22,101.99460952380953
2019-11-23,101.97303809523808
2019-11-24,101.96560952380952
2019-11-25,101.82052380952382
2019-11-26,101.74713333333334
2019-11-27,101.6907142857143
2019-11-28,101.65610476190477
2019-11-29,101.59940952380951
2019-11-30,101.32476190476191
2019-12-01,101.36139047619046
2019-12-02,100.99908571428571
2019-12-03,100.66011428571429
2019-12-04,100.26582857142856
2019-12-05,99.8412
2019-12-06,99.5494
2019-12-07,99.40743809523809
2019-12-08,99.39096190476191
2019-12-09,99.10116190476191
2019-12-10,98.72601904761905
2019-12-11,98.27907619047619
2019-12-12,97.80799047619047
2019-12-13,97.44361904761905
2019-12-14,97.28295238095238
2019-12-15,97.16180952380952
2019-12-16,96.8884380952381
2019-12-17,96.65605714285714
2019-12-18,96.46093333333333
2019-12-19,96.38762857142858
2019-12-20,96.3272
2019-12-21,96.35702857142857
2019-12-22,96.39073333333333
2019-12-23,96.3872380952381
2019-12-24,96.39182857142858
2019-12-25,96.40045714285714
2019-12-26,96.35724761904761
2019-12-27,96.19359999999999
2019-12-28,95.99819047619047
2019-12-29,95.75460000000001
2019-12-30,95.42742857142858
2019-12-31,95.1275619047619
2020-01-01,94.75669523809523
2020-01-02,94.24985714285715
2020-01-03,93.82175238095239
2020-01-04,93.41966666666667
2020-01-05,92.99462857142856
2020-01-06,92.43238095238095
2020-01-07,91.827
2020-01-08,91.25653333333332
2020-01-09,90.71782857142857
2020-01-10,90.2590380952381
2020-01-11,89.79667619047619
2020-01-12,89.34774285714286
2020-01-13,88.80735238095238
2020-01-14,88.24069523809524
2020-01-15,87.67234285714287
2020-01-16,87.08206666666668
2020-01-17,86.48250476190476
2020-01-18,85.8855619047619
2020-01-19,85.23134285714285
2020-01-20,84.49635238095237
2020-01-21,83.66990476190476
2020-01-22,82.85327619047618
2020-01-23,82.05382857142857
2020-01-24,81.2576380952381
2020-01-25,80.6020380952381
2020-01-26,80.04047619047618
2020-01-27,79.38351428571428
2020-01-28,78.59887619047619
2020-01-29,77.9102761904762
2020-01-30,77.38687619047619
2020-01-31,76.91351428571429
2020-02-01,76.71874285714286
2020-02-02,76.50658095238096
2020-02-03,76.10995238095238
2020-02-04,75.62292380952381
2020-02-05,75.02912380952381
2020-02-06,74.34904761904761
2020-02-07,73.7968380952381
2020-02-08,73.36671428571428
2020-02-09,73.05919047619048
2020-02-10,72.69328571428571
2020-02-11,72.1922380952381
2020-02-12,71.65689523809523
2020-02-13,71.08879047619048
2020-02-14,70.62326666666667
2020-02-15,70.40907619047618
2020-02-16,70.25037142857143
2020-02-17,69.91087619047619
2020-02-18,69.50460952380952
2020-02-19,69.05338095238096
2020-02-20,68.67823809523809
2020-02-21,68.28626666666666
2020-02-22,68.0552
2020-02-23,67.8756380952381
2020-02-24,67.55203809523809
2020-02-25,67.2135619047619
2020-02-26,66.6602761904762
2020-02-27,66.07221904761904
2020-02-28,65.58518095238095
2020-02-29,65.35755238095237
2020-03-01,65.17701904761904
2020-03-02,64.7105619047619
2020-03-03,64.25429523809524
2020-03-04,63.75785714285714
2020-03-05,63.29148571428571
2020-03-06,62.90307619047619
2020-03-07,62.706
2020-03-08,62.548990476190475
2020-03-09,62.18324761904761
2020-03-10,61.92438095238096
2020-03-11,61.768752380952385
2020-03-12,61.63113333333333
2020-03-13,61.379533333333335
2020-03-14,61.22297142857143
2020-03-15,61.1692380952381
2020-03-16,60.982323809523805
2020-03-17,60.852504761904754
2020-03-18,60.74610476190477
2020-03-19,60.638533333333335
2020-03-20,60.58231428571428
2020-03-21,60.63544761904762
2020-03-22,60.54547619047619
2020-03-23,60.283638095238096
2020-03-24,60.02943809523809
2020-03-25,59.745485714285714
2020-03-26,59.48299047619048
2020-03-27,59.340847619047615
2020-03-28,59.308028571428565
2020-03-29,59.20016190476191
2020-03-30,58.99043809523809
2020-03-31,58.64820952380952
2020-04-01,58.75035238095238
2020-04-02,58.74774285714286
2020-04-03,58.75296190476191
2020-04-04,58.91914285714285
2020-04-05,59.15792380952381
2020-04-06,59.36994285714286
2020-04-07,59.606114285714284
2020-04-08,59.897619047619045
2020-04-09,60.245057142857135
2020-04-10,60.618495238095235
2020-04-11,61.03022857142857
2020-04-12,61.52041904761904
2020-04-13,61.81637142857143
2020-04-14,62.10407619047619
2020-04-15,62.331723809523815
2020-04-16,62.63923809523809
2020-04-17,62.969752380952386
2020-04-18,63.38302857142857
2020-04-19,63.80957142857143
2020-04-20,64.10278095238095
2020-04-21,64.46864761904762
2020-04-22,64.19632380952382
2020-04-23,65.17400952380952
2020-04-24,65.55877142857143
2020-04-25,65.96186666666667
2020-04-26,66.34297142857142
2020-04-27,66.66069523809524
2020-04-28,66.9426380952381
2020-04-29,67.27980952380952
2020-04-30,67.61235238095239
2020-05-01,68.21527619047619
2020-05-02,68.60359047619048
2020-05-03,68.98421904761905
2020-05-04,69.33029523809525
2020-05-05,69.64318095238096
2020-05-06,69.95436190476191
2020-05-07,70.30815238095238
2020-05-08,70.75162857142857
2020-05-09,71.28145714285714
2020-05-10,71.72606666666667
2020-05-11,72.07910476190476
2020-05-12,72.23448571428571
2020-05-13,72.44120000000001
2020-05-14,72.67162857142857
2020-05-15,72.92801904761905
2020-05-16,73.32079999999999
2020-05-17,73.75734285714286
2020-05-18,74.12418095238095
2020-05-19,74.4442
2020-05-20,74.69206666666666
2020-05-21,75.09100952380952
2020-05-22,75.56728571428572
2020-05-23,76.03034285714286
2020-05-24,76.44807619047619
2020-05-25,76.80036190476191
2020-05-26,77.0942
2020-05-27,77.31099999999999
2020-05-28,77.56564761904762
2020-05-29,77.83654285714286
2020-05-30,78.18381904761905
2020-05-31,78.54986666666666
2020-06-01,78.90209523809524
2020-06-02,79.17157142857143
2020-06-03,79.43815238095237
2020-06-04,79.72001904761905
2020-06-05,80.00737142857143
2020-06-06,80.37000952380951
2020-06-07,80.73618095238096
2020-06-08,80.96373333333334
2020-06-09,81.12518095238094
2020-06-10,81.29448571428571
2020-06-11,81.54309523809523
2020-06-12,81.83111428571429
2020-06-13,82.22007619047619
2020-06-14,82.60180952380952
2020-06-15,82.81176190476191
2020-06-16,83.01104761904762
2020-06-17,83.19959047619048
2020-06-18,83.42044761904762
2020-06-19,83.66288571428571
2020-06-20,84.0242
2020-06-21,84.41475238095238
2020-06-22,84.6982380952381
2020-06-23,84.9416
2020-06-24,85.16820952380952
2020-06-25,85.39614285714285
2020-06-26,85.66818095238095
2020-06-27,86.03279047619047
2020-06-28,86.42084761904762
2020-06-29,86.6951142857143
2020-06-30,86.80118095238096
2020-07-01,87.13228571428571
2020-07-02,87.33917142857142
2020-07-03,87.6569142857143
2020-07-04,88.06289523809524
2020-07-05,88.47945714285714
2020-07-06,88.70428571428572
2020-07-07,88.83999047619048
2020-07-08,88.94739047619048
2020-07-09,89.06354285714285
2020-07-10,89.26622857142857
2020-07-11,89.60794285714286
2020-07-12,90.00699047619048
2020-07-13,90.28674285714285
2020-07-14,90.37171428571429
2020-07-15,90.34018095238096
2020-07-16,90.4132
2020-07-17,90.49542857142858
2020-07-18,90.63294285714285
2020-07-19,90.81715238095238
2020-07-20,90.90727619047618
2020-07-21,90.9384380952381
2020-07-22,90.98547619047619
2020-07-23,91.03300952380953
2020-07-24,91.11038095238095
2020-07-25,91.16640952380952
2020-07-26,91.49390476190476
2020-07-27,91.7172
2020-07-28,92.00941904761905
2020-07-29,92.20474285714286
2020-07-30,92.36935238095238
2020-07-31,92.21121904761905
2020-08-01,92.79950476190477
2020-08-02,93.10730476190477
2020-08-03,93.31181904761904
2020-08-04,93.50907619047618
2020-08-05,93.6796761904762
2020-08-06,93.87909523809523
2020-08-07,94.11335238095238
2020-08-08,94.42993333333334
2020-08-09,94.77648571428571
2020-08-10,94.90492380952381
2020-08-11,95.15706666666667
2020-08-12,95.36037142857143
2020-08-13,95.55920952380953
2020-08-14,95.80099047619048
2020-08-15,96.09447619047619
2020-08-16,96.40859047619048
2020-08-17,96.63542857142858
2020-08-18,96.83739047619048
2020-08-19,97.0325619047619
2020-08-20,97.2200380952381
2020-08-21,97.47497142857144
2020-08-22,97.79729523809523
2020-08-23,98.10877142857143
2020-08-24,98.23618095238096
2020-08-25,98.38629523809524
2020-08-26,98.51482857142858
2020-08-27,98.5799619047619
2020-08-28,98.53660952380952
2020-08-29,98.6818857142857
2020-08-30,98.84160952380952
2020-08-31,98.58550476190476
2020-09-01,98.60477142857144
2020-09-02,98.89367619047619
2020-09-03,99.0540761904762
2020-09-04,99.21825714285714
2020-09-05,99.47821904761906
2020-09-06,99.72671428571428
2020-09-07,99.85245714285715
2020-09-08,99.97117142857144
2020-09-09,100.10913333333333
2020-09-10,100.22004761904762
2020-09-11,100.3760380952381
2020-09-12,100.65742857142857
2020-09-13,100.94754285714286
2020-09-14,101.09404761904761
2020-09-15,101.21045714285715
2020-09-16,101.31909523809524
2020-09-17,101.28063809523809
2020-09-18,101.43448571428573
2020-09-19,101.64071428571428
2020-09-20,101.85343809523809
2020-09-21,101.94288571428572
2020-09-22,102.03261904761905
2020-09-23,102.1297904761905
2020-09-24,102.26185714285714
2020-09-25,102.38698095238095
2020-09-26,102.53950476190477
2020-09-27,102.66839047619048
2020-09-28,102.60970476190477
2020-09-29,102.56222857142856
2020-09-30,102.45678095238095
2020-10-01,102.48859047619048
2020-10-02,102.6454
2020-10-03,102.86400952380953
2020-10-04,103.09796190476192
2020-10-05,103.15714285714287
2020-10-06,103.22748571428572
2020-10-07,103.2747619047619
2020-10-08,103.32157142857143
2020-10-09,103.38305714285714
2020-10-10,103.63532380952381
2020-10-11,103.74642857142858
2020-10-12,103.68349523809523
2020-10-13,103.56645714285713
2020-10-14,103.44279047619048
2020-10-15,103.26618095238096
2020-10-16,103.07955238095238
2020-10-17,102.83454285714285
2020-10-18,102.95010476190477
2020-10-19,102.81311428571429
2020-10-20,102.7162857142857
2020-10-21,102.67214285714284
2020-10-22,102.61638095238095
2020-10-23,102.56985714285715
2020-10-24,102.70186666666666
2020-10-25,102.82128571428571
2020-10-26,102.8084
2020-10-27,102.64481904761905
2020-10-28,102.55840952380952
2020-10-29,102.46458095238094
2020-10-30,102.50629523809523
2020-10-31,102.62469523809523
2020-11-01,102.81913333333333
2020-11-02,102.8825238095238
2020-11-03,102.77802857142858
2020-11-04,102.57779047619049
2020-11-05,102.34967619047617
2020-11-06,102.19279047619048
2020-11-07,102.13284761904762
2020-11-08,102.10940952380952
2020-11-09,101.91107619047618
2020-11-10,101.62141904761904
2020-11-11,101.41203809523809
2020-11-12,101.20361904761904
2020-11-13,101.00693333333332
2020-11-14,100.99180952380952
2020-11-15,101.02437142857144
2020-11-16,100.87117142857144
2020-11-17,100.70453333333333
2020-11-18,100.58317142857143
2020-11-19,100.36792380952382
2020-11-20,100.03721904761903
2020-11-21,99.81904761904761
2020-11-22,99.56673333333335
2020-11-23,99.18405714285716
2020-11-24,98.76100952380953
2020-11-25,98.24571428571429
2020-11-26,97.68495238095238
2020-11-27,97.1201619047619
2020-11-28,96.64989523809524
2020-11-29,96.17245714285714
2020-11-30,95.58292380952382
2020-12-01,94.95821904761904
2020-12-02,94.23468571428572
2020-12-03,93.52868571428571
2020-12-04,92.89451428571428
2020-12-05,92.42441904761905
2020-12-06,91.95199047619047
2020-12-07,91.3049238095238
2020-12-08,90.69804761904763
2020-12-09,89.93400952380952
2020-12-10,89.23781904761906
2020-12-11,88.58638095238095
2020-12-12,88.0945619047619
2020-12-13,87.70386666666666
2020-12-14,87.22570476190477
2020-12-15,86.69456190476191
2020-12-16,86.21447619047619
2020-12-17,85.7604857142857
2020-12-18,85.36400952380953
2020-12-19,85.09951428571428
2020-12-20,84.79937142857143
2020-12-21,84.37979047619048
2020-12-22,84.02546666666666
2020-12-23,83.78257142857143
2020-12-24,83.56625714285714
2020-12-25,83.25114285714285
2020-12-26,82.93419999999999
2020-12-27,82.5264
2020-12-28,81.97413333333333
2020-12-29,81.41473333333333
2020-12-30,80.84900952380951
2020-12-31,79.0741238095238
2021-01-01,78.66529523809524
2021-01-02,78.10194285714286
2021-01-03,77.49657142857143
2021-01-04,76.68421904761905
2021-01-05,75.80499047619048
2021-01-06,74.96394285714285
2021-01-07,74.02264761904762
2021-01-08,73.0706380952381
2021-01-09,72.23110476190476
2021-01-10,71.41339047619047
2021-01-11,70.4500380952381
2021-01-12,69.51874285714287
2021-01-13,68.62728571428572
2021-01-14,67.66746666666667
2021-01-15,66.64022857142857
2021-01-16,65.7317238095238
2021-01-17,64.86400952380953
2021-01-18,63.873533333333334
2021-01-19,63.00714285714286
2021-01-20,62.3008
2021-01-21,61.69012380952381
2021-01-22,61.055552380952385
2021-01-23,60.47484761904762
2021-01-24,59.87146666666666
2021-01-25,59.02427619047619
2021-01-26,58.19200952380953
2021-01-27,57.352314285714286
2021-01-28,56.651476190476195
2021-01-29,56.06517142857143
2021-01-30,55.5198
2021-01-31,54.903
2021-02-01,54.190200000000004
2021-02-02,53.55442857142857
2021-02-03,53.054095238095236
2021-02-04,52.5052
2021-02-05,51.99117142857143
2021-02-06,51.56434285714286
2021-02-07,50.9958
2021-02-08,50.11076190476191
2021-02-09,49.1608380952381
2021-02-10,48.193533333333335
2021-02-11,47.23741904761905
2021-02-12,46.259342857142855
2021-02-13,45.34161904761905
2021-02-14,44.518009523809525
2021-02-15,43.673009523809526
2021-02-16,43.032961904761905
2021-02-17,42.53081904761905
2021-02-18,42.056752380952375
2021-02-19,41.60257142857143
2021-02-20,41.32503809523809
2021-02-21,41.11489523809524
2021-02-22,40.73037142857143
2021-02-23,40.4245619047619
2021-02-24,40.22291428571428
2021-02-25,39.9562380952381
2021-02-26,39.69536190476191
2021-02-27,39.48215238095238
2021-02-28,39.227066666666666
2021-03-01,38.848419047619046
2021-03-02,38.49858095238095
2021-03-03,38.14927619047619
2021-03-04,37.74652380952381
2021-03-05,37.310847619047614
2021-03-06,36.9732
2021-03-07,36.62808571428572
2021-03-08,36.143438095238096
2021-03-09,35.66397142857143
2021-03-10,35.31575238095238
2021-03-11,35.102380952380955
2021-03-12,34.93284761904762
2021-03-13,34.81832380952381
2021-03-14,34.67479047619048
2021-03-15,34.449380952380956
2021-03-16,34.150038095238095
2021-03-17,33.82618095238095
2021-03-18,33.43355238095238
2021-03-19,33.082857142857144
2021-03-20,32.84137142857143
2021-03-21,32.6687619047619
2021-03-22,32.33848571428572
2021-03-23,32.078276190476195
2021-03-24,31.897809523809524
2021-03-25,31.783009523809525
2021-03-26,31.802704761904764
2021-03-27,31.843609523809523
2021-03-28,31.900238095238095
2021-03-29,31.917190476190473
2021-03-30,32.097904761904765
2021-03-31,32.18096190476191
2021-04-01,32.66688571428571
2021-04-02,32.859342857142856
2021-04-03,33.07149523809524
2021-04-04,33.28122857142857
2021-04-05,33.36855238095238
2021-04-06,33.18205714285715
2021-04-07,32.88095238095238
2021-04-08,32.61742857142857
2021-04-09,32.45449523809524
2021-04-10,32.411476190476186
2021-04-11,32.42436190476191
2021-04-12,32.14624761904762
2021-04-13,31.825066666666668
2021-04-14,31.52461904761905
2021-04-15,31.267609523809526
2021-04-16,31.118771428571428
2021-04-17,31.10867619047619
2021-04-18,31.145142857142858
2021-04-19,31.091838095238092
2021-04-20,31.08732380952381
2021-04-21,31.153790476190476
2021-04-22,31.223733333333332
2021-04-23,31.31277142857143
2021-04-24,31.569190476190474
2021-04-25,31.82192380952381
2021-04-26,31.920628571428573
2021-04-27,32.00136190476191
2021-04-28,32.104933333333335
2021-04-29,32.20280952380953
2021-04-30,32.00508571428571
2021-05-01,32.2321619047619
2021-05-02,32.462161904761906
2021-05-03,32.566428571428574
2021-05-04,32.6955619047619
2021-05-05,32.72570476190476
2021-05-06,32.722942857142854
2021-05-07,32.773019047619044
2021-05-08,33.07266666666666
2021-05-09,33.50499047619047
2021-05-10,33.899609523809524
2021-05-11,34.231723809523814
2021-05-12,34.53548571428571
2021-05-13,34.88979047619048
2021-05-14,35.21733333333333
2021-05-15,35.5698
2021-05-16,35.93234285714286
2021-05-17,36.15474285714286
2021-05-18,36.30578095238095
2021-05-19,36.478047619047615
2021-05-20,36.75170476190476
2021-05-21,37.084314285714285
2021-05-22,37.463942857142854
2021-05-23,37.862704761904766
2021-05-24,38.20435238095238
2021-05-25,38.4536
2021-05-26,38.65694285714286
2021-05-27,38.827980952380955
2021-05-28,39.094790476190475
2021-05-29,39.531419047619046
2021-05-30,39.989647619047616
2021-05-31,40.23940952380953
2021-06-01,40.63407619047619
2021-06-02,41.08044761904762
2021-06-03,41.51260952380952
2021-06-04,41.932428571428574
2021-06-05,42.38939047619048
2021-06-06,42.85709523809524
2021-06-07,43.19817142857143
2021-06-08,43.52947619047619
2021-06-09,43.768504761904765
2021-06-10,44.083980952380955
2021-06-11,44.42385714285714
2021-06-12,44.88926666666667
2021-06-13,45.379285714285714
2021-06-14,45.759
2021-06-15,46.07197142857143
2021-06-16,46.3716380952381
2021-06-17,46.66778095238095
2021-06-18,47.03330476190476
2021-06-19,47.455666666666666
2021-06-20,47.8821619047619
2021-06-21,48.20179047619048
2021-06-22,48.41423809523809
2021-06-23,48.62808571428572
2021-06-24,48.8596
2021-06-25,49.13489523809523
2021-06-26,49.52794285714286
2021-06-27,49.95175238095238
2021-06-28,50.27075238095238
2021-06-29,50.57594285714286
2021-06-30,50.868895238095234
2021-07-01,51.183723809523805
2021-07-02,51.45920952380952
2021-07-03,51.90657142857143
2021-07-04,52.37746666666666
2021-07-05,52.773561904761905
2021-07-06,53.062580952380955
2021-07-07,53.30582857142857
2021-07-08,53.54536190476191
2021-07-09,53.8564
2021-07-10,54.291761904761906
2021-07-11,54.73674285714286
2021-07-12,55.04869523809524
2021-07-13,55.22091428571429
2021-07-14,55.40539047619048
2021-07-15,55.573971428571426
2021-07-16,55.82933333333333
2021-07-17,56.14640952380952
2021-07-18,56.474485714285706
2021-07-19,56.70992380952381
2021-07-20,56.9067619047619
2021-07-21,57.09244761904762
2021-07-22,57.27892380952382
2021-07-23,57.63618095238095
2021-07-24,58.083104761904764
2021-07-25,58.52426666666667
2021-07-26,58.873504761904755
2021-07-27,59.223980952380956
2021-07-28,59.59568571428571
2021-07-29,59.97125714285715
2021-07-30,60.339400000000005
2021-07-31,60.75454285714285
2021-08-01,61.10919047619047
2021-08-02,61.490180952380946
2021-08-03,61.81219047619048
2021-08-04,62.12297142857143
2021-08-05,62.449504761904755
2021-08-06,62.849999999999994
2021-08-07,63.26781904761905
2021-08-08,63.68366666666667
2021-08-09,64.00962857142856
2021-08-10,64.35764761904763
2021-08-11,64.65754285714286
2021-08-12,64.98180952380952
2021-08-13,65.34006666666667
2021-08-14,65.77065714285715
2021-08-15,66.1909619047619
2021-08-16,66.5544761904762
2021-08-17,66.8649238095238
2021-08-18,67.19002857142857
2021-08-19,67.52060952380953
2021-08-20,67.88792380952381
2021-08-21,68.28045714285714
2021-08-22,68.68004761904761
2021-08-23,69.0342380952381
2021-08-24,69.39039047619048
2021-08-25,69.72909523809524
2021-08-26,70.06541904761905
2021-08-27,70.43807619047618
2021-08-28,70.84290476190476
2021-08-29,71.2605619047619
2021-08-30,71.59758095238095
2021-08-31,71.79049523809525
2021-09-01,72.27639047619047
2021-09-02,72.49694285714286
2021-09-03,72.73879047619047
2021-09-04,73.05711428571428
2021-09-05,73.41822857142857
2021-09-06,73.6492
2021-09-07,73.83480952380953
2021-09-08,74.05917142857143
2021-09-09,74.28935238095238
2021-09-10,74.50849523809524
2021-09-11,74.81474285714286
2021-09-12,75.1312761904762
2021-09-13,75.31225714285713
2021-09-14,75.45898095238095
2021-09-15,75.57698095238095
2021-09-16,75.70681904761905
2021-09-17,75.92480952380953
2021-09-18,76.23793333333333
2021-09-19,76.56019047619047
2021-09-20,76.75515238095238
2021-09-21,76.92802857142857
2021-09-22,77.09425714285715
2021-09-23,77.33573333333334
2021-09-24,77.59748571428571
2021-09-25,77.97850476190476
2021-09-26,78.39115238095238
2021-09-27,78.68404761904762
2021-09-28,78.93098095238095
2021-09-29,79.19637142857144
2021-09-30,79.44350476190476
2021-10-01,79.68147619047619
2021-10-02,79.93699047619047
2021-10-03,80.26331428571429
2021-10-04,80.4482380952381
2021-10-05,80.68354285714285
2021-10-06,80.80117142857142
2021-10-07,80.86205714285714
2021-10-08,80.97973333333333
2021-10-09,81.2059619047619
2021-10-10,81.86395238095238
2021-10-11,81.8627238095238
2021-10-12,81.91354285714286
2021-10-13,81.84626666666666
2021-10-14,81.83397142857143
2021-10-15,81.8321619047619
2021-10-16,81.91375238095237
2021-10-17,82.01307619047618
2021-10-18,82.01090476190477
2021-10-19,82.072
2021-10-20,82.2056
2021-10-21,82.22193333333333
2021-10-22,82.15611428571428
2021-10-23,82.13279047619048
2021-10-24,82.15038095238094
2021-10-25,82.01998095238095
2021-10-26,81.92632380952381
2021-10-27,81.9519619047619
2021-10-28,81.90865714285714
2021-10-29,81.89280952380952
2021-10-30,81.94931428571428
2021-10-31,82.00624761904763
2021-11-01,82.00730476190476
2021-11-02,81.73765714285715
2021-11-03,81.39946666666667
2021-11-04,81.12622857142857
2021-11-05,80.871
2021-11-06,80.77386666666666
2021-11-07,80.71464761904761
2021-11-08,80.41861904761905
2021-11-09,80.1011238095238
2021-11-10,79.79084761904763
2021-11-11,79.46932380952381
2021-11-12,79.12141904761904
2021-11-13,78.93834285714286
2021-11-14,78.81814285714286
2021-11-15,78.4778761904762
2021-11-16,78.07716190476191
2021-11-17,77.72729523809524
2021-11-18,77.42022857142858
2021-11-19,77.21029523809523
2021-11-20,77.05151428571428
2021-11-21,76.85175238095238
2021-11-22,76.41129523809524
2021-11-23,75.9032
2021-11-24,75.3108
2021-11-25,74.74771428571428
2021-11-26,74.20346666666667
2021-11-27,73.75212380952381
2021-11-28,73.30017142857143
2021-11-29,72.6728
2021-11-30,72.08539047619048
2021-12-01,71.48524761904761
2021-12-02,70.86026666666666
2021-12-03,70.2438
2021-12-04,69.76110476190476
2021-12-05,69.27346666666666
2021-12-06,68.60368571428572
2021-12-07,67.9530857142857
2021-12-08,67.30632380952382
2021-12-09,66.61410476190476
2021-12-10,65.97500952380953
2021-12-11,65.45046666666667
2021-12-12,65.03181904761905
2021-12-13,64.46005714285714
2021-12-14,63.9312761904762
2021-12-15,63.42966666666666
2021-12-16,62.92010476190477
2021-12-17,62.40727619047619
2021-12-18,61.97770476190476
2021-12-19,61.51868571428571
2021-12-20,60.79349523809523
2021-12-21,59.976085714285716
2021-12-22,59.14109523809524
2021-12-23,58.49327619047619
2021-12-24,58.129828571428575
2021-12-25,57.84488571428572
2021-12-26,57.48455238095238
2021-12-27,57.16597142857143
2021-12-28,56.91677142857142
2021-12-29,56.81200952380953
2021-12-30,56.789476190476186
2021-12-31,56.94664761904762
2022-01-01,57.18328571428571
2022-01-02,57.18225714285714
2022-01-03,57.038514285714285
2022-01-04,56.77766666666666
2022-01-05,56.36951428571429
2022-01-06,55.95398095238095
2022-01-07,55.403847619047625
2022-01-08,54.948657142857144
2022-01-09,54.49302857142857
2022-01-10,53.716390476190476
2022-01-11,52.94298095238095
2022-01-12,52.15946666666667
2022-01-13,51.40533333333333
2022-01-14,50.648247619047616
2022-01-15,50.05450476190477
2022-01-16,49.52977142857143
2022-01-17,48.845238095238095
2022-01-18,48.10657142857143
2022-01-19,47.44175238095238
2022-01-20,46.74910476190476
2022-01-21,46.01502857142857
2022-01-22,45.39827619047619
2022-01-23,44.81141904761905
2022-01-24,44.07027619047619
2022-01-25,43.29987619047619
2022-01-26,42.57633333333333
2022-01-27,41.95006666666667
2022-01-28,41.353361904761904
2022-01-29,40.97459047619048
2022-01-30,40.60505714285714
2022-01-31,40.02135238095238
2022-02-01,39.55080952380953
2022-02-02,39.087666666666664
2022-02-03,38.65045714285714
2022-02-04,38.290085714285716
2022-02-05,38.031533333333336
2022-02-06,37.79251428571428
2022-02-07,37.373085714285715
2022-02-08,36.98310476190476
2022-02-09,36.61273333333333
2022-02-10,36.17446666666667
2022-02-11,35.726619047619046
2022-02-12,35.36274285714286
2022-02-13,35.08387619047619
2022-02-14,34.70701904761905
2022-02-15,34.31497142857143
2022-02-16,33.997685714285716
2022-02-17,33.75291428571428
2022-02-18,33.49769523809524
2022-02-19,33.26274285714286
2022-02-20,33.08212380952381
2022-02-21,32.73679047619048
2022-02-22,32.38565714285714
2022-02-23,32.09209523809524
2022-02-24,31.82635238095238
2022-02-25,31.563495238095236
2022-02-26,31.382304761904763
2022-02-27,31.216961904761906
2022-02-28,30.850133333333332
2022-03-01,30.47790476190476
2022-03-02,30.12878095238095
2022-03-03,29.806447619047617
2022-03-04,29.521790476190475
2022-03-05,29.324704761904762
2022-03-06,29.104238095238095
2022-03-07,28.70242857142857
2022-03-08,28.365904761904762
2022-03-09,28.10678095238095
2022-03-10,28.01364761904762
2022-03-11,27.90250476190476
2022-03-12,27.904038095238093
2022-03-13,27.901019047619044
2022-03-14,27.713761904761906
2022-03-15,27.545333333333332
2022-03-16,27.43656190476191
2022-03-17,27.343733333333333
2022-03-18,27.283847619047616
2022-03-19,27.183742857142857
2022-03-20,27.39601904761905
2022-03-21,27.335542857142855
2022-03-22,27.33681904761905
2022-03-23,27.378380952380954
2022-03-24,27.507885714285717
2022-03-25,27.63882857142857
2022-03-26,27.87025714285714
2022-03-27,28.118790476190476
2022-03-28,28.232238095238092
2022-03-29,28.337352380952378
2022-03-30,28.366866666666667
2022-03-31,27.977238095238096
2022-04-01,27.990190476190474
2022-04-02,27.943076190476194
2022-04-03,27.88113333333333
2022-04-04,27.787295238095236
2022-04-05,27.735009523809524
2022-04-06,27.866114285714286
2022-04-07,28.02274285714286
2022-04-08,28.183019047619048
2022-04-09,28.380247619047616
2022-04-10,28.606695238095238
2022-04-11,28.72611428571428
2022-04-12,28.96455238095238
2022-04-13,29.242990476190478
2022-04-14,29.567933333333333
2022-04-15,30.020504761904764
2022-04-16,30.468076190476193
2022-04-17,30.926609523809525
2022-04-18,31.361542857142858
2022-04-19,31.65878095238095
2022-04-20,31.922552380952382
2022-04-21,32.217571428571425
2022-04-22,32.560161904761905
2022-04-23,32.99037142857143
2022-04-24,33.43684761904762
2022-04-25,33.71721904761905
2022-04-26,33.934619047619044
2022-04-27,34.137209523809524
2022-04-28,34.42529523809524
2022-04-29,34.74254285714286
2022-04-30,35.11740952380952
2022-05-01,35.59965714285714
2022-05-02,36.011742857142856
2022-05-03,36.4350380952381
2022-05-04,36.84811428571428
2022-05-05,37.27794285714286
2022-05-06,37.724514285714285
2022-05-07,38.27087619047619
2022-05-08,38.811
2022-05-09,39.26997142857143
2022-05-10,39.70791428571429
2022-05-11,40.178780952380954
2022-05-12,40.633695238095235
2022-05-13,41.16797142857143
2022-05-14,41.754466666666666
2022-05-15,42.369095238095234
2022-05-16,42.82364761904762
2022-05-17,43.24242857142857
2022-05-18,43.66024761904762
2022-05-19,44.12315238095238
2022-05-20,44.612704761904766
2022-05-21,45.178819047619044
2022-05-22,45.73650476190476
2022-05-23,46.194161904761906
2022-05-24,46.63885714285715
2022-05-25,47.11704761904762
2022-05-26,47.62493333333333
2022-05-27,48.130314285714284
2022-05-28,48.643409523809524
2022-05-29,49.13753333333334
2022-05-30,49.4798380952381
2022-05-31,49.78660000000001
2022-06-01,50.15025714285715
2022-06-02,50.578161904761906
2022-06-03,51.0254380952381
2022-06-04,51.55626666666666
2022-06-05,52.08680952380953
2022-06-06,52.56239047619047
2022-06-07,52.92641904761905
2022-06-08,53.20373333333333
2022-06-09,53.451371428571434
2022-06-10,53.70157142857143
2022-06-11,54.24938095238095
2022-06-12,54.792838095238096
2022-06-13,55.24513333333333
2022-06-14,55.5917619047619
2022-06-15,55.94242857142857
2022-06-16,56.292523809523814
2022-06-17,56.65312380952381
2022-06-18,57.10951428571428
2022-06-19,57.56975238095238
2022-06-20,57.90683809523809
2022-06-21,58.48133333333333
2022-06-22,58.77094285714286
2022-06-23,59.0616
2022-06-24,59.40231428571428
2022-06-25,59.85733333333333
2022-06-26,60.31964761904762
2022-06-27,60.63153333333333
2022-06-28,60.96745714285715
2022-06-29,61.27871428571429
2022-06-30,61.571999999999996
2022-07-01,61.97179047619048
2022-07-02,62.42607619047619
2022-07-03,62.90794285714286
2022-07-04,63.29669523809524
2022-07-05,63.67471428571429
2022-07-06,64.0556380952381
2022-07-07,64.42548571428571
2022-07-08,64.79694285714285
2022-07-09,65.30036190476191
2022-07-10,65.79970476190476
2022-07-11,66.05256190476192
2022-07-12,66.32695238095238
2022-07-13,66.62502857142857
2022-07-14,66.95754285714285
2022-07-15,67.3111238095238
2022-07-16,67.76364761904762
2022-07-17,68.19280952380953
2022-07-18,68.5106380952381
2022-07-19,68.77278095238096
2022-07-20,69.03770476190476
2022-07-21,69.33277142857143
2022-07-22,69.69612380952381
2022-07-23,70.15101904761904
2022-07-24,70.63900952380952
2022-07-25,71.05074285714285
2022-07-26,71.43407619047619
2022-07-27,71.80237142857143
2022-07-28,72.16814285714285
2022-07-29,72.52298095238095
2022-07-30,72.96413333333332
2022-07-31,73.3646
2022-08-01,73.78884761904763
2022-08-02,74.1953238095238
2022-08-03,74.57599047619048
2022-08-04,74.87267619047618
2022-08-05,75.26131428571428
2022-08-06,75.73971428571429
2022-08-07,76.2343619047619
2022-08-08,76.63728571428571
2022-08-09,77.05013333333333
2022-08-10,77.47807619047619
2022-08-11,77.8702380952381
2022-08-12,78.28166666666667
2022-08-13,78.75069523809523
2022-08-14,79.21706666666667
2022-08-15,79.64186666666667
2022-08-16,80.02154285714285
2022-08-17,80.36417142857142
2022-08-18,80.73268571428572
2022-08-19,81.12962857142857
2022-08-20,81.59295238095238
2022-08-21,82.0487619047619
2022-08-22,82.39195238095238
2022-08-23,82.72686666666667
2022-08-24,83.08172380952381
2022-08-25,83.44015238095237
2022-08-26,83.77737142857143
2022-08-27,84.18442857142857
2022-08-28,84.60635238095239
2022-08-29,84.90224761904763
2022-08-30,85.18759047619048
2022-08-31,85.31157142857143
2022-09-01,85.69306666666667
2022-09-02,86.00767619047619
2022-09-03,86.4316
2022-09-04,86.86980952380952
2022-09-05,87.19617142857143
2022-09-06,87.50754285714285
2022-09-07,87.74904761904762
2022-09-08,88.07600952380952
2022-09-09,88.38488571428572
2022-09-10,88.75471428571429
2022-09-11,89.13307619047619
2022-09-12,89.40066666666667
2022-09-13,89.65110476190476
2022-09-14,89.89269523809523
2022-09-15,90.15846666666667
2022-09-16,90.50693333333334
2022-09-17,90.89684761904762
2022-09-18,91.27619999999999
2022-09-19,91.51868571428571
2022-09-20,91.74973333333334
2022-09-21,91.97504761904763
2022-09-22,92.21026666666667
2022-09-23,92.46320952380952
2022-09-24,92.78857142857143
2022-09-25,93.12564761904761
2022-09-26,93.36541904761904
2022-09-27,93.57361904761905
2022-09-28,93.72382857142857
2022-09-29,93.91839047619048
2022-09-30,94.04135238095239
2022-10-01,94.38818095238096
2022-10-02,94.75591428571428
2022-10-03,95.02486666666667
2022-10-04,95.25679047619047
2022-10-05,95.51758095238095
2022-10-06,95.78605714285715
2022-10-07,96.05416190476191
2022-10-08,96.39321904761904
2022-10-09,96.70531428571428
2022-10-10,96.93408571428571
2022-10-11,97.08954285714286
2022-10-12,97.22269523809524
2022-10-13,97.35114285714286
2022-10-14,97.55758095238095
2022-10-15,97.8598
2022-10-16,98.1586380952381
2022-10-17,98.38280952380953
2022-10-18,98.55601904761905
2022-10-19,98.70130476190477
2022-10-20,98.81704761904761
2022-10-21,98.9458
2022-10-22,99.17325714285714
2022-10-23,99.40041904761905
2022-10-24,99.6031619047619
2022-10-25,99.72056190476191
2022-10-26,99.8194857142857
2022-10-27,99.97034285714285
2022-10-28,100.14266666666667
2022-10-29,100.38647619047619
2022-10-30,100.62922857142857
2022-10-31,100.79002857142856
2022-11-01,100.97582857142858
2022-11-02,101.06962857142857
2022-11-03,101.08864761904763
2022-11-04,101.14890476190476
2022-11-05,101.26696190476191
2022-11-06,101.39961904761904
2022-11-07,101.4507142857143
2022-11-08,101.51245714285713
2022-11-09,101.57993333333334
2022-11-10,101.64268571428572
2022-11-11,101.70471428571429
2022-11-12,101.7954761904762
2022-11-13,101.89605714285715
2022-11-14,101.82639047619048
2022-11-15,101.7088380952381
2022-11-16,101.64464761904762
2022-11-17,101.60740952380952
2022-11-18,101.49087619047619
2022-11-19,101.3918
2022-11-20,101.27050476190477
2022-11-21,101.05268571428572
2022-11-22,100.80549523809523
2022-11-23,100.62149523809524
2022-11-24,100.43607619047619
2022-11-25,100.25345714285714
2022-11-26,100.18102857142856
2022-11-27,100.12175238095237
2022-11-28,99.80285714285715
2022-11-29,99.37256190476191
2022-11-30,98.93641904761905
2022-12-01,98.43044761904763
2022-12-02,97.94097142857143
2022-12-03,97.62619047619049
2022-12-04,97.31704761904761
2022-12-05,96.86810476190476
2022-12-06,96.38626666666667
2022-12-07,95.8689619047619
2022-12-08,95.32881904761905
2022-12-09,94.81301904761905
2022-12-10,94.35265714285714
2022-12-11,93.8539238095238
2022-12-12,93.10633333333332
2022-12-13,92.27769523809523
2022-12-14,91.53013333333334
2022-12-15,90.81673333333333
2022-12-16,90.19493333333332
2022-12-17,89.74819047619047
2022-12-18,89.36629523809523
2022-12-19,88.97273333333334
2022-12-20,88.68269523809525
2022-12-21,88.54984761904763
2022-12-22,88.45109523809523
2022-12-23,88.41532380952381
2022-12-24,88.49972380952381
2022-12-25,88.63
2022-12-26,88.73692380952382
2022-12-27,88.70852380952381
2022-12-28,88.7066761904762
2022-12-29,88.74180952380952
2022-12-30,88.80034285714285
2022-12-31,88.89662857142856
2023-01-01,89.04071428571429
2023-01-02,89.03880000000001
2023-01-03,88.95187619047618
2023-01-04,88.88366666666667
2023-01-05,88.74653333333333
2023-01-06,88.69335238095239
2023-01-07,88.64860952380953
2023-01-08,88.57428571428571
2023-01-09,88.33529523809523
2023-01-10,88.08508571428573
2023-01-11,87.84605714285715
2023-01-12,87.6241619047619
2023-01-13,87.37089523809524
2023-01-14,87.1718
2023-01-15,86.95052380952382
2023-01-16,86.50070476190476
2023-01-17,85.9909619047619
2023-01-18,85.4528
2023-01-19,84.82031428571429
2023-01-20,84.16355238095238
2023-01-21,83.60155238095237
2023-01-22,83.01284761904762
2023-01-23,82.24626666666666
2023-01-24,81.47797142857142
2023-01-25,80.75233333333333
2023-01-26,80.06575238095238
2023-01-27,79.31609523809523
2023-01-28,78.69658095238096
2023-01-29,78.13480952380952
2023-01-30,77.51847619047619
2023-01-31,77.15926666666667
2023-02-01,76.65461904761905
2023-02-02,76.17002857142857
2023-02-03,75.75935238095238
2023-02-04,75.42724761904762
2023-02-05,74.96598095238095
2023-02-06,74.39462857142857
2023-02-07,73.69956190476191
2023-02-08,72.99749523809524
2023-02-09,72.27567619047619
2023-02-10,71.6520380952381
2023-02-11,71.19365714285715
2023-02-12,70.80890476190477
2023-02-13,70.3225238095238
2023-02-14,69.84940952380953
2023-02-15,69.40336190476191
2023-02-16,69.03583809523809
2023-02-17,68.76849523809524
2023-02-18,68.65377142857143
2023-02-19,68.51818095238096
2023-02-20,68.2624380952381
2023-02-21,67.9381238095238
2023-02-22,67.62724761904762
2023-02-23,67.33406666666667
2023-02-24,67.04080952380953
2023-02-25,66.78129523809524
2023-02-26,66.52419047619048
2023-02-27,65.9252380952381
2023-02-28,65.36401904761904
2023-03-01,64.91044761904762
2023-03-02,64.4008857142857
2023-03-03,63.92573333333333
2023-03-04,63.71232380952382
2023-03-05,63.121276190476195
2023-03-06,62.684371428571424
2023-03-07,62.13832380952381
2023-03-08,61.60181904761905
2023-03-09,61.20237142857143
2023-03-10,60.88769523809523
2023-03-11,60.639133333333334
2023-03-12,60.478076190476195
2023-03-13,60.37530476190476
2023-03-14,60.198323809523814
2023-03-15,59.92263809523809
2023-03-16,59.71009523809524
2023-03-17,59.61346666666667
2023-03-18,59.667257142857146
2023-03-19,59.69558095238095
2023-03-20,59.56619047619048
2023-03-21,59.52040952380952
2023-03-22,59.55158095238095
2023-03-23,59.619685714285716
2023-03-24,59.76298095238095
2023-03-25,59.901799999999994
2023-03-26,59.981228571428574
2023-03-27,59.83363809523809
2023-03-28,59.60588571428572
2023-03-29,59.52495238095238
2023-03-30,59.56701904761905
2023-03-31,59.792771428571434
2023-04-01,59.80886666666667
2023-04-02,59.86538095238095
2023-04-03,59.78386666666667
2023-04-04,59.650619047619045
2023-04-05,59.522847619047624
2023-04-06,59.43951428571429
2023-04-07,59.46573333333334
2023-04-08,59.58458095238095
2023-04-09,59.78261904761904
2023-04-10,60.007933333333334
2023-04-11,60.15475238095238
2023-04-12,60.240114285714284
2023-04-13,60.32242857142857
2023-04-14,60.32285714285714
2023-04-15,60.502780952380945
2023-04-16,60.73132380952381
2023-04-17,60.85646666666666
2023-04-18,61.00219047619048
2023-04-19,61.182066666666664
2023-04-20,61.342190476190474
2023-04-21,61.566428571428574
2023-04-22,61.91756190476191
2023-04-23,62.30126666666667
2023-04-24,62.6046
2023-04-25,62.844752380952386
2023-04-26,62.94965714285714
2023-04-27,63.13528571428571
2023-04-28,63.38332380952381
2023-04-29,63.75430476190476
2023-04-30,64.17070476190477
2023-05-01,64.55714285714286
2023-05-02,64.79862857142857
2023-05-03,65.04693333333333
2023-05-04,65.27281904761905
2023-05-05,65.5967619047619
2023-05-06,65.97480952380953
2023-05-07,66.36688571428571
2023-05-08,66.6714380952381
2023-05-09,66.90139047619047
2023-05-10,67.13049523809524
2023-05-11,67.36222857142857
2023-05-12,67.64547619047619
2023-05-13,68.07511428571428
2023-05-14,68.5042
2023-05-15,68.80990476190476
2023-05-16,69.09587619047619
2023-05-17,69.38530476190476
2023-05-18,69.70394285714285
2023-05-19,70.0495238095238
2023-05-20,70.50030476190476
2023-05-21,70.96435238095239
2023-05-22,71.25232380952382
2023-05-23,71.5326
2023-05-24,71.7752380952381
2023-05-25,72.04271428571428
2023-05-26,72.38508571428572
2023-05-27,72.8099619047619
2023-05-28,73.21032380952381
2023-05-29,73.55806666666666
2023-05-30,73.84257142857143
2023-05-31,74.0813619047619
2023-06-01,74.33965714285715
2023-06-02,74.67283809523809
2023-06-03,75.04347619047618
2023-06-04,75.41913333333333
2023-06-05,75.66913333333333
2023-06-06,75.88829523809524
2023-06-07,76.09753333333333
2023-06-08,76.3806380952381
2023-06-09,76.71268571428571
2023-06-10,77.10944761904761
2023-06-11,77.52064761904762
2023-06-12,77.83498095238095
2023-06-13,78.1561619047619
2023-06-14,78.44907619047619
2023-06-15,78.7149619047619
2023-06-16,79.02308571428571
2023-06-17,79.37466666666667
2023-06-18,79.78884761904763
2023-06-19,80.0724
2023-06-20,80.37637142857143
2023-06-21,80.48361904761904
2023-06-22,80.64424761904762
2023-06-23,80.90095238095239
2023-06-24,81.29089523809523
2023-06-25,81.6746
2023-06-26,81.96208571428572
2023-06-27,82.19545714285714
2023-06-28,82.40761904761905
2023-06-29,82.62390476190477
2023-06-30,82.90390476190476
2023-07-01,83.2837523809524
2023-07-02,83.66052380952381
2023-07-03,83.93426666666667
2023-07-04,84.17591428571428
2023-07-05,84.47722857142857
2023-07-06,84.74419047619047
2023-07-07,85.0623142857143
2023-07-08,85.44638095238095
2023-07-09,85.8234
2023-07-10,86.0584
2023-07-11,86.30133333333333
2023-07-12,86.56323809523809
2023-07-13,86.81761904761905
2023-07-14,87.12792380952381
2023-07-15,87.5375142857143
2023-07-16,87.94632380952382
2023-07-17,88.25000952380952
2023-07-18,88.50260952380953
2023-07-19,88.7393619047619
2023-07-20,88.97919047619048
2023-07-21,89.25913333333334
2023-07-22,89.62821904761906
2023-07-23,90.02372380952382
2023-07-24,90.30455238095239
2023-07-25,90.57509523809524
2023-07-26,90.86086666666667
2023-07-27,91.14240952380953
2023-07-28,91.41686666666666
2023-07-29,91.81699047619047
2023-07-30,92.23139047619048
2023-07-31,92.55951428571429
2023-08-01,92.74720952380952
2023-08-02,93.05769523809525
2023-08-03,93.34759047619048
2023-08-04,93.58765714285714
2023-08-05,93.92111428571428
2023-08-06,94.26809523809524
2023-08-07,94.59041904761905
2023-08-08,94.91446666666667
2023-08-09,95.21084761904761
2023-08-10,95.49988571428571
2023-08-11,95.83365714285715
2023-08-12,96.23477142857143
2023-08-13,96.62504761904762
2023-08-14,96.95927619047619
2023-08-15,97.2664380952381
2023-08-16,97.55857142857143
2023-08-17,97.87328571428571
2023-08-18,98.20037142857143
2023-08-19,98.5403238095238
2023-08-20,98.85595238095237
2023-08-21,99.08851428571428
2023-08-22,99.15975238095238
2023-08-23,99.4150761904762
2023-08-24,99.55906666666667
2023-08-25,99.72685714285714
2023-08-26,99.93377142857142
2023-08-27,100.16997142857142
2023-08-28,100.2996
2023-08-29,100.35959047619046
2023-08-30,100.4626857142857
2023-08-31,100.48890476190475
2023-09-01,100.6699619047619
2023-09-02,100.85430476190476
2023-09-03,101.0642380952381
2023-09-04,101.18607619047619
2023-09-05,101.28369523809525
2023-09-06,101.34051428571428
2023-09-07,101.40101904761906
2023-09-08,101.46687619047619
2023-09-09,101.59734285714285
2023-09-10,101.71772380952382
2023-09-11,101.75628571428572
2023-09-12,101.75527619047618
2023-09-13,101.7664761904762
2023-09-14,101.7781619047619
2023-09-15,101.83950476190478
2023-09-16,101.94793333333332
2023-09-17,102.09211428571429
2023-09-18,102.19160952380952
2023-09-19,102.28804761904762
2023-09-20,102.36939047619047
2023-09-21,102.46747619047619
2023-09-22,102.59963809523809
2023-09-23,102.79053333333334
2023-09-24,103.0048761904762
2023-09-25,103.13558095238096
2023-09-26,103.24244761904761
2023-09-27,103.38321904761904
2023-09-28,103.51047619047618
2023-09-29,103.66417142857142
2023-09-30,103.70502857142858
2023-10-01,103.92946666666666
2023-10-02,104.09886666666667
2023-10-03,104.30335238095238
2023-10-04,104.45877142857142
2023-10-05,104.53799047619047
2023-10-06,104.71364761904763
2023-10-07,104.90271428571428
2023-10-08,105.06410476190476
2023-10-09,105.16581904761904
2023-10-10,105.31920952380952
2023-10-11,105.4933619047619
2023-10-12,105.65029523809524
2023-10-13,105.88255238095239
2023-10-14,106.12619047619049
2023-10-15,106.30371428571429
2023-10-16,106.33385714285714
2023-10-17,106.35685714285715
2023-10-18,106.38268571428571
2023-10-19,106.4455619047619
2023-10-20,106.55019047619048
2023-10-21,106.72866666666667
2023-10-22,106.90425714285713
2023-10-23,106.96026666666666
2023-10-24,107.0300761904762
2023-10-25,107.0719619047619
2023-10-26,107.13477142857143
2023-10-27,107.19347619047619
2023-10-28,107.39253333333333
2023-10-29,107.57867619047619
2023-10-30,107.67782857142856
2023-10-31,107.78095238095239
2023-11-01,107.92099999999999
2023-11-02,108.00677142857141
2023-11-03,108.02047619047619
2023-11-04,108.07819047619047
2023-11-05,108.15619047619049
2023-11-06,108.16477142857143
2023-11-07,108.14766666666667
2023-11-08,108.10094285714285
2023-11-09,108.0585238095238
2023-11-10,108.00865714285713
2023-11-11,108.02189523809524
2023-11-12,108.02782857142859
2023-11-13,107.94335238095238
2023-11-14,107.91917142857143
2023-11-15,107.87064761904763
2023-11-16,107.68242857142857
2023-11-17,107.50662857142858
2023-11-18,107.4353523809524
2023-11-19,107.46777142857142
2023-11-20,107.34302857142856
2023-11-21,107.12938095238096
2023-11-22,106.81624761904762
2023-11-23,106.56760952380952
2023-11-24,106.30134285714286
2023-11-25,106.04478095238095
2023-11-26,105.76196190476192
2023-11-27,105.29180000000001
2023-11-28,104.75383809523808
2023-11-29,104.11799047619049
2023-11-30,103.49556190476191
2023-12-01,102.90877142857141
2023-12-02,102.38674285714285
2023-12-03,101.92264761904761
2023-12-04,101.27445714285716
2023-12-05,100.64562857142857
2023-12-06,100.00973333333334
2023-12-07,99.43676190476191
2023-12-08,98.97534285714285
2023-12-09,98.69635238095238
2023-12-10,98.48439047619047
2023-12-11,98.14016190476191
2023-12-12,97.77128571428572
2023-12-13,97.39185714285715
2023-12-14,96.97865714285714
2023-12-15,96.62153333333333
2023-12-16,96.44967619047618
2023-12-17,96.25440952380953
2023-12-18,95.86685714285714
2023-12-19,95.45107619047619
2023-12-20,95.1047238095238
2023-12-21,94.84060952380953
2023-12-22,94.64849523809524
2023-12-23,94.52108571428572
2023-12-24,94.47075238095238
2023-12-25,94.45137142857143
2023-12-26,94.37972380952381
2023-12-27,94.22162857142857
2023-12-28,94.11110476190477
2023-12-29,93.98329523809524
2023-12-30,93.88493333333334
2023-12-31,93.77264761904762
2024-01-01,93.60223809523809
2024-01-02,93.36805714285714
2024-01-03,93.1242761904762
2024-01-04,92.75747619047618
2024-01-05,92.35051428571428
2024-01-06,91.94648571428571
2024-01-07,91.45353333333334
2024-01-08,90.59895238095238
2024-01-09,89.68244761904762
2024-01-10,88.74054285714286
2024-01-11,87.82828571428571
2024-01-12,87.01106666666666
2024-01-13,86.35491428571429
2024-01-14,85.75870476190477
2024-01-15,85.00644761904762
2024-01-16,84.18972380952381
2024-01-17,83.39609523809524
2024-01-18,82.67113333333334
2024-01-19,81.92790476190477
2024-01-20,81.32177142857142
2024-01-21,80.75757142857144
2024-01-22,80.19953333333333
2024-01-23,79.68133333333333
2024-01-24,79.26397142857142
2024-01-25,78.82561904761904
2024-01-26,78.42059047619048
2024-01-27,78.03390476190476
2024-01-28,77.63781904761905
2024-01-29,77.12342857142858
2024-01-30,76.62088571428572
2024-01-31,76.14840952380953
2024-02-01,75.67618095238096
2024-02-02,75.27041904761904
2024-02-03,75.03275238095237
2024-02-04,74.80000952380952
2024-02-05,74.44879047619048
2024-02-06,74.10150476190476
2024-02-07,73.65559999999999
2024-02-08,73.22689523809524
2024-02-09,72.94572380952381
2024-02-10,72.75831428571429
2024-02-11,72.55862857142857
2024-02-12,72.18414285714286
2024-02-13,71.80763809523809
2024-02-14,71.50533333333334
2024-02-15,71.26683809523809
2024-02-16,71.07425714285715
2024-02-17,70.95614285714285
2024-02-18,70.83831428571428
2024-02-19,70.62185714285714
2024-02-20,70.39427619047619
2024-02-21,70.15929523809524
2024-02-22,69.92455238095238
2024-02-23,69.63683809523809
2024-02-24,69.42311428571428
2024-02-25,69.24748571428572
2024-02-26,68.90077142857142
2024-02-27,68.51158095238095
2024-02-28,68.13999047619048
2024-02-29,67.85562857142857
2024-03-01,67.64241904761904
2024-03-02,67.55972380952382
2024-03-03,67.49116190476191
2024-03-04,67.25182857142856
2024-03-05,66.95561904761905
2024-03-06,66.61204761904762
2024-03-07,66.30578095238096
2024-03-08,66.05364761904762
2024-03-09,65.9348
2024-03-10,65.84762857142857
2024-03-11,65.58678095238095
2024-03-12,65.30850476190476
2024-03-13,65.08498095238095
2024-03-14,65.0615619047619
2024-03-15,64.93054285714285
2024-03-16,64.89557142857143
2024-03-17,64.85455238095238
2024-03-18,64.69769523809524
2024-03-19,64.54449523809524
2024-03-20,64.43136190476191
2024-03-21,64.35314285714286
2024-03-22,64.3247238095238
2024-03-23,64.34450476190476
2024-03-24,64.3156380952381
2024-03-25,64.13484761904762
2024-03-26,64.02272380952381
2024-03-27,63.917609523809524
2024-03-28,63.805638095238095
2024-03-29,63.805638095238095
2024-03-30,63.837076190476196
2024-03-31,63.442457142857144
2024-04-01,63.724866666666664
2024-04-02,63.8694
2024-04-03,63.93814285714286
2024-04-04,63.978495238095235
2024-04-05,64.15313333333333
2024-04-06,64.49562857142857
2024-04-07,64.77532380952381
2024-04-08,65.09363809523809
2024-04-09,65.26610476190476
2024-04-10,65.41415238095239
2024-04-11,65.61424761904762
2024-04-12,65.88194285714286
2024-04-13,66.25807619047619
2024-04-14,66.60646666666666
2024-04-15,66.81001904761904
2024-04-16,66.92479047619047
2024-04-17,66.93320952380952
2024-04-18,66.90781904761904
2024-04-19,66.89011428571428
2024-04-20,66.94604761904762
2024-04-21,67.00133333333333
2024-04-22,66.88121904761904
2024-04-23,66.72894285714285
2024-04-24,66.59061904761904
2024-04-25,66.46315238095238
2024-04-26,66.42964761904761
2024-04-27,66.57202857142858
2024-04-28,66.79408571428571
2024-04-29,66.9724
2024-04-30,67.21677142857143
2024-05-01,67.5182380952381
2024-05-02,67.79401904761906
2024-05-03,68.01071428571429
2024-05-04,68.26728571428572
2024-05-05,68.53453333333334
2024-05-06,68.73896190476191
2024-05-07,68.87754285714286
2024-05-08,68.99203809523809
2024-05-09,69.26847619047619
2024-05-10,69.5623238095238
2024-05-11,69.94581904761905
2024-05-12,70.34299047619048
2024-05-13,70.66724761904761
2024-05-14,70.99377142857143
2024-05-15,71.2883238095238
2024-05-16,71.53054285714286
2024-05-17,71.79845714285713
2024-05-18,72.12038095238096
2024-05-19,72.45284761904762
2024-05-20,72.72389523809524
2024-05-21,72.87074285714286
2024-05-22,73.08539047619048
2024-05-23,73.33882857142856
2024-05-24,73.58938095238095
2024-05-25,73.89777142857143
2024-05-26,74.26284761904762
2024-05-27,74.52119047619047
2024-05-28,74.75390476190476
2024-05-29,74.97169523809524
2024-05-30,75.21322857142857
2024-05-31,75.51520952380953
2024-06-01,75.76521904761906
2024-06-02,76.06480952380953
2024-06-03,76.24340952380952
2024-06-04,76.41239047619048
2024-06-05,76.59839047619047
2024-06-06,76.84389523809524
2024-06-07,77.07617142857143
2024-06-08,77.38336190476191
2024-06-09,77.68845714285715
2024-06-10,77.90165714285715
2024-06-11,78.09061904761904
2024-06-12,78.28380952380952
2024-06-13,78.49984761904761
2024-06-14,78.80528571428572
2024-06-15,79.16061904761905
2024-06-16,79.31764761904762
2024-06-17,79.80244761904763
2024-06-18,80.05544761904761
2024-06-19,80.32844761904762
2024-06-20,80.56679047619048
2024-06-21,80.81941904761905
2024-06-22,81.18102857142857
2024-06-23,81.54453333333333
2024-06-24,81.81998095238094
2024-06-25,82.08854285714285
2024-06-26,82.3676
2024-06-27,82.65666666666667
2024-06-28,82.9703619047619
2024-06-29,83.3314761904762
2024-06-30,83.69554285714285
2024-07-01,83.9587238095238
2024-07-02,84.23042857142858
2024-07-03,84.49790476190476
2024-07-04,84.79149523809524
2024-07-05,85.0971619047619
2024-07-06,85.43420952380953
2024-07-07,85.76681904761905
2024-07-08,86.07400952380952
2024-07-09,86.3629238095238
2024-07-10,86.63144761904762
2024-07-11,86.87675238095238
2024-07-12,87.12472380952381
2024-07-13,87.43034285714286
2024-07-14,87.74706666666667
2024-07-15,88.00612380952381
2024-07-16,88.25685714285714
2024-07-17,88.4932761904762
2024-07-18,88.71065714285714
2024-07-19,88.97439999999999
2024-07-20,89.3103619047619
2024-07-21,89.66149523809524
2024-07-22,89.92079047619048
2024-07-23,90.15168571428572
2024-07-24,90.38577142857143
2024-07-25,90.61458095238095
2024-07-26,90.85854285714285
2024-07-27,91.16282857142858
2024-07-28,91.48690476190475
2024-07-29,91.72753333333333
2024-07-30,91.95365714285715
2024-07-31,92.17592380952381
2024-08-01,92.3160380952381
2024-08-02,92.56375238095238
2024-08-03,92.87450476190477
2024-08-04,93.19428571428571
2024-08-05,93.44221904761905
2024-08-06,93.66233333333334
2024-08-07,93.89739047619048
2024-08-08,94.12599047619048
2024-08-09,94.39646666666667
2024-08-10,94.69175238095238
2024-08-11,95.07317142857143
2024-08-12,95.28368571428571
2024-08-13,95.57900952380953
2024-08-14,95.86850476190476
2024-08-15,96.20941904761905
2024-08-16,96.53741904761905
2024-08-17,96.90600952380953
2024-08-18,97.28911428571429
2024-08-19,97.5742380952381
2024-08-20,97.85349523809525
2024-08-21,98.13038095238095
2024-08-22,98.39539047619047
2024-08-23,98.68010476190477
2024-08-24,99.0767238095238
2024-08-25,99.41625714285713
2024-08-26,99.59786666666666
2024-08-27,99.80501904761906
2024-08-28,100.00488571428572
2024-08-29,100.15519047619048
2024-08-30,100.30616190476191
2024-08-31,100.53302857142857
2024-09-01,100.76664761904762
2024-09-02,100.89497142857144
2024-09-03,100.95236190476191
2024-09-04,101.00022857142858
2024-09-05,101.0756380952381
2024-09-06,101.17650476190477
2024-09-07,101.27811428571428
2024-09-08,101.41744761904762
2024-09-09,101.52353333333333
2024-09-10,101.63553333333333
2024-09-11,101.69090476190476
2024-09-12,101.69202857142857
2024-09-13,101.71858095238096
2024-09-14,101.77959047619048
2024-09-15,101.87021904761906
2024-09-16,101.88501904761904
2024-09-17,101.90110476190478
2024-09-18,101.96364761904763
2024-09-19,102.02657142857143
2024-09-20,102.1062
2024-09-21,102.24680952380952
2024-09-22,102.37786666666666
2024-09-23,102.41254285714285
2024-09-24,102.47814285714287
2024-09-25,102.55686666666666
2024-09-26,102.61169523809524
2024-09-27,102.69564761904762
2024-09-28,102.82425714285715
2024-09-29,102.9517238095238
2024-09-30,102.98983809523808
2024-10-01,103.04961904761905
2024-10-02,103.01194285714284
2024-10-03,103.02611428571429
2024-10-04,103.0573619047619
2024-10-05,103.16253333333333
2024-10-06,103.28282857142858
2024-10-07,103.32574285714286
2024-10-08,103.42263809523809
2024-10-09,103.53542857142858
2024-10-10,103.6201238095238
2024-10-11,103.67349523809523
2024-10-12,103.76863809523809
2024-10-13,103.86404761904762
2024-10-14,103.81477142857143
2024-10-15,103.82645714285714
2024-10-16,103.8775619047619
2024-10-17,103.9142380952381
2024-10-18,103.94040952380952
2024-10-19,104.0466
2024-10-20,104.1658761904762
2024-10-21,104.18494285714286
2024-10-22,104.17226666666667
2024-10-23,104.11041904761905
2024-10-24,104.06528571428572
2024-10-25,104.0556380952381
2024-10-26,104.12489523809525
2024-10-27,104.16857142857143
2024-10-28,104.17617142857142
2024-10-29,104.06804761904762
2024-10-30,104.07018095238097
2024-10-31,104.02566666666668
2024-11-01,104.07027619047619
2024-11-02,104.08460952380953
2024-11-03,104.0559238095238
2024-11-04,103.84220952380953
2024-11-05,103.5506
2024-11-06,103.19121904761906
2024-11-07,102.81738095238094
2024-11-08,102.48681904761904
2024-11-09,102.23819999999999
2024-11-10,102.01182857142857
2024-11-11,101.7025142857143
2024-11-12,101.1955619047619
2024-11-13,100.6696761904762
2024-11-14,100.19334285714285
2024-11-15,99.7614380952381
2024-11-16,99.4725619047619
2024-11-17,99.18651428571428
2024-11-18,98.70790476190476
2024-11-19,98.22683809523811
2024-11-20,97.73572380952382
2024-11-21,97.11806666666666
2024-11-22,96.5105619047619
2024-11-23,96.0874857142857
2024-11-24,95.86517142857143
2024-11-25,95.56862857142858
2024-11-26,95.15524761904761
2024-11-27,94.7169238095238
2024-11-28,94.24371428571428
2024-11-29,93.72764761904762
2024-11-30,93.36351428571429
2024-12-01,93.00277142857142
2024-12-02,92.53684761904762
2024-12-03,91.98990476190477
2024-12-04,91.38244761904762
2024-12-05,90.84626666666666
2024-12-06,90.38991428571428
2024-12-07,90.02623809523809
2024-12-08,89.67814285714286
2024-12-09,89.13102857142857
2024-12-10,88.41621904761905
2024-12-11,87.63169523809523
2024-12-12,86.84251428571429
2024-12-13,86.10102857142857
2024-12-14,85.56862857142858
2024-12-15,85.17297142857143
2024-12-16,84.7222
2024-12-17,84.2800761904762
2024-12-18,83.88304761904763
2024-12-19,83.58420952380952
2024-12-20,83.20589523809524
2024-12-21,82.95009523809524
2024-12-22,82.68906666666666
2024-12-23,82.31718095238095
2024-12-24,81.97806666666666
2024-12-25,81.73205714285714
2024-12-26,81.3916
2024-12-27,80.89178095238096
2024-12-28,80.38241904761905
2024-12-29,79.90340952380953
2024-12-30,79.24133333333333
2024-12-31,78.88208571428571
2025-01-01,78.48674285714286
2025-01-02,77.9598761904762
2025-01-03,77.3263619047619
2025-01-04,76.70700952380952
2025-01-05,76.20566666666666
2025-01-06,75.76687619047618
2025-01-07,75.23487619047619
2025-01-08,74.58644761904762
2025-01-09,73.92688571428572
2025-01-10,73.24761904761905
2025-01-11,72.57558095238095
2025-01-12,71.8903238095238
2025-01-13,71.02715238095239
2025-01-14,70.11850476190476
2025-01-15,69.2402380952381
2025-01-16,68.38007619047619
2025-01-17,67.45750476190476
2025-01-18,66.63666666666666
2025-01-19,65.81063809523809
2025-01-20,64.84279047619047
2025-01-21,63.82452380952381
2025-01-22,62.954161904761904
2025-01-23,62.316761904761904
2025-01-24,61.78404761904761
2025-01-25,61.40289523809524
2025-01-26,61.005495238095236
2025-01-27,60.5882380952381
2025-01-28,60.169761904761906
2025-01-29,59.728342857142856
2025-01-30,59.16995238095238
2025-01-31,58.5709619047619
2025-02-01,58.0705619047619
2025-02-02,57.539047619047615
2025-02-03,56.80524761904762
2025-02-04,56.07225714285714
2025-02-05,55.32801904761905
2025-02-06,54.62077142857143
2025-02-07,54.006390476190475
2025-02-08,53.473495238095246
2025-02-09,52.97985714285714
2025-02-10,52.33817142857143
2025-02-11,51.63334285714285
2025-02-12,50.9054
2025-02-13,50.167123809523815
2025-02-14,49.40486666666666
2025-02-15,48.77010476190476
2025-02-16,48.164942857142854
2025-02-17,47.368114285714285
2025-02-18,46.55384761904762
2025-02-19,45.840066666666665
2025-02-20,45.25626666666667
2025-02-21,44.8537619047619
2025-02-22,44.57366666666667
2025-02-23,44.36221904761904
2025-02-24,44.039628571428565
2025-02-25,43.63890476190476
2025-02-26,43.21845714285714
2025-02-27,42.76146666666667
2025-02-28,41.807495238095235
2025-03-01,41.74455238095238
2025-03-02,41.46950476190476
2025-03-03,41.0823619047619
2025-03-04,40.741257142857144
2025-03-05,40.46701904761905
2025-03-06,40.26228571428572
2025-03-07,40.09506666666667
2025-03-08,40.06746666666667
2025-03-09,40.03637142857143
2025-03-10,39.84137142857143
2025-03-11,39.55195238095238
2025-03-12,39.18944761904762
2025-03-13,38.800285714285714
2025-03-14,38.46309523809524
2025-03-15,38.240409523809525
2025-03-16,38.03930476190476
2025-03-17,37.70638095238095
2025-03-18,37.399704761904765
2025-03-19,37.14321904761905
2025-03-20,36.98206666666666
2025-03-21,36.94536190476191
2025-03-22,37.010552380952376
2025-03-23,37.046533333333336
2025-03-24,36.92928571428571
2025-03-25,36.812238095238094
2025-03-26,36.704542857142854
2025-03-27,36.653190476190474
2025-03-28,36.65862857142857
2025-03-29,36.73675238095238
2025-03-30,36.829885714285716
2025-03-31,36.90921904761905
2025-04-01,36.91957142857143
2025-04-02,37.01190476190476
2025-04-03,37.084847619047615
2025-04-04,37.2376380952381
2025-04-05,37.452238095238094
2025-04-06,37.677885714285715
2025-04-07,37.658390476190476
2025-04-08,37.63452380952381
2025-04-09,37.64224761904762
2025-04-10,37.682114285714285
2025-04-11,37.78496190476191
2025-04-12,38.04125714285714
2025-04-13,38.32932380952381
2025-04-14,38.52506666666667
2025-04-15,38.70287619047619
2025-04-16,38.842638095238094
2025-04-17,39.00259047619048
2025-04-18,39.21673333333333
2025-04-19,39.528285714285715
2025-04-20,39.851190476190474
2025-04-21,40.155161904761904
2025-04-22,40.38484761904762
2025-04-23,40.59687619047619
2025-04-24,40.793304761904764
2025-04-25,41.03024761904762
2025-04-26,41.33306666666667
2025-04-27,41.62598095238095
2025-04-28,41.91145714285714
2025-04-29,42.19198095238095
2025-04-30,42.51821904761905
2025-05-01,42.95447619047619
2025-05-02,43.38276190476191
2025-05-03,43.85977142857143
2025-05-04,44.29060952380952
2025-05-05,44.571219047619046
2025-05-06,44.809866666666665
2025-05-07,45.02877142857143
2025-05-08,45.13426666666667
2025-05-09,45.3903619047619
2025-05-10,45.75666666666667
2025-05-11,46.143457142857145
2025-05-12,46.45053333333333
2025-05-13,46.73022857142857
2025-05-14,47.036390476190476
2025-05-15,47.297514285714286
2025-05-16,47.55977142857142
2025-05-17,47.88885714285715
2025-05-18,48.19561904761905
2025-05-19,48.42519047619047
2025-05-20,48.673609523809525
2025-05-21,48.811885714285715
2025-05-22,49.012323809523814
2025-05-23,49.25122857142857
2025-05-24,49.55454285714286
2025-05-25,49.94114285714285
2025-05-26,50.247866666666674
2025-05-27,50.55753333333333
2025-05-28,50.86745714285714
2025-05-29,51.24989523809524
2025-05-30,51.64777142857143
2025-05-31,52.13046666666667
2025-06-01,52.79011428571429
2025-06-02,53.156304761904764
2025-06-03,53.51742857142857
2025-06-04,53.880857142857145
2025-06-05,54.18160952380952
2025-06-06,54.57379047619048
2025-06-07,55.050999999999995
2025-06-08,55.519400000000005
2025-06-09,55.93686666666666
2025-06-10,56.292247619047615
2025-06-11,56.63902857142857
2025-06-12,56.97114285714286
2025-06-13,57.26034285714286
2025-06-14,57.67260952380953
2025-06-15,58.083333333333336
2025-06-16,58.39754285714286
2025-06-17,58.73634285714285
2025-06-18,59.096019047619045
2025-06-19,59.46247619047619
2025-06-20,59.83085714285715
2025-06-21,60.28025714285714
2025-06-22,60.735819047619046
2025-06-23,61.12019047619047
2025-06-24,61.462533333333326
2025-06-25,61.74617142857143
2025-06-26,62.019466666666666
2025-06-27,62.39935238095239
2025-06-28,62.835161904761904
2025-06-29,63.280295238095235
2025-06-30,63.6138
2025-07-01,63.88050476190477
2025-07-02,64.19777142857143
2025-07-03,64.46995238095238
2025-07-04,64.77611428571429
2025-07-05,65.12909523809523
2025-07-06,65.50670476190476
2025-07-07,65.81967619047619
2025-07-08,66.51681904761905
2025-07-09,66.48959047619049
2025-07-10,66.8624761904762
2025-07-11,67.20982857142857
2025-07-12,67.64208571428571
2025-07-13,68.05855238095238
2025-07-14,68.38540952380951
2025-07-15,68.69250476190476
2025-07-16,68.91846666666667
2025-07-17,69.17328571428571
2025-07-18,69.4848
2025-07-19,69.8760380952381
2025-07-20,70.27929523809523
2025-07-21,70.58472380952381
2025-07-22,70.90435238095239
2025-07-23,71.2142380952381
2025-07-24,71.48135238095239
2025-07-25,71.78531428571429
2025-07-26,72.17957142857142
2025-07-27,72.66614285714286
2025-07-28,72.99334285714286
2025-07-29,73.37422857142857
2025-07-30,73.74585714285715
2025-07-31,74.06502857142857
2025-08-01,74.41727619047619
2025-08-02,74.83454285714285
2025-08-03,75.2519619047619
2025-08-04,75.61702857142856
2025-08-05,75.97727619047619
2025-08-06,76.32604761904761
2025-08-07,76.66571428571429
2025-08-08,77.00406666666666
2025-08-09,77.39179999999999
2025-08-10,77.86061904761905
2025-08-11,78.18965714285714
2025-08-12,78.47225714285715
2025-08-13,78.73268571428572
2025-08-14,79.00589523809523
2025-08-15,79.34210476190476
2025-08-16,79.69400952380953
2025-08-17,80.04522857142858
2025-08-18,80.35972380952381
2025-08-19,80.67176190476191
2025-08-20,80.96285714285715
2025-08-21,81.26664761904762
2025-08-22,81.55550476190476
2025-08-23,81.90082857142858
2025-08-24,82.25105714285715
2025-08-25,82.51894285714286
2025-08-26,82.75527619047618
2025-08-27,82.95968571428571
2025-08-28,83.17585714285714
2025-08-29,83.42944761904762
2025-08-30,83.75035238095238
2025-08-31,84.03934285714286
2025-09-01,84.56257142857143
2025-09-02,84.78480952380953
2025-09-03,85.03651428571429
2025-09-04,85.28579047619048
2025-09-05,85.51595238095238
2025-09-06,85.80732380952381
2025-09-07,86.10816190476191
2025-09-08,86.27617142857143
2025-09-09,86.40550476190477
2025-09-10,86.53975238095238
2025-09-11,86.67239047619049
2025-09-12,86.86012380952381
2025-09-13,87.11755238095238
2025-09-14,87.38334285714285
2025-09-15,87.63020952380953
2025-09-16,87.78833333333334
2025-09-17,87.91609523809524
2025-09-18,88.06925714285714
2025-09-19,88.22811428571428
2025-09-20,88.48512380952381
2025-09-21,88.74330476190477
2025-09-22,88.86261904761905
2025-09-23,88.9414857142857
2025-09-24,89.0116380952381
2025-09-25,89.07961904761905
2025-09-26,89.17331428571428
2025-09-27,89.35382857142856
2025-09-28,89.52768571428571
2025-09-29,89.62334285714286
2025-09-30,89.52608571428571
2025-10-01,89.76528571428571
2025-10-02,89.71695238095238
2025-10-03,89.79035238095238
2025-10-04,89.9375619047619
2025-10-05,90.07278095238095
2025-10-06,90.08261904761905
2025-10-07,90.05765714285715
2025-10-08,90.01986666666667
2025-10-09,90.0132
2025-10-10,90.07605714285714
2025-10-11,90.2388380952381
2025-10-12,90.3677619047619
2025-10-13,90.30908571428571
2025-10-14,90.24606666666666
2025-10-15,90.12814285714286
2025-10-16,89.99818095238095
2025-10-17,89.94458095238095
2025-10-18,89.98433333333334
2025-10-19,90.0415619047619
2025-10-20,90.02910476190476
2025-10-21,90.01809523809524
2025-10-22,90.0221238095238
2025-10-23,90.06133333333334
2025-10-24,90.07058095238095
2025-10-25,90.10557142857144
2025-10-26,90.11905714285714
2025-10-27,90.06408571428571
2025-10-28,90.06579047619047
2025-10-29,90.02353333333333
2025-10-30,90.0510857142857
2025-10-31,90.07809523809524
2025-11-01,90.06662857142858
2025-11-02,90.16297142857142
2025-11-03,90.29120952380951
2025-11-04,90.29406666666667
2025-11-05,90.23405714285714
2025-11-06,90.08894285714285
2025-11-07,89.92606666666667
2025-11-08,89.85048571428572
2025-11-09,89.78122857142857
2025-11-10,89.60291428571429
2025-11-11,89.5107619047619
2025-11-12,89.42284761904762
2025-11-13,89.30398095238095
2025-11-14,89.21924761904762
2025-11-15,89.15893333333334
2025-11-16,89.06493333333333
2025-11-17,88.77231428571429
2025-11-18,88.27302857142857
2025-11-19,87.76421904761905
2025-11-20,87.1588
2025-11-21,86.5021619047619
2025-11-22,85.99209523809525
2025-11-23,85.51587619047619
2025-11-24,84.91840952380952
2025-11-25,84.3074
2025-11-26,83.66972380952382
2025-11-27,83.09108571428571
2025-11-28,82.59167619047619
2025-11-29,82.24008571428571
2025-11-30,81.79668571428572
2025-12-01,81.34178095238096
2025-12-02,80.76817142857142
2025-12-03,80.1146
2025-12-04,79.52294285714285
2025-12-05,78.9699238095238
2025-12-06,78.63879047619048
2025-12-07,78.38977142857142
2025-12-08,78.12274285714287
2025-12-09,77.83301904761905
2025-12-10,77.5175619047619
2025-12-11,77.09373333333333
2025-12-12,76.60100952380952
2025-12-13,76.21902857142857
2025-12-14,75.87625714285714
2025-12-15,75.35938095238096
2025-12-16,74.69140952380953
2025-12-17,74.16528571428572
2025-12-18,73.8416380952381
2025-12-19,73.46726666666666
2025-12-20,73.08784761904762
2025-12-21,72.78624761904761
2025-12-22,72.34924761904762
2025-12-23,71.91282857142858
2025-12-24,71.46101904761905
2025-12-25,70.89524761904761
2025-12-26,70.3029619047619
2025-12-27,69.81393333333332
2025-12-28,69.31577142857142
2025-12-29,68.68482857142857
2025-12-30,68.04943809523809
2025-12-31,67.42675238095238
2026-01-01,66.92565714285713
2026-01-02,66.33832380952381
2026-01-03,65.72357142857143
2026-01-04,65.00087619047619
2026-01-05,64.07034285714286
2026-01-06,63.1488
2026-01-07,62.17328571428571
2026-01-08,61.19826666666667
2026-01-09,60.38010476190476
2026-01-10,59.550999999999995
2026-01-11,58.724219047619044
2026-01-12,57.866933333333336
2026-01-13,57.11172380952381
2026-01-14,56.44227619047619
2026-01-15,55.850276190476194
2026-01-16,55.30325714285715
2026-01-17,54.76189523809524
2026-01-18,54.204971428571426
2026-01-19,53.415123809523806
2026-01-20,52.56028571428572
2026-01-21,51.770047619047624
2026-01-22,50.94587619047619
2026-01-23,50.16987619047619
2026-01-24,49.52262857142858
2026-01-25,48.87435238095238
2026-01-26,48.093066666666665
2026-01-27,47.36632380952381
2026-01-28,46.62595238095238
2026-01-29,45.87298095238095
2026-01-30,45.20287619047619
2026-01-31,44.63881904761905
2026-02-01,44.10109523809524
2026-02-02,43.38331428571429
2026-02-03,42.63507619047619
2026-02-04,41.89800952380953
2026-02-05,41.23401904761905
2026-02-06,40.66353333333333
2026-02-07,40.30624761904762
2026-02-08,39.906638095238094
2026-02-09,39.30640952380953
2026-02-10,38.761409523809526
2026-02-11,38.30262857142857
2026-02-12,37.869952380952384
2026-02-13,37.40474285714286
2026-02-14,36.94132380952381
2026-02-15,36.49318095238095
2026-02-16,35.93234285714286
2026-02-17,35.367733333333334
2026-02-18,34.785876190476195
2026-02-19,34.23998095238095
2026-02-20,33.81078095238095
2026-02-21,33.5797619047619
2026-02-22,33.50209523809524
2026-02-23,33.29873333333334
2026-02-24,33.024257142857145
2026-02-25,32.85686666666667
2026-02-26,32.749742857142856
2026-02-27,32.70297142857142
2026-02-28,32.623828571428575
2026-03-01,32.6186
2026-03-02,32.5232380952381
2026-03-03,32.37604761904762
2026-03-04,32.20354285714286
2026-03-05,32.12688571428571
2026-03-06,32.01842857142857
2026-03-07,31.994228571428568
2026-03-08,31.991485714285712
2026-03-09,31.88004761904762
2026-03-10,31.848809523809525
2026-03-11,31.82382857142857
2026-03-12,31.738142857142854
2026-03-13,31.672114285714287
2026-03-14,31.587133333333334
2026-03-15,31.564161904761903
2026-03-16,31.481857142857145
2026-03-17,31.320314285714282
2026-03-18,31.18402857142857
2026-03-19,31.06675238095238
2026-03-20,31.027857142857144
2026-03-21,30.99812380952381
2026-03-22,30.990257142857143
2026-03-23,30.926114285714284
2026-03-24,30.959276190476192
2026-03-25,30.94564761904762
2026-03-26,30.788809523809526
2026-03-27,30.62607619047619
2026-03-28,30.574038095238095
2026-03-29,30.58161904761905
2026-03-30,30.446428571428573
2026-03-31,29.884971428571426
2026-04-01,30.088333333333335
2026-04-02,30.053447619047617
2026-04-03,30.123714285714282
2026-04-04,30.363914285714287
2026-04-05,30.61810476190476
2026-04-06,30.826438095238093
2026-04-07,30.989752380952382
2026-04-08,31.16331428571429
2026-04-09,31.31704761904762
2026-04-10,31.46369523809524
2026-04-11,31.66050476190476
2026-04-12,31.83312380952381
2026-04-13,31.844942857142854
2026-04-14,31.853533333333335
2026-04-15,31.926257142857146
2026-04-16,32.10230476190476
2026-04-17,32.33884761904762
2026-04-18,32.64361904761905
2026-04-19,32.90755238095238
2026-04-20,33.07457142857143
2026-04-21,33.16757142857143
2026-04-22,33.295561904761904
2026-04-23,33.39136190476191
2026-04-24,33.70448571428572
2026-04-25,34.01351428571429
2026-04-26,34.30184761904762
2026-04-27,34.544561904761906
2026-04-28,34.819361904761905
2026-04-29,35.09788571428572
2026-04-30,35.37099047619048
2026-05-01,35.7114
2026-05-02,36.1036
2026-05-03,36.46502857142857
2026-05-04,36.76115238095238
2026-05-05,36.95805714285714
2026-05-06,37.11310476190476
2026-05-07,37.24352380952381
2026-05-08,37.50369523809523
2026-05-09,37.83172380952381
2026-05-10,38.144400000000005
2026-05-11,38.379828571428575
2026-05-12,38.53577142857143
2026-05-13,38.66650476190476
2026-05-14,38.82762857142857
2026-05-15,39.00014285714286
2026-05-16,39.21986666666667
2026-05-17,39.448238095238096
2026-05-18,39.624161904761905
2026-05-19,39.78293333333333
2026-05-20,39.9115619047619
2026-05-21,40.1212380952381
2026-05-22,40.433390476190475
2026-05-23,40.83506666666666
2026-05-24,41.24290476190476
2026-05-25,41.553961904761906
2026-05-26,41.8814
2026-05-27,42.21255238095238
2026-05-28,42.51940952380952
2026-05-29,42.87434285714286
2026-05-30,43.25769523809524
2026-05-31,43.67127619047619
2026-06-01,43.977171428571424
2026-06-02,44.259542857142854
2026-06-03,44.49721904761905
2026-06-04,44.7952
2026-06-05,45.084199999999996
2026-06-06,45.45128571428571
2026-06-07,45.82685714285714
2026-06-08,46.162438095238095
2026-06-09,46.486761904761906
2026-06-10,46.76842857142857
2026-06-11,47.03
2026-06-12,47.3818
2026-06-13,47.80966666666667
2026-06-14,48.196933333333334
2026-06-15,48.52617142857143
2026-06-16,48.813628571428566
2026-06-17,49.09769523809524
2026-06-18,49.37880952380952
2026-06-19,49.68607619047619
2026-06-20,50.02242857142857
2026-06-21,50.34068571428571
2026-06-22,50.6143619047619
2026-06-23,50.85812380952381
2026-06-24,51.10442857142857
2026-06-25,51.39117142857143
2026-06-26,51.70374285714286
2026-06-27,52.05824761904761
2026-06-28,52.4016
2026-06-29,52.64624761904762
2026-06-30,52.888952380952375
2026-07-01,53.06078095238095
2026-07-02,53.31401904761905
2026-07-03,53.59740952380952
2026-07-04,53.952219047619046
2026-07-05,54.27902857142857
2026-07-06,54.564257142857144
2026-07-07,54.8395619047619
2026-07-08,55.06963809523809
2026-07-09,55.295752380952386
2026-07-10,55.54288571428571
2026-07-11,55.91059047619048
2026-07-12,56.290057142857144
2026-07-13,56.59115238095238
2026-07-14,56.85333333333334
2026-07-15,57.0792380952381
2026-07-16,57.2534
2026-07-17,57.49513333333333
2026-07-18,57.83159047619048
2026-07-19,58.15024761904762
2026-07-20,58.375800000000005
2026-07-21,58.57195238095238
2026-07-22,58.81359047619047
2026-07-23,59.05665714285715
2026-07-24,59.33173333333333
2026-07-25,59.637752380952385
2026-07-26,59.95708571428571
2026-07-27,60.219428571428566
2026-07-28,60.4770761904762
2026-07-29,60.742552380952375
