date,corridor_BY,corridor_DE,corridor_DZ,corridor_LY,corridor_MA,corridor_NO,corridor_RU-Baltic,corridor_TR,corridor_UA,point_Almería,point_Dornum / NETRA (OGE),point_Dunkerque,point_Easington,point_Emden (EPT1) (GTS),point_Emden (EPT1) (GUD),point_Emden (EPT1) (OGE),point_GCP GAZ-SYSTEM/UA TSO,point_Gela,point_Greifswald / NEL,point_Greifswald / OPAL,point_Imatra,point_Isaccea (RO) - Orlovka (UA) II,point_Kipi (TR) / Kipi (GR),point_Kipoi,point_Kondratki,point_Kotlovka,point_Luhamaa,point_Mazara del Vallo,point_Narva,point_St. Fergus,point_Strandzha 2 (BG) / Malkoclar (TR),point_Tarifa,point_Tieterowka,point_Uzhgorod (UA) - Velké Kapušany (SK),point_VIP Bereg (HU) / VIP Bereg (UA),point_VIP Mediesu Aurit - Isaccea (RO-UA),point_Värska,point_Wysokoje,point_Zeebrugge ZPT
2021-02-01,1273.456184,1755.822022,965.9960699999999,93.587523,246.958174,3887.2188453,111.49267523,510.407972,1097.8276150000002,257.023471,538.3486962999999,480.161679,871.967265,687.797293,0.0,0.0,137.125867,93.587523,1182.98351,572.838512,100.007643,0.0,19.998776,161.70501,1026.42178,140.272287,0.005709,708.972599,0.0,837.29059,328.704186,246.958174,5.740718,717.340048,243.3617,0.0,11.47932323,101.021399,471.653322
2021-02-02,1297.790139,1750.258046,964.6057699999999,121.247542,247.388881,3845.697636,110.8827657,496.53427,1083.759516,257.128491,500.826651,466.999818,877.620778,639.743527,94.907722,0.0,134.810189,121.247542,1238.188926,512.06912,94.916906,0.0,20.098756,148.587275,1026.22182,161.979505,0.006298,707.477279,0.0,797.022943,327.848239,247.388881,5.544709,714.344211,234.605116,0.0,15.9595617,104.044105,468.576197
2021-02-03,1300.281454,1753.4582950000001,964.748323,120.458878,249.076787,3817.9408238,110.179409107,497.83294300000006,1118.731037,257.092057,465.4333068,482.962893,879.484273,621.130924,152.609626,0.0,133.803923,120.458878,1193.49519,559.963105,103.155387,0.0,9.992967,162.649032,1027.245684,116.852128,0.006524,707.656266,0.0,761.886232,325.190944,249.076787,5.167866,690.19665,294.730464,0.0,7.017498107,151.015776,454.433569
2021-02-04,1292.6712280000002,1767.214054,965.480738,114.862484,248.285217,3878.9427396,147.60951478,464.065243,1155.3871410000002,258.180489,507.6314946,475.546992,879.648988,644.037867,172.572159,0.0,136.556711,114.862484,1151.314009,615.900045,133.475105,0.0,5.032664,163.85209,1027.463784,109.490841,0.006626,707.300249,0.0,728.972703,295.180489,248.285217,5.108917,725.041004,293.789426,0.0,14.12778378,150.607686,470.532536
2021-02-05,1314.759223,1784.5173330000002,963.42379,126.055037,247.551851,3941.2684264,136.77403804399998,457.997928,1141.760266,258.050462,562.7334923999999,472.450195,879.746771,640.092586,171.813317,0.0,136.514503,126.055037,1167.150816,617.366517,131.47427,0.0,0.0,163.760972,1027.758424,131.072326,0.007682,705.373328,0.0,740.122098,294.236956,247.551851,5.282301,714.776111,290.469652,0.0,5.2920860439999995,150.646172,474.309967
2021-02-06,1325.412272,1775.778404,963.07861,104.146402,238.541923,3949.7540895,136.89414359,415.36303699999996,1161.36335,257.975086,540.9529835,463.53046,879.787893,682.109695,162.593772,0.0,135.655517,104.146402,1212.973235,562.805169,119.90645,0.0,0.0,135.653001,1027.978232,141.381512,0.007954,705.103524,0.0,747.14315,279.710036,238.541923,5.640905,717.244913,308.46292,0.0,16.97973959,150.411623,473.636136
2021-02-07,1323.3027470000002,1760.860453,969.26494,98.765065,238.565204,3948.0851663,107.196434411,421.33772,1160.9458260000001,258.486819,566.0033212999999,471.347989,878.536982,683.326464,166.654662,0.0,138.493394,98.765065,1235.757803,525.10265,103.420343,0.0,0.0,154.252884,1028.030136,138.16311,0.007892,710.778121,0.0,708.043345,267.084836,238.565204,6.20281,712.899938,309.552494,0.0,3.768199411,150.906691,474.172403
2021-02-08,1263.8509669999999,1756.2832979999998,966.197822,115.056984,245.00253,3945.3795192999996,124.76496162,437.134992,1163.002931,259.043267,563.5103942999999,431.034207,878.725418,621.321931,181.097624,0.0,136.332838,115.056984,1220.622631,535.660667,108.320951,0.0,0.000137,163.083805,1028.08812,77.723417,0.007663,707.154555,0.0,798.170345,274.05105,245.00253,6.367711,715.371166,311.298927,0.0,16.43634762,151.671719,471.5196
2021-02-09,1265.0614349999998,1760.577412,957.455964,131.643532,245.596208,3699.4393382,130.72891446100002,439.400557,1150.941371,258.860387,563.1696422,419.967241,878.157923,553.255487,163.928136,0.0,134.186468,131.643532,1172.134124,588.443288,128.110374,0.0,0.0,162.998921,1027.643048,73.661834,0.008214,698.595577,0.0,689.59314,276.401636,245.596208,6.104175,721.03519,295.719713,0.0,2.610326461,157.652378,431.367769
2021-02-10,1309.1174399999998,1752.777684,971.883067,131.661857,246.597311,3818.1003670540003,137.48871,458.46578999999997,1109.302383,268.7734,561.9385487000001,385.825759,878.158899,543.395077,240.61729,0.010640354,137.411103,131.661857,1146.914351,605.863333,137.480717,0.0,0.0,163.190409,1027.025076,119.843428,0.007993,703.109667,0.0,773.364409,295.275381,246.597311,5.850679,678.004604,293.886676,0.0,0.0,156.398257,434.789744
2021-02-11,1304.395962,1756.124307,966.57977,115.096744,249.821794,3902.1089921000003,142.415837,479.869828,1188.96238,257.305409,602.9082866,420.256442,877.143809,443.361129,274.582003,134.3021155,139.283952,115.096744,1142.753061,613.371246,142.407386,0.0,0.0,163.505595,1026.96046,114.939996,0.008451,709.274361,0.0,704.67611,316.364233,249.821794,6.145746,735.94141,313.737018,0.0,0.0,156.34976,444.879097
2021-02-12,1304.475972,1757.1778809999998,959.698064,114.997917,253.488626,3874.5166127,127.854151,525.7207490000001,1161.999893,257.144673,680.2522349,468.131402,858.473776,454.718586,266.50354,151.7399628,137.468387,114.997917,1122.930833,634.247048,125.366309,0.0,19.997672,164.015883,1027.11132,118.21947,2.487842,702.553391,0.0,542.864658,341.707194,253.488626,6.269119,739.765262,284.766244,0.0,0.0,152.876063,451.832453
2021-02-13,1222.8180969999999,1757.6800210000001,961.840888,98.856505,244.117835,3760.779395,127.265415,537.235556,1162.705169,257.066979,650.8529003,463.773432,853.796135,423.407382,230.054408,146.6165407,137.678177,98.856505,1130.101453,627.578568,107.826642,0.0,20.008178,163.654136,1027.3761,88.705227,19.438773,704.773909,0.0,525.752283,353.573242,244.117835,5.488737,733.945634,291.081358,0.0,0.0,101.248033,466.526314
2021-02-14,1223.5179210000001,1749.680998,953.95952,98.706573,243.349546,3638.84044749,112.91051300000001,486.285564,1146.660139,256.531303,589.1032945,481.955571,842.270804,450.929374,213.082273,93.20524698999999,121.505501,98.706573,1141.510088,608.17091,92.243093,0.0,19.986111,116.018231,1027.539068,90.841204,20.66742,697.428217,0.0,525.017803,350.281222,243.349546,4.934449,733.441921,291.712717,0.0,0.0,100.2032,443.276081
2021-02-15,1237.627399,1755.3791820000001,961.3466559999999,136.958469,256.398809,3866.7841221,109.422443,549.35678,1151.8902389999998,256.185795,679.4522333,439.27495,837.805952,484.938167,253.773942,175.7031378,122.162451,136.958469,1068.7626,686.616582,96.124788,0.0,20.001813,170.376234,1027.269036,104.298023,13.297655,705.160861,0.0,525.390062,358.978733,256.398809,5.125125,735.021906,294.705882,0.0,0.0,100.935215,470.445678
2021-02-16,1216.4259829999999,1751.695791,966.60774,87.765928,255.060125,3499.532328,100.54438300000001,561.907723,1134.336284,256.311871,693.3586814,487.473687,524.634069,410.918368,236.062308,197.3118606,120.819141,87.765928,1177.342597,574.353194,100.099894,0.0,20.009175,180.862309,1027.063412,83.599718,0.444489,710.295869,0.0,507.173387,361.036239,255.060125,5.33086,724.521731,288.995412,0.0,0.0,100.431993,442.599967
2021-02-17,1223.496986,1753.957659,956.320348,104.210277,249.973124,3671.5878594,129.358552,586.130502,880.216503,256.335789,638.9306735,479.667517,700.861679,457.113129,236.066135,196.2670479,117.846767,104.210277,1177.174018,576.783641,129.350257,0.0,20.007019,185.697869,1027.17544,94.733944,0.008295,699.984559,0.0,504.292895,380.425614,249.973124,5.285751,527.226909,235.142827,0.0,0.0,96.301851,458.388783
2021-02-18,1077.552979,1758.5536909999998,957.5226339999999,82.342107,249.158272,3753.2590439,135.554951,549.7247619999999,791.352335,257.139374,597.9977872000001,501.569366,760.482733,510.074882,259.895598,175.6284557,48.902064,82.342107,1191.177184,567.376507,135.546496,0.0,20.027856,160.672162,940.592164,85.278856,0.008455,700.38326,0.0,483.082072,369.024744,249.158272,5.657074,507.651731,234.79854,0.0,0.0,46.024885,464.52815
2021-02-19,1036.000743,1748.668401,963.1588939999999,104.208887,249.158272,3745.047053246,95.261421,535.1347099999999,778.910751,257.86214,680.014202,511.043423,856.393277,531.542416,232.345512,0.215471246,46.266968,104.208887,1218.728155,529.940246,95.253861,0.0,20.014852,150.307066,941.331324,42.811084,0.00756,705.296754,0.0,487.376502,364.812792,249.158272,5.370118,505.256161,227.387622,0.0,0.0,46.488217,446.11625
2021-02-20,955.106867,1751.254511,962.586231,60.431705,239.671074,3724.6050658,88.406845,485.993832,572.257735,258.207389,609.9131007999999,511.17865,845.185483,587.28356,213.672281,0.0,47.402795,60.431705,1101.186396,650.068115,88.399248,0.0,9.993024,156.727241,845.227992,57.884177,0.007597,704.378842,0.0,516.968272,319.273567,239.671074,4.515071,303.552325,221.302615,0.0,0.0,47.479627,440.403719
2021-02-21,938.0633379999999,1761.856104,961.854865,93.128534,237.727072,3729.7984754,79.73435400000001,464.03386500000005,679.59563,258.012088,579.0832753999999,507.651288,847.411125,616.381424,203.324913,0.0,105.464973,93.128534,1101.553027,660.303077,79.728069,0.0,5.013625,151.506382,830.4662,56.976286,0.006285,703.842777,0.0,511.720678,307.513858,237.727072,4.139971,354.00646,220.124197,0.0,0.0,46.480881,464.225772
2021-02-22,936.81046,1754.099979,961.7429,120.525434,255.060125,3681.9973614,103.932942,487.08797699999997,602.547282,258.083584,593.3071904,511.136629,809.453588,585.603705,235.524742,0.0,122.01239,120.525434,1142.940337,611.159642,103.926828,0.0,18.032133,132.901805,835.95952,49.587655,0.006114,703.659316,0.0,482.298313,336.154039,255.060125,4.121041,261.032042,219.50285,0.0,0.0,47.142244,464.673194
2021-02-23,924.471067,1757.1713639999998,933.3693460000001,125.920193,251.684312,3484.1158905,103.365359,456.236601,595.156913,233.003103,518.0628825,521.287142,807.600519,532.723743,166.281703,0.0,120.31537,125.920193,1173.889193,583.282171,103.363823,0.0,8.999827,120.312974,836.29364,34.043987,0.001536,700.366243,0.0,466.509601,326.9238,251.684312,3.885886,255.500916,219.340627,0.0,0.0,50.247554,471.6503
2021-02-24,965.8538020000001,1755.8314140000002,958.1041580000001,121.074365,244.397212,3517.7406693,80.567336,457.320635,613.925626,257.36976,582.3237862999999,568.370004,745.409146,516.800455,166.805348,0.0,116.349076,121.074365,1166.674085,589.157329,80.567336,0.0,0.0,140.307393,836.277012,28.843491,0.0,700.734398,0.0,465.130047,317.013242,244.397212,3.532121,276.898352,220.678198,0.0,0.0,97.201178,472.901883
2021-02-25,1004.402474,1760.892539,958.485739,110.010518,251.090634,3575.9823445,63.656343,385.403589,653.730426,256.817429,603.6941015,566.305801,799.355609,538.186567,153.850022,0.0,87.08063,110.010518,1187.036502,573.856037,63.656343,0.0,0.0,96.608281,885.729004,69.089559,0.0,701.66831,0.0,467.144755,288.795308,251.090634,2.898201,347.014822,219.634974,0.0,0.0,46.68571,447.445489
2021-02-26,1053.759495,1752.8084760000002,959.8526320000001,109.631427,252.580648,3652.6688747,70.186692,417.278592,742.663301,257.575896,642.6193977,540.662695,824.251092,550.427312,169.476398,0.0,50.199272,109.631427,1195.171599,557.636877,70.186692,0.0,0.0,120.673114,917.298592,87.466005,0.0,702.276736,0.0,463.324847,296.605478,252.580648,2.988067,474.724067,217.739962,0.0,0.0,46.006831,461.907133
2021-02-27,1138.247279,1757.704232,953.8926690000001,109.707801,235.457128,3677.9083149,64.416398,413.691413,1005.875861,257.101615,680.5941829,487.863756,812.767625,570.824037,158.591842,0.0,47.165087,109.707801,1185.889503,571.814729,64.416398,0.0,0.0,143.944196,998.934052,90.210476,0.0,696.791054,0.0,494.084694,269.747217,235.457128,2.836167,713.285192,245.425582,0.0,0.0,46.266584,473.182178
2021-02-28,1164.856451,1751.693272,950.931329,109.618875,238.367312,4939.4107085,52.699909,411.120973,1005.8383940000001,254.76302,695.1988985,488.586155,1612.535164,563.338348,156.037099,0.0,46.914836,109.618875,1176.289134,575.404138,52.699909,0.0,0.0,143.868312,1023.683921,91.717809,0.0,696.168309,0.0,948.634266,267.252661,238.367312,3.188896,715.051411,243.872147,0.0,0.0,46.265825,475.080778
2021-03-01,1139.1688159999999,1757.528078,964.38873,115.39559,258.203123,3706.7430482,58.011532,508.39272,1069.553032,253.139196,658.6128361,410.492068,816.128222,685.7917301,206.306679,0.0,98.858659,115.39559,1155.384583,602.143495,58.006301,0.0,15.970588,140.738129,932.990952,103.395899,0.005231,711.249534,0.0,495.312032,351.684003,258.203123,3.288096,735.017373,235.677,0.0,0.0,99.493869,434.099481
2021-03-02,1232.1394879999998,1758.383621,931.6366760000001,98.805535,260.705881,3746.0910557,58.339279999999995,524.788425,1097.430519,219.206927,623.5325661,364.268214,850.195386,627.0184496,292.398194,0.0,106.016494,98.805535,1207.21126,551.172361,58.334008,0.0,14.03314,153.909913,1027.541244,101.580321,0.005272,712.429749,0.0,579.672038,356.845372,260.705881,3.383766,779.414025,212.0,0.0,0.0,99.634157,409.006208
2021-03-03,1231.614634,1754.180435,964.032904,115.242525,258.889926,3683.1332732,64.70737,506.91677100000004,1144.702773,252.298043,637.6507241,284.98744,868.203881,615.5230081,261.853424,0.0,106.316503,115.242525,1160.647829,593.532606,64.702379,0.0,7.015957,153.941639,1028.068468,100.239916,0.004991,711.734861,0.0,564.692669,345.959175,258.889926,3.531346,777.32227,261.064,0.0,0.0,99.774904,450.222127
2021-03-04,1239.360004,1754.869713,966.20956,109.944122,258.121638,3615.9416826,79.34594539300001,511.06775500000003,1146.861794,253.005621,661.3206556,334.711962,872.695008,451.422008,209.457501,0.0,103.855327,109.944122,1213.292811,541.576902,75.538409,0.0,5.003011,153.506777,1028.40322,107.653472,0.005292,713.203939,0.0,680.459639,352.557967,258.121638,3.707072,775.731467,267.275,0.0,3.802244393,99.59624,405.874909
2021-03-05,1234.324861,1755.2472280000002,960.3604720000001,126.395557,256.596702,3738.4579012,102.29115223000001,503.208671,1154.707031,253.088236,723.0864015,321.021801,875.32447,424.0436907,192.343361,0.0,106.738476,126.395557,1189.813542,565.433686,80.171529,0.0,0.0,152.534504,1028.280636,102.738534,18.231906,707.272236,0.0,784.190669,350.674167,256.596702,3.662464,787.661555,260.307,0.0,3.88771723,99.643227,418.447508
2021-03-06,1235.4137529999998,1756.5448860000001,965.586772,115.271435,234.863451,2092.2449724,72.560164,493.818794,1183.729495,253.00536,650.6353379,316.870017,0.0,425.8418315,269.116383,0.0,105.954214,115.271435,1142.231262,614.313624,64.417226,0.0,0.0,152.459744,1028.5745,103.779891,8.142938,712.581412,0.0,0.0,341.35905,234.863451,3.416539,810.404281,267.371,0.0,0.0,99.642823,429.781403
2021-03-07,1246.1394120000002,1750.95815,965.813576,115.655797,225.294768,2847.06967389,72.396099,488.492695,1184.112805,252.840153,27.68528119,284.490676,857.218653,415.9565477,241.30271,0.0,105.646933,115.655797,1122.578053,628.380097,72.390089,0.0,0.0,152.503864,1028.671728,113.967219,0.00601,712.973423,0.0,595.95467,335.988831,225.294768,3.88572,810.453872,268.012,0.0,0.0,99.614745,424.461136
2021-03-08,1259.157398,1758.7072399999997,965.973571,121.068826,280.471847,3626.891597678,95.047356,510.249443,1188.762043,253.28498,670.2102249,332.516507,878.201336,416.3867875,287.716162,0.000553278,106.934102,121.068826,1194.52571,564.18153,95.040675,0.0,38.018789,141.27599,1028.393928,127.221733,0.006681,712.688591,0.0,639.794619,330.954664,280.471847,4.030047,812.172941,269.655,0.0,0.0,99.51169,402.065408
2021-03-09,1238.045015,1755.361868,965.533449,142.781733,280.564973,3661.7634902,112.68645056400001,516.691956,1189.5298790000002,253.169077,645.1893741,354.142566,866.088364,428.2837261,283.958066,141.186162,106.256882,142.781733,1225.936406,529.425462,111.326001,0.0,37.933876,141.913688,1027.65086,106.949653,0.006425,712.364372,0.0,526.682246,336.844392,280.564973,4.037705,812.147997,271.125,0.0,1.354024564,99.406797,416.232986
2021-03-10,1109.193129,1751.186412,964.445649,131.996395,263.022387,3777.1358781999998,122.491303,507.16442100000006,1018.040391,253.044941,666.7363081,468.762039,844.899943,530.2030569,171.027366,187.83038019999998,107.462255,131.996395,1202.342273,548.844139,122.484494,0.0,18.103625,151.245379,931.025844,74.404655,0.006809,711.400708,0.0,508.267284,337.815417,263.022387,4.09417,625.832136,284.746,0.0,0.0,99.66846,399.409501
2021-03-11,1083.877365,1758.269815,968.332717,121.311459,250.124453,3777.0622206,89.558408,538.251143,971.4499040000001,256.659012,611.6463345,429.411912,853.558325,476.4738725,316.319571,133.71325059999998,107.026187,121.311459,1198.55413,559.715685,89.554591,0.0,9.003069,153.787307,930.85118,49.70021,0.003817,711.673705,0.0,504.277327,375.460767,250.124453,3.984587,578.431717,285.992,0.0,0.0,99.341388,451.661628
2021-03-12,1159.96286,1755.0840600000001,969.873477,104.389238,250.39219,3793.1797498,55.993376,546.479889,1125.753843,256.244136,631.0759971,447.973961,878.689607,529.309965,255.501004,129.8242637,103.435867,104.389238,1210.147739,544.936321,55.987238,0.0,14.027614,147.098506,989.506328,67.582631,0.006138,713.629341,0.0,465.257191,385.353769,250.39219,3.536584,737.145976,285.172,0.0,0.0,99.337317,455.547761
2021-03-13,1214.9486990000003,1748.111272,974.205189,87.993015,243.477594,3809.751592425,55.249182000000005,495.01212699999996,1187.247113,256.324244,711.125254,478.168078,851.648938,567.3690421,302.563347,0.009129325,102.438447,87.993015,1192.170185,555.941087,55.248586,0.0,7.003725,150.935335,1026.751132,85.670626,0.000596,717.880945,0.0,444.765351,337.073067,243.477594,3.214936,803.467666,281.341,0.0,0.0,99.312005,454.102453
2021-03-14,1219.051118,1757.172233,971.0903950000001,109.70584,243.535798,3818.8203458,55.117911,444.628401,1191.405116,256.853295,715.555027,480.477129,812.815271,586.2587117999999,288.732867,0.0,104.477916,109.70584,1192.283748,564.888485,55.117911,0.0,0.0,143.693468,1027.050592,89.475351,0.0,714.2371,0.0,463.157754,300.934933,243.535798,3.083941,803.4282,283.499,0.0,0.0,99.441234,471.823586
2021-03-15,1226.0367030000002,1754.557048,963.0645900000001,109.587217,249.204835,3855.2314814,64.661502,479.298691,1196.3283700000002,256.498867,722.8961585,465.4656,847.476632,583.1235689,325.896975,0.0,104.937371,109.587217,1202.100546,552.456502,64.658037,0.0,0.0,138.638527,1027.083896,96.343566,0.003465,706.565723,0.0,450.7002,340.660164,249.204835,3.172361,803.141999,288.249,0.0,0.0,99.43688,459.672347
2021-03-16,1210.713833,1755.69777,970.926655,98.655174,248.925458,3745.7315398,86.457022,491.302413,1213.851491,256.167672,686.1198925,479.354302,709.865722,471.3616234,273.689346,170.4401829,118.374196,98.655174,1209.500548,546.197222,68.514377,0.0,0.0,134.055616,1027.326076,76.912635,17.942645,714.758983,0.0,490.989718,357.246797,248.925458,3.098207,802.987295,292.49,0.0,0.0,103.376915,463.910753
2021-03-17,1226.560726,1752.310478,971.294572,104.403572,253.442063,3554.601641,86.593649396,520.407644,1212.818708,256.468608,634.9748988,438.463483,619.750178,473.009406,273.691216,181.12757919999999,118.224526,104.403572,1183.90865,568.401828,69.532872,0.0,0.0,150.334244,1027.328156,92.17536,15.953886,714.825964,0.0,466.432108,370.0734,253.442063,3.400487,802.004182,292.59,0.0,1.106891396,103.656723,467.152772
2021-03-18,1227.6188579999998,1761.7645400000001,973.515141,109.605304,254.03574,3635.0108871,95.232752,524.419642,1209.0944880000002,256.746808,655.2494242,447.231057,655.051921,481.0312269,272.157397,165.950834,118.953747,109.605304,1197.743729,564.020811,78.927592,0.0,0.0,150.54387,1027.225628,93.238756,16.30516,716.768333,0.0,494.342196,373.875772,254.03574,3.546812,802.367741,287.773,0.0,0.0,103.607662,463.996831
2021-03-19,1217.025127,1749.3634339999999,971.93453,120.630259,254.594495,3617.7515605999997,83.443922,534.523374,1215.747774,256.76661,662.8375271,416.750971,663.795818,517.2666576,257.511212,164.72135790000002,118.875306,120.630259,1204.385941,544.977493,83.443451,0.0,0.0,150.503055,1027.235928,82.795112,0.000471,715.16792,0.0,466.696289,384.020319,254.594495,3.530271,802.222468,294.65,0.0,0.0,103.463816,468.171728
2021-03-20,1223.275625,1753.636839,967.82832,98.832699,252.964793,3702.683168,57.80276,529.307421,1212.500743,253.30386,594.3549986,559.330561,740.150691,331.7330038,294.013372,197.3524826,118.489974,98.832699,1190.011516,563.625323,57.80276,0.0,0.0,150.507132,1027.323396,89.041226,0.0,714.52446,0.0,515.847792,378.800289,252.964793,3.383555,801.975769,292.035,0.0,0.0,103.527448,469.900267
2021-03-21,1230.496902,1756.351846,967.939535,104.248546,248.16881,3231.6911646,55.70051,517.732217,1215.160852,253.135316,634.8068762,443.326599,398.166357,431.7463306,290.724751,175.4890048,118.581537,104.248546,1198.310066,558.04178,55.699812,0.0,0.0,149.864956,1027.190968,96.100794,0.000698,714.804219,0.0,508.837366,367.867261,248.16881,3.667993,804.272315,292.307,0.0,0.0,103.537147,348.59388
2021-03-22,1264.361163,1767.1494360000002,972.775699,131.63581,273.347718,3565.3722090710003,74.63877000000001,555.42748,1200.055742,257.0181,689.1016094,454.911742,570.134303,589.814388,285.949472,0.199334671,120.04703,131.63581,1192.315266,574.83417,74.633206,0.0,5.00408,153.338878,1026.788452,130.272896,0.005564,715.757599,0.0,502.109999,397.084522,273.347718,3.558413,796.300712,283.708,0.0,0.0,103.741402,473.151361
2021-03-23,1250.910057,1783.437103,971.518225,126.186453,249.449291,3839.2866385999996,67.265015,565.97011,1212.559128,256.427206,713.3923127999999,516.50712,725.468264,622.5479177999999,284.523806,0.0,118.367414,126.186453,1220.774786,562.662317,67.259915,0.0,14.005791,153.498069,1026.558292,117.275237,0.0051,715.091019,0.0,502.937124,398.46625,249.449291,3.452173,802.513714,291.678,0.0,0.0,103.624355,473.910094
2021-03-24,1230.6102130000002,1776.6905510000001,963.5651790000001,98.692888,249.798513,3811.8152796,60.570842999999996,589.5544789999999,1219.421915,254.808208,716.7417007,541.064444,672.717921,692.3868509,222.819841,0.0,117.623745,98.692888,1223.689558,553.000993,60.566432,0.0,20.381479,153.709756,1027.398284,96.664662,0.004411,708.756971,0.0,500.445453,415.463244,249.798513,3.153762,803.88217,297.916,0.0,0.0,103.393505,465.639069
2021-03-25,1245.843492,1776.8125920000002,976.038929,104.123115,249.693746,3841.0166787999997,62.773076,592.722583,1221.481046,255.165688,702.5016975,539.197737,730.9386,613.6212343,310.122314,0.0,118.424231,104.123115,1211.728002,565.08459,62.768678,0.0,20.011699,152.329662,1027.709672,111.773954,0.004398,720.873241,0.0,468.098754,420.381222,249.693746,3.179742,802.422815,300.634,0.0,0.0,103.180124,476.536342
2021-03-26,1233.525795,1776.639819,976.260959,120.626694,249.367806,3773.9140273000003,110.065382,563.855578,1225.54396,251.247133,716.2307937,503.503772,753.443343,647.9308526,231.567654,0.0,119.442748,120.626694,1217.434019,559.2058,59.879121,0.0,20.001421,142.287907,1027.548744,99.766478,50.186261,725.013826,0.0,494.04442,401.56625,249.367806,2.906929,801.919212,304.182,0.0,0.0,103.303644,427.193192
2021-03-27,1180.4229409999998,1703.353586,971.869823,98.580902,244.071272,3708.5418093,105.62166300000001,514.702389,1181.4762620000001,245.448863,688.613783,439.439644,810.02488,549.2589602999999,303.210487,0.0,112.558778,98.580902,1187.304265,516.049321,42.185329,0.0,57.01238,139.164059,984.617988,94.103072,63.436334,726.42096,0.0,500.118633,318.52595,244.071272,2.362651,785.995484,282.922,0.0,0.0,99.33923,417.875422
2021-03-28,1229.198485,1777.0299799999998,974.731219,104.140741,245.666052,3665.9411278830003,114.659437,463.36998900000003,1178.1803129999998,251.296342,668.0770637,430.338178,802.1532,504.2113651,324.110316,0.0013740830000000001,105.840692,104.140741,1231.125785,545.904195,50.672206,0.0,6.993133,138.967428,1027.338055,99.311833,63.987231,723.434877,0.0,515.7587,317.409428,245.666052,2.735233,785.458621,286.881,0.0,0.0,99.813364,421.290931
2021-03-29,1244.779078,1777.9526110000002,973.1941380000001,120.54465,248.622799,3597.6487362000003,108.811092805,446.577045,1193.89817,250.920835,718.0382574,453.249427,733.632913,408.1702411,258.432229,114.5994187,103.371075,120.54465,1222.932587,555.020024,65.828574,0.0,4.997903,139.178592,1027.642016,113.454176,39.204694,722.273303,0.0,513.946202,302.40055,248.622799,2.818815,795.938095,294.589,0.0,3.7778248050000003,100.864071,397.580048
2021-03-30,1236.108831,1778.320723,974.502517,104.275727,247.959277,3933.2290684,102.048787589,457.461494,1198.967168,252.153584,668.4405162,507.41734,821.30753,520.8988756,308.009528,112.43183959999999,106.476938,104.275727,1226.557295,551.763428,62.078124,0.0,0.0,139.532375,1027.264472,106.152824,37.77456,722.348933,0.0,526.356333,317.929119,247.959277,2.619254,796.18223,296.308,0.0,2.1961035890000002,100.072281,468.367106
2021-03-31,1230.023163,1780.846439,911.601397,66.245712,248.459828,2623.5305984,94.48193500000001,456.877652,1167.279949,252.498146,675.0419722,538.339123,0.0,576.8817402999999,179.822582,189.5114469,106.468995,66.245712,1197.973854,582.872585,65.852158,0.0,0.0,139.539335,1027.783922,99.737883,28.629777,659.103251,0.0,0.0,317.338317,248.459828,2.290793,788.462954,272.348,0.0,0.0,100.210565,463.933734
2021-04-01,1241.21657,1759.969826,823.4788000000001,44.191377,212.897386,3635.3465808,91.062780415,466.651439,1204.016129,160.544382,678.0971102999999,471.575332,613.849803,582.8794707000001,148.619662,190.3832218,117.65756,44.191377,1188.109328,571.860498,61.053637,0.0,0.0,150.995422,1027.391532,109.479562,25.125294,662.934418,0.0,549.453117,315.656017,212.897386,2.314663,834.346569,252.012,0.0,4.883849415,102.030813,400.488864
2021-04-02,1238.630787,1756.984467,824.697707,44.022429,215.923977,3903.6724694,85.662435524,500.18564,1205.457982,165.328873,659.9678876,475.212761,798.42059,574.141366,149.176281,219.6655758,119.809048,44.022429,1176.59815,580.386317,51.135242,0.0,17.98868,162.622299,1027.727148,105.853505,29.768945,659.368834,0.0,574.285022,319.574661,215.923977,2.581273,832.733934,252.915,0.0,4.758248524,102.468861,452.802986
2021-04-03,1243.7410849999999,1755.905714,819.373711,43.995285,197.26388,3923.7006065,75.502358891,503.782956,1200.013559,160.795611,684.2628532,474.347923,819.458498,568.7539096,152.616603,208.33182269999998,115.585618,43.995285,1192.144954,563.76076,38.902138,0.0,9.009514,183.090836,1027.696728,111.217678,32.172988,658.5781,0.0,545.053275,311.682606,197.26388,2.632071,831.827941,252.6,0.0,4.427232891,102.194608,470.875722
2021-04-04,1235.625395,1755.776452,821.225903,43.849742,198.241702,3963.7001865,70.377473475,482.07419000000004,1204.055324,160.738346,670.9762534,551.683576,802.263572,551.1417635,160.22174,226.6620486,116.966872,43.849742,1197.07135,558.705102,34.523752,0.0,0.0,174.075365,1027.50576,103.298322,31.646057,660.487557,0.0,527.798247,307.998825,198.241702,2.524311,831.191452,255.897,0.0,4.207664475,102.297002,472.952986
2021-04-05,1230.0947,1755.973054,871.8166510000001,43.848792,201.582592,3946.082319,71.973952788,525.063852,1209.997499,212.870747,696.4937835,538.179128,818.475927,552.266726,249.001465,124.8624445,118.750443,43.848792,1168.138409,587.834645,36.734887,0.0,12.011738,174.41967,1027.413248,97.538077,31.089275,658.945904,0.0,492.480995,338.632444,201.582592,2.621618,832.156056,259.091,0.0,4.149790788,102.521757,474.32185
2021-04-06,1223.483296,1738.482833,785.248313,43.941165,241.091244,3968.1181372,78.923863745,535.5278450000001,1240.804526,126.167357,686.1998463,494.136578,857.085073,510.1267022,260.729032,151.52479169999998,118.951838,43.941165,1000.404953,738.07788,46.850507,0.0,15.017539,173.960589,1027.78864,90.097868,27.91041,659.080956,0.0,540.146978,346.549717,241.091244,2.940669,832.922688,288.93,0.0,4.162946745,102.656119,468.169136
2021-04-07,1234.658641,1771.739355,658.23019,44.038721,297.32763,3948.5923204,87.347020042,547.56526,1207.844765,0.0,707.0445884,395.060866,870.198748,393.2762292,312.706777,178.36252580000001,117.769771,44.038721,996.855152,774.884203,52.222046,0.0,12.010619,174.679524,1028.036088,101.481047,30.961884,658.23019,0.0,656.181697,360.875117,297.32763,2.572761,837.417994,252.657,0.0,4.163090042,102.568745,435.760889
2021-04-08,1233.639381,1755.749494,780.0524800000001,44.013464,259.204226,3823.4079333,91.254550211,555.434741,1228.075816,121.008552,680.7281915,471.961824,834.727947,406.793597,305.132228,163.23599380000002,117.787142,44.013464,987.482453,768.267041,51.636789,0.0,19.974919,177.686436,1028.089721,99.770366,35.389761,659.043928,0.0,516.385977,357.773386,259.204226,3.02617,830.919674,279.369,0.0,4.228000211,102.753124,444.442175
2021-04-09,843.469822,1779.2083069999999,919.1712160000001,54.902096,246.760281,3774.4328985,81.23913679399999,558.569652,1204.276378,255.695685,666.9658231000001,225.61635,860.152585,425.4703926,318.869701,158.2124578,117.458296,54.902096,1006.344575,772.863732,38.582941,0.0,23.061305,178.38663,623.084722,114.681778,38.489816,663.475531,0.0,771.565726,357.121717,246.760281,2.980086,831.779082,255.039,0.0,4.166379794,102.723236,347.579863
2021-04-10,921.5502759999999,1772.2110050000001,879.892662,55.00603,206.006071,3627.1420164,79.214556643,521.150611,1202.2626209999999,220.021051,643.4210759,348.296091,853.022425,456.466086,302.363809,153.2168765,117.471977,55.00603,1113.484899,658.726106,35.901404,0.0,11.497607,177.627823,709.196648,107.413276,39.222437,659.871611,0.0,528.147436,332.025181,206.006071,2.243348,832.398644,252.392,0.0,4.090715643,102.697004,342.208217
2021-04-11,905.726594,1787.094948,877.9336619999999,54.81532,197.822635,3616.3419872,72.432389073,491.579792,1198.265665,219.941488,651.8537868,382.479424,845.659507,440.9912456,295.319158,154.11735180000002,116.580378,54.81532,1112.398556,674.696392,33.635681,0.0,9.013521,172.508607,710.674374,90.880054,34.687251,657.992174,0.0,538.371708,310.057664,197.822635,1.873907,830.425287,251.26,0.0,4.109457073,102.298259,307.549806
2021-04-12,866.948977,1768.5284900000001,880.581355,54.933101,246.655515,3612.9365739,89.945735402,504.09220700000003,1191.394302,221.930788,636.8953778,404.704548,819.474396,344.1319605,271.321985,150.8461466,118.311643,54.933101,1086.893424,681.635066,34.843883,0.0,9.011828,171.61584,707.916532,54.553644,50.870044,658.650567,0.0,575.180396,323.464539,246.655515,2.091907,821.350659,251.732,0.0,4.2318084019999995,102.386894,410.381764
2021-04-13,981.168399,1783.287294,886.0192490000001,32.954148,258.272967,3501.792114,106.221407044,515.246985,1218.5917359999999,227.298308,565.3096679,435.117269,872.251748,255.1602491,233.285929,145.58917,119.203742,32.954148,1118.892552,664.394742,38.620245,0.0,12.002349,176.914889,830.338676,45.379747,63.336719,658.720941,0.0,614.388295,326.329747,258.272967,2.723147,836.418994,262.969,0.0,4.264443044,102.726829,380.689786
2021-04-14,1182.203867,1742.423428,885.324434,32.906399,253.674877,3575.4519254,110.129247432,523.783347,1259.738701,226.61595,612.8967959,467.524592,868.359457,296.995097,295.592702,137.6822035,118.349831,32.906399,1151.330568,591.09286,40.799814,0.0,14.971699,177.921642,1026.727504,49.68267,63.145664,658.708484,0.0,479.552359,330.890006,253.674877,3.118276,832.83416,308.55471,0.0,6.183769432,102.675417,416.848719
2021-04-15,1221.0196420000002,1716.589253,910.853526,65.904271,294.580417,3411.1770619,107.35270272700001,545.7367879999999,1257.685686,254.525939,653.0903252,421.445915,863.239548,283.1867625,293.327125,140.6013712,118.270254,65.904271,1144.054355,572.534898,42.718133,0.0,23.006323,178.050859,1026.903344,88.712316,58.20732,656.327587,0.0,362.03744,344.679606,294.580417,2.923927,831.827432,307.588,0.0,6.4272497269999995,102.480055,394.248575
2021-04-16,1216.864418,1732.722472,903.7089060000001,120.559677,233.908911,3470.5147129,103.001447339,552.835512,1262.405755,244.489085,642.2428107000001,381.280674,858.526975,353.6378517,288.843739,146.7374805,117.380705,120.559677,1193.080634,539.641838,33.919612,0.0,23.044527,180.260099,1026.864784,85.02166,62.626577,659.219821,0.0,382.941821,349.530886,233.908911,2.720179,831.89105,313.134,0.0,6.455258338999999,102.257795,416.303361
2021-04-17,1209.321354,1755.35388,900.608311,142.386016,218.403453,3429.4402537,78.11881912999999,606.7935259999999,1212.618748,244.270954,654.9321816,365.544636,775.272611,467.1023672,253.249808,154.0908259,117.620608,142.386016,1212.902602,542.451278,21.572528,0.0,14.01308,247.108754,1026.93406,77.449058,52.490049,656.337357,0.0,333.474857,345.671692,218.403453,2.247831,830.45114,264.547,0.0,4.05624213,102.690405,425.772967
2021-04-18,1215.9745910000001,1756.247949,905.394808,115.136686,215.830851,3445.5435377,75.13169837,611.0483409999999,1219.764392,243.297218,611.4233249,402.440945,778.455929,498.97287939999995,273.421762,136.6783634,118.202191,115.136686,1215.368156,540.879793,19.045442,0.0,14.011926,252.906804,1026.816088,84.671385,52.101088,662.09759,0.0,322.513384,344.129611,215.830851,2.012239,831.926201,269.636,0.0,3.9851683700000002,102.474879,421.63695
2021-04-19,1220.284102,1760.722043,899.859197,137.120254,289.004505,3502.2550337000002,81.856067857,623.161491,1268.221993,243.078141,646.1703657,418.589758,791.199509,485.2359333,251.768887,132.2936277,117.311366,137.120254,1001.936183,758.78586,25.56084,0.0,22.971424,252.679234,1026.566808,89.31063,52.272658,656.781056,0.0,338.540111,347.510833,289.004505,2.087635,832.814627,318.096,0.0,4.022569857,102.319029,438.456842
2021-04-20,1207.154376,1775.276367,891.393107,5.869421,246.830126,3484.0337423,86.578981371,627.134545,1210.3626239999999,242.438131,642.6714274,383.739156,827.981181,432.9299697,282.134009,146.0200612,116.647949,5.869421,987.869054,787.407313,27.488663,0.0,23.000449,259.299799,1026.886932,75.732844,54.860963,648.954976,0.0,316.048069,344.834297,246.830126,2.044155,832.915675,260.799,0.0,4.2293553710000005,102.490445,452.509869
2021-04-21,1187.035081,1753.3168719999999,900.10006,154.334418,258.238045,3476.0150088,75.981783763,627.88909,1204.620914,242.621484,670.7515971,458.469113,693.422858,453.6691864,236.624441,186.9601823,116.167217,154.334418,975.289351,778.027521,20.133948,0.0,23.00127,272.882853,1026.634024,55.448005,51.710342,657.478576,0.0,328.424567,332.004967,258.238045,2.035938,833.223697,255.23,0.0,4.137493763,102.917114,447.693064
2021-04-22,1184.2716759999998,1757.566307,905.1956789999999,153.82173,259.099459,3461.4140009000002,67.997186382,627.2243910000001,1205.151167,242.542844,608.856736,465.754526,695.962631,564.6038431000001,223.895094,153.05077780000002,117.210752,153.82173,976.685803,780.880504,24.614819,0.0,22.991119,255.508139,1027.473068,51.770198,39.331958,662.652835,0.0,310.46279,348.725133,259.099459,2.440171,832.898415,255.042,0.0,4.050409382,102.588239,438.827603
2021-04-23,1249.268747,1756.2477629999998,906.7663729999999,109.282874,247.679899,3470.0681098,59.793404893,635.379395,1211.7170879999999,242.738949,632.2011682000001,473.917233,743.848508,435.0660891,241.563385,169.9318735,117.654933,109.282874,975.295677,780.952086,20.326087,0.0,23.000611,256.676262,1027.238968,117.181815,35.420003,664.027424,0.0,314.160981,355.702522,247.679899,2.442834,833.484155,260.578,0.0,4.047314893,102.40513,459.378872
2021-04-24,1285.842319,1757.92534,909.27218,131.391204,209.556495,3406.0616017,76.25938158299999,615.617578,1210.7043429999999,242.384095,575.1799807000001,476.452295,677.444032,443.1308099,306.491755,163.4530551,118.305865,131.391204,1057.644209,700.281131,13.616225,0.0,23.008044,251.652156,1027.149816,153.519331,58.570969,666.888085,0.0,319.399449,340.957378,209.556495,2.446994,833.253478,259.145,0.0,4.072187583,102.726178,444.510225
2021-04-25,1306.3347860000001,1755.172482,904.6316139999999,120.482287,227.064159,3375.8084312,75.099083135,577.530303,1211.0585660000002,242.668659,577.6354213,455.739906,702.258641,455.4320963,306.528087,131.2952346,118.675408,120.482287,1052.130635,703.041847,13.802188,0.0,11.500445,237.448272,1027.464752,173.583782,57.206587,661.962955,0.0,311.767653,328.581586,227.064159,2.61588,834.404158,257.979,0.0,4.090308135,102.670372,435.151392
2021-04-26,1308.046589,1747.6648559999999,903.5073189999999,131.497324,256.678187,3435.641746748,92.42505927,634.3916629999999,1213.590093,242.312008,717.9213393,417.339809,798.679093,496.9345205,272.572607,0.038610948,119.308011,131.497324,957.809427,789.855429,29.468168,0.0,23.008901,277.340854,1027.106408,175.432176,58.888277,661.195311,0.0,269.874773,334.041908,256.678187,2.913987,833.475082,260.807,0.0,4.06861427,102.594018,462.280994
2021-04-27,1308.593642,1761.431891,901.837506,131.389669,266.072259,3422.4350809,93.185464896,643.990895,1205.944778,242.171121,694.6051398,466.776175,640.680362,468.6147203,229.808124,178.84878980000002,117.934589,131.389669,982.238967,779.192924,32.867465,0.0,23.012182,276.392674,1027.211976,175.352546,56.201592,659.666385,0.0,279.362167,344.586039,266.072259,3.040516,832.544189,255.466,0.0,4.116407896,102.988604,463.739603
2021-04-28,1292.239998,1754.4772600000001,901.90779,109.57069,262.626602,3567.486053,97.73272499299999,632.974419,1193.310755,242.318467,660.3024548,457.848497,838.157922,467.00494660000004,195.619332,186.0362996,118.407915,109.57069,985.051784,769.425476,37.113127,0.0,11.778293,283.28394,1027.229856,159.683911,56.460708,659.589323,0.0,308.859687,337.912186,262.626602,2.5952,822.32684,252.576,0.0,4.158889993,102.731031,453.656914
2021-04-29,1284.262162,1762.269921,899.643982,140.693198,248.913817,3558.591059482,106.66817809800001,629.6451860000001,1211.424154,242.413006,684.8757442000001,425.254411,872.953023,457.4195895,202.89109,0.179682782,115.182167,140.693198,984.979997,777.289924,33.647536,0.0,9.153822,283.338697,1027.41546,151.91068,68.809712,657.230976,0.0,462.058777,337.152667,248.913817,2.31819,843.639987,252.602,0.0,4.210930098,102.617832,452.958742
2021-04-30,1264.8013290000001,1755.6264769999998,900.162927,154.036416,247.004737,1870.2957784,110.60893688400002,593.825015,1196.000596,243.122169,658.4806456,184.467185,0.0,515.4248798,184.322841,0.0,114.298203,154.036416,1064.812203,690.814274,31.838829,0.0,9.027283,285.947899,1027.66947,132.672731,77.37793,657.040758,0.0,0.0,298.849833,247.004737,1.915935,829.462393,252.24,0.0,1.392177884,102.543193,327.600227
2021-05-01,1199.775539,1756.068217,906.952916,119.816527,240.253111,3686.681487,109.013113409,574.813646,1255.03503,259.873585,699.0234488,417.899902,872.391496,579.0667212000001,158.935228,0.0,119.354225,119.816527,1177.14109,578.927127,18.778798,0.0,8.949984,291.890379,1027.369504,65.767385,85.391004,647.079331,0.0,598.298663,273.973283,240.253111,1.974983,858.952805,276.728,0.0,4.843311409,104.663667,361.066028
2021-05-02,1209.328032,1756.308784,897.095996,87.576837,240.765303,3660.4457537,122.09084556599998,557.957825,1253.567442,260.535739,724.2600647,424.570288,875.397139,576.608339,159.449354,0.0,117.899582,87.576837,1200.018773,556.290011,23.779789,0.0,0.0,291.701214,1027.638984,75.163357,94.234113,636.560257,0.0,553.083522,266.256611,240.765303,2.10107,858.66586,277.002,0.0,4.076943566,104.424621,347.077047
2021-05-03,1199.894765,1756.914328,897.926518,153.726912,258.622189,3566.7859958999998,145.672562923,564.006976,1250.978691,260.688265,634.7035855,453.488807,874.374134,613.6367384,158.478729,0.0,118.431147,153.726912,1206.329764,550.584564,44.861289,0.0,0.0,290.866587,1027.794752,65.210447,96.948163,637.238253,0.0,471.38643,273.140389,258.622189,2.331162,859.002963,273.544581,0.0,3.863110923,104.558404,360.717572
2021-05-04,1191.025753,1755.99019,897.929363,136.337481,257.399912,3428.4796103999997,142.704673289,566.987067,1257.530784,261.116626,688.1348198,363.024385,867.695941,565.0689726,178.28671,0.0,117.795517,136.337481,1199.933317,556.056873,41.744504,0.0,9.008241,292.519434,1027.458148,56.986833,92.951818,636.812737,0.0,449.420251,265.459392,257.399912,2.085642,858.555267,281.18,0.0,8.008351289,104.49513,316.848531
2021-05-05,1207.419488,1755.850523,897.6648829999999,0.0,251.893845,3269.49925222,151.929057915,603.990776,1252.106465,261.580403,517.0355585,310.39658,874.670235,419.9183997,168.695924,94.45393002,116.001101,0.0,1230.931931,524.918592,53.143271,0.0,5.006388,302.767921,1027.454732,73.220659,94.807907,636.08448,0.0,536.630514,296.216467,251.893845,2.201018,859.816364,276.289,0.0,3.977879915,104.543079,347.698111
2021-05-06,1244.389108,1755.403119,897.733399,154.147888,256.235839,3289.4126653,151.843285922,639.189166,1260.704261,261.44775,405.1827835,269.291936,881.219345,432.16601560000004,178.845678,173.6607142,117.097264,154.147888,1234.761121,520.641998,46.715464,0.0,17.99199,302.255557,1027.24592,110.530542,97.373016,636.285649,0.0,607.58409,318.941619,256.235839,2.226012,858.781997,284.825,0.0,7.754805922,104.386634,341.462103
2021-05-07,1244.822431,1751.217994,898.513482,131.452089,253.139404,3344.6444001,164.69628688,651.4463820000001,1265.838604,262.093437,481.4746415,343.295127,863.493211,518.1502847,150.144562,145.6342559,117.764683,131.452089,1196.336998,554.880996,53.976091,0.0,22.9894,311.023676,1026.912296,111.104707,98.189638,636.420045,0.0,463.662026,317.433306,253.139404,2.58324,859.103921,288.97,0.0,12.530557880000002,104.222188,378.790292
2021-05-08,1212.181959,1762.1646150000001,888.867684,98.313312,246.865048,3368.4182249,168.04744125,656.720603,1253.99592,261.635078,643.5229975,487.603018,639.72787,427.3854071,157.795102,142.70853830000001,119.738516,98.313312,1195.210654,566.953961,51.997125,0.0,11.492885,310.667546,1026.982192,78.30332,103.55066,627.232606,0.0,436.543564,334.560172,246.865048,2.289967,858.331404,275.926,0.0,12.49965625,104.60648,433.131728
2021-05-09,1197.6048799999999,1756.041062,899.287992,98.159051,244.117835,3406.6012862,162.852124268,600.185796,1249.6982859999998,261.271518,659.1312081,492.329886,608.772988,586.6296828,124.126018,105.1862213,116.570496,98.159051,1223.120232,532.92083,31.716361,0.0,5.747008,313.041291,1026.51192,64.779988,123.552392,638.016474,0.0,414.880251,281.397497,244.117835,1.804564,857.30679,275.821,0.0,7.5833712680000005,104.508408,415.545031
2021-05-10,1189.33199,1755.750595,897.099033,108.937815,249.27468,3467.5215211,159.887570133,662.1415460000001,1247.716372,261.64615,602.0630113999999,533.179293,551.622663,633.6500391000001,139.071369,139.4308946,115.003745,108.937815,1210.255283,545.495312,26.544791,0.0,5.554566,304.25348,1026.03296,57.161762,126.62201,635.452883,0.0,396.865057,352.3335,249.27468,1.535736,856.859627,275.853,0.0,6.720769133,104.601532,471.639194
2021-05-11,1195.497048,1756.06779,907.860284,108.835449,249.356165,3484.345098,150.87933365199999,686.187683,1248.009708,261.355718,605.948933,527.555503,588.448149,590.4742199,134.915111,178.16525009999998,114.358857,108.835449,1189.878343,566.189447,17.910528,0.0,22.418409,300.085005,1026.44076,63.173788,128.910057,646.504566,0.0,394.866307,363.684269,249.356165,1.41007,858.081851,275.569,0.0,4.058748651999999,104.47243,463.971625
2021-05-12,1198.6259909999999,1756.08525,918.86356,98.218349,248.843973,3583.5927022,164.309601204,691.6727880000001,1248.547192,262.06164,621.9294577000001,535.0329,676.850407,597.2892076,112.894907,176.0963779,114.973872,98.218349,1193.233321,562.851929,23.520655,0.0,22.992032,301.112112,1026.526116,66.432136,136.730155,656.80192,0.0,394.701812,367.568644,248.843973,1.320953,857.84932,275.724,0.0,4.058791204,104.346786,468.797633
2021-05-13,1209.04349,1752.178398,920.765467,103.625851,249.460932,3484.7029727999998,166.10384551800004,689.5048380000001,1252.5079540000002,261.294088,601.8402054,526.184712,633.3952,620.5178268999999,126.251242,148.2774185,118.575652,103.625851,1170.311618,581.86678,21.164439,0.0,23.003459,301.562132,1027.524148,76.09308,140.959874,659.471379,0.0,390.427162,364.939247,249.460932,1.326924,858.159302,275.773,0.0,3.979532518,104.099338,437.809206
2021-05-14,1199.096269,1759.955108,924.8218300000001,130.755766,249.43765,3416.8834496,147.239250803,585.754951,1252.133711,260.376186,576.6680526,456.232618,768.242959,521.9307934,153.946052,171.86205959999998,118.296129,130.755766,1190.708554,569.246554,22.359843,0.0,0.0,294.89994,1026.907728,66.777856,120.925207,664.445644,0.0,379.313968,290.855011,249.43765,1.241439,858.013582,275.824,0.0,3.954200803,104.169246,388.686947
2021-05-15,1198.895699,1755.1923820000002,927.1186299999999,136.284621,248.16881,3212.7177923,133.986120465,557.322455,1251.56558,261.023246,278.8119763,491.853003,822.402453,183.37354380000002,322.528044,240.62642319999998,116.489257,136.284621,1201.997861,553.194521,15.352751,0.0,0.0,265.681538,1026.70794,66.718754,117.080767,666.095384,0.0,401.78373,291.640917,248.16881,1.131821,859.330323,275.746,0.0,1.552602465,104.337184,471.338619
2021-05-16,1200.633957,1754.822606,926.474482,147.225715,247.924355,3303.1626368999996,124.45455,450.877227,1252.663227,261.448578,303.50176739999995,558.39973,845.287795,0.0166733,275.713716,424.9268272,117.148744,147.225715,1181.122928,573.699678,17.820228,0.0,0.0,155.41458,1027.816464,67.411803,106.634322,665.025904,0.0,421.84462,295.462647,247.924355,1.176746,859.591483,275.923,0.0,0.0,104.228944,473.471508
2021-05-17,1209.265643,1754.401171,898.9878160000001,154.438797,249.414369,3331.1000012,132.790911,295.545586,1254.705817,261.10941,374.6709692,541.048758,862.336089,0.0,307.717352,289.859918,117.885022,154.438797,1190.07152,564.329651,20.832576,0.0,0.0,0.0,1028.942036,75.591927,111.958335,637.878406,0.0,487.205668,295.545586,249.414369,1.284584,861.116795,275.704,0.0,0.0,103.447096,468.261247
2021-05-18,1218.639976,1756.1817849999998,895.519329,126.872328,249.519135,3317.0876205,142.365201,288.3476,1257.548899,260.791771,444.03826630000003,378.343432,803.612924,0.0069141,323.319354,421.51948710000005,120.157298,126.872328,1191.174619,565.007166,15.707315,0.0,0.0,0.0,1029.499928,83.596438,126.657886,634.727558,0.0,472.886121,288.3476,249.519135,1.254182,861.361601,276.03,0.0,0.0,104.289428,473.361122
2021-05-19,1214.2623019999999,1753.8650400000001,889.1561180000001,0.0,247.260833,3124.7448409999997,151.13928199999998,289.071856,1254.69069,260.713367,388.05507589999996,482.255794,615.088453,0.0,321.523393,436.07593710000003,115.757428,0.0,1191.635665,562.229375,25.78334,0.0,0.0,0.0,1029.563788,79.166019,125.355942,628.442751,0.0,432.257638,289.071856,247.260833,1.355085,862.457262,276.476,0.0,0.0,104.17741,449.48855
2021-05-20,1229.027834,1757.0490829999999,884.4440870000001,137.833818,255.653802,3032.70782,144.38501,293.485825,1258.291276,260.833647,418.8663984,542.573985,448.062218,0.0066808,316.931634,429.1137088,116.594189,137.833818,1205.891222,551.157861,15.202368,0.0,0.0,0.0,1027.707312,95.701361,129.182642,623.61044,0.0,411.181351,293.485825,255.653802,1.354085,863.597087,278.1,0.0,0.0,104.265076,465.971844
2021-05-21,1217.8743990000003,1757.03223,884.891369,125.659669,250.462035,2954.1458066,159.48262,318.160925,1255.972622,260.727396,469.9568075,509.244107,464.240387,0.0601606,310.518912,345.9868245,114.861579,125.659669,1193.234322,563.797908,22.659347,0.0,0.0,0.0,1027.453676,84.499979,136.823273,624.163973,0.0,383.56118,318.160925,250.462035,1.211052,864.607043,276.504,0.0,0.0,104.709692,470.577428
2021-05-22,1186.173825,1753.6448209999999,894.064632,114.744294,248.518032,3011.2432874,166.784024,543.929784,1256.647718,260.791156,333.4675846,464.324886,738.983486,347.36767910000003,145.19377,171.1425577,116.667629,114.744294,1238.042657,515.602164,26.511527,0.0,14.988056,171.5688,1027.02216,53.357673,140.272497,633.273476,0.0,361.923743,357.372928,248.518032,1.106596,863.780089,276.2,0.0,0.0,104.687396,448.839581
2021-05-23,1205.148111,1754.132997,898.3134049999999,114.524052,248.378343,3112.027627,165.519707,533.7407810000001,1255.990241,260.41191,361.7737362,491.799412,697.232381,439.3658908,141.23563,205.645704,115.670189,114.524052,1221.964258,532.168739,25.405799,0.0,7.500069,193.498512,1026.693068,72.736716,140.113908,637.901495,0.0,340.961237,332.7422,248.378343,1.192865,864.165052,276.155,0.0,0.0,104.525462,434.013636
2021-05-24,1204.675756,1755.902702,897.943573,130.945312,249.460932,3137.5717567,179.714424,545.184017,1258.387166,259.60208,439.3077695,428.819028,743.347253,452.11460989999995,137.452799,170.67858230000002,117.616856,130.945312,1209.106342,546.79636,30.695888,0.0,22.74648,188.069412,1026.54922,72.433694,149.018536,638.341493,0.0,312.888087,334.368125,249.460932,1.225441,864.55131,276.219,0.0,0.0,104.467401,452.963628
2021-05-25,1207.378719,1755.681674,896.8738969999999,103.779771,249.27468,3074.2554517,184.07002,584.973108,1259.2753149999999,259.219428,150.0221307,537.105233,792.38921,499.95311289999995,205.033437,169.7781081,118.990624,103.779771,1190.019027,565.662647,31.173049,0.0,22.984305,189.338642,1026.673524,74.62258,152.896971,637.654469,0.0,294.722189,372.650161,249.27468,1.39607,863.973691,276.311,0.0,0.0,104.686545,425.252031
2021-05-26,1216.4639479999998,1754.626341,893.1226369999999,87.597513,256.107791,2798.513254,179.08697600000002,633.880305,1256.948842,259.977446,371.95347119999997,381.677822,612.875988,414.89825,124.892271,177.41405680000003,119.22838,87.597513,1188.073101,566.55324,23.648648,0.0,23.01232,232.852729,1027.12342,83.263614,155.438328,633.145191,0.0,284.594792,378.015256,256.107791,1.400242,859.915462,277.805,0.0,0.0,104.676672,430.206603
2021-05-27,1219.8820629999998,1754.621025,893.161398,98.368288,259.518526,2980.4529265,173.17328,659.897847,1256.388131,260.138063,343.838237,455.060953,743.392085,510.287862,134.941753,191.1606075,116.961429,98.368288,1187.677052,566.943973,20.114182,0.0,22.493358,259.955228,1028.866552,85.296666,153.059098,633.023335,0.0,238.458243,377.449261,259.518526,1.351843,862.536702,276.89,0.0,0.0,104.367002,363.313186
2021-05-28,1217.489941,1756.896749,879.025908,98.21519,269.26182,3800.5585262,167.0343,619.8450439999999,1255.730391,260.361139,344.31332180000004,483.170884,1200.469778,485.4810196,134.90966,239.0944638,116.033722,98.21519,1172.742508,584.154241,14.488143,0.0,22.993801,226.352137,1028.230892,83.487395,152.546157,618.664769,0.0,496.104627,370.499106,269.26182,1.266092,862.411669,277.285,0.0,0.0,104.505562,417.014772
2021-05-29,1209.4672200000002,1751.484531,908.791187,98.130919,245.30519,2241.2173543999997,183.869825,614.600383,1256.304634,260.466609,386.6254835,539.212463,0.0,470.832616,172.728121,197.10210990000002,115.503674,98.130919,1175.432103,576.052428,34.130793,0.0,11.514636,252.206053,1027.637924,76.086166,149.739032,648.324578,0.0,0.0,350.879694,245.30519,1.168081,864.76296,276.038,0.0,0.0,104.575049,474.716561
2021-05-30,1221.717834,1754.177993,903.6309530000001,98.012852,245.258627,3723.2529802,177.958986,600.02457,1256.4313499999998,260.229219,394.2770797,524.940345,955.21775,492.4773665,139.402741,219.204534,114.577961,98.012852,1183.120776,571.057217,35.198407,0.0,5.755108,252.272826,1026.818672,88.955945,142.760579,643.401734,0.0,524.7876,341.996636,245.258627,1.241781,866.225389,275.628,0.0,0.0,104.701436,472.945564
2021-05-31,1230.313306,1757.877119,895.957717,109.203957,268.516813,2266.0269273,190.407729,607.852513,1259.278916,259.938741,385.8778115,556.050374,0.0,486.8520363,138.734252,226.0079475,116.301986,109.203957,1177.469517,580.407602,41.884007,0.0,0.0,252.13521,1026.978139,97.595325,148.523722,636.018976,0.0,0.0,355.717303,268.516813,1.354983,865.29993,277.677,0.0,0.0,104.384859,472.504506
2021-06-01,1196.571982,1758.4459149999998,838.5695390000001,87.456179,258.924848,3057.9354439,178.41116599999998,613.5050229999999,1258.490082,259.407797,617.2241477,576.904724,561.744152,0.9303612,290.827027,281.156499,116.446323,87.456179,1195.460956,562.984959,26.799748,0.0,7.000165,265.763294,1025.8081,66.993491,151.611418,579.161742,0.0,253.875139,340.741564,258.924848,1.373491,864.692759,277.351,0.0,0.0,102.3969,475.273394
2021-06-02,1179.5923050000001,1756.2809579999998,834.540157,87.398974,261.613858,3050.811526,105.765848,608.929251,1256.552561,257.850784,596.2760293,540.274792,594.170006,0.25380179999999997,312.478175,276.41598389999996,116.883789,87.398974,1169.298024,586.982934,19.068414,0.0,6.500536,254.255807,1025.945036,50.058996,86.697434,576.689373,0.0,260.708227,348.172908,261.613858,1.173245,862.148772,277.52,0.0,0.0,102.415028,470.234511
2021-06-03,1184.389833,1753.96733,858.1998530000001,109.284237,249.158272,2882.8046799999997,116.34034199999999,619.917044,1255.915588,260.367314,384.85776189999996,508.875628,437.895301,535.6667444,78.828356,235.66433669999998,115.998741,109.284237,1194.11742,559.84991,27.981544,0.0,6.06144,260.036946,1025.864136,55.189991,88.358798,597.832539,0.0,228.866596,353.818658,249.158272,0.947473,862.711847,277.205,0.0,0.0,102.388233,472.149956
2021-06-04,1180.1364059999999,1758.2840339999998,850.990309,109.242833,248.494751,3095.3362585,79.79095699999999,632.990151,1255.879118,260.049746,359.6004241,543.522993,576.712899,578.3846529,91.210457,221.4714325,116.265325,109.242833,1181.109861,577.174173,24.557306,0.0,9.669685,256.070013,1026.867992,49.992667,55.233651,590.940563,0.0,253.666861,367.250453,248.494751,0.884558,862.161793,277.452,0.0,0.0,102.391189,470.766539
2021-06-05,1174.169653,1755.2942400000002,854.045455,98.450987,248.180451,3148.926276,50.601090000000006,616.040714,1234.959949,260.021096,359.7942795,534.049628,618.852044,486.1194094,183.388569,233.6303611,114.632429,98.450987,1212.159218,543.135022,13.109216,0.0,13.127599,256.400429,1027.167084,43.979906,37.491874,594.024359,0.0,257.252243,346.512686,248.180451,0.815975,861.31852,259.009,0.0,0.0,102.206688,475.839742
2021-06-06,1175.6522780000003,1747.3107759999998,852.272436,98.383629,246.830126,3185.4215884,51.084329,603.733709,1236.067979,260.038059,363.46045530000004,542.320806,636.870994,496.89308669999997,106.442811,305.51867239999996,114.297733,98.383629,1227.075392,520.235384,13.181908,0.0,12.449361,256.589181,1027.974112,44.588555,37.902421,592.234377,0.0,263.494369,334.695167,246.830126,0.887789,862.719246,259.051,0.0,0.0,102.201822,470.420394
2021-06-07,1070.806934,1742.5349729999998,846.12928,109.367218,246.57403,3084.7917612,56.910931000000005,678.373512,1238.2863349999998,260.214244,353.0968846,413.82727,652.594459,458.185821,159.749188,298.40646560000005,119.411787,109.367218,1198.039781,544.495192,19.444089,0.0,14.995163,284.160713,910.268376,57.058446,37.466842,585.915036,0.0,277.672942,379.217636,246.57403,1.023499,859.967548,258.907,0.0,0.0,102.456613,471.258731
2021-06-08,1043.4529,1742.663204,846.588146,126.279714,246.283011,3088.0096332000003,36.459858,581.734727,1240.508424,259.864098,342.0249663,397.229914,687.836088,528.0876261999999,150.025573,260.8104537,120.586207,126.279714,1182.790239,559.872965,31.557149,0.0,23.00914,260.997029,887.275128,52.768917,4.902709,586.724048,0.0,254.020362,297.728558,246.283011,1.090762,861.444217,258.478,0.0,0.0,102.318093,467.97465
2021-06-09,1047.939084,1744.1679130000002,853.2954010000001,0.0,246.306293,1738.295176091,64.857891671,579.8763200000001,1243.0319960000002,259.760285,438.6163053,0.0,370.335908,108.5182465,52.307122,0.250624291,120.491974,0.0,1206.916077,537.251836,42.497283,0.0,18.018144,261.426959,883.301808,61.083515,21.205757,593.535116,0.0,297.865559,300.431217,246.306293,1.122235,864.520022,258.02,0.0,1.154851671,102.431526,470.401411
2021-06-10,1103.8759949999999,1756.417825,849.984784,143.435704,247.260833,2328.3218815,161.305448805,572.806269,1242.850171,259.834691,409.70180860000005,0.0,412.538639,515.4279468,90.250531,159.51011409999998,120.060563,143.435704,1220.468024,535.949801,34.174714,0.0,22.908713,248.706073,948.568132,51.708759,126.339916,590.150093,0.0,273.536214,301.191483,247.260833,1.144298,865.539608,257.25,0.0,0.790818805,102.454806,467.356628
2021-06-11,1101.16785,1752.7929399999998,848.322801,133.660937,247.237551,2617.4842509,187.449495723,648.739116,1231.16004,259.781412,386.4392065,0.0,706.954064,490.98481169999997,98.29168,196.71303669999998,120.056767,133.660937,1212.109111,540.683829,35.402219,0.0,22.966372,258.861366,954.3098,43.35068,150.747192,588.541389,0.0,263.653921,366.911378,247.237551,1.051799,864.574273,246.529,0.0,1.300084723,102.455571,474.447531
2021-06-12,1089.099581,1754.121561,861.927449,81.860493,242.837354,2724.9101306000002,168.310831,646.5283969999999,1228.529997,259.717818,405.79637060000005,445.752396,264.219242,625.1746277999999,92.943213,147.15887419999999,117.692615,81.860493,1191.105104,563.016457,20.925765,0.0,18.138685,259.739743,955.3755,30.199475,147.385066,602.209631,0.0,277.237799,368.649969,242.837354,0.947197,864.059382,246.778,0.0,0.0,102.577409,466.627608
2021-06-13,1101.081136,1756.5322350000001,865.334325,81.818949,242.744228,2897.1538071,169.875961,624.9239650000001,1226.525908,259.901999,464.1057884,456.971168,353.267061,654.1172322000001,90.743989,147.2100645,116.666995,81.818949,1176.406723,580.125512,19.29197,0.0,18.198322,245.570685,955.611244,42.15945,150.583991,605.432326,0.0,259.548362,361.154958,242.744228,1.005765,863.823913,246.035,0.0,0.0,102.304677,471.190142
2021-06-14,1183.654027,1758.820877,855.9630589999999,109.189613,247.144425,2906.0671059,180.714247,667.629069,1221.515126,259.871408,483.1632938,465.43831,307.321301,747.9966734,0.140539,141.98337569999998,117.059289,109.189613,1192.912329,565.908548,31.061215,0.0,18.143941,271.274434,1020.9843,59.273649,149.653032,596.091651,0.0,289.48084,378.210694,247.144425,1.12758,857.704837,246.751,0.0,0.0,102.268498,470.542773
2021-06-15,1189.351138,1755.860204,837.4358460000001,98.274105,246.539107,2974.5476173,179.123423178,652.387517,1222.405357,260.070092,488.2079708,489.760305,315.862312,684.8520797000001,0.0,188.70106380000001,116.854194,98.274105,1191.030728,564.829476,36.828697,0.0,22.933256,265.322508,1025.866336,60.169609,140.896878,577.365754,0.0,334.500669,364.131753,246.539107,1.159868,859.001163,246.55,0.0,1.397848178,102.155325,472.663217
2021-06-16,1183.621605,1756.096439,781.148927,76.397083,229.240976,2914.7136984999997,185.696342,711.548244,1223.821465,207.021943,470.5344039,486.882097,194.309845,768.5953759,0.0,187.5943227,117.454584,76.397083,1191.184569,564.91187,46.810252,0.0,23.018887,306.08781,1024.939788,55.352781,138.88609,574.126984,0.0,332.206338,382.441547,229.240976,1.187847,861.095881,245.271,0.0,0.0,102.141189,474.591316
2021-06-17,1173.477473,1756.0033640000001,863.658681,32.984292,245.037453,2912.5470320000004,204.329513856,712.588046,1223.301962,290.937582,529.6893196,115.004039,477.579399,806.2832761000001,0.0,151.3588123,118.201985,32.984292,1191.161781,564.841583,56.789766,0.0,22.950227,283.51048,1024.812672,45.542931,146.302286,572.721099,0.0,367.729939,406.127339,245.037453,1.166183,859.701977,245.398,0.0,1.237461856,101.955687,464.902247
2021-06-18,1176.6170200000001,1754.793279,833.027307,16.550601,241.789688,3072.252047993,202.674721191,697.514916,1221.558277,259.821962,647.8293408999999,492.11433,267.505938,825.6182601,0.0,0.025998992999999998,116.863101,16.550601,1182.622296,572.170983,44.243347,0.0,22.998565,284.194407,1026.68366,46.919894,157.318589,573.205345,0.0,367.340791,390.321944,241.789688,1.086721,859.354176,245.341,0.0,1.1127851910000002,101.926745,471.817389
2021-06-19,1163.592951,1726.9889309999999,817.308048,16.483254,241.335699,3494.3295715,196.43822924,703.373275,1223.594386,260.044257,682.2861347,431.67676,417.756288,723.5486447999999,67.27272,0.0,117.333494,16.483254,1157.221403,569.767528,38.811239,0.0,22.996666,290.155612,1028.038528,32.840218,156.749873,557.263791,0.0,705.924055,390.220997,241.335699,0.873601,860.582892,245.678,0.0,0.87711724,101.840604,465.864969
2021-06-20,1168.751727,1727.512205,821.119771,16.439131,227.273692,2262.3156244,191.75317767,658.978294,1226.4928,260.287467,521.8419491000001,463.019206,0.0,756.3328203,65.931313,0.0,118.559942,16.439131,1173.9029,553.609305,47.481375,0.0,22.993203,264.492435,1028.576548,37.446569,143.175114,560.832304,0.0,0.0,371.492656,227.273692,0.911859,861.910858,246.022,0.0,1.09668867,101.816751,455.190336
2021-06-21,1201.933291,1633.245282,815.6560059999999,16.356529,245.386675,2910.5094432,184.421698821,665.881239,1226.061792,260.097513,510.775731,508.492626,276.093543,741.8343642000001,68.525448,0.0,117.096432,16.356529,1077.172381,556.072901,40.524476,0.0,23.038984,281.677947,1028.287376,70.7174,142.293765,555.558493,0.0,342.173169,361.164308,245.386675,1.045439,862.86136,246.104,0.0,1.603457821,101.883076,462.614562
2021-06-22,1188.4399859999999,1576.829151,821.9070569999999,0.0,245.642771,2931.3624205,180.23347074,648.861283,1227.123196,259.734852,489.9844248,502.18212,297.580421,762.0011587,78.349982,0.0,115.768345,0.0,991.384405,585.444746,32.787792,0.0,23.007034,264.689941,1027.198696,57.509753,147.190483,562.172205,0.0,330.712697,361.164308,245.642771,1.048439,864.611851,246.743,0.0,0.25519574,102.683098,470.551617
2021-06-23,1192.192651,1609.4057659999999,815.447445,11.108561,246.224808,3024.4662617999998,190.25856199999998,280.524403,1214.416791,259.680721,543.6494785,539.655583,288.763091,821.0331242999999,0.030938,0.0,116.726692,11.108561,1071.052395,538.353371,35.531121,0.0,23.070766,257.453637,1027.263588,60.852596,154.727441,555.766724,0.0,361.607136,0.0,246.224808,1.05676,869.831099,227.859,0.0,0.0,103.019707,469.726911
2021-06-24,1194.314949,1625.708933,806.743297,10.991577,246.178245,3071.2607712999998,194.258565233,277.920928,1216.366856,259.32239,607.0206268,538.307187,265.18206,834.2129705,0.0,0.0,118.380792,10.991577,1096.742086,528.966847,31.603169,0.0,23.023772,254.896975,1027.656181,63.480252,161.411863,547.420907,0.0,357.229427,0.000181,246.178245,1.152413,870.219064,227.767,0.0,1.243533233,102.026103,469.3085
2021-06-25,1197.525057,1626.592085,811.423857,21.86951,244.536901,3156.98808,197.679086,286.496813,1218.709316,259.546033,570.1600897999999,537.936666,264.070065,848.6601592000001,95.466138,0.0,119.695831,21.86951,1080.260127,546.331958,31.395229,0.0,22.968641,263.528108,1026.97128,67.884976,166.283857,551.877824,0.0,370.583054,6.4e-05,244.536901,1.115274,869.729485,229.284,0.0,0.0,101.553527,470.111908
2021-06-26,1191.5106899999998,1657.5295099999998,824.833197,21.958308,235.852913,3166.651266,192.653671647,302.256023,1210.130476,259.566734,612.4955482,539.292493,317.794263,758.4694198,90.722093,0.0,115.335923,21.958308,1073.778288,583.751222,33.724141,0.0,23.013917,279.242042,1025.924484,61.655381,157.541661,565.266463,0.0,388.29483,6.4e-05,235.852913,0.826282,866.112553,228.682,0.0,1.387869647,103.104543,459.582619
2021-06-27,1183.300058,1694.9680910000002,831.29662,65.65905,242.336802,4006.6435917999997,185.243701,309.509914,1210.6862729999998,259.493109,709.3468102999999,562.295969,621.79478,744.1824455,90.721318,0.0,116.086541,65.65905,1121.372446,573.595645,30.094088,0.0,22.999671,286.510243,1025.626168,54.104917,155.149613,571.803511,0.0,810.043588,0.0,242.336802,0.848904,865.746732,228.853,0.0,0.0,102.720069,468.258681
2021-06-28,1197.1357189999999,1697.983076,817.5808790000001,109.181263,241.289136,2675.4859808,191.340009823,429.68359399999997,1212.586479,259.304456,717.7554671,564.441526,0.0,829.5687327,93.209769,0.0,116.265286,109.181263,1130.373662,567.609414,39.314086,0.0,22.977143,287.759032,1025.943824,67.20984,150.827186,558.276423,0.0,0.0,118.947419,241.289136,1.064983,867.550193,228.771,0.0,1.198737823,102.917072,470.510486
2021-06-29,1197.532525,1692.9872540000001,796.2011640000001,98.63534,245.666052,3625.6033469,198.02152918099998,680.940823,1213.893677,259.211218,705.2142639,583.313429,532.642448,812.867392,135.60508,0.0,117.597535,98.63534,1133.669942,559.317312,45.177059,0.0,23.112411,286.674804,1025.998832,67.747452,149.272077,536.989946,0.0,389.419467,371.153608,245.666052,1.10182,868.217142,228.079,0.0,3.572393181,102.684421,466.541267
2021-06-30,1190.39583,1672.47481,783.383066,0.0,252.7669,3371.1655466,197.07265835100003,723.6043999999999,1213.2225469999998,259.578162,710.5934967999999,565.217605,404.071351,797.3293298,106.413152,0.0,116.781427,0.0,1141.004274,531.470536,46.010174,0.0,22.994748,302.52251,1027.071046,59.967062,145.385274,523.804904,0.0,318.441659,398.087142,252.7669,1.059716,867.27712,229.164,0.0,5.677210350999999,102.298006,469.098953
2021-07-01,1182.1083640000002,1676.500301,788.97558,0.0,225.550864,3640.1281565,194.85003899999998,661.687668,1098.866242,239.66926,703.5693157000001,566.680424,596.645367,850.7648108,96.460949,0.0,98.518483,0.0,1201.464865,475.035436,47.646616,0.0,23.022585,232.792008,1027.690484,53.128607,147.203423,549.30632,0.0,356.631701,405.873075,225.550864,1.055245,864.278759,136.069,0.0,0.0,100.234028,469.375589
2021-07-02,1176.0332959999998,1657.87077,806.820687,20.996126,206.925689,4384.4990843000005,198.675667,682.990852,1100.8788240000001,240.370711,628.7718622000001,562.126587,1007.124868,833.1349121000001,85.776302,0.0,100.241514,20.996126,1232.772537,425.098233,49.482924,0.0,23.02059,250.841706,1027.491607,47.239178,149.192743,566.449976,0.0,796.65805,409.128556,206.925689,1.034391,863.80231,136.835,0.0,0.0,100.26812,470.906503
2021-07-03,1165.3587260000002,1675.579349,812.942288,109.569794,188.975677,2670.0433844,194.976543223,684.315065,1092.7404860000001,240.818992,718.9302855,576.99586,0.0,741.6707129,163.723093,0.0,98.544536,109.569794,1241.193702,434.385647,46.324588,0.0,23.053458,257.463557,1027.171458,37.137265,145.4579,572.123296,0.0,0.0,403.79805,188.975677,0.826509,857.71595,136.48,0.0,3.1940552230000003,100.223494,468.723433
2021-07-04,1157.19171,1657.718678,803.767298,109.452702,180.000671,3755.3003431,191.86476487,693.3502980000001,1115.2401289999998,240.494113,720.7272528,573.198735,603.298205,866.0866672999999,85.331323,0.0,114.3858,109.452702,1233.492417,424.226261,41.385406,0.0,22.940296,262.326116,1026.566796,31.388857,136.350123,563.273185,0.0,436.762588,408.083886,180.000671,0.829718,864.313329,136.541,0.0,14.129235869999999,98.406339,469.895572
2021-07-05,1126.501391,1662.078669,787.6615159999999,132.171568,197.648024,3808.3979815000002,185.35334655,703.528202,1108.1593050000001,239.782087,730.8116646,574.953446,667.063904,776.1442329,125.556071,0.0,116.091502,132.171568,1240.091887,421.986782,39.228196,0.0,23.008927,274.698292,998.292996,45.85836,134.585115,547.879429,0.0,457.694119,405.820983,197.648024,0.963647,855.002803,137.065,0.0,11.54003555,81.386388,476.174544
2021-07-06,150.059162,1756.2453839999998,778.8854749999999,147.858232,200.523285,3794.6263878,184.07938808,705.7133100000001,1125.809042,240.568945,718.400017,582.109619,632.160743,833.9715597999999,100.617463,0.0,133.586928,147.858232,997.234346,759.011038,40.062284,0.0,23.095702,275.842661,38.596757,28.587317,132.635713,538.31653,0.0,459.718961,406.774947,200.523285,1.182197,855.578114,136.644,0.0,11.38139108,81.692891,467.648025
2021-07-07,127.122345,1752.490413,758.646428,120.384855,200.616411,3779.74155717,200.39830714,715.15101,1121.929464,233.612427,726.1401157,572.11982,654.07711,725.6733357999999,115.277985,86.98867267,117.249812,120.384855,974.435566,778.054847,55.72517,0.0,23.002638,284.09468,0.00038,44.620626,134.117924,525.034001,0.0,424.427465,408.053692,200.616411,1.076431,859.541652,145.138,0.0,10.555213140000001,81.424908,475.037053
2021-07-08,190.394515,1740.915434,766.7075179999999,104.413642,199.231164,3759.2983247,177.206458156,724.093655,1110.081547,242.333987,696.33503,578.279947,593.164113,744.7481916,80.467215,137.5317351,116.362775,104.413642,1025.966544,714.94889,30.389022,0.0,22.938526,293.548846,61.154375,46.762666,136.932469,524.373531,0.0,459.556837,407.606283,199.231164,1.0389,857.589772,136.129,0.0,9.884967156,81.438574,469.215256
2021-07-09,736.1792650000001,1677.980044,777.895947,109.870649,200.290471,3828.8961322,190.52097154999998,714.9063409999999,1114.057391,241.66289,698.5627128,579.195715,650.102079,671.5454382,150.357739,117.0192892,116.557983,109.870649,1090.890361,587.089683,44.048282,0.0,22.992198,286.057535,613.479007,39.27969,136.138739,536.233057,0.0,481.002273,405.856608,200.290471,1.016691,857.283408,140.216,0.0,10.33395055,82.403877,481.110886
2021-07-10,1164.237038,1630.2486490000001,786.488084,82.57955,188.940755,3897.072681017,156.987170841,691.109333,1116.822439,241.304085,705.5793289,576.982748,740.699231,785.9858086,139.192643,0.08667751700000001,118.373515,82.57955,1147.788416,482.460233,37.85963,0.0,9.008034,306.048371,1026.481366,36.796633,109.713321,545.183999,0.0,469.379522,376.052928,188.940755,0.693034,857.961924,140.487,0.0,9.414219841,100.266005,479.166722
2021-07-11,1163.85906,1617.874609,795.621351,82.668759,184.505635,3914.855025,118.63579466,678.5407150000001,1116.390701,240.347194,713.0798646000001,578.734831,745.625305,795.4827733999999,150.583829,0.0,118.361996,82.668759,1129.393113,488.481496,0.0,0.0,0.0,306.098137,1028.639913,34.103481,108.552218,555.274157,0.0,462.162671,372.442578,184.505635,0.727349,857.641705,140.387,0.0,10.08357666,100.388317,469.185751
2021-07-12,1185.464638,1542.493133,786.006161,88.11519,198.462876,3915.2194038999996,159.69379897000002,697.0662279999999,1113.406999,240.359544,710.7491442999999,578.739575,455.761724,777.6918166,151.279312,0.0,115.264361,88.11519,1178.950459,363.542674,39.717112,0.0,17.992997,283.994223,1029.742668,53.704734,108.401858,545.646617,0.0,764.44949,395.079008,198.462876,0.972328,857.206638,140.936,0.0,11.57482897,101.044908,476.548342
2021-07-13,1189.845657,16.391977,774.516298,99.098938,200.697896,3882.11785499,160.91835063000002,705.9363599999999,1113.339315,240.349418,712.8737216000001,578.270069,688.243789,665.694028,215.290489,66.81000139,113.173371,99.098938,16.391977,0.0,42.901603,0.0,23.00277,287.793596,1029.691041,55.125763,106.941894,534.16688,0.0,486.086182,395.139994,200.697896,0.779669,859.224944,140.941,0.0,11.074853630000002,104.249184,468.849575
2021-07-14,1198.374824,0.0,801.4377360000001,115.477427,183.62094,3744.2563849000003,157.47590302,700.392049,1120.186988,240.407003,698.3734952000001,577.451882,536.01692,645.5635626000001,172.244786,147.2346251,114.753118,115.477427,0.0,0.0,39.429232,0.0,18.037624,286.592103,1031.367099,61.305163,105.885778,561.030733,0.0,498.160325,395.762322,183.62094,0.898939,864.73487,140.699,0.0,12.16089302,104.803623,469.210789
2021-07-15,1198.963717,0.0,801.918835,98.971516,200.674615,3774.4130293,149.66520379,709.0781549999999,1102.6771880000001,240.154945,699.0420725,582.665602,578.714016,641.7796959,150.056839,146.9066989,116.92094,98.971516,0.0,0.0,32.617328,0.0,18.01581,286.583784,1029.834695,62.147527,104.767686,561.76389,0.0,494.887563,404.478561,200.674615,1.031692,863.080248,122.676,0.0,12.28018979,105.949803,480.360542
2021-07-16,1185.694418,0.0,811.5630610000001,115.362132,192.083753,3752.2664082,161.65981145,703.8187350000001,1100.0622859999999,241.190737,690.6613077999999,581.590926,605.614569,628.6773345,160.581357,147.1523139,115.065561,115.362132,0.0,0.0,44.197073,0.0,18.017336,287.687518,1028.410088,49.804946,105.006815,570.372324,0.0,469.232297,398.113881,192.083753,0.943377,859.514725,125.482,0.0,12.455923449999998,106.536007,468.756303
2021-07-17,1181.128812,0.0,817.453889,82.470723,190.500613,3671.9566962999997,157.18351041,705.5595480000001,1145.913217,241.014505,697.6312582,578.661093,619.206609,616.6492667,140.360679,171.2142504,114.017509,82.470723,0.0,0.0,41.994183,0.0,13.025376,287.646878,1025.901653,47.466573,102.991449,576.439384,0.0,379.058462,404.887294,190.500613,0.884846,860.212739,171.682969,0.0,12.19787841,106.87574,469.175078
2021-07-18,1183.9722749999999,0.0,817.715595,82.512629,194.342056,3792.2836021,172.90153477,677.929705,1116.227148,240.636017,697.7819225,578.809007,619.231045,617.3106432999999,140.36392,171.2101773,112.957166,82.512629,0.0,0.0,40.114631,0.0,10.029536,288.037547,1027.108035,49.147413,121.143019,577.079578,0.0,498.270298,379.862622,194.342056,0.764604,861.202982,142.067,0.0,11.64388477,106.952223,469.306589
2021-07-19,1187.374409,0.0,826.871139,93.477249,214.608574,3789.9190176,177.93836668,718.529539,1119.067509,240.850954,702.8555067000001,582.016704,657.937968,572.9380607,150.237223,203.1972212,114.846908,93.477249,0.0,0.0,36.152096,0.0,23.001153,287.794614,1027.007587,52.612596,127.813149,586.020185,0.0,451.503778,407.733772,214.608574,0.971956,863.070601,141.15,0.0,13.97312168,106.78227,469.232556
2021-07-20,1177.9052150000002,0.0,827.677817,103.941114,222.128488,4716.9554558,179.25378176,717.393769,1120.283394,240.655464,705.8291968,578.971116,1156.011626,511.2140032,160.079536,264.4963348,116.38979,103.941114,0.0,0.0,38.565795,0.0,23.014616,287.852209,1026.919969,43.143831,127.777793,587.022353,0.0,871.239262,406.526944,222.128488,0.966202,862.748604,141.145,0.0,12.91019376,106.875213,469.114381
2021-07-21,1178.589781,0.0,827.726994,103.660426,232.500382,2671.3555214,182.02057343,735.818225,1118.949921,240.898626,726.8860376,574.227706,0.0,626.989753,164.076616,107.72502279999999,114.925914,103.660426,0.0,0.0,40.175775,0.0,22.976234,308.30716,1026.54289,44.173941,129.006671,586.828368,0.0,0.0,404.534831,232.500382,1.04354,863.062007,140.962,0.0,12.83812743,106.82941,471.450386
2021-07-22,1186.395051,0.0,818.4515719999999,103.673589,230.614583,3619.2987924,180.34097596,723.26478,1118.029828,241.017794,721.6573414,575.044087,464.938107,684.6310808,133.650585,101.0707072,114.745396,103.673589,0.0,0.0,35.547638,0.0,18.02615,308.58438,1026.430008,52.10467,133.436974,577.433778,0.0,469.401773,396.65425,230.614583,1.035754,862.328432,140.956,0.0,11.356363960000001,106.824619,468.905111
2021-07-23,1183.912296,1534.17105,809.650222,114.449665,198.21842,3602.416225681,175.577939711,708.247485,1110.668418,241.016019,718.5662479,571.343796,458.325588,792.7223841,112.691935,0.336121681,114.894069,114.449665,1034.63473,499.53632,32.024652,0.0,15.008017,306.773651,1026.655882,50.921494,134.060796,568.634203,0.0,479.03382,386.465817,198.21842,0.819504,862.073349,133.701,0.0,9.492491711,105.515416,469.396333
2021-07-24,1178.9008010000002,1753.903867,798.281877,76.400352,183.830473,3305.04095544,185.01668138999997,710.601665,1109.5766680000002,240.951101,666.7283832,470.6533,375.850527,681.3868683,136.433493,37.25175394,114.801563,76.400352,1179.031239,574.872628,36.83891,0.0,7.520792,330.529465,1025.766994,46.831583,137.449944,557.330776,0.0,468.473486,372.551408,183.830473,0.616156,861.184105,133.591,0.0,10.72782739,105.686068,468.263144
2021-07-25,1173.056253,1750.76784,804.2891999999999,70.844454,185.169157,2991.8588621,188.71215262,696.4273009999999,1109.537856,240.208319,530.4094123,512.587757,305.738162,608.5978977999999,120.519117,0.0,114.940615,70.844454,1207.021957,543.745883,40.406135,0.0,5.025888,331.334471,1022.89874,43.826668,137.33452,564.080881,0.0,453.31628,360.066942,185.169157,0.614625,861.015241,133.582,0.0,10.97149762,105.71622,460.690236
2021-07-26,1183.718034,1742.910707,784.964745,103.638517,219.742137,3243.3030685999997,187.29505245000001,711.353521,1110.4858399999998,240.214659,673.6082217999999,517.807427,345.182527,666.0941607999999,106.351391,0.0,116.724478,103.638517,1210.53074,532.379967,39.398267,0.0,7.522083,322.85381,1023.889355,53.09216,136.817044,544.750086,0.0,466.490297,380.977628,219.742137,0.844417,860.199362,133.562,0.0,11.079741449999998,105.892102,467.769044
2021-07-27,1200.211178,1672.8086990000002,780.616171,103.541798,210.313143,3282.0011250999996,190.716859589,732.812175,1111.9762730000002,240.215274,694.2307483999999,504.95374,341.882072,685.7390337,117.655932,0.0,116.802417,103.541798,1204.645183,468.163516,42.626468,0.0,23.009868,322.853088,1026.104767,67.797624,139.266705,540.400897,0.0,472.578313,386.949219,210.313143,0.898302,861.729856,133.444,0.0,8.823686589,105.410485,464.961286
2021-07-28,1196.412154,1740.477242,801.733597,98.092402,198.742253,3286.1498174999997,192.52193941000002,743.074652,1112.566235,240.8043,667.4427268,505.724517,410.659503,638.9276567000001,98.198723,0.0,117.860098,98.092402,1200.395886,540.081356,47.033817,0.0,23.027155,333.332225,1028.669015,61.755045,135.434108,560.929297,0.0,493.690852,386.715272,198.742253,0.879559,861.244137,133.462,0.0,10.05401441,105.108535,471.505839
2021-07-29,1177.368633,1755.531433,793.848701,98.199932,197.438491,3278.3643272,182.65068822,748.055467,1113.3849050000001,241.058179,584.9107607999999,509.444176,502.340573,630.6895473999999,103.40462,0.0,117.520889,98.199932,1209.22133,546.310103,40.754075,0.0,18.035036,332.652073,1027.995149,43.015605,131.569228,552.790522,0.0,480.127439,397.368358,197.438491,0.897619,862.189016,133.675,0.0,10.32738522,105.46026,467.447211
2021-07-30,1195.3779849999999,1713.4361870000002,792.436685,120.108165,195.599255,3287.286888,185.00294549,744.922661,1111.971599,240.736802,504.2999473,493.670573,612.44888,735.5872177,0.038661,0.0,116.443756,120.108165,1141.753343,571.682844,41.894076,0.0,17.975008,333.152925,1025.143126,64.099099,132.638755,551.699883,0.0,491.705537,393.794728,195.599255,0.826861,862.792843,132.735,0.0,10.47011449,105.308899,449.536072
2021-07-31,868.762033,1736.8309860000002,788.5109950000001,98.340378,193.62033,4317.5844459,139.203006556,729.854337,1110.271053,240.847382,575.190695,445.813791,1299.59781,631.5346499,0.0,0.0,114.439978,98.340378,1147.796291,589.034695,43.984503,0.0,9.001403,332.500828,675.58403,87.447958,86.293388,547.663613,0.0,914.6783419999999,388.352106,193.62033,0.571253,863.882075,131.949,0.0,8.925115556,105.158792,450.769158
2021-08-01,952.9342180000001,1721.806305,769.6924140000001,97.918486,190.069906,3212.2374253,130.212919092,704.594473,1104.9043860000002,236.487643,597.807813,476.485633,547.493681,652.6952862999999,0.0,0.0,113.007879,97.918486,1191.55421,530.252095,32.377753,0.0,0.0,333.453479,798.872458,47.546233,95.214663,533.204771,0.0,485.119018,371.140994,190.069906,0.626298,860.446507,131.45,0.0,2.6205030920000003,105.889229,452.635994
2021-08-02,851.4681290000001,1741.3506710000001,723.984502,114.080144,206.739437,3240.4416788,76.332459,680.818131,1109.79484,236.523935,611.6714622999999,481.193283,542.948273,679.6007355,0.0,0.0,111.699225,114.080144,1123.462354,617.888317,26.759024,0.0,0.0,312.239809,701.201488,43.863057,49.573435,487.460567,0.0,464.211131,368.578322,206.739437,0.909007,859.887615,138.208,0.0,0.0,105.494577,460.816794
2021-08-03,829.9803320000001,1753.799223,672.094195,98.13665,188.253952,3260.4261088000003,37.988975,684.05842,1112.6034789999999,235.903515,555.1893607000001,484.300319,523.28877,740.8092271,0.0,0.0,113.867375,98.13665,1149.593258,604.205965,37.988604,0.0,0.0,313.469162,666.702404,57.172999,0.000371,436.19068,0.0,492.222632,370.589258,188.253952,0.864222,859.971104,138.765,0.0,0.0,105.240707,464.6158
2021-08-04,804.5309950000001,1748.371868,656.6609060000001,97.979487,182.584914,3273.6424978,39.543147000000005,684.164315,1112.915156,219.165773,683.913922,502.947004,310.401796,796.4633187999999,0.0,0.0,112.316443,97.979487,1101.653235,646.718633,39.543128,0.0,0.0,313.906907,667.28254,30.821727,1.9e-05,437.495133,0.0,503.046429,370.257408,182.584914,0.910252,860.390713,140.208,0.0,0.0,105.516476,476.870028
2021-08-05,664.1104520000001,1754.8214360000002,649.715055,109.014516,179.406994,3579.3861279,37.714443,685.997695,1114.338798,203.625081,729.3347892999999,575.435863,456.433574,858.5258426,0.0,0.0,114.728935,109.014516,1099.714834,655.106602,37.714061,0.0,0.0,313.777992,516.73301,41.177796,0.000382,446.089974,0.0,489.920512,372.219703,179.406994,0.940187,860.666863,138.943,0.0,0.0,105.259459,469.735547
2021-08-06,684.072595,1751.8578200000002,651.49549,130.783234,179.465197,3510.26030291,98.530828,686.328865,1104.9341869999998,201.104127,728.65042,587.365085,378.914617,768.8030995,0.0,79.17784741,106.510403,130.783234,1099.687306,652.170514,34.788105,0.0,0.0,313.903048,532.025458,46.156188,63.742723,450.391363,0.0,495.507326,372.425817,179.465197,0.865181,860.403784,138.02,0.0,0.0,105.025768,471.841908
2021-08-07,676.684256,1750.184573,657.125944,103.89502,172.131535,3494.9600804,97.795803,670.7883079999999,1100.12407,213.640026,719.5387931,579.217017,360.937203,759.3970833,132.647305,0.0,103.601044,103.89502,1038.869968,711.314605,33.872901,0.0,0.0,298.163916,517.185312,53.744787,63.922902,443.485918,0.0,473.19924,372.624392,172.131535,0.664022,859.890026,136.633,0.0,0.0,105.090135,470.023439
2021-08-08,656.84871,1748.461375,708.745046,104.003202,173.761238,3491.2519359,101.21373499999999,670.818675,1091.707225,235.57523,721.7305822999999,575.5975,371.289661,796.4260426000001,117.972739,0.0,95.23979,104.003202,1074.192522,674.268853,32.905134,0.0,0.0,298.346214,501.619498,49.321443,68.308601,473.169816,0.0,441.870128,372.472461,173.761238,0.721646,859.800435,136.667,0.0,0.0,105.186123,466.365283
2021-08-09,666.421015,1756.4830620000002,747.981376,65.965327,208.788207,3203.6782037000003,143.977823353,670.113158,1104.654201,235.359464,612.9582045,520.321341,294.661983,700.3728692000001,152.039482,0.0,106.150997,65.965327,1074.251445,682.231617,36.532446,0.0,0.0,298.299255,516.5939,43.505753,105.494229,512.621912,0.0,470.130333,371.813903,208.788207,0.95894,860.371204,138.132,0.0,1.9511483529999998,105.362422,453.193991
2021-08-10,677.9948609999999,1752.6351020000002,756.137664,109.743492,217.320865,3448.1703698,138.099474061,670.2430300000001,1092.008258,236.301924,725.6425306,521.959711,427.417826,843.2745522,0.173498,0.0,94.493674,109.743492,1112.212946,640.422156,31.427742,0.0,0.0,297.772127,525.216158,46.497804,104.599387,519.83574,0.0,452.745491,372.470903,217.320865,1.002568,861.927584,135.587,0.0,2.072345061,105.278331,476.956761
2021-08-11,530.316811,1752.539215,729.625976,104.078629,224.561401,3615.325953,139.386146579,673.193707,1097.585077,236.670712,719.3952132000001,576.951503,488.580893,744.3897327999999,154.188322,0.0,102.036205,104.078629,1171.014011,581.525204,32.331045,0.0,0.0,300.769449,367.892295,56.287206,103.988928,492.955264,0.0,464.558153,372.424258,224.561401,1.011713,859.410872,136.138,0.0,3.066173579,105.125597,467.262136
2021-08-12,516.539044,1739.916464,690.777262,104.106756,194.051037,3723.8094014000003,140.252698298,670.0161909999999,1094.9743429999999,236.743888,710.9068632000001,575.555724,575.538901,808.4997302,131.555681,0.0,105.291666,104.106756,1175.090368,564.826096,33.201534,0.0,0.0,297.741219,364.274266,46.085922,103.418929,454.033374,0.0,456.347639,372.274972,194.051037,0.991781,855.824677,133.858,0.0,3.632235298,105.187075,465.404863
2021-08-13,539.0837869999999,1711.3360429999998,620.7557469999999,114.962997,177.137051,3732.6182514,136.56889832299998,653.4378790000001,1093.119456,204.667781,713.3758269,575.543254,592.508676,808.3214055,131.595524,0.0,105.531298,114.962997,1167.895842,543.440201,31.795104,0.0,0.0,282.584582,405.608823,27.254526,103.713734,416.087966,0.0,443.225057,370.853297,177.137051,0.91385,849.639158,137.949,0.0,1.060060323,105.306588,468.048508
2021-08-14,530.336125,1731.304435,602.658192,93.094614,173.982412,3560.1414492,137.268602741,635.1742859999999,1088.6917899999999,186.545415,707.8560533,567.545988,448.659998,822.2401429,134.48428,0.0,105.379887,93.094614,1159.158373,572.146062,29.478338,0.0,0.0,263.891803,383.79745,40.761837,104.993626,416.112777,0.0,411.819095,371.282483,173.982412,0.816566,845.554903,137.757,0.0,2.7966387409999998,104.960272,467.535892
2021-08-15,527.462295,1733.269151,603.148908,93.160536,161.643234,3588.6292116,138.852349424,624.948537,1083.724696,182.948982,708.5831014,586.846739,415.58116,815.6520192,134.419977,0.0,104.830808,93.160536,1179.031953,554.237198,30.643822,0.0,0.0,263.934973,379.273537,42.427789,104.474619,420.199926,0.0,465.873521,361.013564,161.643234,0.898477,841.256888,137.637,0.0,3.733908424,104.862492,461.672694
2021-08-16,523.7133130000001,1735.577205,586.47099,120.526022,158.185936,3848.0580107,145.874238014,642.932947,1088.786055,183.157141,725.5713462,578.977103,667.355397,807.0918835,131.506533,0.0,104.427647,120.526022,1125.811086,609.766119,37.744534,0.0,0.0,278.387025,378.815601,39.349711,104.437306,403.313849,0.0,471.343079,364.545922,158.185936,0.96776,846.837408,137.521,0.0,3.692398014,104.580241,466.212669
2021-08-17,677.0970599999999,1728.864734,582.159646,115.150577,172.05005,3692.7751104999998,147.11038301300002,643.3919080000001,1091.551736,174.078409,727.1128064,575.556745,528.930027,808.8724761,123.407876,0.0,104.467172,115.150577,1121.328299,607.536435,37.63055,0.0,0.0,279.024689,541.441214,29.811377,108.397991,408.081237,0.0,459.838155,364.367219,172.05005,0.925203,849.394564,137.69,0.0,1.081842013,104.919266,469.057025
2021-08-18,675.491758,1741.759967,625.716865,115.114252,182.433585,3632.3091397000003,149.50730499999997,665.581811,1081.112856,198.259596,714.1585812000001,575.570049,467.188313,825.3673935,124.502996,0.0,103.159345,115.114252,1214.840941,526.919026,37.634606,0.0,0.0,296.267669,534.685038,34.891491,111.872699,427.457269,0.0,456.30319,369.314142,182.433585,0.98108,849.758511,128.195,0.0,0.0,104.934149,469.218617
2021-08-19,691.8866230000001,1725.435567,613.022607,104.077917,191.001165,3729.069651,152.785866,667.050613,1082.9125060000001,197.158672,702.7701712999999,575.53505,563.827415,822.3946957,131.681167,0.0,103.480825,104.077917,1129.304009,596.131558,39.856164,0.0,0.0,297.159838,553.31542,33.577575,112.929702,415.863935,0.0,463.594555,369.890775,191.001165,1.065244,853.484681,125.947,0.0,0.0,103.928384,469.266597
2021-08-20,665.267384,1761.361588,684.415631,114.980078,187.299412,3514.9133706000002,156.123841,667.051549,1083.463172,225.853484,699.9374527,575.552317,344.486228,839.2750189,119.983793,0.0,103.629674,114.980078,1175.465598,585.89599,41.731417,0.0,0.0,297.087543,516.413724,44.313235,114.392424,458.562147,0.0,466.395897,369.964006,187.299412,0.916003,850.621498,129.212,0.0,0.0,103.624422,469.282664
2021-08-21,677.461721,1755.131754,704.290529,76.682041,181.374278,3635.1926697,155.2664,667.7479840000001,1080.8435479999998,237.208375,693.3528673999999,574.140425,442.850711,846.1593122999999,124.842392,0.0,103.284392,76.682041,1174.764168,580.367586,35.879941,0.0,0.0,296.913926,512.081406,58.45564,119.386459,467.082154,0.0,484.723479,370.834058,181.374278,0.786194,852.278156,125.281,0.0,0.0,106.138481,469.123483
2021-08-22,687.5056319999999,1751.4343789999998,715.524224,76.638247,192.735634,3632.4147206,163.37431700000002,647.0602309999999,1074.822881,237.600538,701.4510514,575.564512,463.783714,850.3351202,113.84608,0.0,101.827582,76.638247,1183.256185,568.178194,36.387721,0.0,0.0,297.176825,518.79864,61.825983,126.986596,477.923686,0.0,458.304604,349.883406,192.735634,0.949869,847.898299,125.097,0.0,0.0,105.93114,469.129639
2021-08-23,891.465908,1760.104186,704.5915190000001,98.49591,194.493385,3683.90560744,172.975531,692.368703,1087.72465,237.547212,708.8418086,572.665334,495.178717,779.5066774,122.874224,57.964095439999994,102.648769,98.49591,1186.562336,573.54185,47.958003,0.0,0.0,296.681542,723.851764,61.780794,125.017528,467.044307,0.0,475.484505,395.687161,194.493385,0.99249,859.910881,125.165,0.0,0.0,104.84086,471.390246
2021-08-24,1021.669244,1756.3564419999998,642.451825,98.576627,190.407488,3688.2443678239997,182.450923,691.168181,1082.643912,207.813556,698.6024388,518.420616,594.666705,828.9365944,85.332404,0.13686262400000002,102.825016,98.576627,1220.679639,535.676803,58.422482,0.0,0.0,297.285131,842.98314,72.715225,124.028441,434.638269,0.0,491.117764,393.88305,190.407488,1.006894,854.664896,125.154,0.0,0.0,104.963985,471.030983
2021-08-25,1003.759869,1753.6197980000002,632.654074,93.340996,199.196242,3655.1866065,170.912804,749.8435179999999,1079.94372,219.879384,723.2045581,572.419599,512.898747,813.9378214,103.650901,0.0,102.390383,93.340996,1200.01611,553.603688,49.63031,0.0,0.0,328.266621,840.306244,57.171931,121.282494,412.77469,0.0,457.530919,421.576897,199.196242,1.048084,856.294337,121.259,0.0,0.0,105.23361,471.544061
2021-08-26,1010.328833,1759.473642,663.567814,71.583059,198.113654,3698.1007794,146.603273316,741.1030820000001,1080.297354,238.385716,728.3591697,580.049973,512.629416,832.8704757,91.293239,0.0,106.658389,71.583059,1192.904194,566.569448,21.264501,0.0,0.0,323.244188,842.191236,62.014483,121.844693,425.182098,0.0,481.62597,417.858894,198.113654,1.072548,855.266965,118.372,0.0,3.494079316,105.050566,471.272536
2021-08-27,1007.5816930000001,1756.153118,663.058461,98.767383,196.169651,3625.2536669,161.57721027,741.812099,1077.646858,226.128632,709.2788478,509.336598,500.956747,809.8626331,145.541718,0.0,107.80607,98.767383,1182.771542,573.381576,36.914773,0.0,0.0,322.739427,841.547852,60.022903,121.058085,436.929829,0.0,479.980637,419.072672,196.169651,0.996957,851.345788,118.495,0.0,3.60435227,105.013981,470.296486
2021-08-28,1016.616842,1750.8219559999998,672.37864,82.435123,189.464588,3544.8814148,158.90633529299998,738.2693099999999,1072.542614,214.164819,688.2709688,555.206294,399.958525,803.553248,133.185957,0.0,104.227373,82.435123,1191.331714,559.490242,29.777262,0.0,0.0,322.826604,846.692648,64.060734,129.124901,458.213821,0.0,493.63925,415.442706,189.464588,0.914419,852.045241,116.27,0.0,0.004172293,104.949041,471.067172
2021-08-29,1006.577727,1755.678021,672.041805,82.36696,188.253952,3604.2581034,163.030434,747.200384,1072.7803669999998,209.458767,696.3611477999999,537.838618,471.960608,812.2707586,133.151048,0.0,103.686987,82.36696,1039.297206,716.380815,29.631977,0.0,0.0,329.358684,840.83832,59.753761,133.398457,462.583038,0.0,480.589981,417.8417,188.253952,0.945321,852.82238,116.271,0.0,0.0,105.040325,472.085942
2021-08-30,1012.049271,1756.009803,684.730104,104.107024,196.553795,3586.3481004,166.319825,736.3514729999999,1079.6218939999999,220.764306,708.4303255,561.26368,421.284978,794.3071139,131.659588,0.0,105.009035,104.107024,1036.696411,719.313392,34.129672,0.0,0.0,318.392156,840.458384,65.240584,132.190153,463.965798,0.0,502.845365,417.959317,196.553795,1.09346,857.179859,117.433,0.0,0.0,105.256843,466.55705
2021-08-31,1012.8150009999999,1756.938801,789.318584,71.257716,197.985605,2685.1241322,155.382025304,682.292076,1082.023059,224.014226,713.2893596,572.594131,0.0,804.0455076000001,131.514853,0.0,106.45862,71.257716,1007.044721,749.89408,40.850398,0.0,0.0,265.011143,839.919464,67.502199,110.915992,565.304358,0.0,0.0,417.280933,197.985605,1.075886,858.290439,117.274,0.0,3.615635304,104.317452,463.680281
2021-09-01,813.537611,1755.765475,783.871337,109.959888,230.672787,3769.6366107,102.204056382,644.624819,904.296457,254.145629,708.451827,572.082818,568.529378,808.8961437,117.131952,0.0,106.865033,109.959888,1046.652326,709.113149,42.289519,0.0,22.980521,275.775273,681.788292,39.824344,56.252108,529.725708,0.0,536.093489,345.869025,230.672787,1.082204,707.367424,90.064,0.0,3.662429382,90.842771,458.451003
2021-09-02,868.533393,1759.533485,775.245867,98.996233,246.306293,3520.1286925,93.070472,627.323347,905.965568,252.383686,665.5438611000001,564.999205,397.755433,798.5741754,98.650269,0.0,105.327967,98.996233,1057.243314,702.290171,39.535633,0.0,12.021323,272.294282,721.462998,54.577965,53.534839,522.862181,0.0,531.377824,343.007742,246.306293,1.148936,703.502601,97.135,0.0,0.0,91.343494,463.227925
2021-09-03,863.785005,1756.538878,768.9776909999999,88.058951,237.238161,3383.3760731,90.571921,615.2635809999999,893.2845789999999,252.667115,699.2830534,521.125705,343.821826,771.5677167,107.454772,0.0,105.781001,88.058951,1027.368881,729.169997,36.725705,0.0,6.000661,281.105053,723.426796,47.994099,53.846216,516.310576,0.0,503.559794,328.157867,237.238161,1.082285,699.056578,88.447,0.0,0.0,91.281825,436.563206
2021-09-04,869.917413,1754.601337,787.710837,66.227511,230.300283,3257.5733029000003,93.043529,599.7155809999999,894.975167,253.468523,698.9297482999999,449.488891,294.378235,742.8605336,101.846987,0.0,105.263836,66.227511,1030.046252,724.555085,34.630542,0.0,0.0,281.957984,726.22133,51.682932,58.412987,534.242314,0.0,508.611122,317.757597,230.300283,0.998136,699.661331,90.05,0.0,0.0,91.015015,461.457786
2021-09-05,1028.83651,1754.255141,796.7763459999999,60.717193,226.319152,3264.2004380999997,90.353865,606.3111200000001,901.875887,270.189064,701.4880316,457.12007,268.341511,849.2509255,0.060607,0.0,109.287793,60.717193,1084.349222,669.905919,31.750116,0.0,0.0,287.187895,886.099244,50.31385,58.603749,526.587282,0.0,526.05154,319.123225,226.319152,1.110855,699.829094,92.759,0.0,0.0,91.312561,461.887753
2021-09-06,682.920347,1755.20733,809.319269,93.449366,236.725968,3320.2974456,99.324922049,552.946768,916.671174,269.753512,689.9966204,468.859569,355.40479,846.4262192,0.0,0.0,109.877559,93.449366,1044.704293,710.503037,32.782264,0.0,0.0,281.53304,520.337894,61.557175,60.41806,539.565757,0.0,502.955349,271.413728,236.725968,1.207625,702.922615,103.871,0.0,6.124598048999999,99.817653,456.654898
2021-09-07,955.6471750000001,1755.098271,610.636971,93.154218,233.501485,3340.5348652,94.572258743,531.727969,908.8498030000001,268.313419,688.1205282000001,436.844864,390.039936,846.390584,0.0,0.0,107.285955,93.154218,1005.59788,749.500391,30.812066,0.0,0.0,260.611066,793.575368,60.785278,60.769056,342.323552,0.0,518.149731,271.116903,233.501485,1.254814,704.321848,97.242,0.0,2.9911367429999998,100.031715,460.989222
2021-09-08,961.8129060000001,1752.92894,598.7840160000001,93.187709,232.872885,3149.5166424,86.717986,499.74503,907.683622,267.032502,706.5223632999999,411.401445,195.909417,847.1456351,0.0,0.0,106.778093,93.187709,1083.029955,669.898985,29.700929,0.0,0.0,222.370947,797.606436,62.690776,57.017057,331.751514,0.0,515.28299,277.374083,232.872885,1.200455,704.516529,96.389,0.0,0.0,100.315239,473.254792
2021-09-09,934.080551,1756.3166340000002,604.9522919999999,93.304228,245.78246,3350.6176248,86.780663,490.06057699999997,906.042226,266.291045,716.9639947999999,523.604314,279.952278,790.463404,88.34972,0.0,107.36332,93.304228,1067.551114,688.76552,28.950918,0.0,0.0,212.575616,793.009004,39.389596,57.829745,338.661247,0.0,487.822125,277.484961,245.78246,1.141576,702.218906,96.46,0.0,0.0,100.540375,463.461789
2021-09-10,944.628288,1755.577093,593.570031,93.216168,251.300168,3472.0017936,94.179764,558.855441,921.299901,265.902004,674.7049974,505.357575,436.476841,781.9018932,112.401062,0.0,112.584316,93.216168,1070.890413,684.68668,35.970023,0.0,0.0,206.211552,795.901152,47.092834,58.209741,327.668027,0.0,497.563192,352.643889,251.300168,1.034396,705.554585,103.161,0.0,0.0,100.599906,463.596233
2021-09-11,949.267023,1755.612611,622.555943,76.749689,223.548657,3406.7692362000003,67.791404,559.91619,907.562954,267.180935,681.2308895,499.210609,335.87175,828.2501837000001,98.313353,0.0,106.654061,76.749689,1079.644622,675.967989,29.256261,0.0,0.0,214.926318,795.06062,53.174646,38.535143,355.375008,0.0,490.968545,344.989872,223.548657,0.831789,706.606893,94.302,0.0,0.0,100.199968,472.923906
2021-09-12,957.128407,1754.762722,639.2361189999999,65.624477,218.566423,3422.5185293,57.10253,478.72728600000005,910.418387,268.675229,650.6368937000001,510.415962,355.579014,848.4129206,84.442123,0.0,105.130076,65.624477,1069.838305,684.924417,31.230845,0.0,0.0,209.958272,795.123242,61.76754,25.871685,370.56089,0.0,508.991866,268.769014,218.566423,0.921431,707.583311,97.705,0.0,0.0,99.316194,464.03975
2021-09-13,914.6935249999999,1761.7244529999998,594.161974,82.296724,235.433847,3351.3214461999996,83.36789395499999,501.11728,932.0161879999999,247.913084,698.8622562999999,530.562136,720.2561,807.3824748999999,100.521012,0.0,117.594557,82.296724,1176.719928,585.004525,28.465825,0.0,0.0,223.261536,796.106372,47.74753,51.26707,346.24889,0.0,493.737467,277.855744,235.433847,1.047993,707.568631,106.853,0.0,3.634998955,69.79163,0.0
2021-09-14,1093.04117,1755.620044,578.052613,76.684405,259.553448,2913.6389226,92.419448508,552.033452,928.361924,238.073661,696.2962026,577.044734,283.66158,799.299623,72.006652,0.0,106.435968,76.684405,1206.327661,549.292383,37.846683,0.0,0.0,248.860016,963.476176,59.320459,50.843304,339.978952,0.0,485.330131,303.173436,259.553448,1.189519,703.863956,118.062,0.0,3.729461508,69.055016,0.0
2021-09-15,1101.948585,1751.374773,599.4639990000001,77.156545,256.154354,3370.2835749,120.526752,643.766436,954.852021,268.105745,720.7851856,525.418579,738.733962,858.9018173,0.079482,0.0,105.499324,77.156545,1199.479519,551.895254,60.780866,0.0,0.0,291.9408,970.991168,61.173869,59.745886,331.358254,0.0,526.364549,351.825636,256.154354,1.06353,700.265697,149.087,0.0,0.0,68.720018,0.0
2021-09-16,1074.094116,1756.064481,590.732915,77.120625,242.13891,3489.1059735999997,93.210825,638.185136,1019.477509,268.244124,721.2433947999999,569.350264,777.515811,859.7847687999999,0.0,0.0,109.3754,77.120625,1149.653632,606.410849,31.022261,0.0,0.0,286.180992,933.00714,73.031778,62.188564,322.488791,0.0,555.120103,352.004144,242.13891,1.100116,702.592109,207.51,0.0,0.0,66.955082,6.091632
2021-09-17,1072.816601,1756.6553569999999,635.444634,77.2646,215.015999,3580.365842348,112.371973,642.193529,1027.541471,267.542721,702.0926713,567.570846,438.727385,861.6708172000001,0.0,0.002683848,111.667021,77.2646,1149.098613,607.556744,50.77966,0.0,9.00062,281.220576,962.665572,87.590565,61.592313,367.901913,0.0,547.709695,351.972333,215.015999,1.099184,706.26645,209.608,0.0,0.0,21.46128,462.591744
2021-09-18,1109.262264,1756.4532479999998,649.53786,60.853511,208.939536,3462.3717773,101.294954109,641.282241,969.813174,268.149987,688.7999401000001,555.854476,334.496945,850.8643992000001,0.0,0.0,109.042055,60.853511,1101.952959,654.500289,35.394713,0.0,11.989463,277.980384,983.237128,103.495305,62.694473,381.387873,0.0,569.837545,351.312394,208.939536,1.216663,703.373119,157.398,0.0,3.205768109,21.313168,462.518472
2021-09-19,1170.770872,1756.531141,663.635681,60.620833,225.539223,3466.4112165,83.615021445,635.587364,969.8305340000001,268.634394,695.2612229,552.897492,318.637691,853.7515486,22.210213,0.0,109.803695,60.620833,1103.188052,653.343089,35.005348,0.0,5.99262,278.008288,1002.798036,65.554553,47.22368,395.001287,0.0,563.649163,351.586456,225.539223,1.259012,702.679839,157.347,0.0,1.385993445,101.159271,460.003886
2021-09-20,1119.138692,1757.122469,700.209754,98.837576,234.793607,3426.3079079999998,45.883471,644.670784,1001.209203,268.380515,653.5380593,540.578647,364.533823,761.9529957000001,112.615837,0.0,111.595219,98.837576,1107.430219,649.69225,45.883299,0.0,12.014447,280.290912,1003.626608,72.382581,0.000172,431.829239,0.0,539.708629,352.365425,234.793607,2.149187,701.583984,188.03,0.0,0.0,40.980316,453.379917
2021-09-21,1179.020627,1751.808231,700.324053,87.725738,235.31744,3388.8979822,50.076364,653.312486,1014.213596,288.889159,597.5508911000001,475.76013,340.962791,781.6811541000001,129.139289,0.0,113.158024,87.725738,1099.220333,652.587898,50.076364,0.0,8.996917,292.441408,1005.2913,71.351258,0.0,411.434894,0.0,596.819677,351.874161,235.31744,2.148145,706.813572,194.242,0.0,0.0,100.229924,466.98405
2021-09-22,1173.773721,1755.810536,648.1442480000001,87.706995,233.303593,3402.9417764,50.980471,649.254628,1038.989726,241.360203,583.3420188,540.782291,284.891475,778.7818506,142.436641,0.0,121.50097,87.706995,1185.623335,570.187201,50.980471,0.0,5.001649,292.72256,1005.67092,65.725482,0.0,406.784045,0.0,605.626769,351.530419,233.303593,2.192587,706.900756,210.588,0.0,0.0,100.184732,467.080731
2021-09-23,1176.824177,1760.4543910000002,667.3378769999999,87.667732,232.162801,3486.15467256,44.37396,661.659371,1007.952198,264.973645,650.1936359,509.783301,289.987787,760.0398237,149.9091,45.82411596,121.286016,87.667732,1215.543771,544.91062,44.37396,0.0,0.0,309.79696,1007.549944,66.663055,0.0,402.364232,0.0,600.780756,351.862411,232.162801,2.170469,706.453182,180.213,0.0,0.0,100.440709,479.636153
2021-09-24,1189.067661,1756.2671329999998,664.3993399999999,87.780706,232.919448,3802.6292112,44.363168,662.736396,991.4688669999999,268.86329,686.3529321,573.383901,554.829868,751.4233761,175.09986,0.0,106.782845,87.780706,1217.372342,538.894791,44.363168,0.0,14.065148,296.136704,1006.34058,80.476348,0.0,395.53605,0.0,590.861771,352.534544,232.919448,1.860516,699.283022,185.403,0.0,0.0,100.390217,470.677503
2021-09-25,1210.49855,1751.762901,665.328721,71.771401,225.446097,4012.3820269,39.116959,662.514458,937.211934,268.427122,713.202995,575.93366,731.342075,769.5150209,175.780993,0.0,105.30769,71.771401,1194.051164,557.711737,39.116959,0.0,12.007836,300.559872,1011.668712,97.131759,0.0,396.901599,0.0,578.114858,349.94675,225.446097,1.594911,704.954244,126.95,0.0,0.0,100.103168,468.492425
2021-09-26,1224.297854,1751.390396,674.138911,82.438719,226.028134,4073.4408623,41.444505,661.905564,937.561273,269.928064,694.8037568999999,577.696791,769.650877,791.0309033999999,172.119614,0.0,105.688429,82.438719,1189.417463,561.972933,41.444505,0.0,23.006561,305.914656,1010.87578,111.474967,0.0,404.210847,0.0,599.066217,332.984347,226.028134,1.526406,704.886844,126.986,0.0,0.0,100.420701,469.072703
2021-09-27,1214.166823,1760.118353,650.540809,77.105875,233.1057,4042.8176574,45.773956,539.054634,937.147187,269.908309,695.6752995,578.949062,733.024813,799.3156609,165.535999,0.0,106.166513,77.105875,1220.172029,539.946324,45.773956,0.0,23.00135,284.469856,1002.346828,109.756798,0.0,380.6325,0.0,601.86917,231.583428,233.1057,1.762962,702.630674,128.35,0.0,0.0,100.300235,468.447653
2021-09-28,717.128897,1754.6616359999998,660.9689559999999,93.290363,236.015884,4065.0864231,47.357705,564.540736,957.6725450000001,270.067531,728.0913002000001,573.721301,776.917755,740.6905369,171.812595,0.0,109.75408,93.290363,1079.764152,674.897484,47.357705,0.0,22.988377,313.169056,492.37238,122.296383,0.0,390.901425,0.0,596.540491,228.383303,236.015884,1.862616,703.078465,144.84,0.0,0.0,100.597518,477.312444
2021-09-29,961.863517,1755.972958,661.547864,76.842658,236.306902,4047.96536555,46.984971,577.611816,1056.842024,270.766331,695.3399967,577.512823,794.450012,421.9889679,269.437938,50.650043950000004,121.40747,76.842658,1080.984228,674.98873,46.984971,0.0,23.024798,308.235968,746.915356,112.702136,0.0,390.781533,0.0,772.303781,246.35105,236.306902,1.827317,704.336554,231.098,0.0,0.0,100.418708,466.281803
2021-09-30,906.607618,1754.1880649999998,663.261962,76.773361,268.435328,2671.609228556,46.416817,588.087616,1024.940806,269.833004,699.8424288,559.366678,0.0,625.2687467999999,318.602516,0.099116956,123.515919,76.773361,1041.465237,712.722828,46.416817,0.0,19.16102,317.710624,694.756184,112.384044,0.0,393.428958,0.0,0.0,251.215972,268.435328,2.056588,705.345887,196.079,0.0,0.0,97.410802,468.429742
2021-10-01,388.12931499999996,1757.278751,898.253046,76.768664,246.317933,4127.2583109,36.232061,733.264187,955.115965,242.74342,713.6475536,496.454386,858.304277,697.8355442999999,230.085644,0.0,128.393114,76.768664,941.010893,816.267858,36.232061,0.0,11.99952,316.997109,268.809151,86.057586,0.0,655.509626,0.0,667.375281,404.267558,246.317933,1.83069,775.654851,51.068,0.0,0.0,31.431888,463.555625
2021-10-02,393.464524,1756.716215,923.762565,65.813347,204.853639,4183.3983517,29.069634,713.312304,925.538124,238.64771,727.345345,453.449089,858.068201,727.4123597,195.462287,0.0,122.281894,65.813347,1005.732362,750.983853,29.068297,0.0,6.000637,311.096992,277.95071,92.314318,0.001337,685.114855,0.0,757.822731,396.214675,204.853639,1.803034,778.72423,24.532,0.0,0.0,21.396462,463.838339
2021-10-03,392.258289,1754.3695120000002,915.953473,65.887592,217.053128,4141.5228249,30.966853,688.948887,926.2734,238.866338,725.5266287999999,502.988759,854.332312,715.2412021,178.260006,0.0,122.35468,65.887592,1091.52671,662.842802,30.963873,0.0,0.0,311.28352,286.866218,83.044647,0.00298,677.087135,0.0,700.737942,377.665367,217.053128,1.540354,779.40472,24.514,0.0,0.0,20.80707,464.435975
2021-10-04,416.387858,1755.2129089999999,253.048774,82.579187,246.771922,4114.31964897,96.681387,700.0038079999999,961.875737,253.048774,708.1248198,521.133357,865.571659,723.1004449,169.769907,22.94648127,125.034324,82.579187,1052.442744,702.770165,25.796482,0.0,4.998149,280.667584,286.798385,106.099832,70.884905,0.0,0.0,634.973441,414.338075,246.771922,1.832023,780.157413,56.684,0.0,0.0,21.657618,468.699539
2021-10-05,449.907666,1753.031447,937.742621,93.101998,179.97739,3983.4841004,111.50332057900002,708.432834,979.030298,252.412881,706.8040557999999,515.059425,862.015524,661.9282326,261.514529,0.0,127.147592,93.101998,1029.425664,723.605783,30.362625,0.0,9.02691,285.102271,307.575674,117.172412,78.329299,685.32974,0.0,507.372712,414.303653,179.97739,1.781508,787.710706,64.172,0.0,2.8113965789999997,23.378072,468.789622
2021-10-06,580.12801,1755.246059,943.398604,87.700683,130.934977,3976.1323056,109.994251081,720.370064,1061.2572,252.743248,730.1580902000001,536.030914,857.584328,624.6818614,275.337092,0.0,137.521922,87.700683,1008.49479,746.751269,28.057036,0.0,22.008926,284.090688,372.824639,122.989766,78.267902,690.655356,0.0,488.202134,414.27045,130.934977,1.799957,829.805278,93.93,0.0,3.669313081,82.513648,464.137886
2021-10-07,571.83502,1758.77949,942.387223,87.622031,131.063025,4041.6813836,109.071515915,720.708416,1064.4232040000002,246.626725,718.993395,540.714775,867.868887,653.3075926,268.180887,0.0,138.771897,87.622031,984.107249,774.672241,30.588145,0.0,22.109448,284.09696,351.554584,132.502761,77.370563,695.760498,0.0,531.509483,414.502008,131.063025,2.011026,796.941307,128.71,0.0,1.112807915,85.766649,461.106364
2021-10-08,613.589497,1752.193795,941.7700169999999,76.646705,130.562474,4113.4028591,121.989981,741.092441,1075.122569,247.113119,730.2256897999999,539.197335,851.489706,648.0270323,257.255611,0.0,136.803767,76.646705,979.469627,772.724168,27.460559,0.0,22.003888,305.572128,357.755394,116.603995,94.529422,694.656898,0.0,623.082329,413.516425,130.562474,2.06728,782.439802,155.879,0.0,0.0,137.162828,464.125156
2021-10-09,580.007141,1766.290144,939.101472,65.71946,179.558323,4116.2853009,120.356132,742.164093,990.759685,243.77176,728.2808725,541.74151,857.335867,700.5892304,208.052195,0.0,136.642824,65.71946,1009.075401,757.214743,27.096934,0.0,22.025374,310.99908,348.937884,93.463814,93.259198,695.329712,0.0,609.099773,409.139639,179.558323,1.974458,794.039861,60.077,0.0,0.0,135.630985,471.185853
2021-10-10,578.237923,1754.508441,940.353791,104.268322,173.086075,4068.629712,114.035088,733.402975,984.9687220000001,243.247204,724.6201252000001,544.405185,863.869359,710.0479257999999,210.388209,0.0,136.922125,104.268322,991.19141,763.317031,26.564823,0.0,22.043277,314.59744,352.600229,89.013212,87.470265,697.106587,0.0,551.579005,396.762258,173.086075,2.083813,793.324597,54.722,0.0,0.0,134.540669,463.719903
2021-10-11,547.27376,1754.844767,933.366121,109.709429,228.146747,4017.6032104,108.937990191,741.753997,1036.302248,246.111395,724.3630679,539.362039,853.748851,674.0988875,248.885073,0.0,136.08103,109.709429,952.308907,802.53586,29.775734,0.0,22.041553,306.953952,353.341885,90.009745,76.64205,687.254726,0.0,513.114592,412.758492,228.146747,2.456808,801.014218,99.207,0.0,2.520206191,101.465322,464.0307
2021-10-12,556.6664999999999,1758.695471,943.70991,104.092552,257.295146,3991.085587978,113.36428579,750.8213519999999,1064.518238,246.6902,720.7858874,542.094496,836.740344,630.4398405,295.089707,0.053199078000000004,137.3309,104.092552,1041.106859,717.588612,33.235276,0.0,22.004069,309.818336,350.446194,102.202054,76.86223,697.01971,0.0,489.850986,418.998947,257.295146,2.601962,794.412338,132.775,0.0,3.26677979,101.41629,476.031128
2021-10-13,575.191695,1754.6392,943.2159280000001,98.802971,258.272967,4049.3187,103.587298,748.313707,1016.844842,245.586626,727.490865,553.549403,859.502515,670.5843269,70.896041,183.5008131,136.043054,98.802971,976.675294,777.963906,32.40546,0.0,22.029434,308.923692,352.735203,118.100297,71.181838,697.629302,0.0,507.679822,417.360581,258.272967,2.592566,799.239788,81.562,0.0,0.0,101.763629,476.114914
2021-10-14,556.536049,1756.5767700000001,945.876618,109.868317,240.963196,4016.4337438,35.246359999999996,750.982451,980.992816,246.307997,729.4641942999999,559.763684,855.276358,621.8888785,94.819712,206.116703,135.245745,109.868317,961.256917,795.319853,35.245976,0.0,22.053907,308.815972,352.552362,100.330134,0.000384,699.568621,0.0,473.491881,420.112572,240.963196,2.370963,794.062071,51.685,0.0,0.0,101.28259,475.612333
2021-10-15,543.037828,1757.0675430000001,944.100018,140.30989,178.592142,4119.3546425,34.019753,750.08219,988.75702,246.137751,728.2537271,575.242333,856.852799,663.0559327999999,97.383171,164.4048076,134.567124,140.30989,983.657473,773.41007,34.019753,0.0,22.017211,308.26041,349.050683,89.871446,0.0,697.962267,0.0,570.653339,419.804569,178.592142,2.218087,795.324896,58.865,0.0,0.0,101.897612,463.508533
2021-10-16,533.856146,1755.1997700000002,931.951061,109.730415,108.78266,4194.888624728,39.387192,747.506277,966.587568,234.718745,724.6276956,571.891764,854.998581,763.1605407000001,178.686983,0.030458428,134.60618,109.730415,983.839365,771.360405,39.387192,0.0,22.010689,308.833821,352.052661,78.045393,0.0,697.232316,0.0,625.472921,416.661767,108.78266,2.209296,794.186388,37.795,0.0,0.0,101.548796,476.019681
2021-10-17,534.747491,1755.7497400000002,918.228743,109.73476,85.978462,4208.5072982,47.297497,750.023108,966.8737349999999,235.25707,724.6313647000001,571.853748,855.036372,656.741665,138.201589,146.4068775,135.025948,109.73476,960.467248,795.282492,47.297497,0.0,22.009876,309.262532,350.397147,80.649043,0.0,682.971673,0.0,639.665054,418.7507,85.978462,2.134972,794.250787,37.597,0.0,0.0,101.566329,475.970628
2021-10-18,557.996945,1755.937755,919.931021,115.267663,87.165817,4231.1789999,43.483084,750.725649,975.023993,235.697591,723.9974596000001,571.866537,858.232897,651.088123,138.23182,153.41188730000002,137.100755,115.267663,987.256211,768.681544,43.483084,0.0,22.015352,309.491211,350.498513,103.31763,0.0,684.23343,0.0,657.418487,419.219086,87.165817,2.458316,794.563238,43.36,0.0,0.0,101.722486,476.931789
2021-10-19,510.989664,1754.928523,921.643758,104.188245,86.153073,4228.1556681,53.271602,754.331034,1040.2409349999998,235.603478,718.3839174,562.222355,855.795103,637.635571,70.424949,251.8825847,136.998372,104.188245,951.661018,803.267505,53.271602,0.0,21.881844,314.929887,309.000056,98.016968,0.0,686.04028,0.0,670.745896,417.519303,86.153073,2.550082,797.720563,105.522,0.0,0.0,101.422558,461.065292
2021-10-20,500.92800400000004,1756.4039269999998,899.704937,104.374745,87.224021,4200.491333,34.645096,753.81082,988.461846,218.677202,722.7041597,562.839219,861.745069,624.931401,54.154074,280.68379930000003,134.6972,104.374745,960.336783,796.067144,34.644993,0.0,21.982027,313.855971,306.956808,88.862701,0.000103,681.027735,0.0,623.376697,417.972822,87.224021,2.247482,801.253646,52.511,0.0,0.0,102.861013,470.056914
2021-10-21,561.0398839999999,1758.4852230000001,915.07084,104.47335,82.893667,4151.5457736,33.630387,753.672904,1016.413411,230.001361,825.5863102000001,595.841639,860.851694,2.711573,114.646013,437.8097744,133.359463,104.47335,970.897633,787.58759,33.627308,0.0,22.001978,313.63594,346.82397,76.510164,0.003079,685.069479,0.0,833.683395,418.034986,82.893667,2.177188,796.184948,86.869,0.0,0.0,135.528562,480.415375
2021-10-22,518.163399,1755.8632910000001,907.751282,115.330299,82.765619,4041.3920684,41.27233,751.1722440000001,972.96988,229.344175,649.6995521,560.216295,862.550931,52.217653,315.445656,366.72130830000003,134.66976,115.330299,989.42924,766.434051,41.269059,0.0,22.010739,313.251911,297.369394,82.78645,0.003271,678.407107,0.0,764.933367,415.909594,82.765619,2.367243,795.07312,43.227,0.0,0.0,135.640312,469.607306
2021-10-23,415.249051,1752.4241040000002,896.31909,55.064512,70.379878,3988.5513883000003,53.076984,747.131118,964.922872,216.837494,717.4502664,570.63566,625.331683,663.025931,130.847211,157.35251390000002,136.814274,55.064512,1012.661821,739.762283,39.742634,0.0,22.002796,309.111155,195.688375,81.539744,13.33435,679.481596,0.0,652.17442,416.017167,70.379878,2.617529,797.197598,30.911,0.0,0.0,135.403403,471.733703
2021-10-24,458.077203,1756.017269,911.960484,82.546408,77.108223,3966.3926508,74.307632,744.6489379999999,965.735773,217.825425,688.3506765,567.513098,657.280632,668.951914,118.733072,149.9915923,139.576638,82.546408,1017.613713,738.403556,39.117156,0.0,22.019396,308.794273,230.353539,89.802251,35.190476,694.135059,0.0,641.235385,413.835269,77.108223,2.4505,797.996135,28.163,0.0,0.0,135.470913,474.336281
2021-10-25,448.122428,1756.12221,922.743029,115.321698,86.467373,3939.5424128,76.76354,751.3685330000001,968.223203,231.046001,725.6945522000001,562.690456,712.790557,619.527338,138.240931,146.1640526,133.083927,115.321698,1029.895573,726.226637,38.656563,0.0,22.013357,308.728737,217.794572,92.374664,38.106977,691.697028,0.0,558.316245,420.626439,86.467373,2.648168,794.801276,40.338,0.0,0.0,135.305024,476.118281
2021-10-26,528.626246,1759.242129,899.0946260000001,115.368664,102.880808,3929.88465427,83.735173,765.000656,1042.284511,231.420657,698.9404589,549.259936,632.090375,705.2378942,141.384526,83.45173317,135.219745,115.368664,1004.497042,754.745087,35.506946,0.0,22.019965,321.392263,276.471164,114.090992,48.228227,667.673969,0.0,647.854828,421.588428,102.880808,2.624344,815.219766,91.845,0.0,0.0,135.439746,471.664903
2021-10-27,641.811991,1742.995429,889.75427,104.393037,88.01559,4120.6824857,84.133737,763.398891,1009.836085,231.932154,691.0476818999999,575.458236,760.99166,690.7759916,156.162212,109.1744302,134.753418,104.393037,1034.370087,708.625342,33.903732,0.0,22.029276,319.429137,375.496438,128.726388,50.230005,657.822116,0.0,660.225093,421.940478,88.01559,2.346324,804.962667,70.12,0.0,0.0,135.242841,476.847181
2021-10-28,643.01532,1756.742084,884.907024,98.80644,81.124276,4186.5806868,76.77442099999999,748.568465,995.519144,228.543146,707.3618726,571.793166,845.186634,702.3898955,107.429008,140.0358767,135.330156,98.80644,1040.366828,716.375256,36.845841,0.0,22.11143,305.146979,379.331995,125.874765,39.92858,656.363878,0.0,646.246406,421.310056,81.124276,2.224848,816.404988,43.784,0.0,0.0,135.583712,466.137828
2021-10-29,462.543962,1752.434053,897.595705,98.920153,80.658647,4086.6296961,72.355824578,735.8870909999999,1021.4168810000001,228.463228,703.6866082,566.919153,720.855154,721.0234752,108.576146,139.6558627,135.788754,98.920153,995.469604,756.964449,32.697002,0.0,22.031938,292.5238,203.506058,122.571187,37.03969,669.132477,0.0,658.901094,421.331353,80.658647,1.822286,816.586127,69.042,0.0,2.6191325780000003,134.644431,467.012203
2021-10-30,408.64286000000004,1826.878105,903.708942,87.875745,79.901999,5386.73637683,69.028612,684.428648,864.5910339999999,223.644999,718.0794413,575.712093,1439.097742,834.9912522000001,139.002376,0.12256733,136.824188,87.875745,1036.868886,790.009219,31.398282,0.0,34.952131,248.812253,157.420759,114.979726,37.63033,680.063943,0.0,1347.6255620000002,400.664264,79.901999,1.81634,701.604846,26.162,0.0,0.0,134.426035,332.105343
2021-10-31,323.81877000000003,1762.1934649999998,912.418616,87.877792,85.734007,2708.866255,74.371479139,589.478581,817.5744329999999,220.693615,717.405311,565.837797,0.0,833.138828,127.146809,0.0,132.306758,87.877792,977.772703,784.420762,30.672696,0.0,8.99999,237.046091,74.38224,115.465359,38.612328,691.725001,0.0,0.0,343.4325,85.734007,1.754227,662.603675,22.664,0.0,5.086455139000001,132.216944,465.33751
2021-11-01,196.482426,1753.9093659999999,944.033095,104.276038,0.0,4217.0062366,26.702859792,490.21544900000004,666.64756,260.731939,726.9588106,518.937496,858.234041,662.015003,243.383317,0.0,122.566567,104.276038,937.43632,816.473046,24.845244,0.0,15.025038,235.181022,0.0,99.624985,0.002777,683.301156,0.0,738.014836,240.009389,0.0,2.159792,452.168993,91.912,0.0,1.8548387919999998,94.697649,469.462733
2021-11-02,201.273272,1754.586503,962.625416,104.443966,0.0,4213.9797008000005,29.224293,459.038922,753.510579,278.034266,703.7831747,429.574821,859.033946,574.917136,252.75351,115.04541309999999,123.890878,104.443966,950.982282,803.604221,29.221231,0.0,7.521099,236.53327,0.0,104.425213,0.003062,684.59115,0.0,807.677781,214.984553,0.0,2.604273,523.820701,105.799,0.0,0.0,94.243786,471.193919
2021-11-03,162.01028,1758.552605,962.973928,104.523676,0.0,4281.06867825,21.373804,599.568489,949.5880149999999,278.832539,728.2100185,481.063098,866.228491,693.324,215.243964,0.19713575,130.589396,104.523676,1033.461972,725.090633,21.370674,0.0,0.0,262.341936,0.0,102.371253,0.00313,684.141389,0.0,829.89884,337.226553,0.0,2.685564,715.819619,103.179,0.0,0.0,56.953463,466.903131
2021-11-04,362.06305299999997,1766.526381,964.066346,115.480838,0.0,4234.7334446,19.158367,645.475841,1028.461797,278.904094,720.6479431,467.172628,863.059625,610.9226225,291.038948,0.0,134.766271,115.480838,1061.594731,704.93165,19.154998,0.0,0.0,281.711902,203.238387,94.838821,0.003369,685.162252,0.0,815.1612,363.763939,0.0,2.655547,797.095526,96.6,0.0,0.0,61.330298,466.730478
2021-11-05,379.001952,1755.964239,945.102263,120.888923,0.0,4131.858353,23.362171999999997,668.388056,1025.829288,279.004974,714.0220247999999,557.975729,859.653829,486.5395714,255.882131,165.08846580000002,132.456802,120.888923,979.468288,776.495951,23.358334,0.0,0.0,331.569153,235.970309,94.344149,0.003838,666.097289,0.0,627.11308,336.818903,0.0,2.741097,793.224486,100.148,0.0,0.0,45.946397,465.583522
2021-11-06,303.761638,1755.3204879999998,948.771218,88.046653,0.0,4144.107853857,23.742911,663.1546020000001,990.506539,279.441828,715.6233328,554.597769,864.476151,606.1593281,299.802524,0.029054957,111.715508,88.046653,939.245642,816.074846,23.739006,0.0,0.0,333.233024,175.728368,97.119046,0.003905,669.32939,0.0,627.618327,329.921578,0.0,2.515013,793.314031,85.477,0.0,0.0,28.399211,475.801367
2021-11-07,269.15644000000003,1757.5368389999999,971.757148,87.918982,0.0,4123.1979498,28.379752,659.289432,990.65876,279.682861,722.1919399,553.730838,844.881217,594.6047959,313.698111,0.0,112.624021,87.918982,886.690545,870.846294,28.376058,0.0,0.0,333.41961,139.937813,99.489781,0.003694,692.074287,0.0,620.157659,325.869822,0.0,2.395862,792.636739,85.398,0.0,0.0,27.332984,473.933389
2021-11-08,316.265487,1756.5655900000002,980.2944849999999,104.771839,0.0,4272.8884683,36.517601,676.284521,1015.604825,279.07013,723.2342188,571.813037,862.220056,609.8260885,318.86919,0.0,131.746262,104.771839,908.755537,847.810053,36.513645,0.0,0.0,333.329099,131.957764,118.963437,0.003956,701.224355,0.0,716.523906,342.955422,0.0,2.893228,797.160563,86.698,0.0,0.0,62.451058,470.401972
2021-11-09,445.280748,1752.401315,968.911351,104.600008,0.0,4128.4055798,31.322301,683.201773,1174.2167279999999,279.746904,721.4836866,570.383223,846.236767,497.724512,233.306649,195.44252219999998,131.833838,104.600008,1027.945293,724.456022,31.318276,0.0,0.0,333.606384,274.078167,105.411005,0.004025,689.164447,0.0,592.914753,349.595389,0.0,3.272537,903.76589,138.617,0.0,0.0,62.519039,470.913467
2021-11-10,570.369554,1756.228007,976.095284,104.54142,0.0,4107.5086492,22.240422,673.402165,1236.674926,280.123476,719.1558249,572.637403,807.021727,455.8510207,166.300809,316.7195186,132.906544,104.54142,1023.949807,732.2782,22.236304,0.0,0.0,318.806926,414.170883,90.71538,0.004118,695.971808,0.0,600.186782,354.595239,0.0,2.874275,1001.142382,102.626,0.0,0.0,62.609016,469.635564
2021-11-11,480.205687,1758.747019,972.783465,104.574713,0.0,3722.7955283,57.594597,699.314812,1249.206831,280.688086,455.5218225,572.75914,732.924085,328.3792981,167.558487,374.1718767,131.461125,104.574713,1040.326445,718.420574,21.737068,0.0,0.0,347.181543,322.100311,92.812564,35.857529,692.095379,0.0,621.024186,352.133269,0.0,2.787263,1001.157706,116.588,0.0,0.0,62.505549,470.456633
2021-11-12,482.866902,1752.918311,958.691002,88.097612,0.0,3476.2223286,51.92264,694.673785,1232.098348,280.490632,141.33890309999998,563.358765,778.500097,324.15721510000003,171.41432,304.7965944,131.679602,88.097612,1000.971758,751.946553,13.688691,0.0,0.0,333.600499,322.76342,94.755201,38.233949,678.20037,0.0,722.066798,361.073286,0.0,2.689911,1000.900746,99.518,0.0,0.0,62.65837,470.589636
2021-11-13,539.8370090000001,1756.127298,956.9115690000001,87.931761,0.0,3927.0775163,57.179981,653.853926,1228.135171,270.283201,621.326849,571.319067,756.967049,402.2818709,111.793861,338.2156114,131.442265,87.931761,1131.723263,624.404035,19.175742,0.0,0.0,311.662093,379.213316,95.499276,38.004239,686.628368,0.0,655.104564,342.191833,0.0,2.618926,1001.966906,94.726,0.0,0.0,62.505491,470.068644
2021-11-14,546.288086,1754.5142489999998,971.4700310000001,88.201346,0.0,4153.0203409000005,64.854754,662.312115,1227.40681,271.508617,710.0811491000001,573.758318,860.25724,527.0715165,112.267087,292.7755613,132.233524,88.201346,1100.079505,654.434744,24.467404,0.0,0.0,311.384176,388.901859,91.850675,40.38735,699.961414,0.0,605.818705,350.927939,0.0,2.769698,998.287286,96.886,0.0,0.0,62.765854,470.990764
2021-11-15,630.260807,1759.383626,973.081772,115.275868,0.0,4200.9234119,58.294665,686.399106,1234.901546,286.580658,700.1487997,573.738958,864.478206,438.8361276,138.982198,356.9151226,133.540142,115.275868,1132.650527,626.733099,25.896996,0.0,0.0,332.809381,410.61972,121.65561,32.397669,686.501114,0.0,656.476492,353.589725,0.0,3.076982,1001.589404,99.772,0.0,0.0,94.908495,471.347508
2021-11-16,629.030488,1754.850929,967.8790220000001,115.36545,0.0,3998.1410752,26.330468,713.0329320000001,1276.2306079999998,288.53343,720.3972559,487.960588,803.663572,511.0864454,88.398422,296.92406389999996,132.475489,115.36545,1172.999394,581.851535,26.326151,0.0,0.0,333.175401,410.302288,120.340057,0.004317,679.345592,0.0,622.221964,379.857531,0.0,3.099314,1011.142119,132.613,0.0,0.0,95.288829,467.488764
2021-11-17,615.325418,1753.981579,975.685453,106.386398,0.0,4155.3518512,28.704728,742.453782,1279.8887710000001,289.118907,722.7102295,557.751763,863.951225,445.9892578,145.057917,320.5594359,135.170201,106.386398,1186.413863,567.567716,28.700438,0.0,0.0,330.663365,413.304868,103.638974,0.00429,686.566546,0.0,631.473229,411.790417,0.0,3.209102,1002.73657,141.982,0.0,0.0,95.172474,467.858794
2021-11-18,662.072786,1752.757019,966.920028,106.101259,0.0,4184.1466968,24.794116000000002,802.316732,1275.170657,288.567356,723.6036627999999,572.127153,841.906184,440.5015437,143.747345,354.0857403,135.985611,106.101259,1090.655785,662.101234,24.789809,0.0,9.004419,334.110702,413.44331,101.585919,0.004307,678.352672,0.0,637.747735,459.201611,0.0,2.993045,1000.640046,138.545,0.0,0.0,144.050512,470.427333
2021-11-19,674.423554,1759.118887,971.0347869999999,93.409559,0.0,4216.4966465,22.242356,739.316862,1238.164534,288.534045,722.8249985,575.470661,850.454568,442.2542612,171.491399,325.52399280000003,134.720272,93.409559,1141.285329,617.833558,22.238236,0.0,0.0,334.408748,413.247794,114.01099,0.00412,682.500742,0.0,658.027182,404.908114,0.0,2.576667,1002.296262,101.148,0.0,0.0,144.588103,470.449584
2021-11-20,652.1984590000001,1753.637443,945.008468,87.876413,0.0,4141.0211817,22.562198,701.0125,1225.2150000000001,271.701788,729.1721601,528.576473,823.639326,435.146521,296.525974,187.69420259999998,133.619323,87.876413,1101.051767,652.585676,22.55803,0.0,0.0,333.493636,409.76476,95.616914,0.004168,673.30668,0.0,667.390786,367.518864,0.0,2.278941,998.691677,92.904,0.0,0.0,144.537844,472.875739
2021-11-21,635.772954,1758.3522560000001,944.050208,87.907902,0.0,4138.4550908,24.758316,708.40238,1226.364559,271.324388,732.9827526,505.119229,862.814996,388.90788360000005,296.722322,231.44769159999998,133.593558,87.907902,1070.548326,687.80393,24.754121,0.0,9.008118,333.615931,413.141674,75.578928,0.004195,672.72582,0.0,650.108652,365.778331,0.0,2.525619,999.402001,93.369,0.0,0.0,144.526733,470.351564
2021-11-22,659.414658,1752.465332,965.937043,104.27616,0.0,4235.3333006,36.968826,723.3581479999999,1216.50894,285.512383,704.2136771,415.30181,864.180455,424.0262813,296.561492,141.26438819999998,136.473501,104.27616,1001.812272,750.65306,36.964631,0.0,5.002814,333.393623,413.15004,98.125943,0.004195,680.42466,0.0,934.856689,384.961711,0.0,3.780014,999.555439,80.48,0.0,0.0,144.358661,454.928508
2021-11-23,663.278646,1756.432553,953.1334019999999,104.433697,0.0,4235.9273587,33.346345,736.151441,1224.898948,276.522879,704.4101392,368.403536,864.132184,514.0981392,218.51304,166.2644873,140.509747,104.433697,1005.157937,751.274616,33.341815,0.0,15.88512,333.273746,415.788854,100.067792,0.00453,676.610523,0.0,938.09255,386.992575,0.0,3.975631,998.434201,85.955,0.0,0.0,143.446369,462.013283
2021-11-24,682.043389,1753.760724,958.5237930000001,93.373959,0.0,4235.2053279,31.614912,737.672451,1230.3110969999998,285.514702,660.8068007999999,417.441111,865.510252,536.0054897,245.298406,144.5071824,139.017397,93.373959,958.861039,794.899685,31.61023,0.0,9.006217,333.474956,415.981452,118.516475,0.004682,673.009091,0.0,927.418328,395.191278,0.0,3.840491,1000.9797,90.314,0.0,0.0,143.704971,438.217758
2021-11-25,687.9806239999999,1753.629493,954.132857,137.304228,0.0,4301.7033666,31.925841000000002,747.4885,1259.865223,284.47704,657.9213734,443.140075,861.006273,520.3555157,256.996548,179.3344795,138.817084,137.304228,1020.65332,732.976173,31.921022,0.0,17.997368,333.410676,415.523372,124.478774,0.004819,669.655817,0.0,926.093849,396.080456,0.0,4.0421,999.442139,121.606,0.0,0.0,143.936378,456.855253
2021-11-26,682.9070899999999,1750.3227160000001,952.130011,93.605244,0.0,4328.3851890000005,38.13697,798.982736,1253.402081,285.343745,673.8108392,534.520172,863.221885,466.3976254,291.269738,184.7903584,132.238084,93.605244,993.301237,757.021479,38.132461,0.0,15.940047,333.380831,413.472202,121.345221,0.004509,666.786266,0.0,871.701438,449.661858,0.0,4.017957,994.126997,127.037,0.0,0.0,144.07171,442.673133
2021-11-27,679.465412,1753.68299,947.806534,88.182973,0.0,4220.925157989,42.064107,693.0203799999999,1258.074968,271.702782,741.0964397,443.814337,864.473845,595.6030688999999,286.190456,0.0055393890000000005,130.710205,88.182973,1015.671514,738.011476,42.059485,0.0,7.998704,333.178479,413.21617,119.025601,0.004622,676.103752,0.0,840.223419,351.843197,0.0,3.762946,999.744763,127.62,0.0,0.0,143.460695,449.518053
2021-11-28,676.193278,1754.098131,935.496817,88.176918,0.0,4196.6697155,39.709314,680.2978860000001,1258.0035750000002,259.387403,684.9330315,473.240291,863.983083,576.741742,263.738045,0.0,133.490886,88.176918,1014.767762,739.330369,39.70451,0.0,0.0,333.144494,413.563722,115.493157,0.004804,676.109414,0.0,892.043312,347.153392,0.0,3.730388,997.829689,126.683,0.0,0.0,143.406011,441.990211
2021-11-29,698.6116790000001,1759.374021,875.501247,115.454848,0.0,4258.3181684,55.84856,714.734408,1264.004069,246.094929,659.5801348,513.061746,863.905825,509.09201260000003,300.057995,0.0,139.02403,115.454848,1103.563273,655.810748,55.843247,0.0,0.0,333.599061,413.222576,138.082128,0.005313,629.406318,0.0,958.51268,381.135347,0.0,4.652328,1000.478039,124.502,0.0,0.0,142.654647,454.107775
2021-11-30,669.292509,1760.798115,852.748558,131.771025,0.0,4296.4745023,50.414033,781.8976950000001,1254.777638,244.341977,700.1754345,559.493742,868.48498,440.26371539999997,276.18517,176.6586454,135.394986,131.771025,1112.6583,648.139815,50.408459,0.0,6.023636,333.21809,406.928527,115.574917,0.005574,608.406581,0.0,804.086111,442.655969,0.0,4.432735,1001.152652,118.23,0.0,0.0,142.35633,471.126704
2021-12-01,672.977392,1752.5821729999998,920.755393,138.066423,0.0,4220.9210924,66.566902,828.221279,1115.26153,274.010762,651.2158518,504.824357,868.183544,367.516626,300.114863,160.4511216,126.8822,138.066423,1158.966072,593.616101,66.561041,0.0,16.013874,333.574527,414.054556,112.891615,0.005861,646.744631,0.0,903.269021,478.632878,0.0,3.763366,957.24533,31.134,0.0,0.0,142.267855,465.345708
2021-12-02,691.720481,1757.6911,947.077487,110.388743,0.0,4226.4714427,82.491419,809.438181,1113.916639,286.225355,715.0129508,425.045685,869.9094,319.577521,301.75232,209.0091309,127.268239,110.388743,1142.017288,615.673812,70.540815,0.0,17.986035,316.734782,412.678812,133.194295,11.950604,660.852132,0.0,909.865361,474.717364,0.0,3.571685,957.6844,28.964,0.0,0.0,142.275689,476.299074
2021-12-03,686.3451640000001,1756.1567949999999,939.3145910000001,99.463126,0.0,4290.9792527,99.914645,802.4111909999999,1107.243907,285.771538,706.5597245,478.160522,870.047183,354.360209,302.059588,203.7849272,130.730882,99.463126,1125.107949,631.048846,80.774418,0.0,9.015043,318.234959,411.73788,128.640432,19.140227,653.543053,0.0,901.919257,475.161189,0.0,3.639792,950.540025,25.973,0.0,0.0,142.32706,474.087842
2021-12-04,682.519209,1753.377781,953.53404,82.875225,0.0,4273.4759942,80.854791,781.371036,1112.076887,274.010809,717.9572725,534.640711,864.13584,391.776153,292.141479,182.4463477,130.824003,82.875225,1177.266005,576.111776,80.84887,0.0,0.0,305.914008,411.697818,124.924429,0.005921,679.523231,0.0,818.52993,475.457028,0.0,3.617064,954.630884,26.622,0.0,0.0,142.279898,471.848261
2021-12-05,684.341756,1755.118177,938.980941,55.478439,0.0,4301.357965499999,89.471287,773.12271,1115.510546,273.268264,688.0986647999999,507.398846,865.808156,380.254371,304.320637,239.8117097,133.003967,55.478439,1145.490767,609.62741,89.464791,0.0,0.0,305.956824,411.58926,126.899876,0.006496,665.712677,0.0,844.505725,467.165886,0.0,3.532322,954.834579,27.672,0.0,0.0,142.320298,471.159856
2021-12-06,700.635319,1760.2148180000002,897.602001,110.664536,0.0,4327.4549244,109.14021100000001,785.609402,1122.266576,288.849058,702.2464456,463.13821,865.21859,335.064008,315.536653,275.5732708,133.662604,110.664536,1147.991584,612.223234,102.595454,0.0,5.007851,322.208926,412.703604,140.90885,6.544757,608.752943,0.0,902.683936,458.392625,0.0,4.631342,954.321068,34.282904,0.0,0.0,142.391523,467.993811
2021-12-07,690.6715360000001,1756.991967,898.4074889999999,71.823606,0.0,4271.1812112,119.408407,790.5524869999999,1140.548104,288.33503,736.8588,481.19673,823.917233,313.511396,314.98535,255.75006919999998,136.929045,71.823606,1153.021389,603.970578,112.039475,0.0,0.0,312.815156,412.479442,130.408115,7.368932,610.072459,0.0,875.570358,477.737331,0.0,5.39039,954.794059,48.825,0.0,0.0,142.393589,469.391275
2021-12-08,691.134678,1756.018397,949.2406960000001,71.903544,0.0,3682.1656935,121.62841999999999,791.141153,1152.2395190000002,285.724481,646.5856002,360.105215,770.156994,241.111924,209.455378,236.89666630000002,136.806868,71.903544,1128.035597,627.9828,114.347968,0.0,0.0,313.129947,412.3377,130.586552,7.280452,663.516215,0.0,820.667738,478.011206,0.0,5.698536,954.203651,61.229,0.0,0.0,142.51189,397.186178
2021-12-09,709.022112,1754.4912920000002,944.9935399999999,71.835734,0.0,4378.9702079,96.241442,786.517743,1150.2426639999999,285.197205,721.9437914,561.111581,864.432048,327.63811,288.18853,253.6922935,134.815688,71.835734,1126.396406,628.094886,88.932302,0.0,0.0,312.126021,412.44646,149.014716,7.30914,659.796335,0.0,891.473254,474.391722,0.0,5.466218,952.582976,62.844,0.0,0.0,142.094718,470.4906
2021-12-10,699.986936,1756.999382,937.8861320000001,77.45498,0.0,4279.4189152,93.18664000000001,785.329935,1162.290814,284.210811,731.0988395,579.568418,825.410989,143.784233,327.833541,417.24924369999997,134.261251,77.45498,1091.89158,665.107802,71.008706,0.0,0.0,311.936285,412.281908,140.121571,22.177934,653.675321,0.0,782.062518,473.39365,0.0,5.044871,952.069563,75.96,0.0,0.0,142.538586,472.411133
2021-12-11,706.493143,1758.3996230000002,950.596061,77.425212,0.0,4208.3613839,57.660097,775.589639,1126.6279749999999,272.197339,726.6574165,568.537882,851.769304,330.294414,190.020163,405.5416714,132.833483,77.425212,1100.751275,657.648348,57.65311,0.0,0.0,306.097381,412.17916,147.238125,0.006987,678.398722,0.0,658.031897,469.492258,0.0,4.661061,950.284492,43.51,0.0,0.0,142.414797,477.508636
2021-12-12,719.6616359999999,1755.332769,913.115843,66.261101,0.0,4263.1422214,41.339107,767.023251,1130.724528,236.716846,693.4095623,576.801854,861.726666,306.172466,317.818666,330.8128811,130.673176,66.261101,1096.90934,658.423429,41.333131,0.0,0.0,306.129757,412.548682,160.034653,0.005976,676.398997,0.0,704.46519,460.893494,0.0,4.939687,950.886352,49.165,0.0,0.0,142.138614,471.934936
2021-12-13,690.1132319999999,1757.122639,989.2329159999999,93.811007,0.0,4339.423381,56.790283,787.6307999999999,1156.081538,338.277175,728.7473564,576.804243,867.523824,292.753086,313.436788,322.2749786,131.033482,93.811007,1098.749639,658.373,50.132973,0.0,0.0,312.188719,412.433924,129.63231,6.65731,650.955741,0.0,764.337983,475.442081,0.0,5.407141,951.383056,73.665,0.0,0.0,142.639857,473.545122
2021-12-14,708.127872,1753.967912,998.942443,77.381864,0.0,4286.6503026,54.711102,789.9400029999999,1138.244558,345.011446,728.6614001,577.216345,857.579673,324.544477,270.554412,296.8971675,129.644389,77.381864,1140.552971,613.414941,47.864278,0.0,0.0,311.973728,412.317162,148.310063,6.846824,653.930997,0.0,758.793586,477.966275,0.0,5.39067,951.119169,57.481,0.0,0.0,142.109977,472.403242
2021-12-15,703.406085,1745.351004,1006.43435,77.406079,0.0,4363.7356159,44.293122,812.6130909999999,1185.188683,352.176182,720.1682833,576.517486,866.209305,333.956854,308.661511,277.7321046,134.009036,77.406079,1154.353496,590.997508,36.90022,0.0,22.011875,312.312019,412.561014,144.023736,7.392902,654.258168,0.0,805.475089,478.289197,0.0,4.493918,950.224647,100.955,0.0,0.0,142.327417,475.014983
2021-12-16,695.294427,1763.006322,896.987124,66.542013,0.0,4238.9560332,75.205436,809.656877,1155.6744330000001,235.873421,716.3016105,533.42156,863.483834,361.593285,305.343515,249.91117369999998,134.822234,66.542013,1168.584236,594.422086,45.435341,0.0,22.046187,310.728073,412.575505,136.313599,29.770095,661.113703,0.0,735.534186,476.882617,0.0,4.011329,944.650199,76.202,0.0,0.0,142.393994,473.366869
2021-12-17,645.721941,1757.285613,897.276247,50.070616,0.0,4310.4586486,92.520145,810.9603099999999,1230.352108,222.83679,703.6658652000001,502.511624,866.809576,439.478743,295.124585,175.6885974,134.989355,50.070616,986.478098,770.807515,62.075113,0.0,22.080806,312.86249,369.326479,130.205681,30.445032,674.439457,0.0,869.401339,476.017014,0.0,3.980163,949.874753,145.488,0.0,0.0,142.209618,457.778319
2021-12-18,464.013007,1752.59278,898.75331,44.330762,0.0,4275.2013503,75.34663,794.978632,1126.417592,224.063625,706.3006132,514.820284,856.943358,379.823694,293.643678,213.2343361,126.546489,44.330762,970.803676,781.789104,45.228745,0.0,22.052491,301.105463,187.768022,129.96276,30.117885,674.689685,0.0,839.030365,471.820678,0.0,3.695114,951.194103,48.677,0.0,0.0,142.587111,471.405022
2021-12-19,447.90504999999996,1762.962821,934.373642,22.1307,0.0,4158.5855694,80.417446,788.429005,1120.4277630000001,245.576406,704.0629594,462.959616,857.251464,372.616452,292.947071,169.342819,126.032428,22.1307,969.94786,793.014961,49.867961,0.0,13.999964,300.303166,163.29306,138.601904,30.549485,688.797236,0.0,831.259996,474.125875,0.0,3.827142,949.944335,44.451,0.0,0.0,142.182944,468.145192
2021-12-20,450.888999,1755.807045,883.8305290000001,44.214801,0.0,4214.2948567,128.44050199999998,793.290262,1150.655346,215.548426,719.2436313,447.794803,864.24214,380.069264,290.127821,200.8612434,126.678147,44.214801,969.989511,785.817534,98.682515,0.0,14.020027,300.349835,129.790281,174.276109,29.757987,668.282103,0.0,845.620215,478.9204,0.0,4.849402,953.103199,70.874,0.0,0.0,141.973207,466.335739
2021-12-21,436.899119,1753.905373,929.2579619999999,22.201237,0.0,4321.4719603,151.006569,791.490149,1089.828865,266.84418,717.3806264,435.183347,869.365213,390.162304,298.214864,224.97689590000002,125.461394,22.201237,970.808147,783.097226,121.143911,0.0,11.247476,300.215495,97.991223,191.236169,29.862658,662.413782,0.0,927.971179,480.027178,0.0,5.470539,895.923471,68.444,0.0,0.0,142.201188,458.217531
2021-12-22,400.826746,1756.028523,929.269767,22.100748,0.0,4329.515892,174.44494500000002,803.300711,1126.039645,268.957451,729.7677198,463.634072,863.016556,325.028265,296.751702,290.0203532,128.066597,22.100748,954.882056,801.146467,118.726757,0.0,11.910427,311.330051,64.305875,187.639903,55.718188,660.312316,0.0,905.556296,480.060233,0.0,6.174804,898.503048,99.47,0.0,0.0,142.706164,455.740928
2021-12-23,426.802386,1694.4872030000001,931.259427,22.299705,0.0,4304.5380018,139.859627,760.236762,1020.725281,268.434622,711.2435769,510.793872,867.124652,309.367299,311.948977,314.94554489999996,139.41379,22.299705,954.903637,739.583566,81.845833,0.0,11.295362,313.081508,95.227391,184.234476,58.013794,662.824805,0.0,804.305216,435.859892,0.0,5.447769,785.111491,96.2,0.0,0.0,141.89275,474.808864
2021-12-24,421.15562,1750.272376,936.384976,38.659722,0.0,4308.807735,153.987986,743.928028,911.064147,267.329416,679.5675993,533.056639,859.727285,398.946423,294.393342,269.0073067,131.073163,38.659722,964.96442,785.307956,95.766799,0.0,11.928282,310.370704,118.524195,155.899447,58.221187,669.05556,0.0,807.112882,421.629042,0.0,4.717917,739.797984,40.193,0.0,0.0,142.014061,466.996258
2021-12-25,402.836957,1752.225839,947.468042,55.14447,0.0,4289.9646201,154.52094599999998,773.208683,905.877148,265.351519,710.4479448,436.178193,866.635955,423.118995,295.633397,227.8692843,127.895061,55.14447,952.256448,799.969391,96.328886,0.0,11.35136,310.561565,103.331915,152.498213,58.19206,682.116523,0.0,876.869312,451.295758,0.0,4.824517,748.586087,29.396,0.0,0.0,142.182312,453.211539
2021-12-26,389.94623,1771.360235,948.045058,44.159631,0.0,4341.5759339,165.385001,724.74772,908.381222,265.588884,698.6238909,487.364638,858.383209,429.953101,300.415885,219.053877,127.186315,44.159631,970.147337,801.212898,107.306703,0.0,10.987251,309.414041,97.854954,144.961067,58.078298,682.456174,0.0,873.537333,404.346428,0.0,5.034845,745.237907,35.957,0.0,0.0,142.095364,474.244
2021-12-27,383.498205,1746.334385,942.360905,99.096023,0.0,4321.8053356,170.879719,742.9124,904.92677,265.061868,704.0474355,518.045177,864.596338,403.555448,291.505052,249.7703151,126.840084,99.096023,987.072578,759.261807,112.404249,0.0,5.513241,300.204398,88.889252,146.646795,58.47547,677.299037,0.0,815.813373,437.194761,0.0,5.777469,735.909686,42.177,0.0,0.0,142.184689,474.472197
2021-12-28,395.977605,1762.9958849999998,916.224404,87.408935,0.0,4335.8162292,145.16162500000002,746.710137,924.726452,233.515202,701.4105552000001,542.917537,865.777491,500.30285,298.00903,154.807747,126.752323,87.408935,989.414284,773.581601,87.091696,0.0,0.0,300.323037,80.582103,167.367349,58.069929,682.709202,0.0,797.988344,446.3871,0.0,5.901302,772.805129,25.169,0.0,0.0,142.126851,474.602675
2021-12-29,380.473815,1757.15616,937.429773,98.333503,0.0,4340.1610675,158.452311,757.066932,997.897935,244.851131,713.8060711,539.923088,862.315862,535.072012,268.041541,161.91704040000002,125.784402,98.333503,966.55953,790.59663,100.062715,0.0,0.0,308.942018,78.846448,153.759398,58.389596,692.578642,0.0,784.108359,448.124914,0.0,5.739366,844.909533,27.204,0.0,0.0,142.128603,474.977094
2021-12-30,373.41458,1757.6197200000001,944.221186,99.815808,0.0,4341.5719986,120.633433,757.741515,1031.635703,250.921237,709.3095142999999,550.563374,866.700678,546.192906,250.766267,171.59294530000003,130.047775,99.815808,964.045061,793.574659,62.502968,0.0,0.0,333.393496,91.776314,134.515088,58.130465,693.299949,0.0,772.472789,424.348019,0.0,4.887664,890.444928,11.143,0.0,0.0,142.235514,473.973525
2021-12-31,284.770309,1759.138547,846.162821,99.223361,0.0,4330.3345914,114.103182,701.580858,1008.643392,253.387516,722.3926092,562.083722,865.783628,544.009109,269.906462,138.9316892,121.227678,99.223361,980.144271,778.994276,57.621665,0.0,0.0,333.032097,10.024333,128.919298,56.481517,592.775305,0.0,764.785689,368.548761,0.0,3.692879,887.411714,0.004,0.0,0.0,142.133799,462.441683
