date,corridor_BY,corridor_DE,corridor_DZ,corridor_LY,corridor_MA,corridor_NO,corridor_RU-Baltic,corridor_TR,corridor_UA,point_Almería,point_Dornum / NETRA (OGE),point_Dunkerque,point_Easington,point_Emden (EPT1) (GTS),point_Emden (EPT1) (GUD),point_Emden (EPT1) (OGE),point_GCP GAZ-SYSTEM/UA TSO,point_Gela,point_Greifswald / NEL,point_Greifswald / OPAL,point_Imatra,point_Isaccea (RO) - Orlovka (UA) II,point_Kipi (TR) / Kipi (GR),point_Kipoi,point_Kondratki,point_Kotlovka,point_Luhamaa,point_Mazara del Vallo,point_Narva,point_St. Fergus,point_Strandzha 2 (BG) / Malkoclar (TR),point_Tarifa,point_Tieterowka,point_Uzhgorod (UA) - Velké Kapušany (SK),point_Uzhhorod (UA) - Velké Kapušany (SK),point_VIP Bereg (HU) / VIP Bereg (UA),point_VIP Mediesu Aurit - Isaccea (RO-UA),point_Värska,point_Wysokoje,point_Zeebrugge ZPT
2022-01-01,248.803788,1640.535446,962.1793,82.917515,0.0,4189.2260307,43.517174999999995,564.457579,648.9471940000001,270.948029,733.3061742000001,584.416592,752.276382,431.7992842,235.304931,287.5225313,105.727044,82.917515,967.027722,673.507724,27.06564,0.0,0.0,314.715318,14.479699,88.565422,16.451535,691.231271,0.0,716.987167,249.742261,0.0,3.548319,517.42415,0.0,25.796,0.0,0.0,142.210348,447.612969
2022-01-02,202.186987,1653.337775,1017.2884690000001,82.900877,0.0,4318.717546100001,36.942909,581.2109350000001,511.119828,320.573552,725.6660271000001,584.535594,838.00052,423.9685392,235.552538,280.6901638,109.157082,82.900877,940.321125,713.01665,17.045002,0.0,0.0,314.903299,0.0,96.399344,19.897907,696.714917,0.0,754.3227,266.307636,0.0,3.680338,376.325746,0.0,25.637,0.0,0.0,102.107305,475.981464
2022-01-03,185.831366,1633.829561,1002.6232669999999,110.263745,0.0,4377.0786648,38.211306,594.481257,419.307953,321.705398,743.2874461,584.529477,867.185798,431.1313024,234.772537,255.4977193,113.274313,110.263745,922.11425,711.715311,19.446198,0.0,0.0,314.724888,0.0,88.1636,18.765108,680.917869,0.0,785.933074,279.756369,0.0,3.605868,276.35564,0.0,29.678,0.0,0.0,94.061898,474.741311
2022-01-04,145.257356,1630.106176,992.2616820000001,100.218496,0.0,4337.6960921,42.019034,585.03748,377.141637,321.786665,717.4471656000001,583.224084,865.697968,422.6217479,303.100255,219.7382456,76.597732,100.218496,873.397089,756.709087,24.725437,0.0,0.0,292.676872,0.0,89.343705,17.293597,670.475017,0.0,750.773604,292.360608,0.0,3.563146,285.463905,0.0,15.08,0.0,0.0,52.350505,475.093022
2022-01-05,322.44125299999996,1653.068264,1021.097637,88.855191,0.0,4121.9827343,37.308653,599.056012,396.10020199999997,335.198887,717.6289981,472.44295,843.609621,331.1921627,308.383733,271.3039445,100.596006,88.855191,912.128607,740.939657,20.727275,0.0,0.0,307.055776,84.096566,93.281567,16.581378,685.89875,0.0,725.600764,292.000236,0.0,3.640854,284.908196,0.0,10.596,0.0,0.0,141.422266,451.820561
2022-01-06,156.59347400000001,1639.129488,991.3996119999999,71.280557,0.0,4098.366912,48.601265999999995,584.606847,365.687176,322.127442,726.6205189,552.441896,834.373259,350.067131,309.942752,127.4347631,64.169838,71.280557,869.880481,769.249007,32.728862,0.0,0.0,293.635136,0.0,99.840142,15.872404,669.27217,0.0,726.6082,290.971711,0.0,3.925188,296.528338,0.0,4.989,0.0,0.0,52.828144,470.878392
2022-01-07,157.237995,1653.1828730000002,982.2886699999999,76.739669,0.0,4318.6030078,47.779453000000004,594.7556050000001,390.06888000000004,322.339682,725.1522261,567.582362,859.915569,346.44375610000003,306.943828,291.44134660000003,66.643947,76.739669,915.420643,737.76223,31.416457,0.0,0.0,295.322319,0.0,100.63817,16.362996,659.948988,0.0,746.268187,299.433286,0.0,4.312393,289.765933,0.0,33.659,0.0,0.0,52.287432,474.855733
2022-01-08,151.34993500000002,1628.0118619999998,996.424617,65.987554,0.0,4314.795132,43.427963,563.166077,362.885033,322.212991,723.7669281,583.800142,863.404998,361.3828188,286.38955,278.6104811,49.94013,65.987554,886.221508,741.790354,29.760817,0.0,0.0,276.033644,0.0,99.660894,13.667146,674.211626,0.0,742.631686,287.132433,0.0,4.322276,288.441903,0.0,24.503,0.0,0.0,47.366765,474.808528
2022-01-09,148.894533,1627.770552,1002.2762730000001,65.873802,0.0,4311.3090014,33.224089,561.606816,359.789777,323.222167,727.6275441,584.480128,865.229801,340.1528528,277.722591,315.4250415,48.760798,65.873802,881.412881,746.357671,18.856358,0.0,0.0,275.724661,0.0,97.283011,14.367731,679.054106,0.0,727.51405,285.882155,0.0,4.505435,286.554979,0.0,24.474,0.0,0.0,47.106087,473.156993
2022-01-10,165.18643400000002,1627.7492550000002,979.303595,82.295882,0.0,4222.9861699,70.462155,640.4019800000001,417.089457,323.039902,717.0506442000001,578.118947,813.291777,344.4761218,313.615205,297.2287389,53.458497,82.295882,875.893534,751.855721,55.212832,0.0,0.0,281.327894,0.0,112.655809,15.249323,656.263693,0.0,682.277919,359.074086,0.0,4.932337,330.03396,0.0,33.597,0.0,0.0,47.598288,476.926817
2022-01-11,161.316145,1628.02794,969.598263,82.37871,0.0,4234.188739,54.264753,656.2344889999999,368.082979,322.329154,693.6241312999999,569.26455,842.587219,263.527992,312.556964,392.49622769999996,50.896979,82.37871,897.94086,730.08708,39.268456,0.0,1.1e-05,312.305248,0.0,108.771313,14.996297,647.269109,0.0,685.149308,343.92923,0.0,5.413528,296.579,0.0,20.607,0.0,0.0,47.131304,474.982347
2022-01-12,150.680029,1627.870952,976.207764,81.956018,0.0,4254.3893649,55.375401,696.0055179999999,490.386276,322.352056,703.9789449,584.651579,837.599167,245.1770042,314.158211,400.9887148,43.870382,81.956018,873.519684,754.351268,20.851718,0.0,0.0,312.108488,0.0,98.013174,34.523683,653.855708,0.0,694.725119,383.89703,0.0,5.451687,388.544894,0.0,57.971,0.0,0.0,47.215168,473.110625
2022-01-13,140.344338,1627.2399249999999,874.0999499999999,82.19975,0.0,4089.075025,19.298856999999998,674.4245530000001,452.663816,225.971871,690.444354,491.696202,777.096782,307.99886730000003,281.765953,367.50219469999996,31.352973,82.19975,798.503424,828.736501,19.292557,0.0,0.0,312.394817,8.3e-05,88.37695,0.0063,648.128079,0.0,698.071791,362.029736,0.0,4.798737,360.842843,0.0,60.468,0.0,0.0,47.168568,474.498881
2022-01-14,132.102914,1625.967265,961.999728,93.171664,0.0,4081.4817066,35.285247999999996,722.4480470000001,390.56712300000004,326.052716,709.0554376,525.301319,756.494183,296.5387995,315.219337,343.4504935,29.937581,93.171664,893.376725,732.59054,25.681623,0.0,0.0,312.338323,0.0,80.335639,9.603625,635.947012,0.0,673.136376,410.109724,0.0,4.424138,313.781542,0.0,46.848,0.0,0.0,47.343137,462.285761
2022-01-15,132.659392,1630.148085,992.4783560000001,60.449169,0.0,3774.7838573,23.498914000000003,715.206652,369.515273,332.70553,636.5380657999999,549.179039,529.30497,238.4044198,302.07853,376.3937797,41.422242,60.449169,838.826089,791.321996,23.492996,0.0,0.0,321.23715,0.0,81.261456,0.005918,659.772826,0.0,667.641732,393.969502,0.0,4.141025,290.052031,0.0,38.041,0.0,0.0,47.256911,475.243321
2022-01-16,139.80554899999998,1627.713506,999.0259110000001,60.521997,0.0,3678.9751404,33.642078,705.775429,358.688249,332.115582,626.8796426,547.244457,434.092219,242.30849719999998,304.827848,392.3793516,32.909822,60.521997,806.852655,820.860851,25.622755,0.0,0.0,320.986132,0.0,88.253453,8.019323,666.910329,0.0,667.761947,384.789297,0.0,4.381771,287.760427,0.0,38.018,0.0,0.0,47.170325,463.481178
2022-01-17,145.299071,1653.653515,988.079326,98.569457,0.0,3868.1145632,24.967228000000002,746.688018,368.22543099999996,331.622918,647.9298226000001,525.140291,735.597317,251.340464,310.880201,362.6909766,39.712356,98.569457,928.854515,724.799,24.966837,0.0,0.0,312.363807,0.003424,93.241608,0.000391,656.456408,0.0,567.326882,434.324211,0.0,4.680493,287.805075,0.0,40.708,0.0,0.0,47.373546,467.208609
2022-01-18,139.794358,1628.199092,925.699233,82.174406,0.128048,3330.3566837999997,24.173934,713.8763779999999,339.15264,289.622075,635.7737523,382.134029,461.711166,225.2385264,252.021447,358.55736110000004,2.535943,82.174406,914.914524,713.284568,24.173934,0.0,0.0,312.432887,0.0,87.875941,0.0,636.077158,0.0,561.303644,401.443491,0.128048,4.645416,287.890697,0.0,48.726,0.0,0.0,47.273001,453.616758
2022-01-19,140.90986700000002,1627.5364180000001,862.806368,76.671566,0.0,3999.8424640000003,17.479005,731.8791060000001,324.969954,262.191218,678.9128309,530.157209,705.675516,280.5175653,314.770582,360.7351618,0.0,76.671566,883.704164,743.832254,17.479005,0.0,0.0,313.675895,0.0,88.709511,0.0,600.61515,0.0,657.856607,418.203211,0.0,4.727427,288.105954,0.0,36.864,0.0,0.0,47.472929,471.216992
2022-01-20,148.18302699999998,1628.619095,901.301972,76.540299,0.0,4125.7337384,22.513299,714.2168690000001,326.377438,303.93177,693.3232916000001,547.830949,784.564009,280.4156392,307.531855,368.5898316,0.0,76.540299,880.980787,747.638308,22.513299,0.0,0.0,307.86545,0.00056,96.075638,0.0,597.370202,0.0,668.71913,406.351419,0.0,4.926418,288.138438,0.0,38.239,0.0,0.0,47.180411,474.759033
2022-01-21,148.65469,1628.180097,925.803259,76.633283,0.0,4251.3171719,25.281306,706.87188,395.89997,328.136769,688.6741929,574.625958,864.644734,265.8003147,268.393423,387.0084953,0.0,76.633283,888.45325,739.726847,25.281306,0.0,0.0,307.870036,0.0,96.69273,0.0,597.66649,0.0,726.233965,399.001844,0.0,4.835713,353.89197,0.0,42.008,0.0,0.0,47.126247,475.936089
2022-01-22,149.787894,1627.618703,993.768928,60.243068,0.0,4220.0479276,24.865363,694.3634959999999,324.022727,331.966108,686.722053,583.824172,842.191356,293.2876088,238.108938,423.8965508,0.0,60.243068,927.260195,700.358508,24.865363,0.0,0.0,304.132071,0.0,98.0911,0.0,661.80282,0.0,675.936249,390.231425,0.0,4.548878,287.834727,0.0,36.188,0.0,0.0,47.147916,476.081
2022-01-23,150.234488,1627.790064,1004.3090520000001,38.363783,0.0,4106.186316,0.661704,676.184986,308.424303,331.242963,674.4672554,584.556267,812.675947,281.0422021,249.718748,413.4816085,0.0,38.363783,949.263912,678.526152,0.661704,0.0,0.0,301.767484,0.0,98.013884,0.0,673.066089,0.0,614.608157,374.417502,0.0,5.057278,288.837303,0.0,19.587,0.0,0.0,47.163326,475.636131
2022-01-24,142.903875,1627.737083,963.95349,98.979428,0.0,4219.1450982999995,14.388291,735.9342879999999,490.282357,321.536784,682.4104168,575.587125,860.227126,332.9272641,205.097644,393.2077594,0.0,98.979428,983.827753,643.90933,14.388291,0.0,0.0,307.516241,0.0,90.652922,0.0,642.416706,0.0,693.441374,428.418047,0.0,5.074022,445.872357,0.0,44.41,0.0,0.0,47.176931,476.246389
2022-01-25,162.690025,1654.343578,952.0173689999999,82.498693,0.0,4279.6813643000005,28.973599,724.864662,514.730403,321.397767,700.5492717000001,583.332733,867.166267,323.4637717,226.221944,395.5640959,0.0,82.498693,951.244295,703.099283,28.973599,0.0,0.0,299.525229,0.0,111.114265,0.0,630.619602,0.0,713.269478,425.339433,0.0,4.562811,454.093403,0.0,60.637,0.0,0.0,47.012949,470.113803
2022-01-26,140.913884,1653.284891,928.3983929999999,82.208045,0.0,4218.9514711,25.139043,676.055612,738.4922339999999,330.516221,681.8394433999999,573.315951,830.679073,311.9600037,275.635349,381.358929,0.0,82.208045,957.235133,696.049758,25.139043,0.0,0.0,248.851157,0.0,89.218819,0.0,597.882172,0.0,688.452964,427.204455,0.0,4.482659,604.001234,0.0,134.491,0.0,0.0,47.212406,475.709758
2022-01-27,150.019398,1653.268797,983.452088,82.260635,0.0,3911.6033991,29.880512,669.641633,676.839601,331.816634,724.3970106,506.208557,669.009722,259.2021665,238.565173,413.340947,76.73567,82.260635,929.811249,723.457548,29.880512,0.0,0.0,248.1728,0.0,98.315726,0.0,651.635454,0.0,628.062345,421.468833,0.0,4.481287,521.354931,0.0,78.749,0.0,0.0,47.222385,472.817478
2022-01-28,142.93413900000002,1654.359874,976.7018519999999,71.222855,0.0,3896.6464204,24.412691,668.68893,564.215988,332.131954,701.3464586,537.125489,644.869386,287.42382360000005,262.254273,360.8650032,42.90681,71.222855,883.814423,770.545451,24.412691,0.0,0.0,247.924325,0.0,91.47006,0.0,644.569898,0.0,627.98262,420.764605,0.0,4.38094,462.795178,0.0,58.514,0.0,0.0,47.083139,474.779367
2022-01-29,141.869224,1653.284334,980.2111199999999,49.299799,0.0,4081.4286372,25.254035,653.807414,521.0888930000001,319.514835,706.5971305,557.701991,812.556269,323.1189011,254.055226,378.66527060000004,3.557383,49.299799,925.075327,728.209007,25.254035,0.0,0.0,247.927326,0.0,90.863617,0.0,660.696285,0.0,596.50413,405.880088,0.0,3.978308,461.33751,0.0,56.194,0.0,0.0,47.027299,452.229719
2022-01-30,146.162811,1654.120433,1000.742014,49.182451,0.0,4107.8802152,25.363547,626.287065,514.034843,318.209029,686.7352892,557.763052,832.8244,313.6547817,286.119319,360.5676553,0.0,49.182451,886.670446,767.449987,25.363528,0.0,0.0,243.954527,0.0,94.869864,1.9e-05,682.532985,0.0,606.151835,382.332538,0.0,4.193349,457.767843,0.0,56.267,0.0,0.0,47.099598,464.063883
2022-01-31,193.620041,1653.081521,988.2076539999999,81.949916,0.0,2715.4732569,38.255001,625.552829,581.8577819999999,317.306788,699.4024566,568.418325,0.0,357.2411555,293.320521,319.7049318,0.0,81.949916,890.79317,762.288351,38.249209,0.0,0.000502,246.650005,40.295708,101.491734,0.005792,670.900866,0.0,0.0,378.902322,0.0,4.599115,513.784782,0.0,68.073,0.0,0.0,47.233484,477.385867
2022-02-01,373.50129899999996,1755.357915,981.729095,81.90783,0.0,4309.6484476,74.613941,744.05844,959.0491396399999,316.127342,701.3813818,581.806555,864.39717,311.0810758,285.889031,367.185906,79.861278,81.90783,894.607293,860.750622,44.658555,0.0,0.0,283.428807,119.343066,106.605228,29.955386,665.601753,0.0,721.551886,460.629633,0.0,4.689993,849.207874,0.0,29.97998764,0.0,0.0,142.863012,476.355442
2022-02-02,387.406616,1754.848894,948.3824520000001,81.961813,0.0,4264.8805996,80.250812,709.747649,794.76240636,327.75524,702.2663474,585.628372,857.832591,313.08371589999996,310.997848,339.0264783,79.093555,81.961813,917.033996,837.814898,49.977911,0.0,0.0,290.639447,123.984317,116.071035,30.272901,620.627212,0.0,679.173358,419.108202,0.0,4.634267,673.59786,0.0,42.07099136,0.0,0.0,142.716997,476.871889
2022-02-03,352.906421,1762.0759979999998,949.08485,82.13427,0.0,4302.8493639,73.284353,712.6167680000001,698.1245740999999,321.04024,702.4980501,574.227319,860.275513,322.4441574,284.96876,356.5482434,81.669093,82.13427,982.672841,779.403157,51.191078,0.0,0.0,289.103202,90.210554,115.324998,22.093275,628.04461,0.0,724.812002,423.513566,0.0,4.649477,571.921484,0.0,44.5339971,0.0,0.0,142.721392,477.075319
2022-02-04,339.89549200000005,1753.795435,953.515852,54.919376,0.0,4297.8626837,44.289729,718.1068909999999,693.68899267,322.850114,697.8606065,577.313764,847.228838,308.2339512,266.274865,394.50029,80.413336,54.919376,986.547392,767.248043,23.838684,0.0,0.0,294.378544,93.252677,99.828651,20.451045,630.665738,0.0,729.570452,423.728347,0.0,4.304432,574.209657,0.0,39.065999670000004,0.0,0.0,142.509732,476.879917
2022-02-05,336.565702,1759.379618,1010.9909460000001,10.954993,0.0,4244.8717428,32.22156,692.226453,777.62642143,322.673149,717.9137452,587.142129,805.652111,281.514656,259.402888,406.8775486,80.049329,10.954993,984.238924,775.140694,18.869108,0.0,0.0,270.551656,100.117605,89.85002,13.352452,688.317797,0.0,709.090712,421.674797,0.0,3.895007,646.545052,0.0,51.03204043,0.0,0.0,142.70307,477.277953
2022-02-06,336.636481,1755.752779,1016.191071,0.0,0.0,4257.2825016,19.9939,687.850843,803.58211706,322.236508,717.8397243,583.262019,825.998698,280.9386935,259.040521,407.0292398,79.642151,0.0,1027.835974,727.916805,19.987837,0.0,0.0,269.824399,100.522435,89.425941,0.006063,693.954563,0.0,706.081537,418.026444,0.0,3.946147,675.994954,0.0,47.94501206,0.0,0.0,142.741958,477.092069
2022-02-07,358.720328,1755.942045,1018.4806000000001,0.0,0.0,4214.2694707,31.249252,698.524383,865.0619655700001,327.478495,689.4055702999999,587.063356,802.212471,269.1460546,310.264105,382.0418938,80.343145,0.0,984.352324,771.589721,23.487136,0.0,0.0,287.163672,102.045334,109.591117,7.762116,691.002105,0.0,696.067706,411.360711,0.0,4.204874,738.785839,0.0,45.93298157,0.0,0.0,142.879003,478.068314
2022-02-08,283.892977,1753.019297,1001.98792,0.0,0.0,4173.1489955,25.89634,702.449386,739.9668252399999,327.753241,691.0929818999999,597.885227,811.98551,329.5329095,221.725146,414.9990361,82.01924,0.0,984.399881,768.619416,23.883236,0.0,0.0,283.568806,16.019461,120.998728,2.013104,674.234679,0.0,627.745774,418.88058,0.0,4.15517,605.119605,0.0,52.82798024,0.0,0.0,142.719618,478.182411
2022-02-09,375.948924,1757.100176,1012.0119,0.0,0.0,4070.9413132,24.184644,688.838575,673.46526865,327.270513,732.0560337999999,582.210047,704.620842,297.8318645,290.013061,358.64707289999996,80.464829,0.0,948.508997,808.591179,22.060533,0.0,0.0,277.02425,111.407382,117.964835,2.124111,684.741387,0.0,627.489231,411.814325,0.0,3.829641,541.933417,0.0,51.06702265,0.0,0.0,142.747066,478.073161
2022-02-10,341.58522,1715.3133630000002,1008.6888200000001,0.0,0.0,4075.1939668,32.060225,712.335996,456.68784527,321.825323,737.9956471,582.517624,693.192408,313.1021581,220.55903,397.3886716,81.803755,0.0,903.165733,812.14763,19.859294,0.0,0.0,298.345802,83.681264,111.635381,12.200931,686.863497,0.0,651.912881,413.990194,0.0,3.580831,326.396128,0.0,48.487962270000004,0.0,0.0,142.687744,478.525547
2022-02-11,349.364074,1713.186152,1008.9607349999999,0.0,0.0,4107.4831536,37.091844,687.1169279999999,426.51321075999994,321.227024,722.6360389,540.260857,786.005242,265.4868148,311.178493,362.51777489999995,84.115015,0.0,909.640043,803.546109,24.81758,0.0,0.0,291.842723,95.800848,106.927374,12.274264,687.733711,0.0,642.384214,395.274205,0.0,3.799231,290.329192,0.0,52.06900376,0.0,0.0,142.836621,477.013719
2022-02-12,347.696107,1713.2864920000002,1013.1497420000001,0.0,0.0,4113.6616033,34.467318,682.5277100000001,422.09771563,321.407041,723.3315295,575.714241,742.934597,317.7292251,298.799928,344.4735067,82.726111,0.0,880.367156,832.919336,18.449077,0.0,0.0,291.900344,90.472358,110.681946,16.018241,691.742701,0.0,633.329454,390.627366,0.0,3.677917,289.120596,0.0,50.25100863,0.0,0.0,142.863886,477.349122
2022-02-13,336.60105699999997,1712.784107,1015.134703,0.0,0.0,4131.0043721,47.160937000000004,697.2761330000001,418.30435579999994,321.356294,739.0240946,570.077335,753.475252,286.17583160000004,284.41926,371.1316119,80.489791,0.0,864.600435,848.183672,18.565093,0.0,0.0,303.465839,90.38785,99.525894,28.595844,693.778409,0.0,649.049287,393.810294,0.0,3.82088,289.843571,0.0,47.970993799999995,0.0,0.0,142.866433,477.6517
2022-02-14,346.644541,1724.687879,1005.845023,0.0,0.0,4132.6216854,51.532718,726.7402569999999,525.38526458,321.565931,741.5151319,566.64016,764.535801,335.18843710000004,267.17581,326.15916339999995,80.134063,0.0,889.735373,834.952506,21.555945,0.0,0.0,303.75343,90.544514,109.365424,29.976773,684.279092,0.0,653.55921,422.986827,0.0,3.978401,394.549185,0.0,50.70201658,0.0,0.0,142.756202,477.847972
2022-02-15,357.398139,1755.7769990000002,997.7191399999999,0.0,0.0,4147.5268041,25.547707000000003,774.489894,614.93381492,321.249665,716.4971341,564.450367,781.723814,324.7973273,287.793663,340.7789947,79.69502,0.0,971.884482,783.892517,20.677921,0.0,10.481263,340.634318,91.002702,119.29238,4.869786,676.469475,0.0,653.232735,423.374313,0.0,3.763775,485.084803,0.0,50.15399192,0.0,0.0,143.339282,478.252769
2022-02-16,358.026068,1643.080715,990.1775240000001,0.0,0.0,4129.800634499999,14.751379,782.712804,419.08057419,321.193523,713.4308634,585.398097,777.522984,351.42608939999997,294.496167,287.69484869999997,81.947007,0.0,872.149377,770.931338,14.746197,0.0,10.441357,333.236175,90.514559,122.082449,0.005182,668.984001,0.0,641.486999,439.035272,0.0,3.506333,290.646559,0.0,46.48700819,0.0,0.0,141.922727,478.344586
2022-02-17,320.663995,1643.05903,983.688654,55.140505,0.0,4206.5231853000005,19.115375,772.52162,391.29403211,321.381963,694.3215895,587.256583,859.211562,296.529986,305.702989,269.26484880000004,77.865479,55.140505,865.939053,777.119977,19.11014,0.0,10.467381,335.976998,89.669284,98.791762,0.005235,662.306691,0.0,716.414538,426.077241,0.0,3.651983,263.720565,0.0,49.70798811,0.0,0.0,128.550966,477.821089
2022-02-18,324.26991,1700.404941,999.647723,82.439407,0.0,3979.1479646,25.495658000000002,734.394311,381.9034370300001,321.344701,665.6009561000001,515.802896,741.807636,324.8375198,305.870788,233.95353369999998,70.966263,82.439407,876.665723,823.739218,25.490238,0.0,10.470366,334.123821,90.561859,87.315636,0.00542,678.303022,0.0,713.408641,389.800124,0.0,3.669467,263.618213,0.0,47.318961030000004,0.0,0.0,142.722948,477.865994
2022-02-19,331.129195,1643.211984,999.518358,66.278561,0.0,4048.1656304000003,39.021702,718.652331,358.33432538,321.597066,653.9910629,493.421783,800.775106,338.4325063,296.394964,274.9624452,72.265922,66.278561,824.510803,818.701181,19.471842,0.0,10.4326,332.486468,91.038239,93.868262,19.54986,677.921292,0.0,719.870621,375.733263,0.0,3.455277,239.234393,0.0,46.83401038,0.0,0.0,142.767417,470.317142
2022-02-20,354.754842,1643.0736080000001,1011.2297940000001,66.202815,0.0,4276.7551242,38.805274,722.5632390000001,363.1124097,322.242943,690.4138222,587.965316,855.715708,334.76020839999995,293.325867,264.9074346,73.380217,66.202815,823.047824,820.025784,19.539339,0.0,10.472051,333.306458,90.628867,117.924517,19.265935,688.986851,0.0,773.449932,378.78473,0.0,3.552533,241.340207,0.0,48.391985700000006,0.0,0.0,142.648925,476.216836
2022-02-21,326.03223,1643.538503,996.485087,76.747407,0.0,4256.7029191,24.569406,729.7199250000001,387.18753233,321.976501,684.1413885,587.385989,848.265827,329.0243803,293.690612,295.2147643,77.642885,76.747407,838.273937,805.264566,19.90325,0.0,10.464489,334.637264,90.62736,88.787882,4.666156,674.508586,0.0,740.4678,384.618172,0.0,3.770169,263.230632,0.0,46.31401533,0.0,0.0,142.846819,478.512158
2022-02-22,328.273419,1697.3487089999999,996.715256,76.73224,0.0,4210.056742,24.102819,733.947394,394.03511764,318.506652,683.977896,588.332856,853.706074,321.11161389999995,292.920391,287.6561921,78.834803,76.73224,858.366552,838.982157,24.09751,0.0,10.454387,333.682633,90.353607,91.032306,0.005309,678.208604,0.0,704.275677,389.810374,0.0,4.310677,267.732318,0.0,47.46799664,0.0,0.0,142.576829,478.076042
2022-02-23,331.653758,1761.340534,987.766937,76.627868,0.0,4242.7327029,58.093565,747.768771,476.57047063,318.98621,718.4435079,587.986419,854.684493,286.34443639999995,311.919508,298.1204976,80.201466,76.627868,914.878722,846.461812,33.096338,0.0,10.453067,332.13116,90.652343,94.100374,24.997227,668.780727,0.0,707.278397,405.184544,0.0,4.339416,371.809009,0.0,24.55999563,0.0,0.0,142.561625,477.955444
2022-02-24,387.28024800000003,1753.9320320000002,987.41886,76.702469,0.0,4233.0021128,44.889322,810.755363,731.19423936,319.5084,709.0789639,586.177366,847.928829,310.3615585,307.999108,291.84387139999995,79.723022,76.702469,897.304573,856.627459,44.883383,0.0,10.455878,333.511077,93.625346,147.291221,0.005939,667.91046,0.0,701.643069,466.788408,0.0,3.759522,631.228214,0.0,20.24300336,0.0,0.0,142.604159,477.969347
2022-02-25,423.355448,1751.8767429999998,985.6292579999999,76.68581,0.0,4218.8315757,78.013108531,832.915848,991.5925279999999,319.541995,711.1152306,579.128355,854.021931,383.1687217,294.610153,229.86402040000002,95.772605,76.68581,1004.579489,747.297254,71.570868,0.0,10.451294,333.092832,127.850454,149.280059,0.005696,666.087263,0.0,688.445778,489.371722,0.0,3.485416,850.543923,0.0,45.276,0.0,6.436544531,142.739519,478.477386
2022-02-26,581.4863909999999,1762.731313,995.937784,65.825305,0.0,4102.2621159,56.552092005000006,847.731295,1054.347863,319.760197,705.3109232999999,581.85496,778.472901,353.6497415,298.550773,252.4335711,98.532035,65.825305,1052.970773,709.76054,34.269212,0.0,10.462741,332.220366,265.594504,169.985326,15.637892,676.177587,0.0,653.750343,505.048188,0.0,3.235032,849.344828,0.0,106.471,0.0,6.644988005,142.671529,478.238903
2022-02-27,495.430154,1754.1159189999998,991.968452,65.756663,0.0,4123.1258598,61.303326349,831.953108,1051.512134,319.459427,705.6768891,584.340764,793.783978,353.2590482,297.64843,257.4547545,101.163693,65.756663,1014.466732,739.649187,29.848876,0.0,10.442859,329.373055,170.539501,178.466741,24.962622,672.509025,0.0,653.01014,492.137194,0.0,3.731194,851.591441,0.0,98.757,0.0,6.491828349,142.692718,477.951856
2022-02-28,485.545207,1755.520642,980.509073,76.970419,0.0,4244.2118822,66.809874984,854.7894630000001,1014.028386,319.37111,693.8020867,588.083836,858.706929,320.12285410000004,309.550857,295.2044764,99.282988,76.970419,980.034658,775.485984,40.051048,0.0,10.45459,328.165315,171.833267,166.751484,20.327277,661.137963,0.0,700.786954,516.169558,0.0,4.322263,851.757398,0.0,62.988,0.0,6.431549984,142.638193,477.953889
2022-03-01,645.072512,1747.103041,962.423865,65.794161,0.0,4245.6050477,58.322153229,865.330821,1007.7038240799999,319.590495,693.2602962000001,587.959084,858.054927,340.4794091,315.943933,274.4085444,84.907547,65.794161,959.751069,787.351972,49.345984,0.0,10.470455,333.488872,343.9407,154.059778,0.00479,642.83337,0.0,697.328139,521.371494,0.0,4.149128,883.533024,0.0,39.26325308,0.0,8.971379229,142.922906,478.170715
2022-03-02,665.1716140000001,1757.037667,965.7423689999999,76.86738,0.0,4235.7766783,77.75429645300001,770.214074,991.63827334,319.610865,712.1393664,585.985019,868.643163,384.2057886,287.401121,251.0790163,84.678146,76.86738,1034.608188,722.429479,68.646837,0.0,10.461181,332.179938,355.686926,162.576866,0.004701,646.131504,0.0,668.004718,427.572955,0.0,4.102628,881.415125,0.0,25.54500234,0.0,9.102758453,142.805194,478.318486
2022-03-03,711.259906,1704.938799,966.833224,76.829832,0.0,4225.3835852,81.169464633,772.721761,1007.24215253,319.484836,723.0476083,588.094102,867.137729,415.58806519999996,298.353488,195.60190369999998,86.73529,76.829832,1007.834658,697.104141,72.059144,0.0,10.466507,335.487377,395.804068,168.329158,0.004807,647.348388,0.0,659.434511,426.767877,0.0,4.261816,881.251883,0.0,39.25497953,0.0,9.105513633,142.864864,478.126178
2022-03-04,674.458376,1797.9110919999998,967.367626,76.708713,0.0,4166.3557288,88.61712078900001,774.010577,1007.36172176,318.98718,720.1439382000001,566.367545,864.092816,333.6279993,300.391179,281.0041393,87.445937,76.708713,995.194671,802.716421,79.558693,0.0,20.900306,330.009197,362.97441,164.341674,0.005315,648.380446,0.0,622.59957,423.101074,0.0,4.143402,878.248807,0.0,41.666977759999995,0.0,9.053112789,142.99889,478.128542
2022-03-05,709.5507,1767.760937,980.471747,43.929125,0.0,4061.2870755,99.325535487,774.023066,1018.3849326799999,319.016966,715.4981144,485.364189,867.686116,354.410798,290.948458,262.6241591,83.113901,43.929125,973.583293,794.177644,76.795164,0.0,20.909225,330.190769,387.616284,174.948585,13.380718,661.454781,0.0,607.615897,422.923072,0.0,4.033285,893.58105,0.0,41.68998168,0.0,9.149653487,142.952546,477.139344
2022-03-06,687.744787,1753.6894969999998,994.6157599999999,32.966013,0.0,4152.269604900001,92.168422229,777.5441820000001,1010.76700652,319.054772,711.627259,514.583624,863.767888,352.9030636,291.040064,266.98303930000003,83.152503,32.966013,946.986351,806.703146,78.190732,0.0,20.907443,330.065506,367.717497,173.201081,5.021494,675.560988,0.0,673.285111,426.571233,0.0,3.867616,885.826511,0.0,41.78799252,0.0,8.956196229,142.958593,478.079556
2022-03-07,687.307766,1758.951238,962.358831,60.216664,0.0,4146.499390200001,108.025480188,768.881104,1014.56369587,318.938159,717.4596882000001,525.782714,853.889921,341.97823339999997,289.464478,286.7214146,88.686276,60.216664,960.047212,798.904026,85.982398,0.0,10.46958,330.009113,373.059891,166.936425,12.911534,643.420672,0.0,652.664244,428.402411,0.0,4.153904,884.094434,0.0,41.78298587,0.0,9.131548188,143.157546,478.538697
2022-03-08,697.438552,1755.499921,992.909873,43.845607,0.0,4091.1352719,104.22535162,770.4355889999999,1010.7934771399999,318.697908,717.5173599,548.390472,842.877883,346.71281319999997,289.907309,287.7925948,88.164134,43.845607,997.360211,758.13971,95.092342,0.0,10.455253,330.605373,373.860631,175.237349,0.005492,674.211965,0.0,583.020534,429.374963,0.0,4.237473,880.890376,0.0,41.73896714,0.0,9.127517619999999,144.103099,474.916306
2022-03-09,694.300089,1755.798247,991.0334379999999,16.533335,0.0,4000.4364066999997,112.91565506799999,777.334923,1016.84410018,318.88074,720.7582589,528.652895,812.849461,366.27429639999997,277.263265,293.25590339999997,89.604567,16.533335,1021.519018,734.279229,88.825908,0.0,10.457072,333.462982,368.002214,177.770933,15.041412,672.152698,0.0,524.643208,433.414869,0.0,4.542985,885.529523,0.0,41.71001018,0.0,9.048335068,143.983957,476.739119
2022-03-10,687.07741,1753.8565210000002,993.2923169999999,16.508176,0.0,4047.8456488,99.51766113299999,778.691791,1014.29760956,316.586435,728.4393412000001,528.80721,821.314862,360.95027810000005,320.000669,242.1315585,88.464432,16.508176,1006.978148,746.878373,75.784881,0.0,10.4584,335.939711,381.430234,156.940466,14.637986,676.705882,0.0,566.860474,432.29368,0.0,4.668086,884.103177,0.0,41.73000056,0.0,9.094794132999999,144.038624,479.341256
2022-03-11,709.0116370000001,1759.4275189999998,989.471396,16.475804,0.0,4077.9755030999995,98.04373967400001,774.235462,1016.7289812900001,315.985722,729.8914914,576.329625,796.781372,432.5412225,322.404275,171.9024672,90.173579,16.475804,1003.745223,755.682296,74.683394,0.0,0.0,339.228371,402.042649,158.431734,14.277158,673.485674,0.0,578.077831,435.007091,0.0,4.429121,882.895391,0.0,43.66001129,0.0,9.083187674000001,144.108133,470.047219
2022-03-12,707.490071,1751.802696,996.0495490000001,16.532291,0.0,4077.3390826,92.98733042399999,769.601316,1008.9231583499999,316.593722,721.6697837,580.756109,815.664773,364.56692960000004,306.802396,245.70993430000001,83.744523,16.532291,1004.364657,747.438039,70.495533,0.0,0.0,339.725183,391.009685,168.396368,13.409564,679.455827,0.0,572.941238,429.876133,0.0,3.892645,883.438637,0.0,41.73999835,0.0,9.082233424,144.191373,469.227919
2022-03-13,713.507061,1753.39139,1012.4928560000001,16.545051,0.0,4058.0254384,67.48522920799999,761.7118579999999,1011.5235758199999,321.078093,715.440056,585.259466,804.909038,366.5018023,304.125404,253.7787151,86.947586,16.545051,1004.533909,748.857481,41.613634,0.0,0.0,334.418103,386.425839,179.18842,16.726965,691.414763,0.0,553.301121,427.293755,0.0,3.583121,882.856013,0.0,41.71997682,0.0,9.144630208,144.309681,474.709836
2022-03-14,708.575474,1760.384267,999.0785350000001,10.969178,0.0,4023.8364098,88.36828408299999,781.159883,1013.08264795,320.5586,720.4381554,550.229496,810.223723,359.102328,306.689185,262.8310874,88.17263,10.969178,1002.294468,758.089799,50.919988,0.0,10.457479,344.238277,381.531483,178.638825,28.463079,678.519935,0.0,546.45086,426.464127,0.0,3.936215,883.115045,0.0,41.79497295,0.0,8.985217083,144.468951,467.871575
2022-03-15,443.832405,1753.78393,998.52074,11.143076,0.0,4067.1405093000003,87.29035933099999,791.601016,954.4855665800001,321.069837,687.27382,493.202755,839.881107,371.5572092,321.177843,257.9338341,86.885966,11.143076,964.936673,788.847257,46.573806,0.0,10.457113,355.599587,130.163669,165.87244,31.628966,677.450903,0.0,621.503058,425.544316,0.0,3.429857,825.798597,0.0,41.80100358,0.0,9.087587331,144.366439,474.610883
2022-03-16,392.584067,1617.922348,992.608619,33.017916,0.0,3933.41565,85.21807537800001,800.4626780000001,860.34014914,320.222035,705.6620489,439.800632,780.741687,545.0923603,185.3428,188.8401368,90.952289,33.017916,874.021138,743.90121,44.640969,0.0,10.465085,369.261674,89.015415,155.613505,31.320039,672.386584,0.0,614.409066,420.735919,0.0,3.562313,727.454874,0.0,41.932986140000004,0.0,9.257067378,144.392834,473.526919
2022-03-17,385.990007,1498.321481,994.8136730000001,49.445359,0.0,3896.141813,97.14043995,798.642497,851.24135366,319.86957,709.4864438,565.606067,652.435409,482.5194309,290.038591,158.45380730000002,85.661878,49.445359,685.035604,813.285877,44.889546,0.0,10.52947,369.223019,81.264475,156.700107,32.135318,674.944103,0.0,576.058603,418.890008,0.0,3.719493,723.615458,0.0,41.964017659999996,0.0,20.11557595,144.305932,461.543461
2022-03-18,385.375055,1373.858035,988.719417,88.140214,0.0,3922.3328273,112.17416685,788.242501,980.4580777799999,317.940931,704.3114239,585.739445,686.451324,465.32597880000003,306.671826,182.4263566,87.383561,88.140214,636.929161,736.928874,44.481091,0.0,10.454749,352.187505,85.251989,151.909988,49.862567,670.778486,0.0,513.613387,425.600247,0.0,3.727402,851.270547,0.0,41.80396978,0.0,17.83050885,144.485676,477.793086
2022-03-19,393.494779,1378.779112,999.052257,49.798477,0.0,4022.9893578,106.66446176,763.0327090000001,979.09509437,317.624522,737.6396696,588.022537,836.970826,418.1793063,299.191419,233.7852049,83.826646,49.798477,659.96715,718.811962,38.937141,0.0,10.450213,333.371285,86.29432,159.429193,53.264792,681.427735,0.0,460.472637,419.211211,0.0,3.296704,848.59549,0.0,46.672958369999996,0.0,14.46252876,144.474562,448.727758
2022-03-20,395.32320200000004,1378.441222,999.585143,49.608858,0.0,4049.8751730999998,103.99038131,763.816869,977.88971231,319.091443,722.1229367999999,587.712545,860.071303,406.3118034,294.664296,249.2350769,84.084755,49.608858,665.148789,713.292433,37.407359,0.0,10.449941,333.63542,89.424365,157.87225,51.956246,680.4937,0.0,463.459598,419.731508,0.0,3.152224,847.13904,0.0,46.665917310000005,0.0,14.62677631,144.874363,466.297614
2022-03-21,392.994558,1454.094462,990.6146570000001,77.084794,0.0,3994.2218839,111.60770896,767.033848,1001.61229716,319.460657,725.3934321,581.360738,818.826336,397.42860110000004,296.023875,258.2053967,78.995153,77.084794,722.146916,731.947546,40.74325,0.0,10.453884,333.209181,86.267771,158.703852,56.677244,671.154,0.0,443.404619,423.370783,0.0,3.164807,876.03114,0.0,46.586004159999995,0.0,14.18721496,144.858128,473.578886
2022-03-22,402.502508,1575.0271619999999,986.5048059999999,88.165667,0.0,3753.7178426,105.70296845,768.237439,1011.8493988299999,319.541404,709.4666235,544.248022,616.941009,394.0740492,306.231432,267.3797039,85.008801,88.165667,810.637215,764.389947,38.876089,0.0,10.453975,333.450389,97.112017,157.522379,52.303702,666.963402,0.0,439.80777,424.333075,0.0,2.970663,880.222612,0.0,46.617985829999995,0.0,14.523177449999999,144.897449,475.569233
2022-03-23,400.68931599999996,1566.084404,980.5366300000001,77.356353,0.0,3810.4550523999997,112.89472394,769.627043,980.4474543599999,319.23751,710.8444532999999,566.303853,682.539938,403.7699971,293.254601,248.7842,82.498934,77.356353,812.839705,753.244699,41.109648,0.0,10.468171,334.622731,95.068318,157.807269,57.229375,661.29912,0.0,438.484616,424.536141,0.0,2.795075,851.340552,0.0,46.60796836,0.0,14.55570094,145.018654,466.473394
2022-03-24,395.716986,1681.640794,987.0098169999999,77.416639,0.0,3994.6925198,119.66957796,764.775001,960.96527546,319.435011,724.1683458,588.082313,766.731084,426.1980272,287.5197,237.5554748,80.794815,77.416639,906.615984,775.02481,51.004633,0.0,10.457708,334.994524,92.834861,154.95886,54.743678,667.574806,0.0,487.845153,419.322769,0.0,2.885976,833.576441,0.0,46.59401946,0.0,13.92126696,145.037289,476.592422
2022-03-25,391.075406,1761.093477,998.8887070000001,77.298668,0.0,3997.0996059,111.37445636,755.3167559999999,961.6605797699999,320.058791,721.3197203999999,582.473657,791.906493,579.6826335,264.037941,112.847479,79.052316,77.298668,1014.839452,746.254025,50.320989,0.0,10.450802,333.077188,89.402657,154.139357,50.066441,678.829916,0.0,466.870963,411.788766,0.0,2.480807,836.519293,0.0,46.08897077,0.0,10.98702636,145.052585,477.960719
2022-03-26,385.828554,1681.0762479999999,844.542688,49.833013,0.0,3801.4294417,100.20268379,719.991774,1008.6091910900001,307.208873,676.5646,560.271334,784.64617,518.8781822,147.052771,255.6208835,85.088309,49.833013,913.934892,767.141356,47.924541,0.0,10.459985,321.589634,87.174431,157.088727,38.432669,537.333815,0.0,400.42537,387.942155,0.0,2.583585,878.837874,0.0,44.68300809,0.0,13.84547379,138.981811,457.970131
2022-03-27,400.117837,1760.86103,842.798925,49.869583,0.0,3547.6701243999996,105.59810822,705.236148,1012.7855348799999,319.501823,727.9138108999999,585.780047,817.054804,492.9472951,278.5276,190.51801740000002,84.487034,49.869583,961.37398,799.48705,49.645065,0.0,10.366474,333.497383,88.930502,163.101707,40.597664,523.297102,0.0,0.0,361.372291,0.0,2.87786,881.759522,0.0,46.53897888,0.0,15.355379220000001,145.207768,454.92855
2022-03-28,402.073547,1761.0225420000002,969.942902,71.893026,0.0,3955.2592458999998,104.07634838,745.740418,1015.10029916,319.094424,740.7752945,565.703594,826.368327,457.2872946,230.683174,245.5158378,86.15453,71.893026,953.197985,807.824557,44.413132,0.0,10.39141,333.152406,88.031077,166.431958,43.458667,650.848478,0.0,410.842138,402.196602,0.0,2.722566,882.361947,0.0,46.58382216,0.0,16.20454938,144.887946,478.083586
2022-03-29,433.66920700000003,1760.6163999999999,978.0729299999999,93.821976,0.0,3171.2120541,136.16453472,756.7561929999999,1014.24170915,316.712724,731.9403853,571.938685,0.0,423.5050805,290.069713,252.6138893,80.675788,93.821976,981.338784,779.277616,65.223132,0.0,10.406908,332.749888,108.097599,177.683127,52.452917,661.360206,0.0,436.506984,413.599397,0.0,3.004492,884.071918,0.0,49.49400315,0.0,18.48848572,144.883989,464.637317
2022-03-30,583.70944,1756.310639,989.241863,93.859879,0.0,5155.6422079,152.02844617,755.014838,1008.67008641,317.162235,722.8452792,556.276607,1560.039062,402.4034265,299.149646,256.2324662,79.156035,93.859879,966.635879,789.67476,90.438804,0.0,10.468005,333.024475,238.685703,196.682886,44.850105,672.079628,0.0,880.679402,411.522358,0.0,3.445823,882.481019,0.0,47.03303241,0.0,16.73953717,144.895028,478.016319
2022-03-31,619.159268,1755.081324,1004.44308,104.948712,0.0,2719.3705221,127.61011371000001,745.619736,1011.43368228,318.10124,723.386868,572.349329,0.0,440.3124049,286.170682,230.5423712,83.928854,104.948712,947.839229,807.242095,91.470011,0.0,10.329855,333.292404,279.880913,195.208468,22.696445,686.34184,0.0,0.0,401.997477,0.0,3.584862,883.552791,0.0,43.95203728,0.0,13.44365771,140.485025,466.608867
2022-04-01,306.343341,1750.962748,987.3672449999999,132.224235,0.0,4036.7970917000002,44.896513,672.1004439999999,1066.813122,316.162664,728.4574816,533.779408,853.896302,240.1100612,315.789767,410.29776189999995,107.094799,132.224235,931.859496,819.103252,44.891908,0.0,0.0,333.326736,117.449829,82.59889,0.004605,671.204581,0.0,494.840679,338.773708,0.0,3.899919,959.718323,0.0,0.0,0.0,0.0,102.394703,459.625631
2022-04-02,399.525762,1761.387546,992.251825,99.244717,0.0,4108.7642839,20.146789,662.502569,1080.426959,315.36833,724.9024071,570.747674,865.52112,271.46538,308.978283,403.8758968,110.812805,99.244717,948.705644,812.681902,20.14231,0.0,0.0,333.863467,206.080526,86.296704,0.004479,676.883495,0.0,515.344517,328.639102,0.0,3.61354,969.614154,0.0,0.0,0.0,0.0,103.534992,447.929006
2022-04-03,425.427865,1756.009288,989.460806,99.293374,0.0,4105.585309,17.977196,685.523591,1078.85771,315.249068,739.2541696000001,569.618695,856.311923,241.2621394,313.931618,423.450174,111.46373,99.293374,939.302329,816.706959,17.97282,0.0,0.0,333.485903,233.334643,85.207358,0.004376,674.211738,0.0,523.484548,352.037688,0.0,3.492839,967.39398,0.0,0.0,0.0,0.0,103.393025,438.272042
2022-04-04,423.594787,1755.812704,980.53906,132.426759,0.0,4041.3782822000003,20.28855,726.043017,1076.756758,314.762697,725.4189946,581.144409,826.879388,228.6406179,310.017399,414.7804757,108.381404,132.426759,946.149489,809.663215,20.284441,0.0,0.0,333.444492,231.574364,84.244077,0.004109,665.776363,0.0,479.986104,392.598525,0.0,3.851335,968.375354,0.0,0.0,0.0,0.0,103.925011,474.510894
2022-04-05,383.567613,1762.232667,983.218388,132.091321,0.0,4040.7349515,22.610823999999997,721.022316,1076.8392020000001,314.638253,731.8641771,583.609317,822.185597,244.6170147,325.154833,386.8549767,109.308193,132.091321,938.07468,824.157987,22.605942,0.0,0.0,333.701036,193.073795,83.171289,0.004882,668.580135,0.0,471.739664,387.32128,0.0,3.924803,967.531009,0.0,0.0,0.0,0.0,103.397726,474.709372
2022-04-06,370.730869,1755.676618,986.747022,109.736957,0.0,3989.1888252,20.180623,678.632118,1077.954688,313.622641,738.8520758999999,583.691303,759.827608,252.439872,306.950313,406.6662053,108.697044,109.736957,916.238681,839.437937,20.176108,0.0,0.0,333.348027,179.960279,83.939792,0.004515,673.124381,0.0,464.796126,345.284091,0.0,3.54532,969.257644,0.0,0.0,0.0,0.0,103.285478,475.965322
2022-04-07,334.403684,1752.486166,998.32194,93.150018,0.0,3964.2173818,12.290749,689.264222,1043.6802630000002,329.428451,732.4217607,579.260884,730.444588,317.9741323,319.651021,332.1329528,105.368859,93.150018,929.259204,823.226962,12.286327,0.0,0.0,366.621561,146.192723,82.254657,0.004422,668.893489,0.0,475.806362,322.642661,0.0,2.646775,938.311404,0.0,0.0,0.0,0.0,103.309529,476.525681
2022-04-08,277.16684,1754.490132,1004.3002590000001,82.43269,0.0,3962.2903971,10.623031999999998,678.9350770000001,893.113747,336.528435,752.1148635,583.656626,753.169889,312.30808160000004,320.85683,329.075026,107.423611,82.43269,893.412198,861.077934,10.618773,0.0,0.0,366.514628,91.509703,79.461486,0.004259,667.771824,0.0,435.475109,312.420449,0.0,2.868901,785.690136,0.0,0.0,0.0,0.0,103.32675,475.633972
2022-04-09,275.894123,1755.910254,1009.816799,44.037743,0.0,3936.3728323,13.657371999999999,664.370256,770.262141,338.222311,745.2519855,581.162388,763.12767,281.002145,309.016655,379.9184918,109.255528,44.037743,881.475001,874.435253,13.653334,0.0,0.0,366.742068,91.452812,78.314536,0.004038,671.594488,0.0,400.746072,297.628188,0.0,2.847579,661.006613,0.0,0.0,0.0,0.0,103.279196,476.147425
2022-04-10,278.191375,1754.426524,965.643246,54.941726,0.0,3889.1052224,12.52807,663.542586,781.7604719999999,289.326557,740.6349149,581.779014,700.766601,293.4911291,298.71353,375.6598544,109.70755,54.941726,881.159896,873.266628,12.523899,0.0,0.0,366.895489,93.04594,78.834709,0.004171,676.316689,0.0,421.927537,296.647097,0.0,3.014067,672.052922,0.0,0.0,0.0,0.0,103.296659,476.132642
2022-04-11,279.342966,1763.68592,948.296542,87.550956,0.0,3930.5191163,12.452061,721.7168200000001,932.628282,275.709536,747.5266038,583.732171,643.297874,292.85855360000005,312.271024,359.1440229,108.888142,87.550956,882.615645,881.070275,12.448128,0.0,0.0,341.894693,93.896205,79.07331,0.003933,672.587006,0.0,515.598384,379.822127,0.0,3.209613,823.74014,0.0,0.0,0.0,0.0,103.163838,476.090483
2022-04-12,279.167319,1756.23949,983.4988129999999,87.637893,0.0,4059.4906134000003,12.192407,719.679889,713.545302,313.811294,743.2046507,583.511275,701.773007,274.4281558,305.131662,386.12842589999997,108.082364,87.637893,881.900982,874.338508,12.188848,0.0,0.0,341.723148,91.440892,81.613137,0.003559,669.687519,0.0,589.569068,377.956741,0.0,3.01511,605.462938,0.0,0.0,0.0,0.0,103.09818,475.744369
2022-04-13,280.73285,1755.4370589999999,979.0205269999999,87.442377,0.0,3994.1150407,9.125252999999999,714.629246,623.750374,313.694421,742.6409615,583.555006,617.774822,270.29857680000003,299.861264,388.8236154,106.116621,87.442377,885.553575,869.883484,9.121982,0.0,0.0,341.693855,94.287279,80.47781,0.003271,665.326106,0.0,614.953203,372.935391,0.0,2.820475,517.633753,0.0,0.0,0.0,0.0,103.147286,476.207592
2022-04-14,275.184664,1755.936542,981.0691610000001,76.588196,0.0,4147.5850076,10.755493,670.019219,787.9928476,313.785364,746.5665743999999,584.082866,749.974364,432.6644865,276.773691,255.3163017,106.848788,76.588196,919.838702,836.09784,10.752151,0.0,0.0,341.784186,93.634008,76.062208,0.003342,667.283797,0.0,626.565755,328.235033,0.0,2.387137,675.25006,0.0,5.8939996,0.0,0.0,103.101311,475.640969
2022-04-15,277.748844,1754.904296,978.1198179999999,87.559425,0.0,4169.325664,9.892216,680.168334,671.0867503400001,305.48062,737.4578901,583.347587,756.358069,430.9659408,290.663887,252.4009451,107.627376,87.559425,899.733489,855.170807,9.888323,0.0,0.0,366.444954,97.596122,74.238263,0.003893,672.639198,0.0,641.418151,313.72338,0.0,2.675836,559.521371,0.0,3.93800334,0.0,0.0,103.238623,476.713194
2022-04-16,279.598927,1755.926512,962.202709,60.369145,0.0,4144.2885393,9.229939,656.076676,531.2264063,298.817727,723.4800649,583.291512,777.522824,402.7368469,276.129681,283.8893695,107.901821,60.369145,905.430559,850.495953,9.226277,0.0,0.0,366.565496,91.287051,81.852788,0.003662,663.384982,0.0,621.704916,289.51118,0.0,2.792981,419.381592,0.0,3.9429933,0.0,0.0,103.666107,475.533325
2022-04-17,276.809515,1753.685554,969.773202,60.276377,0.0,4097.2117538,10.276151,665.3784499999999,530.83875184,298.905122,718.1224982,583.505613,730.37402,396.317687,291.142679,284.7338156,108.939327,60.276377,905.196969,848.488585,10.272855,0.0,0.0,366.730751,90.838683,79.889665,0.003296,670.86808,0.0,616.454088,298.647699,0.0,2.346548,417.963425,0.0,3.93599984,0.0,0.0,103.734619,476.561353
2022-04-18,271.84126,1755.7026620000001,967.668295,76.735219,0.0,4214.9501122,10.372825,685.820526,533.52478002,298.628885,709.8119392000001,576.478031,828.467934,409.2115066,271.018131,297.15895939999996,107.533934,76.735219,905.239498,850.463164,10.36963,0.0,0.0,366.459726,92.543266,73.070197,0.003195,669.03941,0.0,649.896083,319.3608,0.0,2.445858,419.419842,0.0,6.571004019999999,0.0,0.0,103.781939,472.907528
2022-04-19,275.586973,1751.286581,975.11905,76.605765,0.0,4255.6287524,13.040857,647.084719,510.189361,310.154969,726.0570282000001,586.854591,846.820203,383.0345275,307.244562,272.3492897,111.038593,76.605765,898.690013,852.596568,13.037969,0.0,0.0,321.249695,95.130213,73.457457,0.002888,664.964081,0.0,654.883182,325.835024,0.0,3.034631,399.150768,0.0,0.0,0.0,0.0,103.964672,478.385369
2022-04-20,273.032648,1758.385112,974.1639680000001,98.448637,0.0,3889.6278730000004,8.615076,676.8487889999999,520.0662950000001,314.120794,725.2168866000001,582.395991,496.129175,356.67015430000004,319.707365,285.8003891,107.055373,98.448637,915.170483,843.214629,8.612405,0.0,0.0,334.996859,93.904109,72.372324,0.002671,660.043174,0.0,648.037565,341.85193,0.0,3.043086,413.010922,0.0,0.0,0.0,0.0,103.713129,475.670347
2022-04-21,268.821785,1757.354871,977.940754,98.937072,0.0,3800.5843673,10.099,702.653536,530.072801,314.173955,729.8929693,584.158991,421.972185,313.4794668,300.347744,333.49913319999996,106.948496,98.937072,893.012898,864.341973,10.096728,0.0,0.0,365.889445,92.829574,69.197562,0.002272,663.766799,0.0,641.396186,336.764091,0.0,2.833427,423.124305,0.0,0.0,0.0,0.0,103.961222,475.837692
2022-04-22,261.539036,1752.294467,977.6295709999999,114.865316,0.0,3378.9624249,9.109391,666.137327,547.060545,313.979577,730.0166115,534.011575,157.819634,297.3894295,270.189886,335.7735269,108.787154,114.865316,899.47575,852.818717,9.10763,0.0,0.0,366.715997,88.052304,67.303373,0.001761,663.649994,0.0,580.755448,299.42133,0.0,2.770873,438.273391,0.0,0.0,0.0,0.0,103.412486,473.006314
2022-04-23,216.61727000000002,1743.4698250000001,960.743591,71.265671,0.0,3626.0245174,10.523818,664.257741,444.90535800000004,287.047015,726.688866,558.724357,291.895091,298.4209294,280.358182,370.573583,108.565329,71.265671,874.611715,868.85811,10.521786,0.0,0.0,366.675672,63.597229,67.176474,0.002032,673.696576,0.0,634.313342,297.582069,0.0,2.570373,336.340029,0.0,0.0,0.0,0.0,83.273194,465.050167
2022-04-24,199.377385,1755.778507,962.814488,71.346932,0.0,3721.0256461,9.28453,652.534928,491.71198372000003,291.506024,735.8082803,581.441428,377.566736,298.93224039999996,283.61354,364.4582294,107.784121,71.346932,881.3195,874.459007,9.281697,0.0,0.0,366.582648,52.634785,71.251778,0.002833,671.308464,0.0,602.652875,285.95228,0.0,2.492458,379.381866,0.0,4.54599672,0.0,0.0,72.998364,476.552317
2022-04-25,173.378039,1761.364994,969.0288800000001,93.316602,0.0,3719.4146059,13.444677,663.6556270000001,653.8446809999999,299.9028,757.8138707999999,584.923172,577.993161,0.41045129999999996,325.712598,436.5480708,109.045995,93.316602,910.338478,851.026516,13.441879,0.0,0.0,366.6967,22.604712,71.166543,0.002798,669.12608,0.0,564.478585,296.958927,0.0,2.674133,544.798686,0.0,0.0,0.0,0.0,76.932651,471.534697
2022-04-26,276.29297099999997,1759.5225970000001,961.581183,93.224236,0.0,3763.6193816,9.64154,673.054971,515.190697,294.302694,747.7319755,583.729438,568.468349,51.8759026,315.467573,434.1371245,104.997557,93.224236,923.741304,835.781293,9.638783,0.0,0.0,360.88863,104.300293,63.458237,0.002757,667.278489,0.0,591.000108,312.166341,0.0,2.713417,410.19314,0.0,0.0,0.0,0.0,105.821024,471.208911
2022-04-27,71.98859499999999,1733.953993,964.0903270000001,82.291912,0.0,3740.4393373000003,14.066767,584.828842,611.511104,294.512356,732.4199101,582.090811,435.114899,408.4266065,291.369669,241.6429277,8.000718,82.291912,920.474265,813.479728,14.063764,0.0,0.0,351.171917,6.022303,65.966292,0.003003,669.577971,0.0,568.772017,233.656925,0.0,0.0,603.510386,0.0,0.0,0.0,0.0,0.0,480.602497
2022-04-28,64.962884,1733.479088,958.73898,103.987566,0.0,3761.2101075,12.893054999999999,615.058586,598.711682,289.92682,733.566417,583.693682,415.740087,399.6366475,296.252247,244.127541,0.0,103.987566,905.200945,828.278143,12.890092,0.0,0.0,366.314636,0.0,64.962884,0.002963,668.81216,0.0,615.898275,248.74395,0.0,0.0,598.711682,0.0,0.0,0.0,0.0,0.0,472.295211
2022-04-29,65.000604,1731.436376,956.1744369999999,104.120674,0.0,3795.4519366,12.025846,585.062387,617.199196,293.973321,731.4854682,583.632327,441.314524,374.6087789,302.038396,265.6769365,0.0,104.120674,903.204788,828.231588,12.022523,0.0,0.0,349.180704,0.0,65.000604,0.003323,662.201116,0.0,623.965512,235.881683,0.0,0.0,608.807196,0.0,8.392,0.0,0.0,0.0,472.729994
2022-04-30,65.04179,1731.602687,951.744528,71.385604,0.0,4992.6932989,9.250903,610.553664,668.96279206,278.596155,728.508211,582.986823,1030.034136,534.2541841,233.49882,177.01079080000002,0.0,71.385604,905.30229,826.300397,9.247957,0.0,0.0,377.28222,0.0,65.04179,0.002946,673.148373,0.0,1233.69567,233.271444,0.0,0.0,664.906802,0.0,4.05599006,0.0,0.0,0.0,472.704664
2022-05-01,54.849984,1733.839825,950.1031459999999,71.398053,0.0,3885.0648424,27.367008000000002,679.5577069999999,929.954465,238.241021,731.9221607000001,580.528408,507.013983,492.9577524,237.209375,210.3650843,0.0,71.398053,912.569792,821.270033,27.364115,0.0,0.0,366.960077,0.0,54.849984,0.002893,711.862125,0.0,652.508535,312.59763,0.0,0.0,929.954465,0.0,0.0,0.0,0.0,0.0,472.559544
2022-05-02,234.61787099999998,1757.9449789999999,953.6203240000001,93.278803,0.0,3973.448608051,38.034459,686.7055330000001,997.17531129,238.001289,734.3116662000001,580.513986,576.913298,618.8253031,320.444035,0.027496751,0.0,93.278803,939.228214,818.716765,38.032021,0.0,0.0,358.06735,182.717606,51.900265,0.002438,715.619035,0.0,669.881356,328.638183,0.0,0.0,993.741312,0.0,3.43399929,0.0,0.0,0.0,472.531467
2022-05-03,239.324678,1755.352443,957.1578629999999,93.431516,0.0,4079.1292576,44.259412,681.272067,995.633728,237.686442,735.5091338999999,580.53344,695.765747,616.7462407,321.079303,0.0,0.0,93.431516,953.006091,802.346352,44.256723,0.0,0.0,366.83417,186.986647,52.338031,0.002689,719.471421,0.0,656.542782,314.437897,0.0,0.0,995.633728,0.0,0.0,0.0,0.0,0.0,472.952611
2022-05-04,241.86945799999998,1756.871223,964.108921,93.230599,0.0,4193.6854072999995,54.351442,717.092592,993.293763,253.177405,736.7896333,580.322309,803.199245,616.822441,321.140989,0.0,0.0,93.230599,939.12571,817.745513,45.358498,0.0,0.0,366.686351,189.605923,52.263535,8.992944,710.931516,0.0,662.047882,350.406241,0.0,0.0,993.293763,0.0,0.0,0.0,0.0,0.0,473.362908
2022-05-05,240.23237799999998,1755.5050569999999,962.579176,104.160455,0.0,4010.7669075000003,54.475951,749.765952,997.6015286,253.180788,733.4580405,580.532888,594.803383,773.526613,197.839783,0.0,1.5331796000000002,104.160455,929.362714,826.142343,41.987921,0.0,0.0,357.497172,188.569878,51.6625,12.48803,709.398388,0.0,658.362761,392.26878,0.0,0.0,996.068349,0.0,0.0,0.0,0.0,0.0,472.243439
2022-05-06,243.861421,1756.027824,985.3254410000001,87.704357,0.0,4021.37339122,53.692921,742.573659,1005.122972,250.468745,743.5971655,578.866849,580.593773,723.3616086000001,172.550558,71.81096612,2.3799877599999997,87.704357,929.165694,826.86213,40.446445,0.0,0.0,357.234032,191.721784,52.139637,13.246476,734.856696,0.0,675.773215,385.339627,0.0,0.0,997.430716,0.0,5.31226824,0.0,0.0,0.0,474.819256
2022-05-07,53.463965,1757.370234,993.007867,54.961542,0.0,3855.0644641,39.597334,734.5604579999999,888.70633917,250.645,746.4459303,542.149182,456.848786,679.2331302,106.736421,175.7176016,2.4235551699999998,54.961542,930.825023,826.545211,39.59547,0.0,0.0,358.13417,0.789099,52.674866,0.001864,742.362867,0.0,673.502305,376.426288,0.0,0.0,886.282784,0.0,0.0,0.0,0.0,0.0,474.431108
2022-05-08,51.43793,1755.930697,975.734419,54.940229,0.0,3941.2724458000002,42.228139,650.9499760000001,992.79453405,251.804858,746.4773687,543.83738,520.686756,677.6012025,110.673572,177.2886196,2.46865705,54.940229,930.070778,825.859919,42.226096,0.0,0.0,276.950277,0.0,51.43793,0.002043,723.929561,0.0,689.865797,373.999699,0.0,0.0,990.325877,0.0,0.0,0.0,0.0,0.0,474.84175
2022-05-09,146.174903,1758.344431,1007.302364,87.840192,0.0,3927.6399224,42.875232,628.0735380000001,1002.2729726299999,253.744002,748.2957759,581.144248,484.980604,467.90874210000004,201.960768,292.97717739999996,2.5248866299999997,87.840192,930.026577,828.317854,42.873489,0.0,0.0,261.126319,93.793704,52.381199,0.001743,753.558362,0.0,674.364946,366.947219,0.0,0.0,999.748086,0.0,0.0,0.0,0.0,0.0,476.007661
2022-05-10,68.201944,1755.574986,1014.4100000000001,93.207902,0.0,3885.7512354,45.913616999999995,629.361849,886.4550931299999,254.51075,724.4622496000001,583.295775,424.079851,644.3535289,176.995945,164.4755939,2.5235681299999997,93.207902,918.3806,837.194386,45.912164,0.0,0.0,284.431338,18.571595,49.630349,0.001453,759.89925,0.0,693.957825,344.930511,0.0,0.0,883.931525,0.0,0.0,0.0,0.0,0.0,474.130467
2022-05-11,46.091531,1755.392462,1006.097714,82.278241,0.0,3990.9322334,42.324683,655.339925,735.7159405,251.79918,730.7514907000001,583.978298,535.374601,436.165564,234.733048,300.3959337,2.5151035,82.278241,924.600728,830.791734,42.323165,0.0,0.0,343.271142,0.0,46.091531,0.001518,754.298534,0.0,694.673554,312.068783,0.0,0.0,733.200837,0.0,0.0,0.0,0.0,0.0,474.859744
2022-05-12,52.312162,1751.4700699999999,999.621039,93.093414,0.0,3926.75536,42.916526,648.682838,627.66287488,251.492022,725.531125,574.190544,475.244914,459.1697373,240.393509,295.69358569999997,2.36696688,93.093414,924.953632,826.516438,42.91489,0.0,0.0,362.390047,0.0,52.312162,0.001636,748.129017,0.0,681.973617,286.292791,0.0,0.0,625.295908,0.0,0.0,0.0,0.0,0.0,474.558328
2022-05-13,50.378792,1756.828647,1003.510339,93.115052,0.0,4004.9201651,37.933872289,716.62406,622.6260933499999,251.694751,724.7250172,581.956383,582.273906,312.2454112,251.032001,425.1542917,3.83472135,93.115052,914.111019,842.717628,37.929604,0.0,0.000104,365.869557,0.0,50.378792,0.001637,751.815588,0.0,652.490022,350.754399,0.0,0.0,605.611372,0.0,13.18,0.0,0.002631289,0.0,475.043133
2022-05-14,50.963682,1755.639322,986.876639,65.917474,0.0,4020.5917528,29.786481,732.78745,681.73566696,251.613295,730.4708395,580.193282,570.719124,459.9142789,245.886749,280.0884604,19.105885960000002,65.917474,929.282948,826.356374,29.784881,0.0,0.0,378.175628,0.0,50.963682,0.0016,735.263344,0.0,678.340641,354.611822,0.0,0.0,647.433781,0.0,15.196,0.0,0.0,0.0,474.978378
2022-05-15,50.662136,1759.866231,1009.3731559999999,65.801343,0.0,3880.7016884000004,41.475409000000006,689.355051,676.63930706,251.788391,730.6710234,579.910254,431.843221,458.3135122,233.875642,293.7677868,20.95595806,65.801343,939.452965,820.413266,41.473961,0.0,0.0,345.638896,0.0,50.662136,0.001448,757.584765,0.0,677.422668,343.716155,0.0,0.0,647.170349,0.0,8.513,0.0,0.0,0.0,474.897581
2022-05-16,0.0,1758.767826,956.870063,93.199557,0.0,4001.1711493,94.684203,665.78892,564.93680349,211.643912,722.9373774,577.76029,575.806033,455.5522249,319.326374,204.713662,7.60756349,93.199557,977.383119,781.384707,42.242301,0.0,0.0,348.787095,0.0,0.0,52.441902,745.226151,0.0,667.512224,317.001825,0.0,0.0,557.32924,0.0,0.0,0.0,0.0,0.0,477.562964
2022-05-17,0.0,1755.87561,800.969813,93.262532,0.0,4067.9853768,86.31625,651.4838460000001,488.32633171000003,211.170932,732.9665329,580.697418,641.10379,459.48567610000003,309.96818,207.3407098,2.51337271,93.262532,989.483298,766.392312,33.891492,0.0,0.0,349.769333,0.0,0.0,52.424758,589.798881,0.0,659.964328,301.714513,0.0,0.0,483.729959,0.0,2.083,0.0,0.0,0.0,476.458742
2022-05-18,0.0,1754.073715,794.7447430000001,82.371734,0.0,3912.8021242,88.941904,605.2659120000001,534.6780962700001,213.147456,718.9415607999999,324.800266,731.818186,609.8735964,193.240796,186.952515,2.46323427,82.371734,1001.586143,752.487572,34.323708,0.0,0.0,310.595238,0.0,0.0,54.618196,581.597287,0.0,670.262062,294.670674,0.0,0.0,532.214862,0.0,0.0,0.0,0.0,0.0,476.913142
2022-05-19,0.0,1757.1026,801.594241,93.301764,0.0,4008.3379695,89.83648500000001,584.0969279999999,633.8603766499999,211.388258,724.8380764,583.55945,561.171249,523.2648749,261.004771,202.7706222,5.256934650000001,93.301764,1001.25168,755.85092,37.374397,0.0,0.0,324.553423,0.0,0.0,52.462088,590.205983,0.0,675.473965,259.543505,0.0,0.0,628.603442,0.0,0.0,0.0,0.0,0.0,476.254961
2022-05-20,0.0,1756.369682,951.516719,82.372521,0.0,4025.5780809999997,86.357906,542.523922,640.65617122,210.055907,678.6877441,580.346186,635.735253,591.5466832999999,231.019838,163.5360356,10.631358220000001,82.372521,1001.390777,754.978905,33.769514,0.0,0.0,324.050261,0.0,0.0,52.588392,741.460812,0.0,675.643124,218.473661,0.0,0.0,623.235813,0.0,6.789,0.0,0.0,0.0,469.063217
2022-05-21,0.0,1755.917455,890.924839,66.067787,0.0,3807.3609869,51.583493,570.180863,443.40119310000006,211.22324,693.8173706,504.600799,536.84353,514.4540875,253.298547,195.56246380000002,6.1958081,66.067787,1001.578389,754.339066,0.0,0.0,0.0,346.445836,0.0,0.0,51.583493,679.701599,0.0,631.791947,223.735027,0.0,0.0,431.191385,0.0,6.014,0.0,0.0,0.0,476.992242
2022-05-22,0.0,1756.06076,864.2332269999999,65.990651,0.0,3819.7768535,49.656968,555.971327,431.83962299,210.633979,670.6062031,575.218376,485.86184,524.4039849,251.942885,194.0707385,6.22477499,65.990651,1001.660421,754.400339,0.0,0.0,0.0,335.995386,0.0,0.0,49.656968,653.599248,0.0,641.030093,219.975941,0.0,0.0,419.617848,0.0,5.997,0.0,0.0,0.0,476.642733
2022-05-23,0.0,1756.411103,871.841328,87.82835,0.0,3830.0355713999998,20.298577,610.961193,420.4917474,204.22338,670.6112819,582.263787,491.863808,551.8737235,237.746782,173.299984,2.2460084,87.82835,1001.927689,754.483414,0.0,0.0,10.620585,359.145353,0.0,0.0,20.298577,667.617948,0.0,645.352061,241.195255,0.0,0.0,418.245739,0.0,0.0,0.0,0.0,0.0,477.024144
2022-05-24,0.0,1755.64664,939.7919589999999,94.038327,0.0,3685.7767025000003,19.386596,607.180704,454.53350326,210.976388,693.0423726,577.61145,515.369311,598.7162212000001,156.23008,186.85628269999998,6.18663826,94.038327,964.59979,791.04685,0.0,0.0,10.504007,366.09062,0.0,0.0,19.386596,728.815571,0.0,480.976063,230.586077,0.0,0.0,439.456865,0.0,8.89,0.0,0.0,0.0,476.974922
2022-05-25,0.0,1755.958429,882.417703,93.885307,0.0,3704.2615696000003,18.923725,606.9194689999999,456.31049003999993,210.426115,684.7672141,581.487439,455.002136,547.7368231,178.003839,224.66618540000002,16.01321504,93.885307,935.034366,820.924063,0.0,0.0,10.265199,358.238223,0.0,0.0,18.923725,671.991588,0.0,554.957533,238.416047,0.0,0.0,424.981275,0.0,15.316,0.0,0.0,0.0,477.6404
2022-05-26,0.0,1756.0196110000002,880.0711739999999,77.366665,0.0,3715.5738327999998,26.469773,613.868522,458.17755961,210.568137,684.0409976,580.398203,431.09896,362.4828421,321.711253,251.15339509999998,18.60530661,77.366665,926.927622,829.091989,0.0,0.0,10.448063,358.278193,0.0,0.0,26.469773,669.503037,0.0,607.86374,245.142266,0.0,0.0,421.478253,0.0,18.094,0.0,0.0,0.0,476.824442
2022-05-27,0.0,1726.3995909999999,884.05295,60.772885,0.0,3780.0295029,24.628267,608.863028,484.48788837999996,210.977831,696.187672,577.167277,486.929821,507.081588,210.259361,217.84785390000002,19.501567379999997,60.772885,918.089516,808.310075,0.0,0.0,10.447669,366.458859,0.0,0.0,24.628267,673.075119,0.0,610.822477,231.9565,0.0,0.0,446.784321,0.0,18.202,0.0,0.0,0.0,473.733453
2022-05-28,0.0,1756.90253,881.2067850000001,71.647587,0.0,3686.4760527,22.932126,591.823909,463.65060262000003,211.164023,689.6137332999999,553.387384,398.172511,539.585404,193.944983,207.7958644,24.71137362,71.647587,897.493999,859.408531,0.0,0.0,0.0,366.236173,0.0,0.0,22.932126,670.042762,0.0,627.621581,225.587736,0.0,0.0,416.586229,0.0,22.353,0.0,0.0,0.0,476.354592
2022-05-29,0.0,1755.3177759999999,885.684961,66.027288,0.0,3969.1212821999998,24.621168,583.912171,466.57520444,210.771245,702.1577216000001,580.361092,583.308544,612.7798052,166.447001,168.10641040000002,25.01153244,66.027288,886.575955,868.741821,0.0,0.0,0.0,366.319813,0.0,0.0,24.621168,674.913716,0.0,679.062294,217.592358,0.0,0.0,419.246672,0.0,22.317,0.0,0.0,0.0,476.898414
2022-05-30,0.0,1757.2589520000001,862.965046,82.437198,0.0,4105.9597042000005,26.233052,594.35262,448.64548799,210.857007,713.2623413,583.419037,649.863035,605.8724392,134.472285,196.19266069999998,6.41866799,82.437198,900.616703,856.642249,0.0,0.0,10.466613,350.427596,0.0,0.0,26.233052,652.108039,0.0,745.8232,233.458411,0.0,0.0,435.60082,0.0,6.626,0.0,0.0,0.0,477.054706
2022-05-31,0.0,1578.094674,861.415311,82.410026,0.0,3391.4002936,21.005548,611.987447,439.25616891,210.895168,709.7104562000001,580.43068,0.0,443.9464642,132.367659,373.3357732,22.09487591,82.410026,791.862025,786.232649,0.0,0.0,10.463553,362.794278,0.0,0.0,21.005548,650.520143,0.0,674.773483,238.729616,0.0,0.0,401.855293,0.0,15.306,0.0,0.0,0.0,476.835778
2022-06-01,0.0,1751.611022,938.025572,76.812551,0.0,4078.8401569000002,23.578808,579.670425,413.66925398,217.665045,727.8218502000001,586.788192,647.407315,566.7926633999999,132.730712,253.08855630000002,12.782914980000001,76.812551,934.086396,817.524626,0.0,0.0,10.458063,349.747473,0.0,0.0,23.578808,720.360527,0.0,687.206799,219.464889,0.0,0.0,392.815339,0.0,8.071,0.0,0.0,0.0,477.004069
2022-06-02,0.0,1739.464101,785.107701,76.956938,0.0,4039.1356249,22.758104,602.164585,452.71110351,218.507026,708.0256381,583.741085,588.255747,552.027642,132.701774,287.92199980000004,31.52594051,76.956938,901.397777,838.066324,0.0,0.0,10.457473,364.559335,0.0,0.0,22.758104,566.600675,0.0,709.005678,227.147777,0.0,0.0,394.788163,0.0,26.397,0.0,0.0,0.0,477.456061
2022-06-03,0.0,1718.22255,756.3366890000001,76.858679,0.0,4018.7758462,26.473659,575.68634,440.68215594,218.577884,714.1939669,577.318233,591.507376,564.8302901000001,132.70875,283.02092619999996,30.198787940000003,76.858679,866.202816,852.019734,0.0,0.0,10.460223,364.819245,0.0,0.0,26.473659,537.758805,0.0,678.821412,200.406872,0.0,0.0,394.048368,0.0,16.435,0.0,0.0,0.0,476.374892
2022-06-04,0.0,1599.993441,768.871191,60.567545,0.0,3998.7439015,33.927903,613.536256,444.18246030999995,220.219452,714.2319551,579.019906,576.258045,580.9107609,132.702512,267.0250855,30.69793731,60.567545,857.982041,742.0114,0.0,0.0,0.0,365.468637,0.0,0.0,33.927903,548.651739,0.0,671.568209,248.067619,0.0,0.0,394.065523,0.0,19.419,0.0,0.0,0.0,477.027428
2022-06-05,29.330674,1600.962061,767.815052,60.421521,0.0,4011.0200303,16.13134,630.8114989999999,442.99547136,219.655622,736.2858777,580.273569,589.32604,532.2075523999999,132.718651,293.9747822,28.495203359999998,60.421521,839.38816,761.573901,0.0,0.0,2.5e-05,365.134483,0.0,29.330674,16.13134,548.15943,0.0,669.067377,265.676991,0.0,0.0,395.811268,0.0,18.689,0.0,0.0,0.0,477.166181
2022-06-06,29.05572,1625.184397,797.757062,82.314867,0.0,4056.125709,15.950164,621.808506,433.24113717000006,263.743924,738.4897228,580.401973,634.254963,536.2793072,132.677197,288.008505,24.847105170000003,82.314867,841.633255,783.551142,0.0,0.0,10.454548,365.087,0.0,29.05572,15.950164,534.013138,0.0,671.409841,246.266958,0.0,0.0,395.073032,0.0,13.321,0.0,0.0,0.0,474.6042
2022-06-07,24.496516,1583.07834,930.219498,71.458541,0.0,3977.0105702,9.138593,597.196419,420.88566348,263.946678,718.5590348,503.580586,633.448258,577.3002196,133.045267,267.4625398,16.47779748,71.458541,983.501209,599.577131,0.0,0.0,10.450452,360.080312,0.0,24.496516,9.138593,666.27282,0.0,666.862348,226.665655,0.0,0.0,395.569866,0.0,8.838,0.0,0.0,0.0,476.752317
2022-06-08,24.339729,1552.76737,939.090498,71.501967,0.0,2547.4205124,0.000539,599.391588,464.37553126,263.681324,748.0240237,0.0,278.530078,180.2623623,0.323287,205.5194274,34.46822126,71.501967,979.139264,573.628106,0.0,0.0,10.460322,360.053414,0.0,24.339729,0.000539,675.409174,0.0,674.940445,228.877852,0.0,0.0,395.24831,0.0,34.659,0.0,0.0,0.0,459.820889
2022-06-09,39.144625,1490.248541,964.135929,71.459267,0.0,3205.1456741,0.000385,615.52995,461.43328596000003,263.559081,747.8556006,0.0,605.070511,376.0989248,60.963537,266.58637269999997,25.60021396,71.459267,839.144413,651.104128,0.0,0.0,10.453357,360.052749,0.0,39.144625,0.000385,700.576848,0.0,674.577611,245.023844,0.0,0.0,396.403072,0.0,39.43,0.0,0.0,0.0,473.993117
2022-06-10,38.886781,1506.1485200000002,978.2959370000001,71.351068,0.0,3256.2897427,0.000424,594.111971,426.22881330999996,262.692565,714.7918032,0.0,427.05599,578.6786855,129.452,271.622169,12.431115310000001,71.351068,821.20099,684.94753,0.0,0.0,10.461903,337.89498,0.0,38.886781,0.000424,715.603372,0.0,664.817737,245.755088,0.0,0.0,395.868698,0.0,17.929,0.0,0.0,0.0,469.871358
2022-06-11,38.95271,1464.282936,927.3924949999999,49.474148,0.0,3572.4965174999998,0.000346,617.737119,449.1782177,207.662969,713.0072872000001,569.795088,245.199138,572.7306439,122.132513,278.5583034,27.9814047,49.474148,813.095925,651.187011,0.0,0.0,10.463582,360.412321,0.0,38.95271,0.000346,719.729526,0.0,596.004475,246.861216,0.0,0.0,397.006813,0.0,24.19,0.0,0.0,0.0,475.069069
2022-06-12,40.950105,1496.237077,908.410648,71.46739,0.0,3596.0695353,0.000346,589.152302,449.60588341,207.698552,715.2130362,576.286731,205.106522,586.2927596000001,127.984627,259.4887015,28.58452241,71.46739,801.941894,694.295183,0.0,0.0,0.0,360.41653,0.0,40.950105,0.000346,700.712096,0.0,651.046783,228.735772,0.0,0.0,396.846361,0.0,24.175,0.0,0.0,0.0,474.650375
2022-06-13,40.328981,1204.162752,948.5232609999999,82.419413,0.0,3534.078302,0.000347,591.172417,436.74590820000003,263.407785,712.6491207,422.376346,282.000239,647.8289175,124.448159,205.7410648,22.4930102,82.419413,698.387473,505.775279,0.0,0.0,0.0,360.549104,0.0,40.328981,0.000347,685.115476,0.0,667.915216,230.623313,0.0,0.0,393.842898,0.0,20.41,0.0,0.0,0.0,471.119239
2022-06-14,42.932199,1049.380356,942.960221,87.832297,0.0,3628.607641,0.000544,595.994609,451.39677423,264.191164,738.9065274,577.807345,226.034971,587.2710817000001,129.631861,238.5837539,27.311471230000002,87.832297,498.907316,550.47304,0.0,0.0,0.0,360.391604,0.0,42.932199,0.000544,678.769057,0.0,661.925797,235.603005,0.0,0.0,398.479303,0.0,25.606,0.0,0.0,0.0,468.446304
2022-06-15,43.575603,986.6293739999999,932.619468,87.852402,0.0,4010.2519176,0.000428,637.344743,422.80814256,259.713843,735.9077788999999,579.815697,602.971962,616.4047006000001,140.637434,202.08007709999998,10.12796056,87.852402,516.290589,470.338785,0.0,0.0,5.021008,359.883741,0.0,43.575603,0.000428,672.905625,0.0,658.445512,272.439994,0.0,0.0,396.184182,0.0,16.496,0.0,0.0,0.0,473.988756
2022-06-16,43.348032,718.8878129999999,927.344139,87.82174,0.0,3950.900539,42.968768,672.4614839999999,419.13821952,258.660449,738.7559905,580.635881,538.808608,618.4947667,163.013829,175.0006688,6.38686452,87.82174,200.984296,517.903517,0.0,0.0,6.998827,365.069096,0.0,43.348032,42.968768,668.68369,0.0,660.680926,300.393561,0.0,0.0,395.826355,0.0,16.925,0.0,0.0,0.0,475.509869
2022-06-17,42.796772,702.4354850000001,940.3029260000001,87.676829,0.0,4088.4169634,42.150994,679.387062,418.8984214,257.342742,746.6711876,586.570176,695.833733,520.2789108000001,153.120634,277.162069,6.5864994,87.676829,180.848914,521.586571,0.0,0.0,10.471358,342.525977,0.0,42.796772,42.150994,682.960184,0.0,634.933886,326.389727,0.0,0.0,398.716922,0.0,13.595,0.0,0.0,0.0,473.846367
2022-06-18,43.188196,700.502814,956.1342589999999,54.812811,0.0,4120.4611531,42.562098,662.7290330000001,419.82616196000004,243.854754,741.0867079,580.396587,711.825236,636.9974227,128.828289,190.4620585,12.07509396,54.812811,186.041487,514.461327,0.0,0.0,10.465167,341.086086,0.0,43.188196,42.562098,712.279505,0.0,656.207299,311.17778,0.0,0.0,397.514068,0.0,10.237,0.0,0.0,0.0,474.657553
2022-06-19,43.057256,702.733594,950.3105270000001,54.831363,0.0,4148.8183608,42.442387,682.893431,418.17222920000006,245.096162,741.088166,580.329655,725.297154,660.6537738,104.580783,191.39708,11.7256272,54.831363,189.658001,513.075593,0.0,0.0,10.462799,341.100488,0.0,43.057256,42.442387,705.214365,0.0,669.851331,331.330144,0.0,0.0,399.625602,0.0,6.821,0.0,0.0,0.0,475.620418
2022-06-20,61.213136,702.736935,1061.766297,60.368179,0.0,4142.0228506,41.861711,706.9605819999999,419.65596220000003,265.376597,741.0437207,580.35967,702.292154,682.944713,131.479767,141.43350990000002,18.2370032,60.368179,143.85549,558.881445,0.0,0.0,10.466709,342.348968,0.0,61.213136,41.861711,796.3897,0.0,687.759016,354.144905,0.0,0.0,391.904959,0.0,9.514,0.0,0.0,0.0,474.7103
2022-06-21,57.108936,703.5815409999999,1060.897037,60.379893,0.0,3918.7178382,35.624119,380.039912,426.85575399000004,265.606344,741.6683532000001,580.310247,474.796049,561.3774009,151.727554,243.0078781,9.98168299,60.379893,180.875557,522.705984,0.0,0.0,10.468208,369.571502,0.0,57.108936,35.624119,795.290693,0.0,690.937942,0.000202,0.0,0.0,394.369071,0.0,22.505,0.0,0.0,0.0,474.892414
2022-06-22,61.296971,702.410446,983.781977,60.363961,0.0,3858.4785206,19.984167,369.150263,411.61481681,265.067144,741.4704359,583.299124,438.500923,600.0657768,116.86945,241.6708289,1.9364028100000001,60.363961,179.822546,522.5879,0.0,0.0,10.465657,358.684198,0.0,61.296971,19.984167,718.714833,0.0,666.825671,0.000408,0.0,0.0,394.571414,0.0,15.107,0.0,0.0,0.0,469.776311
2022-06-23,61.955914,702.502886,999.087727,65.923144,0.0,3768.4110711,17.783129,340.368652,418.88974627999994,264.465366,739.2188864,582.625511,350.552818,561.9758707999999,129.723868,260.9991539,6.166186280000001,65.923144,179.38922,523.113666,0.0,0.0,10.464845,329.903399,0.0,61.955914,17.783129,734.622361,0.0,670.17179,0.000408,0.0,0.0,393.98256,0.0,18.741,0.0,0.0,0.0,473.143173
2022-06-24,64.243953,703.101346,998.2635969999999,65.759429,0.0,3913.8955563,19.067027,340.18917600000003,427.70297693000003,264.382183,738.7151396,578.328945,495.678811,563.157458,139.740822,256.6028017,15.066162929999999,65.759429,210.690801,492.410545,0.0,0.0,10.455779,329.733397,0.0,64.243953,19.067027,733.881414,0.0,667.020165,0.0,0.0,0.0,393.917814,0.0,18.719,0.0,0.0,0.0,474.651414
2022-06-25,66.264397,702.653902,944.204509,49.359168,0.0,3830.2208170999997,23.596779,368.430829,428.90208713000004,214.640023,742.1450914,577.029144,368.414218,381.69712239999996,151.2587,427.7611063,15.495211130000001,49.359168,189.677384,512.976518,0.0,0.0,10.461022,357.969807,0.0,66.264397,23.596779,729.564486,0.0,707.007238,0.0,0.0,0.0,394.726876,0.0,18.68,0.0,0.0,0.0,474.908197
2022-06-26,60.010379,702.675159,958.7663190000001,60.221719,0.0,4016.0176532,22.354768,371.217109,428.64860988,214.754672,740.7490067,579.825313,553.622941,382.7860103,311.181838,267.2341772,15.624146880000001,60.221719,201.484211,501.190948,0.0,0.0,10.454221,360.762888,0.0,60.010379,22.354768,744.011647,0.0,706.622784,0.0,0.0,0.0,394.442463,0.0,18.582,0.0,0.0,0.0,473.995583
2022-06-27,60.758508,703.133492,981.951544,76.754675,0.0,4043.3851237,23.032192,531.15656,430.06561468,281.076014,741.8507169,578.796234,564.093756,421.9242936,274.071368,267.1815572,11.64416568,76.754675,219.635319,483.498173,0.0,0.0,10.458915,361.378468,0.0,60.758508,23.032192,700.87553,0.0,721.945408,159.319177,0.0,0.0,395.730449,0.0,22.691,0.0,0.0,0.0,473.52179
2022-06-28,63.730754,702.638303,978.568861,76.737396,0.0,3991.2093509,27.12919,715.449087,419.35248141,280.733771,736.0545072000001,580.708027,583.683571,430.29620739999996,268.475983,269.1989613,9.08675841,76.737396,201.577853,501.06045,0.0,0.0,10.453673,352.441856,0.0,63.730754,27.12919,697.83509,0.0,648.252122,352.553558,0.0,0.0,393.010723,0.0,17.255,0.0,0.0,0.0,474.539972
2022-06-29,73.910211,703.320984,998.1728400000001,65.785111,0.0,4026.5035962,29.359818,723.7255680000001,433.15424529,281.083159,736.9384864,580.593138,577.749566,443.0231231,243.377928,281.0279407,13.85989029,65.785111,193.677538,509.643446,0.0,0.0,10.452698,350.005673,0.0,73.910211,29.359818,717.089681,0.0,688.831303,363.267197,0.0,0.0,397.554355,0.0,21.74,0.0,0.0,0.0,474.962111
2022-06-30,66.999267,702.611544,1059.0956780000001,65.75928,0.0,4015.7739782000003,64.469205,756.226357,437.52355517,280.704789,741.5927826000001,580.412599,546.497235,345.5010651,305.53725,313.4541515,7.51405117,65.75928,188.290434,514.32111,0.0,0.0,10.453889,367.030335,0.0,66.999267,64.469205,778.390889,0.0,706.238401,378.742133,0.0,0.0,400.324504,0.0,29.685,0.0,0.0,0.0,476.540494
2022-07-01,63.184489,703.033285,968.672775,65.820324,0.0,3988.1202697999997,44.216565,755.944516,428.63059200000004,282.362374,737.3419647999999,556.784004,583.356451,356.1207295,325.617727,284.4275525,15.819373,65.820324,162.195754,540.837531,0.0,0.0,10.511369,365.440703,0.0,63.184489,44.216565,686.310401,0.0,668.953594,379.992444,0.0,0.0,0.0,397.151219,15.66,0.0,0.0,0.0,475.518247
2022-07-02,61.010393,702.352886,859.8415089999999,55.08453,0.0,4012.1474854,21.463564,733.944256,430.47346558000004,281.773538,737.8603261000001,582.922412,624.988331,358.2939911,324.557366,283.8321822,21.62272058,55.08453,178.569418,523.783468,0.0,0.0,10.460285,358.012133,0.0,61.010393,21.463564,578.067971,0.0,625.273088,365.471838,0.0,0.0,0.0,396.028745,12.822,0.0,0.0,0.0,474.419789
2022-07-03,59.226281,702.5520650000001,860.6084930000001,55.068838,0.0,4048.5423518000002,21.135836,727.1161589999999,428.57436215,282.255035,734.5913237999999,585.023026,650.729272,264.9080065,313.23173,392.6959785,21.98725515,55.068838,160.638168,541.913897,0.0,0.0,10.45342,354.980101,0.0,59.226281,21.135836,578.353458,0.0,632.412873,361.682638,0.0,0.0,0.0,393.775107,12.812,0.0,0.0,0.0,474.950142
2022-07-04,42.262803,707.922773,965.9245559999999,65.777591,0.0,4044.4728902,42.621027,744.206219,436.10025527,282.989087,737.3488556,585.988857,649.259922,302.25679130000003,315.473553,350.0593023,25.92721427,65.777591,192.500171,515.422602,0.0,0.0,10.461985,363.491921,0.0,42.262803,42.621027,682.935469,0.0,629.253435,370.252313,0.0,0.0,0.0,394.724041,15.449,0.0,0.0,0.0,474.832174
2022-07-05,55.779791,696.631669,975.580137,65.683169,0.0,4046.2626338,54.229339,756.849686,417.11253044,281.67571,736.8798707999999,582.77585,648.869048,244.4636418,315.36969,408.21353519999997,14.449152439999999,65.683169,239.96514,456.666529,0.0,0.0,10.47198,365.047757,0.0,55.779791,54.229339,693.904427,0.0,634.667948,381.329949,0.0,0.0,0.0,394.512378,8.151,0.0,0.0,0.0,475.02305
2022-07-06,56.734665,704.157382,959.516488,65.806893,0.0,4075.1668085,66.923412,746.23239,428.06206939000003,280.125251,737.1078826,582.836178,648.680395,370.0325393,304.711066,292.74800760000005,16.79402439,65.806893,197.651682,506.5057,0.0,0.0,10.463797,359.561571,0.0,56.734665,66.923412,679.391237,0.0,662.822957,376.207022,0.0,0.0,0.0,395.869045,15.399,0.0,0.0,0.0,476.227783
2022-07-07,59.356322,702.68364,975.6576769999999,65.799203,0.0,4082.8083996,0.00027,721.8574040000001,420.50391122999997,280.51448,735.9341381,582.886053,644.825945,436.0060625,264.972018,268.160968,17.41746423,65.799203,194.26198,508.42166,0.0,0.0,10.46721,334.780464,0.0,59.356322,0.00027,695.143197,0.0,676.399532,376.60973,0.0,0.0,0.0,394.763447,8.323,0.0,0.0,0.0,473.623683
2022-07-08,55.465887,702.785891,1012.705393,65.81255,0.0,4105.5109556,0.000231,752.972035,419.46344461,282.499735,736.6450701,582.902952,672.158449,364.383995,317.874416,286.3061995,16.59054861,65.81255,163.260773,539.525118,0.0,0.0,10.473263,366.133109,0.0,55.465887,0.000231,730.205658,0.0,669.030066,376.365663,0.0,0.0,0.0,396.182896,6.69,0.0,0.0,0.0,476.209808
2022-07-09,53.150575,708.2312039999999,998.29584,55.099857,0.0,4100.1119625,0.000231,756.4230520000001,407.83873860999995,283.366606,736.8099632000001,580.379265,677.694683,401.4324201,310.564907,256.3895402,13.58568261,55.099857,173.53627,534.694934,0.0,0.0,10.463179,369.383671,0.0,53.150575,0.000231,714.929234,0.0,662.83892,376.576202,0.0,0.0,0.0,394.199056,0.054,0.0,0.0,0.0,474.002264
2022-07-10,50.498693,697.8411629999999,982.872915,55.252673,0.0,4098.9962104,0.000192,754.137402,408.74108532,283.823664,736.9586255,580.225108,691.77252,383.9184772,311.702575,272.6242527,13.40790432,55.252673,159.357675,538.483488,0.0,0.0,10.453087,369.39871,0.0,50.498693,0.000192,699.049251,0.0,647.234721,374.285605,0.0,0.0,0.0,395.329181,0.004,0.0,0.0,0.0,474.559931
2022-07-11,19.601351,60.083731,857.9974940000001,55.5471,0.0,3363.4887160000003,0.000269,810.849127,423.45909162000004,283.763051,713.6301662000001,558.182997,253.124936,359.17850630000004,296.580818,275.8682665,13.433153619999999,55.5471,14.116486,45.967245,0.0,0.0,10.463905,369.409322,0.0,19.601351,0.000269,574.234443,0.0,669.93871,430.9759,0.0,0.0,0.0,397.240938,12.785,0.0,0.0,0.0,236.984316
2022-07-12,19.871712,0.0,995.913146,55.151488,0.0,3136.5766635,0.000308,848.24062,420.97549892,282.718883,673.7805161,546.12862,124.415637,319.9759054,279.565939,269.334426,16.911505920000003,55.151488,0.0,0.0,0.0,0.0,10.463461,369.405271,0.0,19.871712,0.000308,713.194263,0.0,717.152799,468.371888,0.0,0.0,0.0,396.419993,7.644,0.0,0.0,0.0,206.222821
2022-07-13,23.374638,0.0,996.6476240000001,55.372418,0.669773,3337.9128290999997,0.000231,866.8358559999999,414.72788134,281.740984,703.2290564,573.387024,191.424211,407.785873,238.957575,275.6996127,17.08867634,55.372418,0.0,0.0,0.0,0.0,10.452694,380.400354,0.0,23.374638,0.000231,714.90664,0.0,680.022549,475.982808,0.669773,0.0,0.0,390.916205,6.723,0.0,0.0,0.0,267.406928
2022-07-14,21.186286,0.0,1025.582421,54.939533,0.0,3916.9161081,0.00023,872.776617,427.67263029000003,281.279714,734.4950605,570.766686,540.202149,394.0539538,294.863131,274.7468498,25.07697729,54.939533,0.0,0.0,0.0,0.0,10.459312,380.277453,0.0,21.186286,0.00023,744.302707,0.0,679.516986,482.039852,0.0,0.0,0.0,395.613653,6.982,0.0,0.0,0.0,428.271292
2022-07-15,20.225305,0.0,1047.901628,66.101692,0.566892,4072.8537181,0.000271,867.2930200000001,433.15268657,282.038323,725.6361124,581.644738,667.651655,472.398903,255.08292,251.2438207,37.69993757,66.101692,0.0,0.0,0.0,0.0,10.459603,380.851745,0.0,20.225305,0.000271,765.863305,0.0,644.327705,475.981672,0.566892,0.0,0.0,391.207749,4.245,0.0,0.0,0.0,474.867864
2022-07-16,21.22959,0.0,1038.316875,60.711554,0.890237,4178.354271,0.000232,860.266386,436.5555599,282.673459,724.8086957,580.213214,768.250563,443.13955439999995,282.673436,254.8756569,39.0950229,60.711554,0.0,0.0,0.0,0.0,10.461016,377.149593,0.0,21.22959,0.000232,755.643416,0.0,651.020198,472.655777,0.890237,0.0,0.0,397.460537,0.0,0.0,0.0,0.0,473.372953
2022-07-17,21.651273,0.0,924.648559,55.021351,1.131293,4160.6761428,0.00031,839.5834,430.82802861000005,282.182877,724.8010208,580.614937,750.037899,442.1967947,270.656196,267.3481043,39.40076561,55.021351,0.0,0.0,0.0,0.0,10.455467,366.347911,0.0,21.651273,0.00031,642.465682,0.0,650.65438,462.780022,1.131293,0.0,0.0,391.416263,0.011,0.0,0.0,0.0,474.366811
2022-07-18,21.217108,0.0,1025.036369,66.06298,0.0,4119.7453936,0.000312,853.691283,442.69771732000004,282.772707,719.1390703999999,582.189577,740.510385,420.8224509,298.54646,261.07739530000003,39.14218032,66.06298,0.0,0.0,0.0,0.0,10.453769,366.32914,0.0,21.217108,0.000312,742.263662,0.0,626.110697,476.908374,0.0,0.0,0.0,392.655795,10.899742,0.0,0.0,0.0,471.349358
2022-07-19,21.200522,0.0,867.2024919999999,55.210564,0.0,4070.8611223,0.00031,866.694488,457.86718233,281.79677,730.4802676,572.147335,716.7569,410.1714231,317.665751,240.6221096,45.15034233,55.210564,0.0,0.0,0.0,0.0,10.454541,381.88552,0.0,21.200522,0.00031,585.405722,0.0,611.7651,474.354427,0.0,0.0,0.0,394.22384,18.493,0.0,0.0,0.0,471.252236
2022-07-20,22.101602,0.0,642.9933269999999,77.103831,0.855524,4098.554918299999,0.000272,834.923828,444.70641749000004,281.900584,731.2708422999999,494.527437,769.621818,395.8383614,317.757746,255.84722159999998,40.85768349,77.103831,0.0,0.0,0.0,0.0,10.42927,349.520364,0.0,22.101602,0.000272,361.092743,0.0,661.321736,474.974194,0.855524,0.0,0.0,395.279734,8.569,0.0,0.0,0.0,472.369756
2022-07-21,43.017742,694.708534,612.9057660000001,77.235099,0.001676,4120.1330228,69.504961,861.8737,460.18469215000005,282.226124,716.0989864,494.607827,801.581391,387.7047678,323.096662,271.1679866,43.62177415,77.235099,226.55505,468.153484,0.0,0.0,10.44639,376.178472,0.0,43.017742,69.504961,330.679642,0.0,654.535233,475.248838,0.001676,0.0,0.0,394.226918,22.336,0.0,0.0,0.0,471.340169
2022-07-22,54.060104,702.3039190000001,613.868101,88.274332,0.818146,3982.1460592,81.002492,868.213814,437.92931386,282.640101,716.9983046,494.497723,727.866354,399.6529154,314.832337,268.5678262,41.10296586,88.274332,187.392549,514.91137,0.0,0.0,10.451004,372.731822,0.0,54.060104,81.002492,331.228,0.0,587.742838,485.030988,0.818146,0.0,0.0,390.622348,6.204,0.0,0.0,0.0,471.987761
2022-07-23,51.991909,696.648557,604.131165,60.583358,0.982839,3971.9680928,77.223644,846.734395,430.27693103999997,281.84333,717.3982808,494.112109,764.56097,423.9106595,280.632317,277.4885345,33.75578004,60.583358,163.32718,533.321377,0.0,0.0,10.455152,364.387343,0.0,51.991909,77.223644,322.287835,0.0,540.499744,471.8919,0.982839,0.0,0.0,396.521151,0.0,0.0,0.0,0.0,473.365478
2022-07-24,47.67035,699.945652,625.70351,60.651705,0.145474,4035.1754406,77.146387,840.1008609999999,428.52471239000005,280.874137,718.8687915,577.183439,673.366628,405.83938689999997,299.802557,276.1779892,33.63207139,60.651705,164.898804,535.046848,0.0,0.0,10.456105,363.56062,0.0,47.67035,77.146387,344.829373,0.0,612.313205,466.084136,0.145474,0.0,0.0,394.892641,0.0,0.0,0.0,0.0,471.623444
2022-07-25,29.878197,702.246606,628.845051,82.458853,0.0,4058.349898,76.305954,856.096571,425.80356575999997,280.540268,718.9259126000001,576.84265,721.295338,432.1213635,310.781322,237.53342990000002,33.70236276,82.458853,167.466639,534.779967,0.0,0.0,10.453176,379.266482,0.0,29.878197,76.305954,348.304783,0.0,589.395729,466.376913,0.0,0.0,0.0,392.101203,0.0,0.0,0.0,0.0,471.454153
2022-07-26,29.105266,668.912626,601.9851189999999,98.515544,0.0,4036.4828832,76.722585,878.0798950000001,418.93461297999994,279.123219,730.5996015,576.509419,699.460228,309.56228139999996,278.638977,380.7445533,30.41627298,98.515544,131.616647,537.295979,0.0,0.0,10.448173,390.337692,0.0,29.105266,76.722585,322.8619,0.0,589.268551,477.29403,0.0,0.0,0.0,388.51734,0.001,0.0,0.0,0.0,471.699272
2022-07-27,29.008523,372.807145,797.7223369999999,93.134499,1.32432,4053.0144558,81.922878,888.442595,437.65972499000003,278.831557,730.2048264,562.327557,733.689369,285.14630239999997,312.588597,371.703326,32.57465799,93.134499,64.587175,308.21997,0.0,0.0,10.456525,400.980734,0.0,29.008523,81.922878,518.89078,0.0,585.756147,477.005336,1.32432,0.0,0.0,393.788067,11.297,0.0,0.0,0.0,471.598331
2022-07-28,30.395409,346.13224299999996,810.9063349999999,93.300088,0.050789,4064.2062274,88.815562,886.008026,429.26613183999996,280.615076,730.8680257999999,470.817803,810.847477,273.5301121,292.931061,402.0268345,30.58845484,93.300088,58.814916,287.317327,0.0,0.0,10.449324,401.312844,0.0,30.395409,88.815562,530.291259,0.0,612.26775,474.245858,0.050789,0.0,0.0,391.724677,6.953,0.0,0.0,0.0,470.917164
2022-07-29,32.997631,346.04869199999996,799.0003810000001,76.634311,0.009464,4045.8161793,30.976302,890.159852,421.52180959,280.911801,730.0806249,529.372515,765.845007,273.5796939,316.051236,379.8075125,31.50498859,76.634311,58.779007,287.269685,0.0,0.0,10.449262,401.047777,0.0,32.997631,30.976302,518.08858,0.0,579.476898,478.662813,0.009464,0.0,0.0,390.012821,0.004,0.0,0.0,0.0,471.602692
2022-07-30,33.230326,346.07811000000004,813.995287,76.897126,1.4079,4076.3622623,0.000272,833.297669,427.36644918,277.336341,733.5585872,457.573947,849.073674,366.8670776,316.799221,279.6327835,34.02039018,76.897126,61.681499,284.396611,0.0,0.0,10.448177,352.730631,0.0,33.230326,0.000272,536.658946,0.0,601.178583,470.118861,1.4079,0.0,0.0,393.342059,0.004,0.0,0.0,0.0,471.678389
2022-07-31,50.285074,317.38876200000004,838.450656,77.021549,0.147523,4030.9976738,0.000233,825.948799,431.66150727999997,277.044159,731.1434502999999,456.448953,845.456468,375.6324146,320.916283,271.8658799,33.06372654,77.021549,46.946973,270.441789,0.0,0.0,10.428149,352.735684,0.0,50.285074,0.000233,561.406497,0.0,557.747167,462.784966,0.147523,0.0,0.0,392.234782,6.36299874,0.0,0.0,0.0,471.787058
2022-08-01,50.737733,334.27341,877.343602,82.568033,0.0,3944.0484553,0.00031,768.311757,416.41961719,296.264409,732.3337315,514.209377,778.825242,420.6843505,128.814173,417.8795263,24.05037457,82.568033,66.072197,268.201213,0.0,0.0,10.453844,332.214241,0.0,50.737733,0.00031,581.079193,0.0,481.924927,425.643672,0.0,0.0,0.0,386.58124,5.78800262,0.0,0.0,0.0,469.377128
2022-08-02,56.969121,346.16083000000003,957.418418,93.47373,0.0,3885.0038487,0.000271,814.403845,419.62270431,294.98995,732.6982751,579.215875,739.473899,310.8405978,310.573328,345.2013668,36.91231031,93.47373,58.822892,287.337938,0.0,0.0,10.462209,357.186511,0.0,56.969121,0.000271,662.428468,0.0,397.434288,446.755125,0.0,0.0,0.0,382.710394,0.0,0.0,0.0,0.0,469.566219
2022-08-03,58.616644,346.085523,969.1692270000001,93.555925,0.002363,3918.6238415999997,0.00027,810.076314,416.81324883999997,294.399387,729.4349685,573.953163,731.384154,340.97540730000003,315.658942,313.3161988,31.16390384,93.555925,62.378737,283.706786,0.0,0.0,10.33931,360.56721,0.0,58.616644,0.00027,674.76984,0.0,445.092191,439.169794,0.002363,0.0,0.0,385.627345,0.022,0.0,0.0,0.0,468.808817
2022-08-04,63.007883,346.06898900000004,970.1570380000001,71.238526,0.0,3937.5577733,0.000308,787.496313,415.74195262999996,294.399174,731.7118373,574.180596,742.179812,285.59310910000005,315.755602,366.43261989999996,29.73183563,71.238526,58.653721,287.415268,0.0,0.0,10.464389,366.818427,0.0,63.007883,0.000308,675.757864,0.0,451.773214,410.213497,0.0,0.0,0.0,386.010117,0.0,0.0,0.0,0.0,469.930983
2022-08-05,63.804613,346.140212,996.6882420000001,71.085844,0.0,3910.0084196,30.580341,812.330409,415.71061258,294.967214,732.2996075,574.037383,712.138452,271.5686832,317.940057,378.1534339,33.54112658,71.085844,66.153472,279.98674,0.0,0.0,10.503794,365.964807,0.0,63.804613,30.580341,701.721028,0.0,454.357422,435.861808,0.0,0.0,0.0,382.169486,0.0,0.0,0.0,0.0,469.513381
2022-08-06,63.212326,346.686658,943.398588,60.097439,1.006854,3857.7246327000003,43.067453,786.707352,402.65900655999997,295.252914,727.5649453999999,573.999176,628.538319,253.9584375,314.891593,400.6696218,23.27152456,60.097439,70.235721,276.450937,0.0,0.0,10.469653,356.950841,0.0,63.212326,43.067453,648.145674,0.0,488.696816,419.286858,1.006854,0.0,0.0,379.387482,0.0,0.0,0.0,0.0,469.405724
2022-08-07,61.672136,346.231872,952.128984,60.299599,3.173567,3838.5656952,39.938408,771.5366670000001,414.96247554,296.375959,733.097213,574.106319,629.026389,223.0292315,316.641564,426.5125687,23.46824909,60.299599,70.623711,275.608161,0.0,0.0,0.0,367.586045,0.0,61.672136,39.938408,655.753025,0.0,466.555457,403.950622,3.173567,0.0,0.0,382.19922,9.29500645,0.0,0.0,0.0,469.596953
2022-08-08,63.938533,346.193352,973.5051559999999,109.498879,0.0,3859.654077,43.428672,744.272736,410.24097237,296.151842,734.591371,575.743608,654.781129,253.7580786,315.99972,395.8239834,22.9141656,109.498879,80.287446,265.905906,0.0,0.0,5.232078,367.595295,0.0,63.938533,43.428672,677.353314,0.0,461.885526,371.445363,0.0,0.0,0.0,379.875806,7.451000769999999,0.0,0.0,0.0,467.070661
2022-08-09,63.153369,346.207878,1002.822449,76.745537,0.0,3775.6806933,49.177516,757.000074,408.57383261,297.518593,728.4938961,573.862568,599.035052,220.655608,317.352134,433.0727112,26.75432961,76.745537,92.399354,253.808524,0.0,0.0,10.456926,365.160846,0.0,63.153369,49.177516,705.303856,0.0,435.854566,381.382302,0.0,0.0,0.0,381.819503,0.0,0.0,0.0,0.0,467.354158
2022-08-10,59.148456,345.96603300000004,1005.076552,71.007848,0.223153,3749.0206975,14.770728,749.2009539999999,411.90753949,297.473121,732.1005557999999,573.917728,611.64597,226.95932240000002,317.5556,423.48630230000003,23.47385289,71.007848,69.599438,276.366595,0.0,0.0,10.45563,362.612061,0.0,59.148456,14.770728,707.603431,0.0,395.960155,376.133263,0.223153,0.0,0.0,378.807688,9.625998599999999,0.0,0.0,0.0,467.395064
2022-08-11,62.191722,347.887569,1009.020742,49.506347,0.590197,3839.7831187,13.088518,812.920235,525.32231826,297.064302,739.3326185,574.000201,647.259034,325.33630539999996,301.640633,337.22873780000003,24.061649629999998,49.506347,59.480965,288.406604,0.0,0.0,10.45492,359.023132,0.0,62.191722,13.088518,711.95644,0.0,447.758556,443.442183,0.590197,0.0,0.0,379.762016,121.49865263000001,0.0,0.0,0.0,467.227033
2022-08-12,61.876858,347.905346,1028.066727,49.356033,0.289365,3877.3675985,0.000268,860.352974,411.42065815999996,310.081581,734.1959505,531.650258,723.422307,310.5482229,285.315289,370.45149810000004,23.39022756,49.356033,62.038915,285.866431,0.0,0.0,10.455892,357.806235,0.0,61.876858,0.000268,717.985146,0.0,455.708306,492.090847,0.289365,0.0,0.0,380.097431,7.9329996,0.0,0.0,0.0,466.075767
2022-08-13,56.872829,350.965666,859.0113719999999,44.008722,0.182899,3739.8502439999997,0.000267,794.600698,410.90377105,296.552522,734.9871413999999,367.639066,729.375673,323.46771739999997,243.469643,397.6392582,23.2088585,44.008722,74.420291,276.545375,0.0,0.0,10.456403,296.41362,0.0,56.872829,0.000267,562.45885,0.0,476.514742,487.730675,0.182899,0.0,0.0,376.758915,10.93599755,0.0,0.0,0.0,466.757003
2022-08-14,55.363603,349.02173600000003,886.704619,44.140168,1.394292,3792.8826478,0.000228,736.941169,411.38354137,300.515082,735.3685892000001,392.772966,731.134116,323.46707069999997,240.053302,400.7085239,23.24074617,44.140168,69.527731,279.494005,0.0,0.0,10.447759,259.388213,0.0,55.363603,0.000228,586.189537,0.0,504.452627,467.105197,1.394292,0.0,0.0,377.559803,10.5829922,0.0,0.0,0.0,464.925453
2022-08-15,55.286952,350.25134499999996,818.3664719999999,44.017054,0.0,3779.7865855,0.000227,733.491039,411.77605673,297.686473,726.2854297,389.863437,716.457143,361.30862,300.762574,309.0796968,23.260598820000002,44.017054,62.353981,287.897364,0.0,0.0,10.367525,259.310839,0.0,55.286952,0.000227,520.679999,0.0,510.290624,463.812675,0.0,0.0,0.0,377.878463,10.63699491,0.0,0.0,0.0,465.739061
2022-08-16,53.509362,349.77849199999997,977.335846,65.993897,0.0,3876.1647316999997,0.000302,751.346354,514.78249381,297.004162,733.962257,416.362511,748.395855,250.85459780000002,322.972337,397.0063409,23.15178925,65.993897,66.19694,283.581552,0.0,0.0,10.465516,259.342197,0.0,53.509362,0.000302,680.331684,0.0,540.856186,481.538641,0.0,0.0,0.0,380.337441,111.29326356,0.0,0.0,0.0,465.754647
2022-08-17,52.803691,346.967371,912.9951550000001,77.201415,0.175461,3926.659051,0.000226,719.139061,409.43760805999995,309.160603,739.8998317,491.361658,696.595107,288.94905339999997,311.121128,356.9702089,24.728115149999997,77.201415,63.528835,283.438536,0.0,0.0,10.471412,259.251227,0.0,52.803691,0.000226,603.834552,0.0,575.045361,449.416422,0.175461,0.0,0.0,376.470493,8.23899991,0.0,0.0,0.0,466.716703
2022-08-18,52.461063,346.478814,994.420167,66.276122,0.759092,3905.4487117,0.000226,727.912361,405.82607527000005,296.511451,740.0313717,514.889241,667.515924,317.35649889999996,284.277391,365.10112310000005,23.93910909,66.276122,62.993198,283.485616,0.0,0.0,10.46969,259.207733,0.0,52.461063,0.000226,697.908716,0.0,550.17334,458.234938,0.759092,0.0,0.0,374.80596,7.081006179999999,0.0,0.0,0.0,466.103822
2022-08-19,48.251413,346.690768,1017.098548,66.186319,0.624409,3921.5717409999997,0.000227,730.4500459999999,509.70500458,297.497063,717.6679081,565.560624,640.104631,356.8625791,296.472508,333.8569698,23.26612647,66.186319,63.248361,283.442407,0.0,0.0,10.443007,259.251112,0.0,48.251413,0.000227,719.601485,0.0,544.945168,460.755927,0.624409,0.0,0.0,376.676355,109.76252310999999,0.0,0.0,0.0,466.101353
2022-08-20,48.90999,346.74431899999996,889.865613,49.971332,0.118526,3936.605312,0.000189,746.518765,406.08288228,298.499,735.7702142,575.051867,633.166713,338.1128751,272.622536,357.16843969999996,23.21785323,49.971332,63.335832,283.408487,0.0,0.0,10.47243,264.825897,0.0,48.90999,0.000189,591.366613,0.0,558.549023,471.220438,0.118526,0.0,0.0,375.434028,7.43100105,0.0,0.0,0.0,466.163644
2022-08-21,51.544779,346.75046499999996,875.175133,49.74101,0.0,3913.1082268,0.000228,742.7083269999999,404.11040968,299.810248,734.5757053,574.187664,553.231264,326.847595,266.849389,366.4940975,23.2585051,49.74101,63.299626,283.450839,0.0,0.0,10.455498,264.752893,0.0,51.544779,0.000228,575.364885,0.0,624.447587,467.499936,0.0,0.0,0.0,373.421906,7.4299985799999995,0.0,0.0,0.0,466.474925
2022-08-22,46.652574,346.648934,1013.494333,77.458911,0.0,3835.0368182,0.00019,745.43159,406.25121821999994,299.511394,742.0760226,571.57302,474.482269,328.1144984,278.917906,348.9929932,23.41357943,77.458911,63.280189,283.368745,0.0,0.0,10.465446,264.872661,0.0,46.652574,0.00019,713.982939,0.0,624.976387,470.093483,0.0,0.0,0.0,376.565635,6.272003789999999,0.0,0.0,0.0,465.903722
2022-08-23,45.054244,347.088833,965.312937,55.53829,0.640787,3751.5280117,0.000228,727.163808,540.39556277,311.673135,741.7551816,546.215759,418.739038,368.7667497,311.021642,264.9935324,23.47598985,55.53829,67.950759,279.138074,0.0,0.0,10.45845,261.676233,0.0,45.054244,0.000228,653.639802,0.0,634.32654,455.029125,0.640787,0.0,0.0,379.482015,137.43755792000002,0.0,0.0,0.0,465.709569
2022-08-24,29.059799,347.39707699999997,1037.614038,55.356686,0.240148,3812.2267166,0.000189,735.984724,409.70845571,297.515919,733.629708,531.958969,499.33715,324.4293365,284.572266,355.7948501,20.75964537,55.356686,68.29645,279.100627,0.0,0.0,10.463821,269.081362,0.0,29.059799,0.000189,740.098119,0.0,616.916512,456.439541,0.240148,0.0,0.0,379.11281,9.83600034,0.0,0.0,0.0,465.587925
2022-08-25,33.312683,347.386296,1040.339061,55.340126,1.18867,3913.5574584,0.000265,731.4848669999999,534.04708036,298.951753,733.0560972000001,573.524508,559.282289,314.1058231,269.70088,381.5618031,23.40755546,55.340126,66.161056,281.22524,0.0,0.0,10.478903,264.730287,0.0,33.312683,0.000265,741.387308,0.0,616.884752,456.275677,1.18867,0.0,0.0,380.104646,130.5348789,0.0,0.0,0.0,465.441306
2022-08-26,39.921627,347.062363,1048.900446,55.358178,0.013212,3877.5323908,0.000266,726.157205,407.6488696,299.621359,733.0120755,519.149519,578.2485,456.4828864,245.781529,263.4732289,23.47088562,55.358178,82.898068,264.164295,0.0,0.0,10.456385,265.996954,0.0,39.921627,0.000266,749.279087,0.0,615.189586,449.703866,0.013212,0.0,0.0,378.407103,5.77088098,0.0,0.0,0.0,466.195066
2022-08-27,39.89516,347.031647,882.2785739999999,66.44311,0.232442,3919.7592045,0.00019,785.970345,411.0792018,300.354535,733.2934299,486.971958,656.519927,424.4128446,256.622328,278.806538,23.58687587,66.44311,63.612854,283.418793,0.0,0.0,10.457997,300.871896,0.0,39.89516,0.00019,581.924039,0.0,616.641707,474.640452,0.232442,0.0,0.0,379.462081,8.03024493,0.0,0.0,0.0,466.490472
2022-08-28,38.254165,346.805785,880.877962,66.389953,1.097244,3921.8977145,0.000189,791.379029,410.48243624,300.739696,733.5212285,510.808147,611.206227,384.6226691,299.419216,281.5819899,23.59358387,66.389953,63.326609,283.479176,0.0,0.0,10.459455,283.338852,0.0,38.254165,0.000189,580.138266,0.0,636.198165,497.580722,1.097244,0.0,0.0,379.386371,7.50248137,0.0,0.0,0.0,464.540072
2022-08-29,37.692877,347.922965,1006.779182,66.290584,0.0,3429.873971,0.000227,786.847793,412.37431901,300.379613,733.1080194,435.651608,306.79349,368.6578993,316.206428,280.1783453,23.6558427,66.290584,87.702272,260.220693,0.0,0.0,10.455953,315.905502,0.0,37.692877,0.000227,706.399569,0.0,523.077714,460.486338,0.0,0.0,0.0,383.171638,5.546838309999999,0.0,0.0,0.0,466.200467
2022-08-30,37.411594,290.788346,1045.282706,77.461744,0.0,3673.6456058000003,0.000268,790.558049,418.09434038,314.001698,733.4348901000001,516.221397,438.257039,381.4411269,310.047603,273.5898548,23.40835039,77.461744,76.828707,213.959639,0.0,0.0,10.438958,314.633244,0.0,37.411594,0.000268,731.281008,0.0,554.542076,465.485847,0.0,0.0,0.0,387.175292,7.51069799,0.0,0.0,0.0,466.111619
2022-08-31,38.47292,0.233531,1081.072683,77.376652,0.0,3922.1815497,0.000233,729.0282030000001,412.36662201,314.080622,734.0808047,576.62029,636.626785,258.1726076,294.501165,412.6087624,23.3629836,77.376652,0.0,0.233531,0.0,0.0,10.485233,311.451207,0.0,38.47292,0.000233,766.992061,0.0,543.553424,407.091763,0.0,0.0,0.0,384.38972,4.61391841,0.0,0.0,0.0,466.017711
2022-09-01,39.645847,0.0,1088.646482,77.283188,0.0,3754.0047938,0.000315,786.5032799999999,406.34518212,318.839433,714.9161377,563.832509,478.536524,293.4588628,322.412574,353.4391543,4.46814312,77.283188,0.0,0.0,0.0,0.0,10.456902,312.001181,0.0,39.645847,0.000315,769.807049,0.0,562.311754,464.045197,0.0,0.0,401.877039,0.0,0.0,0.0,0.0,0.0,465.097278
2022-09-02,37.588089,0.0,1078.493084,55.179232,1.268526,3566.5523455000002,0.000316,827.3903280000001,403.7994098,319.847947,709.7526197000001,565.177877,307.751805,424.6808574,271.654153,249.6847004,7.339752799999999,55.179232,0.0,0.0,0.0,0.0,5.005788,363.473454,0.0,37.588089,0.000316,758.645137,0.0,571.852347,458.911086,1.268526,0.0,396.459657,0.0,0.0,0.0,0.0,0.0,465.997986
2022-09-03,36.432378,0.0,896.718658,55.16302,1.714203,3614.0353889999997,2.893007,806.4574250000001,399.55298373,317.509707,705.2585663,482.789755,486.324325,400.6538445,295.101237,260.2908092,4.43556573,55.16302,0.0,0.0,0.0,0.0,4.997975,366.34955,0.0,36.432378,2.893007,579.208951,0.0,522.037124,435.1099,1.714203,0.0,395.117418,0.0,0.0,0.0,0.0,0.0,461.579728
2022-09-04,40.06877,0.0,905.9173109999999,55.258217,0.008905,3635.9896200000003,3.514337,783.185505,395.67900225,316.878073,705.2981047000001,451.905038,531.846188,400.1406194,293.614367,262.3775379,4.43590725,55.258217,0.0,0.0,0.0,0.0,5.005899,366.82984,0.0,40.06877,3.514337,589.039238,0.0,523.892637,411.349766,0.008905,0.0,391.243095,0.0,0.0,0.0,0.0,0.0,466.915128
2022-09-05,44.573622,0.0,998.15004,77.132791,0.399626,3463.0688747,3.661627,719.943812,404.99861864,316.618658,728.278126,439.14023,370.326617,367.1145687,297.656596,267.642698,7.37165864,77.132791,0.0,0.0,0.0,0.0,5.063916,366.747183,0.0,44.573622,3.661627,681.531382,0.0,514.830697,348.132713,0.399626,0.0,397.62696,0.0,0.0,0.0,0.0,0.0,478.079342
2022-09-06,44.321526,0.0,1031.2547060000002,55.119982,1.116428,3558.3449947999998,11.402856,785.921217,393.53360857,316.072312,739.2703713999999,540.441738,286.79805,376.2011377,312.683954,280.2051967,3.8270485699999996,55.119982,0.0,0.0,0.0,0.0,5.007611,366.504601,0.0,44.321526,11.402856,715.182394,0.0,542.836875,414.409005,1.116428,0.0,389.70656,0.0,0.0,0.0,0.0,0.0,479.907672
2022-09-07,42.327108,0.0,1036.096081,66.224455,0.758708,3137.8965188,11.605255,798.291123,409.06076067,316.133753,223.27411030000002,535.777312,536.878527,331.5778057,294.103651,294.2329868,10.16972967,66.224455,0.0,0.0,0.0,0.0,5.006565,365.67857,0.0,42.327108,11.605255,719.962328,0.0,615.775793,427.605988,0.758708,0.0,398.891031,0.0,0.0,0.0,0.0,0.0,306.276333
2022-09-08,41.814302,0.0,1035.5986309999998,66.244755,0.409242,3248.2143976,12.523166,785.1692519999999,402.03298336,316.751358,737.0830316,485.574539,158.973007,270.1615633,299.305351,348.18919569999997,4.677004360000001,66.244755,0.0,0.0,0.0,0.0,5.007686,365.427553,0.0,41.814302,12.523166,718.847273,0.0,636.284216,414.734013,0.409242,0.0,397.354979,0.0,0.001,0.0,0.0,0.0,312.643494
2022-09-09,45.488611,0.0,1020.038266,66.229717,0.011513,3025.853308,12.084732,797.460642,409.58618769000003,316.569448,710.9522466000001,192.418058,91.349702,342.6237261,267.600036,336.48040230000004,4.77961869,66.229717,0.0,0.0,0.0,0.0,5.002256,366.594578,0.0,45.488611,12.084732,703.468818,0.0,631.593697,425.863808,0.011513,0.0,394.504569,0.0,10.302,0.0,0.0,0.0,452.83544
2022-09-10,44.079834,0.0,1023.7251489999999,55.342783,0.071707,3086.6308455,12.182689,800.704158,398.42139269,317.591708,680.8104747000001,284.498664,111.37179,373.04530239999997,301.668306,261.5506074,4.56141869,55.342783,0.0,0.0,0.0,0.0,10.439385,366.661129,0.0,44.079834,12.182689,706.133441,0.0,630.807198,423.603644,0.071707,0.0,393.859974,0.0,0.0,0.0,0.0,0.0,442.878503
2022-09-11,43.618354,0.0,1031.820947,55.389989,1.179346,3263.9712113,12.21892,813.0922370000001,400.12548268,317.357465,706.9090347,317.930371,177.94274,407.5639407,307.546433,253.7034879,4.487177679999999,55.389989,0.0,0.0,0.0,0.0,10.464923,366.911928,0.0,43.618354,12.21892,714.463482,0.0,655.647935,435.715386,1.179346,0.0,395.638305,0.0,0.0,0.0,0.0,0.0,436.727269
2022-09-12,0.0,0.0,1058.90175,66.303352,0.163692,3367.1941195,49.726105,816.928572,400.08741105999997,315.797117,739.0557621,428.428217,168.519485,476.7352252,0.762223,432.0986712,4.38681906,66.303352,0.0,0.0,0.0,0.0,10.453917,366.883761,0.0,0.0,49.726105,743.104633,0.0,655.626067,439.590894,0.163692,0.0,395.700592,0.0,0.0,0.0,0.0,0.0,465.968469
2022-09-13,0.0,0.0,1074.200161,66.326177,1.658898,3298.4395675,55.049955,821.4522,401.61176443,320.683825,720.4800952999999,435.722329,153.504176,472.8911978,0.0,431.6093194,4.2859294299999995,66.326177,0.0,0.0,0.0,0.0,10.454388,364.741913,0.0,0.0,55.049955,753.516336,0.0,627.107219,446.255899,1.658898,0.0,397.325835,0.0,0.0,0.0,0.0,0.0,457.125231
2022-09-14,0.0,0.0,1053.6488,66.233219,0.244234,3423.0021935,58.157128,849.252991,395.62953430000005,317.994564,730.7545646,443.922724,179.061437,504.435362,0.0,419.0730809,4.1604803,66.233219,0.0,0.0,0.0,0.0,10.458638,367.048673,0.0,0.0,58.157128,735.654236,0.0,670.896228,471.74568,0.244234,0.0,391.469054,0.0,0.0,0.0,0.0,0.0,474.858797
2022-09-15,0.0,0.0,1111.003049,66.115594,1.601218,3465.6291221,54.60182,847.610023,403.70818203,316.926549,736.2041137,436.792165,147.871125,536.1611741,0.0,391.5956593,4.07089303,66.115594,0.0,0.0,0.0,0.0,10.454193,372.176286,0.0,0.0,54.60182,794.0765,0.0,734.977502,464.979544,1.601218,0.0,394.198772,0.0,5.438517,0.0,0.0,0.0,482.027383
2022-09-16,0.0,0.0,1055.532714,66.199208,0.075199,3482.8561329999998,57.171787,833.936276,399.37762022,256.330253,731.9228655,472.29312,140.419143,535.6391138,98.067598,304.79429469999997,4.536141219999999,66.199208,0.0,0.0,0.0,0.0,10.452376,372.39267,0.0,0.0,57.171787,799.202461,0.0,740.790123,451.09123,0.075199,0.0,394.841479,0.0,0.0,0.0,0.0,0.0,458.929875
2022-09-17,0.0,0.0,972.9103160000001,55.24627,0.960046,3503.988214,56.053141,754.278199,411.79863284,232.668122,727.9873428999999,467.454511,186.255913,428.9870722,126.857612,393.7523399,6.4122642999999995,55.24627,0.0,0.0,0.0,0.0,10.455371,372.296398,0.0,0.0,56.053141,740.242194,0.0,740.038779,371.52643,0.960046,0.0,393.627384,0.0,11.758984539999998,0.0,0.0,0.0,432.654644
2022-09-18,0.0,0.0,963.420489,55.254744,0.693893,3500.1988151,57.283492,749.584467,408.05863721000003,232.334798,726.0872522999999,468.890883,183.207876,381.2858999,189.415107,380.45954889999996,6.39167705,55.254744,0.0,0.0,0.0,0.0,5.00275,372.508701,0.0,0.0,57.283492,731.085691,0.0,743.218556,372.073016,0.693893,0.0,392.222964,0.0,9.443996160000001,0.0,0.0,0.0,427.633692
2022-09-19,0.0,0.0,922.3333,60.587083,0.0,3569.5834302000003,66.673568,762.56148,398.00951449999997,281.447121,727.6772571,525.288771,192.742817,372.74140339999997,156.796565,420.1539657,4.4971225,60.587083,0.0,0.0,0.0,0.0,10.431668,372.305946,0.0,0.0,66.673568,640.886179,0.0,702.74492,379.823866,0.0,0.0,393.512392,0.0,0.0,0.0,0.0,0.0,471.437731
2022-09-20,0.0,0.0,915.149056,60.714797,0.021314,3585.7328576,64.48229,801.780635,411.67183726999997,143.396946,726.9086095,558.083642,173.500616,358.07694730000003,193.661414,398.5883938,10.77635122,60.714797,0.0,0.0,0.0,0.0,10.455743,371.057887,0.0,0.0,64.48229,771.75211,0.0,716.996138,420.267005,0.021314,0.0,395.406484,0.0,5.48900205,0.0,0.0,0.0,459.917097
2022-09-21,0.0,0.0,878.161984,60.709097,2.806348,3568.4726951000002,61.174284,763.1135439999999,400.45014950999996,0.0,725.1679835,543.516973,208.55043,260.1406407,318.28376,352.0260269,4.4619554500000005,60.709097,0.0,0.0,0.0,0.0,10.457019,343.779962,0.0,0.0,61.174284,878.161984,0.0,700.777812,408.876563,2.806348,0.0,391.407199,0.0,4.580995059999999,0.0,0.0,0.0,460.009069
2022-09-22,0.0,0.0,1002.353313,60.741603,1.773536,3435.8853375,63.586154,774.925723,395.14800759999997,109.64059,725.5090975,475.499237,167.034084,266.6573543,318.016871,355.8736177,4.4207816,60.741603,0.0,0.0,0.0,0.0,10.458699,352.386761,0.0,0.0,63.586154,892.712723,0.0,680.764777,412.080263,1.773536,0.0,390.727226,0.0,0.0,0.0,0.0,0.0,446.530299
2022-09-23,0.0,0.0,1087.339867,60.802897,0.0,3529.8329057,54.905699,756.7367390000001,407.1288741,258.45365,741.8293749,536.89197,168.920421,274.42285610000005,298.008159,363.4726627,4.2954526500000005,60.802897,0.0,0.0,0.0,0.0,10.460677,352.03724,0.0,0.0,54.905699,828.886217,0.0,688.382145,394.238822,0.0,0.0,396.18342,0.0,6.6500014499999995,0.0,0.0,0.0,457.905317
2022-09-24,0.0,0.0,1210.2660230000001,55.223021,1.542397,3452.9494164000002,55.068436,724.039568,400.72312119000003,413.080322,692.7899421000001,452.471963,248.502942,400.90042839999995,267.239911,233.5623989,4.50571019,55.223021,0.0,0.0,0.0,0.0,10.571808,352.649872,0.0,0.0,55.068436,797.185701,0.0,708.801369,360.817888,1.542397,0.0,396.217411,0.0,0.0,0.0,0.0,0.0,448.680462
2022-09-25,0.0,0.0,1173.476084,66.267856,0.219044,3708.5078599,57.41527,699.27111,402.50065054000004,394.277053,740.7575772,531.033593,460.803084,390.6724737,272.616467,149.683931,4.58067154,66.267856,0.0,0.0,0.0,0.0,10.461229,352.625193,0.0,0.0,57.41527,779.199031,0.0,694.587076,336.184688,0.219044,0.0,397.919979,0.0,0.0,0.0,0.0,0.0,468.353658
2022-09-26,50.692962,0.0,1047.804226,93.779993,0.669552,3621.6089925,3.134779,715.480202,397.65214542,260.124034,652.4179588,533.501893,471.364969,318.30064780000004,312.488835,188.3165979,4.39651842,93.779993,0.0,0.0,0.0,0.0,0.0,353.172997,0.0,50.692962,3.134779,787.680192,0.0,674.139245,362.307205,0.669552,0.0,393.255627,0.0,0.0,0.0,0.0,0.0,471.078846
2022-09-27,55.511216,0.0,1107.510768,93.651359,0.0,3609.4255295000003,3.053051,711.050722,400.88144112000003,270.202621,712.9951786,541.335583,494.748374,343.5604067,313.023167,185.5660202,4.34765612,93.651359,0.0,0.0,0.0,0.0,0.0,366.611523,0.0,55.511216,3.053051,837.308147,0.0,544.758737,344.439199,0.0,0.0,396.533785,0.0,0.0,0.0,0.0,0.0,473.438063
2022-09-28,55.212446,0.0,1089.313923,88.063859,1.896124,3737.1739221000003,3.794863,709.1130860000001,400.59845368,260.039147,730.6350876,561.266129,504.491264,412.07599980000003,316.158994,214.58671869999998,4.29447668,88.063859,0.0,0.0,0.0,0.0,0.0,366.865056,0.0,55.212446,3.794863,829.274776,0.0,532.17384,342.24803,1.896124,0.0,396.199977,0.0,0.104,0.0,0.0,0.0,465.785889
2022-09-29,53.592564,0.0,1110.352531,66.266825,1.419134,3523.6651897,4.33384,704.631788,431.19893217,260.029968,734.6413036,551.328188,331.67428,301.335125,311.613753,293.92207010000004,4.29659417,66.266825,0.0,0.0,0.0,0.0,0.0,366.666577,0.0,53.592564,4.33384,850.322563,0.0,534.728467,337.965211,1.419134,0.0,396.654338,0.0,30.248,0.0,0.0,0.0,464.422003
2022-09-30,53.620175,0.0,1138.1731359999999,65.869346,0.0,3588.4460041,3.437866,687.532105,426.22859309,275.538674,648.5306662,490.717412,496.748426,447.00149639999995,314.53441,198.4542375,12.75197109,65.869346,0.0,0.0,0.0,0.0,0.0,366.694042,0.0,53.620175,3.437866,862.634462,0.0,533.559867,320.838063,0.0,0.0,396.912622,0.0,16.564,0.0,0.0,0.0,458.899489
2022-10-01,55.399544,0.0,867.392025,54.972915,0.00383,3916.9305387,0.002091,654.9831340000001,397.12495788,317.16214,718.4720076,548.246506,708.259278,266.04999169999996,305.346704,371.3110044,8.31550388,54.972915,0.0,0.0,0.0,0.0,0.0,366.640885,0.0,55.399544,0.002091,550.229885,0.0,533.706344,288.342249,0.00383,0.0,0.0,388.809454,0.0,0.0,0.0,0.0,465.538703
2022-10-02,54.221248,0.0,972.262905,55.161967,0.0,4116.7654057,0.002046,644.0320770000001,403.84921756,316.70785,741.6758913,580.797153,744.230809,289.0987541,306.376521,372.8605393,8.16459169,55.161967,0.0,0.0,0.0,0.0,0.0,366.505652,0.0,54.221248,0.002046,655.555055,0.0,616.400713,277.526425,0.0,0.0,0.0,389.225968,6.45865787,0.0,0.0,0.0,465.325025
2022-10-03,55.346761,0.0,1124.254489,71.468254,0.383283,4063.4746278000002,0.001464,689.765719,390.49111791999997,305.823053,741.5533609,567.170792,719.66037,346.5943973,320.249589,296.55929660000004,0.03925092,71.468254,0.0,0.0,0.0,0.0,5.022316,366.718059,0.0,55.346761,0.001464,818.431436,0.0,606.773241,318.025344,0.383283,0.0,0.0,390.451867,0.0,0.0,0.0,0.0,464.913581
2022-10-04,57.505871,0.0,984.521984,71.473159,1.682889,4011.0248695,0.002411,729.415408,394.90230622999997,307.225481,705.7688961,578.584506,650.474015,258.9220144,304.650008,427.671799,11.71058723,71.473159,0.0,0.0,0.0,0.0,10.477479,366.899924,0.0,57.505871,0.002411,677.296503,0.0,617.354314,352.038005,1.682889,0.0,0.0,383.191719,0.0,0.0,0.0,0.0,467.599317
2022-10-05,55.849899,0.0,1061.2980929999999,82.568745,0.13296,4044.8350640999997,0.002314,677.000753,450.93403544,306.207125,711.340388,577.762933,668.620336,232.6998856,325.344543,435.2765225,35.724011409999996,82.568745,0.0,0.0,0.0,0.0,10.453806,366.994886,0.0,55.849899,0.002314,755.090968,0.0,628.215189,299.552061,0.13296,0.0,0.0,395.179964,20.03006003,0.0,0.0,0.0,465.575267
2022-10-06,57.718129,0.0,1074.621919,99.064531,0.614212,4045.0508225999997,0.002305,719.929927,441.35106812000004,304.826084,718.5347225,574.488848,672.146005,256.1463964,301.926095,430.9033227,30.94483616,99.064531,0.0,0.0,0.0,0.0,10.502308,398.118211,0.0,57.718129,0.002305,769.795835,0.0,620.29608,311.309408,0.614212,0.0,0.0,395.136744,15.269487960000001,0.0,0.0,0.0,470.609353
2022-10-07,58.761154,0.0,1076.185001,98.980669,0.846107,3983.0396443,0.002146,703.703515,437.25844526000003,304.456113,716.0442022000001,573.640085,533.241159,239.998589,318.857164,432.3480141,30.929200260000002,98.980669,0.0,0.0,0.0,0.0,5.006003,386.994262,0.0,58.761154,0.002146,771.728888,0.0,698.382406,311.70325,0.846107,0.0,0.0,395.135245,11.194,0.0,0.0,0.0,470.528025
2022-10-08,58.298784,0.0,1078.908766,82.647611,1.836791,3921.6911614,0.002138,689.267519,426.84265267,305.759033,716.0063427,574.987137,548.464693,265.371052,289.591077,433.5913377,30.892853940000002,82.647611,0.0,0.0,0.0,0.0,5.035803,380.460814,0.0,58.298784,0.002138,773.149733,0.0,621.977191,303.770902,1.836791,0.0,0.0,393.39443,2.55536873,0.0,0.0,0.0,471.702331
2022-10-09,55.129949,0.0,1081.344768,60.558408,0.705242,4031.6499621999997,0.002185,695.312418,426.94130974,305.315247,714.7919005,575.011053,656.140708,269.75439989999995,293.128494,428.13705880000003,29.56454315,60.558408,0.0,0.0,0.0,0.0,5.07354,380.206237,0.0,55.129949,0.002185,776.029521,0.0,623.797606,310.032641,0.705242,0.0,0.0,394.749654,2.62711259,0.0,0.0,0.0,470.888742
2022-10-10,54.480804,0.0,1073.9088219999999,104.499509,0.338466,4050.8790682,0.002234,728.379196,404.39941536000003,305.320074,713.1011784,575.028697,645.422993,235.38948969999998,326.20481,431.3137031,13.44418236,104.499509,0.0,0.0,0.0,0.0,10.456826,380.545684,0.0,54.480804,0.002234,768.588748,0.0,653.706625,337.376686,0.338466,0.0,0.0,390.955233,0.0,0.0,0.0,0.0,470.711572
2022-10-11,52.183222,0.0,1097.360078,110.597893,0.0,4055.2616942,0.002399,761.689819,443.49325348,305.647412,715.0127466,552.192537,666.202468,241.783055,317.703869,432.05150260000005,27.93143848,110.597893,0.0,0.0,0.0,0.0,10.460176,381.193135,0.0,52.183222,0.002399,791.712666,0.0,659.219899,370.036508,0.0,0.0,0.0,390.782815,24.779,0.0,0.0,0.0,471.095617
2022-10-12,60.589231,0.0,1099.4877649999999,83.00058,0.188347,3960.6558501,0.002524,747.60121,446.40542530000005,305.946243,689.5063456,524.080206,611.110713,262.86477990000003,316.715339,420.2847936,30.9272493,83.00058,0.0,0.0,0.0,0.0,10.449547,380.398038,0.0,60.589231,0.002524,793.541522,0.0,673.211312,356.753625,0.188347,0.0,0.0,389.630176,25.848,0.0,0.0,0.0,462.882361
2022-10-13,64.402727,0.0,1094.351912,94.031888,0.0,3876.9161002,0.002559,776.85332,449.76027475,305.641545,730.6674813999999,569.037982,513.686395,228.7551563,305.370272,422.6263155,34.09758575,94.031888,0.0,0.0,0.0,0.0,10.461019,380.688368,0.0,64.402727,0.002559,788.710367,0.0,635.820704,385.703933,0.0,0.0,0.0,391.433689,24.229,0.0,0.0,0.0,470.951794
2022-10-14,12.595327,0.0,1098.9874949999999,94.022717,2.449117,4042.0691919,55.337389,769.983632,418.41351524,305.503072,722.5818078,575.180555,614.843439,223.32500869999998,316.274077,415.3744714,26.45476024,94.022717,0.0,0.0,0.0,0.0,10.47696,380.392617,0.0,12.595327,55.337389,793.484423,0.0,703.660827,379.114055,2.449117,0.0,0.0,391.910755,0.048,0.0,0.0,0.0,470.829006
2022-10-15,5.297137,0.0,939.8962290000001,66.412361,0.320469,4134.3221531,55.139435,740.7168069999999,483.84275458999997,295.425384,726.912173,574.667117,690.159352,243.04774980000002,312.741075,410.4007573,54.74092089,66.412361,0.0,0.0,0.0,0.0,10.465325,380.333177,0.0,5.297137,55.139435,644.470845,0.0,709.219007,349.918305,0.320469,0.0,0.0,390.68273,38.4191037,0.0,0.0,0.0,467.174922
2022-10-16,5.396019,0.0,935.216936,66.368802,0.0,4218.1247671,52.822847,732.398244,498.28252847,296.068966,731.9241337999999,574.714818,757.216164,232.145243,315.847547,415.5007233,62.53844673,66.368802,0.0,0.0,0.0,0.0,10.460792,380.343616,0.0,5.396019,52.822847,639.14797,0.0,720.396077,341.593836,0.0,0.0,0.0,392.335358,43.40872374,0.0,0.0,0.0,470.380061
2022-10-17,0.0,0.0,930.838314,88.291785,1.083275,4055.7836205999997,54.771165,735.5094300000001,448.39038858,296.456823,737.8703404,570.791219,622.118888,228.295545,314.250718,406.72096519999997,59.81644147,88.291785,0.0,0.0,0.0,0.0,10.471274,380.172565,0.0,0.0,54.771165,634.381491,0.0,709.092176,344.865591,1.083275,0.0,0.0,380.614331,7.959616110000001,0.0,0.0,0.0,466.643769
2022-10-18,0.0,0.0,918.818413,126.829167,2.180135,3886.5528050000003,54.644718,761.444463,481.66667807,283.417885,737.6545366,577.690111,460.409051,251.1838178,295.387029,402.5210586,57.81112432,126.829167,0.0,0.0,0.0,0.0,10.45827,380.498685,0.0,0.0,54.644718,635.400528,0.0,692.46032,370.487508,2.180135,0.0,0.0,395.664453,28.19110075,0.0,0.0,0.0,469.246881
2022-10-19,0.0,0.0,904.525603,132.583209,1.607574,3926.2539297,46.808826,770.816504,436.74663296,272.060806,743.6574089,541.464118,532.509344,211.2201489,311.478252,430.96283489999996,52.19769296,132.583209,0.0,0.0,0.0,0.0,10.45424,381.011376,0.0,0.0,46.808826,632.464797,0.0,688.214229,379.350888,1.607574,0.0,0.0,384.53894,0.01,0.0,0.0,0.0,466.747594
2022-10-20,55.870165,0.0,887.454095,121.933234,0.006437,4016.7751000999997,0.002784,758.293002,455.18391843,250.840301,740.237282,522.64017,649.992889,214.8232582,318.72608,436.49177089999995,45.7878027,121.933234,0.0,0.0,0.0,0.0,10.453747,380.573342,0.0,55.870165,0.002784,636.613794,0.0,676.51942,367.265913,0.006437,0.0,0.0,391.789506,17.606609730000002,0.0,0.0,0.0,457.34423
2022-10-21,61.947589,0.0,798.932982,121.8715,0.0,4049.4727259,0.002698,755.4201029999999,423.30207601999996,160.923521,742.3751906,515.742374,674.142283,212.9190543,317.683612,429.910648,39.40578619,121.8715,0.0,0.0,0.0,0.0,0.0,380.238004,0.0,61.947589,0.002698,638.009461,0.0,690.518303,375.182099,0.0,0.0,0.0,377.046006,6.85028383,0.0,0.0,0.0,466.181261
2022-10-22,63.117097,0.0,795.559257,121.611556,0.0,4090.3092293,0.00253,741.861139,390.68799443999995,160.672966,741.2088264,522.043947,697.805062,238.0862166,312.817087,417.3683293,39.89800467,121.611556,0.0,0.0,0.0,0.0,5.002086,381.115806,0.0,63.117097,0.00253,634.886291,0.0,694.214747,355.743247,0.0,0.0,0.0,344.523624,6.26636577,0.0,0.0,0.0,466.765014
2022-10-23,20.632485,0.0,805.807485,121.57863,0.0,4074.4720832,0.002683,731.7549180000001,410.24427884000005,166.270564,742.458888,522.147624,699.686283,228.2131529,302.099717,429.5686693,59.82138747,121.57863,0.0,0.0,0.0,0.0,0.0,381.293088,0.0,20.632485,0.002683,639.536921,0.0,684.341955,350.46183,0.0,0.0,0.0,343.975764,6.4471273700000005,0.0,0.0,0.0,465.955794
2022-10-24,2.41226,0.0,802.0750850000001,143.783757,1.85913,4114.0025282999995,0.002643,741.283985,391.83079097,172.225713,742.0805844,534.26271,712.262909,239.9900915,318.128764,402.53934039999996,75.04675497,143.783757,0.0,0.0,0.0,0.0,10.471118,381.027495,0.0,2.41226,0.002643,629.849372,0.0,698.471183,349.785372,1.85913,0.0,0.0,314.097036,2.687,0.0,0.0,0.0,466.266946
2022-10-25,0.0,0.0,873.886853,132.827306,0.001071,4000.7608229,0.002834,699.406734,394.52738618000006,177.223202,746.8088717,544.721013,595.620718,249.23620319999998,317.651624,388.945505,71.55993718,132.827306,0.0,0.0,0.0,0.0,10.455989,346.88394,0.0,0.0,0.002834,696.663651,0.0,691.543377,342.066805,0.001071,0.0,0.0,322.963449,0.004,0.0,0.0,0.0,466.233511
2022-10-26,0.0,0.0,890.03998,110.375492,0.0,3986.3242318,0.002618,673.771606,405.20590627999997,188.627184,745.238382,544.252814,570.244413,218.72846619999999,319.10875,421.22345260000003,73.66317679000001,110.375492,0.0,0.0,0.0,0.0,10.455008,347.133423,0.0,0.0,0.002618,701.412796,0.0,700.603051,316.183175,0.0,0.0,0.0,303.587952,27.95477749,0.0,0.0,0.0,466.924903
2022-10-27,0.0,0.0,791.853468,110.436842,0.0,3865.31955,0.002582,684.237335,369.09709922,174.466645,742.688541,532.553958,460.154658,224.9126265,317.951415,426.0877385,72.91545423000001,110.436842,0.0,0.0,0.0,0.0,10.459917,345.981174,0.0,0.0,0.002582,617.386823,0.0,694.973791,327.796244,0.0,0.0,0.0,292.06577,4.11587499,0.0,0.0,0.0,465.996822
2022-10-28,0.0,0.0,776.875352,110.49076,2.963638,3692.7010914,0.002451,706.377376,403.59063256999997,182.908395,740.5660401,430.319234,407.95438,215.92663069999998,322.54258,414.8776776,77.04118756999999,110.49076,0.0,0.0,0.0,0.0,10.461755,367.945272,0.0,0.0,0.002451,593.966957,0.0,693.878363,327.970349,2.963638,0.0,0.0,300.691445,25.858,0.0,0.0,0.0,466.636186
2022-10-29,0.0,0.0,739.9389659999999,77.325477,0.000291,3834.8901738,0.002444,685.1604050000001,397.70020924999994,176.384343,739.7427954,431.519678,502.441025,235.62044609999998,327.96011,416.65457530000003,67.24090790999999,77.325477,0.0,0.0,0.0,0.0,10.457539,343.699467,0.0,0.0,0.002444,563.554623,0.0,694.849791,331.003399,0.000291,0.0,0.0,290.684998,39.77430334,0.0,0.0,0.0,486.101753
2022-10-30,0.0,0.0,742.003769,77.199769,0.0,4011.510684,0.002644,667.4250559999999,388.05783859,172.604686,729.6185956,474.264951,648.974851,235.6143768,299.232975,432.09356560000003,64.43213224,77.199769,0.0,0.0,0.0,0.0,10.457783,330.983682,0.0,0.0,0.002644,569.399083,0.0,725.04178,325.983591,0.0,0.0,0.0,299.609144,24.01656235,0.0,0.0,0.0,466.669589
2022-10-31,0.0,0.0,755.064607,110.147436,0.000768,3850.7102653,0.002736,728.952358,349.52883609,183.267141,725.5021049,527.695732,505.235264,242.86878959999999,315.848045,397.0465668,41.90423612,110.147436,0.0,0.0,0.0,0.0,10.45755,389.708739,0.0,0.0,0.002736,571.797466,0.0,670.39541,328.786069,0.000768,0.0,0.0,299.980427,7.64417297,0.0,0.0,0.0,466.118353
2022-11-01,0.0,0.0,659.063727,110.036541,0.0,3745.2875376,0.002674,580.534625,436.68508941,224.250101,729.3119995,471.360409,523.094479,240.42505930000002,291.672563,370.98933980000004,43.94719851,110.036541,0.0,0.0,0.0,0.0,10.454624,340.667868,0.0,0.0,0.002674,434.813626,0.0,651.49443,229.412133,0.0,0.0,0.0,345.286892,47.4509989,0.0,0.0,0.0,466.939258
2022-11-02,0.0,0.0,762.920955,137.786993,0.0,3857.9417230999998,0.002831,534.034189,433.7139799,224.787574,735.8432985,565.318802,562.311606,175.4287674,318.522201,416.6758102,54.69919579,137.786993,0.0,0.0,0.0,0.0,10.455084,283.676872,0.0,0.0,0.002831,538.133381,0.0,622.425277,239.902233,0.0,0.0,0.0,332.092844,46.92194011,0.0,0.0,0.0,461.415961
2022-11-03,0.0,0.0,616.223894,143.230776,0.0,3896.5139275,0.002758,605.631397,373.36540315,205.466444,700.8875866000001,521.172012,645.720083,210.6520351,314.412752,390.7932268,47.71348315,143.230776,0.0,0.0,0.0,0.0,10.45587,331.638422,0.0,0.0,0.002758,410.75745,0.0,645.30511,263.537105,0.0,0.0,0.0,325.65192,0.0,0.0,0.0,0.0,467.571122
2022-11-04,0.0,0.0,683.046615,142.977411,0.0,3989.1971119,0.003021,689.969062,294.15202897,187.410736,738.6250173999999,529.087223,628.992024,205.1074956,307.97335,422.6952159,0.13416097,142.977411,0.0,0.0,0.0,0.0,10.458671,380.940255,0.0,0.0,0.003021,495.635879,0.0,686.185675,298.570136,0.0,0.0,0.0,294.017868,0.0,0.0,0.0,0.0,470.531111
2022-11-05,47.193372,0.0,700.862332,110.095111,0.0,3940.5920834,0.003659,620.095779,322.13162338999996,193.915247,737.1312952999999,581.798628,536.969176,201.0509125,296.340238,422.38816860000003,32.04484739,110.095111,0.0,0.0,0.0,0.0,10.459034,331.095243,0.0,47.193372,0.003659,506.947085,0.0,698.041184,278.541502,0.0,0.0,0.0,290.086776,0.0,0.0,0.0,0.0,466.872481
2022-11-06,62.105553,0.0,696.6275390000001,121.016396,0.0,3906.8995868,0.003394,618.6743720000001,342.13710295,193.02105,733.9107307999999,581.509301,511.247571,186.8967387,309.513251,419.30900330000003,44.92407295,121.016396,0.0,0.0,0.0,0.0,10.455952,331.081565,0.0,62.105553,0.003394,503.606489,0.0,698.332433,277.136855,0.0,0.0,0.0,297.21303,0.0,0.0,0.0,0.0,466.180558
2022-11-07,63.327893,0.0,697.6993319999999,121.161443,0.0,3801.7102593,0.002864,703.219191,327.82215538,189.405892,652.3817838,581.428245,497.565266,217.1720864,285.385418,411.7809121,18.19754838,121.161443,0.0,0.0,0.0,0.0,10.455546,381.111159,0.0,63.327893,0.002864,508.29344,0.0,695.074695,311.652486,0.0,0.0,0.0,309.624607,0.0,0.0,0.0,0.0,460.921853
2022-11-08,68.8404,0.0,716.759447,132.166747,0.0,3871.1585382000003,0.002639,646.927283,347.04986442,208.593481,685.7626177000001,558.672975,536.316094,176.7891815,305.749453,420.281521,25.09469842,132.166747,0.0,0.0,0.0,0.0,10.413382,331.015801,0.0,68.8404,0.002639,508.165966,0.0,709.370205,305.4981,0.0,0.0,0.0,321.955166,0.0,0.0,0.0,0.0,478.216491
2022-11-09,72.18848,0.0,826.787149,132.121695,0.0,3788.4170878,0.002785,713.737442,357.83247551999995,217.84828,703.3750382999999,578.781339,482.350029,181.3033366,278.775477,418.34927589999995,14.44611752,132.121695,0.0,0.0,0.0,0.0,10.458554,381.047408,0.0,72.18848,0.002785,608.938869,0.0,679.376267,322.23148,0.0,0.0,0.0,343.386358,0.0,0.0,0.0,0.0,466.106325
2022-11-10,71.370162,0.0,835.0251069999999,132.432519,0.0,3828.4955209,0.002981,729.408491,381.93124101,218.106701,644.5478806,573.736965,540.858921,165.9045614,313.885864,423.7832509,14.48743101,132.432519,0.0,0.0,0.0,0.0,10.49462,381.089316,0.0,71.370162,0.002981,616.918406,0.0,699.853853,337.824555,0.0,0.0,0.0,367.44381,0.0,0.0,0.0,0.0,465.924225
2022-11-11,72.401421,0.0,833.3947350000001,121.383791,0.0,3866.7440867,0.003095,702.316143,410.9466914,215.544866,682.9548342999999,565.032428,546.862921,211.0122815,304.674146,389.3074569,19.191343399999997,121.383791,0.0,0.0,0.0,0.0,10.466664,377.918063,0.0,72.401421,0.003095,617.849869,0.0,699.911283,313.931416,0.0,0.0,0.0,391.755348,0.0,0.0,0.0,0.0,466.988736
2022-11-12,62.912371,0.0,818.324242,110.257916,0.0,3887.7934557000003,0.003053,679.6714939999999,369.82484323,202.355779,696.7151509,530.673294,597.355045,223.8290785,293.105335,382.7344603,0.00049967,110.257916,0.0,0.0,0.0,0.0,10.451269,377.729045,0.0,62.912371,0.003053,615.968463,0.0,697.668584,291.49118,0.0,0.0,0.0,362.07285,7.75149356,0.0,0.0,0.0,465.712508
2022-11-13,60.562342,0.0,819.576889,99.222563,0.0,3889.3689342,0.003135,676.742939,370.90538448,203.256529,700.1587708999999,534.656135,582.504243,208.68408580000002,293.697452,412.3757015,0.0,99.222563,0.0,0.0,0.0,0.0,10.454639,376.528037,0.0,60.562342,0.003135,616.32036,0.0,690.763888,289.760263,0.0,0.0,0.0,361.931236,8.97414848,0.0,0.0,0.0,466.528658
2022-11-14,56.234475,0.0,820.930185,132.190168,0.0,3627.859375,0.002954,699.67805,392.35564899999997,207.491705,615.7258327000001,532.565427,419.212038,212.8155496,307.351007,410.0663947,0.0,132.190168,0.0,0.0,0.0,0.0,10.467968,381.155582,0.0,56.234475,0.002954,613.43848,0.0,663.379708,308.0545,0.0,0.0,0.0,377.789649,14.566,0.0,0.0,0.0,466.743418
2022-11-15,60.892319,0.0,822.947918,132.396519,1.043953,3644.8364587,0.00252,699.903976,462.933366,198.17562,654.4585047,538.434881,458.424494,284.8036853,201.660332,410.9317497,23.550489,132.396519,0.0,0.0,0.0,0.0,10.464444,363.595346,0.0,60.892319,0.00252,624.772298,0.0,624.705098,325.844186,1.043953,0.0,0.0,439.381877,0.001,0.0,0.0,0.0,471.417714
2022-11-16,69.312388,0.0,979.3998710000001,132.184065,0.801092,3718.7084599,0.002905,676.872368,497.802798,204.005391,688.9181119,539.42308,455.277518,274.89747489999996,265.954311,334.3640401,55.19298,132.184065,0.0,0.0,0.0,0.0,10.461582,341.866525,0.0,69.312388,0.002905,775.39448,0.0,689.960787,324.544261,0.801092,0.0,0.0,433.016818,9.593,0.0,0.0,0.0,469.913137
2022-11-17,81.151385,0.0,1041.369233,132.204639,1.315799,3705.7208034,0.004052,693.777516,491.08366600000005,204.466684,690.6683045,548.006415,455.353731,246.7682905,277.573071,316.82946339999995,55.797494,132.204639,0.0,0.0,0.0,0.0,10.521441,363.848176,0.0,81.151385,0.004052,836.902549,0.0,697.473761,319.407899,1.315799,0.0,0.0,435.286172,0.0,0.0,0.0,0.0,473.047767
2022-11-18,88.791836,0.0,925.100128,110.231292,0.0,3908.6550500000003,0.004329,711.686824,480.52297992,204.203696,693.7917106,555.719107,592.866226,253.727921,288.424146,353.0095224,68.216535,110.231292,0.0,0.0,0.0,0.0,10.439409,375.028427,0.0,88.791836,0.004329,720.896432,0.0,697.789942,326.218988,0.0,0.0,0.0,402.469756,9.83668892,0.0,0.0,0.0,473.326475
2022-11-19,91.182644,0.0,825.017975,115.893078,0.0,3898.6555663999998,0.004801,711.514592,530.76814569,203.488666,693.9526506,548.554471,569.326576,246.24452209999998,290.189964,372.8367627,101.763832,115.893078,0.0,0.0,0.0,0.0,10.446773,391.302281,0.0,91.182644,0.004801,621.529309,0.0,702.393398,309.765538,0.0,0.0,0.0,421.254048,7.75026569,0.0,0.0,0.0,475.157222
2022-11-20,95.695235,0.0,820.1177670000001,93.638998,0.0,3837.2993822999997,0.004898,691.964739,531.24408005,203.21761,693.8933154,535.743494,551.052572,216.34105069999998,286.937299,394.4388952,101.902043,93.638998,0.0,0.0,0.0,0.0,10.454174,391.408174,0.0,95.695235,0.004898,616.900157,0.0,686.146992,290.102391,0.0,0.0,0.0,421.582099,7.75993805,0.0,0.0,0.0,472.745764
2022-11-21,92.14008,0.0,904.695351,121.235047,0.0,4000.3956769,0.00523,716.610016,511.65744042,203.314587,714.3592661,562.36793,659.607709,269.285674,287.743839,340.37956280000003,78.443284,121.235047,0.0,0.0,0.0,0.0,10.457084,380.385855,0.0,92.14008,0.00523,701.380764,0.0,694.670042,325.767077,0.0,0.0,0.0,426.899479,6.31467742,0.0,0.0,0.0,471.981654
2022-11-22,81.143151,0.0,972.16683,22.203437,0.669284,3943.0891099,0.004972,723.855226,530.67076875,203.441609,662.5389941,537.820765,704.690365,215.9426881,308.999406,419.6180127,95.716431,22.203437,0.0,0.0,0.0,0.0,10.456021,380.503844,0.0,81.143151,0.004972,768.725221,0.0,626.792598,332.895361,0.669284,0.0,0.0,429.233582,5.72075575,0.0,0.0,0.0,466.686281
2022-11-23,67.526367,0.0,972.019544,44.196377,0.0,4057.5258272,0.005249,664.828107,529.35523019,203.831264,682.7489642999999,536.373875,778.32361,193.6813109,294.509367,427.305382,60.62775,44.196377,0.0,0.0,0.0,0.0,10.458043,363.808892,0.0,67.526367,0.005249,768.18828,0.0,678.687871,290.561172,0.0,0.0,0.0,443.363486,25.36399419,0.0,0.0,0.0,465.895447
2022-11-24,70.516689,0.0,1127.963973,49.812051,0.0,3903.4614986,0.005337,699.254164,476.11818400000004,202.985757,718.4494997999999,538.664702,657.721164,103.37092270000001,312.917783,427.20991510000005,58.760979,49.812051,0.0,0.0,0.0,0.0,10.458157,358.486833,0.0,70.516689,0.005337,924.978216,0.0,679.704603,330.309174,0.0,0.0,0.0,417.357205,0.0,0.0,0.0,0.0,465.422909
2022-11-25,90.760254,0.0,1137.306726,27.608488,0.0,4107.4537438,0.005312,723.810259,468.18267299999997,202.974306,687.9722217999999,538.064476,804.012882,268.212801,269.926527,388.180178,40.003621,27.608488,0.0,0.0,0.0,0.0,10.41013,369.201257,0.0,90.760254,0.005312,934.33242,0.0,684.038697,344.198872,0.0,0.0,0.0,419.976052,8.203,0.0,0.0,0.0,467.045961
2022-11-26,86.459002,0.0,1011.096663,22.055034,0.006717,4064.8394324,0.005115,714.604033,432.07965212000005,219.495975,691.1181634,538.37576,803.475672,264.3346113,254.521192,424.65094469999997,0.19204,22.055034,0.0,0.0,0.0,0.0,10.462065,369.409588,0.0,86.459002,0.005115,791.600688,0.0,622.275881,334.73238,0.006717,0.0,0.0,412.722621,19.16499112,0.0,0.0,0.0,466.087208
2022-11-27,90.881132,0.0,1043.017718,21.969282,0.0,4068.0585553,0.004936,704.84968,431.02898658,220.255034,692.3522265,529.960187,800.731093,243.3477475,302.998221,406.9696533,0.0,21.969282,0.0,0.0,0.0,0.0,10.452545,369.162705,0.0,90.881132,0.004936,822.762684,0.0,624.191783,325.23443,0.0,0.0,0.0,411.973914,19.055072579999997,0.0,0.0,0.0,467.507644
2022-11-28,64.053854,0.0,1245.5695150000001,21.986766,0.0,3929.6179937,0.004847,720.725169,488.76986,318.254831,713.708314,435.32834,783.529884,308.46360539999995,315.896671,325.47486630000003,47.46617,21.986766,0.0,0.0,0.0,0.0,10.4574,369.344778,0.0,64.053854,0.004847,927.314684,0.0,581.033844,340.922991,0.0,0.0,0.0,441.25469,0.049,0.0,0.0,0.0,466.182469
2022-11-29,64.660506,0.0,1247.815372,33.057787,0.721295,3788.6883682,0.004839,695.737073,427.34710299999995,311.085032,692.6237089,217.783396,839.08023,239.0334096,290.645797,381.6224677,15.259984,33.057787,0.0,0.0,0.0,0.0,10.458599,331.160763,0.0,64.660506,0.004839,936.73034,0.0,656.021581,354.117711,0.721295,0.0,0.0,401.435528,10.651591,0.0,0.0,0.0,471.877778
2022-11-30,64.007417,0.0,1244.042653,44.117805,0.194319,3888.3217293,0.004806,757.237453,460.55479822,308.073377,666.3505928999999,221.872498,880.337414,209.4007525,297.167374,408.72839089999997,41.50502,44.117805,0.0,0.0,0.0,0.0,10.461169,368.647229,0.0,64.007417,0.004806,935.969276,0.0,737.90406,378.129055,0.194319,0.0,0.0,399.924782,19.124996219999996,0.0,0.0,0.0,466.560647
2022-12-01,88.460146,0.0,998.1756700000001,38.826024,0.553738,3745.1491277,0.005203,851.331027,508.77614573,317.521537,660.155866,186.447557,880.718639,256.7099769,310.929677,369.2564238,56.658491,38.826024,0.0,0.0,0.0,0.0,10.451457,374.505237,0.0,88.460146,0.005203,680.654133,0.0,618.737016,466.374333,0.553738,0.0,0.0,421.054665,31.062989729999998,0.0,0.0,0.0,462.193972
2022-12-02,92.421706,0.0,973.588499,105.134121,0.158,3823.6462199000002,0.00584,850.676152,532.15080775,317.199757,654.9084466,285.813915,863.702757,232.9775649,304.604854,407.38196839999995,55.691383,105.134121,0.0,0.0,0.0,0.0,10.46271,348.075115,0.0,92.421706,0.00584,656.388742,0.0,611.874003,492.138327,0.158,0.0,0.0,425.942441,50.516983749999994,0.0,0.0,0.0,462.382711
2022-12-03,91.621356,0.0,976.3275860000001,94.142483,0.0,3774.7613156,0.005635,894.962637,504.24571447000005,316.450351,634.793176,280.869938,841.159973,270.7392374,275.657585,414.97756219999997,27.518928,94.142483,0.0,0.0,0.0,0.0,10.606759,400.377909,0.0,91.621356,0.005635,659.877235,0.0,594.607958,483.977969,0.0,0.0,0.0,425.453791,51.27299547,0.0,0.0,0.0,461.955886
2022-12-04,92.47868,0.0,971.9059500000001,94.223576,0.0,4061.6795271,0.005267,867.576374,528.92793908,314.974227,638.841115,284.961549,853.915657,260.42796519999996,292.549404,396.2856579,26.566318,94.223576,0.0,0.0,0.0,0.0,10.517066,388.534158,0.0,92.47868,0.005267,656.931723,0.0,872.689411,468.52515,0.0,0.0,0.0,437.613635,64.74798608,0.0,0.0,0.0,462.008768
2022-12-05,93.896445,0.0,1037.935632,110.574647,0.0,4038.2066178,0.00544,863.78395,539.46557468,312.883219,656.0762754,245.303472,874.798329,316.0156444,308.010367,330.267433,35.408688,110.574647,0.0,0.0,0.0,0.0,10.461247,381.425912,0.0,93.896445,0.00544,725.052413,0.0,837.339586,471.896791,0.0,0.0,0.0,453.909875,50.147011680000006,0.0,0.0,0.0,470.395511
2022-12-06,76.499152,0.0,1031.111533,104.340996,0.0,4024.740382,0.005296,903.764487,522.5096883499999,308.833974,631.3525336,161.494799,861.738528,297.4412763,306.614001,349.75355310000003,36.335359,104.340996,0.0,0.0,0.0,0.0,10.449215,381.324539,0.0,76.499152,0.005296,722.277559,0.0,950.908317,511.990733,0.0,0.0,0.0,436.013328,50.16100135,0.0,0.0,0.0,465.437374
2022-12-07,69.195175,0.0,1013.2884809999999,104.596911,0.0,3824.3811823,0.00536,877.965498,538.89952987,316.510586,631.183827,220.960545,863.16884,255.30706769999998,304.573413,277.5042806,34.459795,104.596911,0.0,0.0,0.0,0.0,10.460898,362.656756,0.0,69.195175,0.00536,696.777895,0.0,806.901081,504.847844,0.0,0.0,0.0,451.274744,53.16499087,0.0,0.0,0.0,464.782128
2022-12-08,68.178831,0.0,1027.4151499999998,99.070952,0.0,3869.185593,0.005075,884.475333,536.02747683,316.008789,663.2729022000001,269.867575,845.801645,263.2232389,282.608054,316.38016089999996,32.58335,99.070952,0.0,0.0,0.0,0.0,10.454835,362.813629,0.0,68.178831,0.005075,711.406361,0.0,767.119764,511.206869,0.0,0.0,0.0,451.635127,51.80899983,0.0,0.0,0.0,460.912253
2022-12-09,68.161257,0.0,1049.336163,99.234171,0.0,3626.3972765,0.005038,900.0713959999999,591.2206414,315.89071,637.9570338999999,293.885685,865.948165,263.5081755,310.193712,345.7493051,39.663575,99.234171,0.0,0.0,0.0,0.0,5.004338,392.221836,0.0,68.161257,0.005038,733.445453,0.0,443.940794,502.845222,0.0,0.0,0.0,486.161049,65.3960174,0.0,0.0,0.0,465.214406
2022-12-10,71.306508,0.0,1104.144444,83.109538,0.0,4023.5147284,0.005266,822.05654,520.48966174,316.872182,639.0305262,320.649769,857.305776,274.3887438,311.597709,348.79404139999997,33.662838,83.109538,0.0,0.0,0.0,0.0,0.0,392.420221,0.0,71.306508,0.005266,787.272262,0.0,809.580319,429.636319,0.0,0.0,0.0,429.899815,56.92700874,0.0,0.0,0.0,462.167844
2022-12-11,72.913443,0.0,1119.9763169999999,83.398366,0.0,3908.5209865,0.00567,828.536386,517.33743614,316.523219,639.3563251,308.403606,814.289254,274.9327513,311.423821,317.8217291,30.678153,83.398366,0.0,0.0,0.0,0.0,0.0,384.694795,0.0,72.913443,0.00567,803.453098,0.0,765.374896,443.841591,0.0,0.0,0.0,430.781274,55.87800914,0.0,0.0,0.0,476.918604
2022-12-12,71.74289,0.0,1154.620173,110.547336,0.0,3956.0201974,0.005726,847.7181820000001,588.63166265,315.246039,616.5448167000001,379.616179,780.007268,321.2176614,312.77067,334.7987223,51.274674,110.547336,0.0,0.0,0.0,0.0,0.0,371.392216,0.0,71.74289,0.005726,839.374134,0.0,740.188169,476.325966,0.0,0.0,0.0,482.876979,54.48000965,0.0,0.0,0.0,470.876711
2022-12-13,88.274067,0.0,1163.7107760000001,121.677035,0.0,4076.3983828,0.005599,885.7918540000001,576.31394039,315.24488,678.7277848,274.374019,870.843722,275.02290810000005,303.847298,361.0816989,41.041301,121.677035,0.0,0.0,0.0,0.0,10.467569,368.601849,0.0,88.274067,0.005599,848.465896,0.0,845.575724,506.722436,0.0,0.0,0.0,465.786631,69.48600839,0.0,0.0,0.0,466.925228
2022-12-14,102.660371,0.0,1171.859649,110.516132,0.001467,3994.6762241,0.005501,891.190125,601.3380119200001,301.345601,661.4225101000001,314.453379,864.325711,242.4172014,287.750071,384.76111960000003,35.601974,110.516132,0.0,0.0,0.0,0.0,10.449934,369.022497,0.0,102.660371,0.005501,870.514048,0.0,759.333876,511.717694,0.001467,0.0,0.0,507.182043,58.55399492,0.0,0.0,0.0,480.212356
2022-12-15,110.680675,0.0,1178.5507929999999,115.428748,0.012153,4002.7662397,0.005743,867.112476,645.72395208,314.079487,606.9296423,261.30683,873.424991,300.2581757,288.352824,377.0596577,34.457512,115.428748,0.0,0.0,0.0,0.0,5.005175,368.511352,0.0,110.680675,0.005743,864.471306,0.0,835.094066,493.595949,0.012153,0.0,0.0,530.521448,80.74499207999999,0.0,0.0,0.0,460.340053
2022-12-16,107.622408,0.0,1239.906111,115.310919,0.0,4101.9330981,0.006084,857.545883,636.973442,314.25773,672.8438317,378.625641,791.833486,291.0983937,286.793899,364.3034877,43.192333,115.310919,0.0,0.0,0.0,0.0,5.009456,381.61305,0.0,107.622408,0.006084,925.648381,0.0,841.84542,470.923377,0.0,0.0,0.0,509.035097,84.74601200000001,0.0,0.0,0.0,474.588939
2022-12-17,108.196536,0.0,1233.495009,109.909527,0.0,4066.4386387,0.006027,739.973629,503.88117648,313.230029,683.0976895,376.252286,745.631707,243.5730341,313.431143,390.8343401,35.657494,109.909527,0.0,0.0,0.0,0.0,5.004742,381.272851,0.0,108.196536,0.006027,920.26498,0.0,841.906303,353.696036,0.0,0.0,0.0,428.839687,39.383995479999996,0.0,0.0,0.0,471.712136
2022-12-18,104.597296,0.0,1248.352645,109.957406,0.0,3996.2233634000004,0.00622,715.118549,498.49110317000003,304.32618,657.2070517000001,489.557792,698.085672,238.2721962,289.32744,412.7522185,30.857126,109.957406,0.0,0.0,0.0,0.0,5.008036,381.21803,0.0,104.597296,0.00622,944.026465,0.0,737.805232,328.892483,0.0,0.0,0.0,428.204607,39.42937017,0.0,0.0,0.0,473.215761
2022-12-19,95.741448,0.0,1268.4352529999999,120.199512,0.0,4004.3675595,0.005975,752.4875400000001,516.90896535,304.268359,658.4597391,515.603959,675.407685,231.8118224,296.180525,413.48969,22.095092,120.199512,0.0,0.0,0.0,0.0,10.463865,381.419434,0.0,95.741448,0.005975,964.166894,0.0,737.125925,360.604241,0.0,0.0,0.0,448.058748,46.75512535,0.0,0.0,0.0,476.288214
2022-12-20,80.810004,0.0,1234.074372,109.174193,0.0,3837.3094656000003,0.005698,733.556381,449.13653362,304.620397,652.7132731,474.345182,560.458617,218.68204569999997,293.089743,421.0312228,22.795779,109.174193,0.0,0.0,0.0,0.0,10.460773,371.47847,0.0,80.810004,0.005698,929.453975,0.0,751.36954,351.617138,0.0,0.0,0.0,400.41318,25.92757462,0.0,0.0,0.0,465.619842
2022-12-21,67.00456,0.0,1234.165073,108.977107,0.0,3983.6269141,0.005176,752.215693,439.2596414,315.192619,643.2279063999999,444.393917,703.350778,263.9235814,302.016122,399.7135563,4.958968,108.977107,0.0,0.0,0.0,0.0,10.463991,371.428352,0.0,67.00456,0.005176,918.972454,0.0,754.939395,370.32335,0.0,0.0,0.0,421.481357,12.8193164,0.0,0.0,0.0,472.061658
2022-12-22,64.279762,0.0,1238.602962,108.769607,0.0,4018.2817646000003,0.004788,742.312906,403.2098147,314.366559,642.1933196,380.465056,790.487295,281.6385104,304.468798,377.9373006,0.0,108.769607,0.0,0.0,0.0,0.0,10.461217,371.483576,0.0,64.279762,0.004788,924.236403,0.0,764.386479,360.368113,0.0,0.0,0.0,396.021081,7.1887337,0.0,0.0,0.0,476.705006
2022-12-23,65.118514,0.0,1105.793916,97.81122,0.0,3905.7718409999998,0.0049,724.116032,446.26768806999996,314.935451,641.3903807,477.997704,672.140323,316.16389019999997,299.053001,349.6248751,14.170841,97.81122,0.0,0.0,0.0,0.0,10.453358,371.443875,0.0,65.118514,0.0049,790.858465,0.0,673.378098,342.218799,0.0,0.0,0.0,401.034502,31.06234507,0.0,0.0,0.0,476.023569
2022-12-24,65.114067,0.0,994.452114,87.095518,0.0,3906.5707664,0.005172,680.059641,433.49038438,315.201183,651.1658382,438.950094,710.782455,318.889275,302.08681,345.1005242,3.56693429,87.095518,0.0,0.0,0.0,0.0,5.003118,371.360762,0.0,65.114067,0.005172,679.250931,0.0,695.016678,303.695761,0.0,0.0,0.0,399.174916,30.74853409,0.0,0.0,0.0,444.579092
2022-12-25,63.900551,0.0,985.980646,81.629345,0.0,3933.5999887999997,0.005299,660.2726260000001,434.22059163,314.033353,652.5379895,487.938533,675.298603,313.0292004,302.075608,350.46499889999996,6.321911549999999,81.629345,0.0,0.0,0.0,0.0,5.003268,371.332536,0.0,63.900551,0.005299,671.947293,0.0,680.316592,283.936822,0.0,0.0,0.0,396.560631,31.33804908,0.0,0.0,0.0,471.938464
2022-12-26,91.249559,0.0,971.610161,97.873535,0.0,3907.3569954,0.005709,668.0065450000001,430.00623936,298.505719,653.1879491,462.392682,660.518504,296.04412080000003,301.788952,368.2134985,0.03881249,97.873535,0.0,0.0,0.0,0.0,5.003702,371.31751,0.0,91.249559,0.005709,673.104442,0.0,689.189678,291.685333,0.0,0.0,0.0,399.218615,30.74881187,0.0,0.0,0.0,476.021611
2022-12-27,90.96426,0.0,967.3686110000001,97.996546,0.0,3990.2910814,0.005373,687.68017,438.94952807000004,298.79369,643.1650447000001,450.301383,687.113596,277.8920404,301.674222,392.7642513,5.72455,97.996546,0.0,0.0,0.0,0.0,5.012668,371.390327,0.0,90.96426,0.005373,668.574921,0.0,760.908433,311.277175,0.0,0.0,0.0,399.245712,33.97926607,0.0,0.0,0.0,476.472111
2022-12-28,89.878511,0.0,975.9490940000001,114.268823,0.0,4008.7056272,0.005299,691.472253,430.03149295000003,314.747271,641.328051,508.795525,646.503709,270.69968289999997,301.959477,406.4633883,8.017313,114.268823,0.0,0.0,0.0,0.0,5.01163,371.344785,0.0,89.878511,0.005299,661.201823,0.0,756.863483,315.115838,0.0,0.0,0.0,400.092751,21.92142895,0.0,0.0,0.0,476.092311
2022-12-29,67.821444,0.0,1123.948721,97.989777,0.0,4021.9871049,0.0,666.041942,484.01024682999997,314.810297,632.5636672999999,503.327456,648.125307,272.2025333,296.281277,417.2604273,20.281042,97.989777,0.0,0.0,0.0,0.0,5.004334,371.275442,0.0,67.821444,0.0,809.138424,0.0,775.611868,289.762166,0.0,0.0,0.0,409.061134,54.66807083,0.0,0.0,0.0,476.614569
2022-12-30,55.805364,0.0,1131.514899,114.441864,0.0,4051.1240898,0.0,661.449789,434.4134693,314.170193,644.6328632999999,468.868952,710.689714,263.1313085,296.32577,414.312424,8.9163,114.441864,0.0,0.0,0.0,0.0,5.001623,371.632297,0.0,55.805364,0.0,817.344706,0.0,777.07555,284.815869,0.0,0.0,0.0,402.094549,23.4026203,0.0,0.0,0.0,476.087508
2022-12-31,53.814604,0.0,1097.2993430000001,76.259065,0.0,4019.7380126000003,0.0,693.995266,413.53819349,314.241358,621.0070496000001,413.510203,756.069179,315.62796019999996,301.473422,368.8985108,8.60309304,76.259065,0.0,0.0,0.0,0.0,0.0,371.310089,0.0,53.814604,0.0,783.057985,0.0,770.263041,322.685177,0.0,0.0,0.0,395.686513,9.248587449999999,0.0,0.0,0.0,472.888647
